"GEO_ID","NAME","B25077_001E","B25077_001M",
"Geography","Geographic Area Name","Estimate!!Median value (dollars)","Margin of Error!!Median value (dollars)",
"1400000US06037101110","Census Tract 1011.10; Los Angeles County; California","809100","51409",
"1400000US06037101122","Census Tract 1011.22; Los Angeles County; California","968400","65350",
"1400000US06037101220","Census Tract 1012.20; Los Angeles County; California","780400","98548",
"1400000US06037101221","Census Tract 1012.21; Los Angeles County; California","606400","76276",
"1400000US06037101222","Census Tract 1012.22; Los Angeles County; California","632800","63596",
"1400000US06037101300","Census Tract 1013; Los Angeles County; California","941300","76052",
"1400000US06037101400","Census Tract 1014; Los Angeles County; California","871300","105886",
"1400000US06037102103","Census Tract 1021.03; Los Angeles County; California","914400","87422",
"1400000US06037102104","Census Tract 1021.04; Los Angeles County; California","859100","90191",
"1400000US06037102105","Census Tract 1021.05; Los Angeles County; California","819200","71479",
"1400000US06037102107","Census Tract 1021.07; Los Angeles County; California","1000000","103259",
"1400000US06037103101","Census Tract 1031.01; Los Angeles County; California","872200","22218",
"1400000US06037103102","Census Tract 1031.02; Los Angeles County; California","675200","61586",
"1400000US06037103201","Census Tract 1032.01; Los Angeles County; California","845400","135008",
"1400000US06037103202","Census Tract 1032.02; Los Angeles County; California","884600","50914",
"1400000US06037103300","Census Tract 1033; Los Angeles County; California","1237800","147584",
"1400000US06037103401","Census Tract 1034.01; Los Angeles County; California","856700","67234",
"1400000US06037103402","Census Tract 1034.02; Los Angeles County; California","778900","62121",
"1400000US06037104103","Census Tract 1041.03; Los Angeles County; California","728300","64679",
"1400000US06037104105","Census Tract 1041.05; Los Angeles County; California","461700","47523",
"1400000US06037104108","Census Tract 1041.08; Los Angeles County; California","621200","76872",
"1400000US06037104124","Census Tract 1041.24; Los Angeles County; California","675700","79774",
"1400000US06037104201","Census Tract 1042.01; Los Angeles County; California","613100","54460",
"1400000US06037104203","Census Tract 1042.03; Los Angeles County; California","572700","59530",
"1400000US06037104204","Census Tract 1042.04; Los Angeles County; California","637600","62753",
"1400000US06037104310","Census Tract 1043.10; Los Angeles County; California","609300","39400",
"1400000US06037104321","Census Tract 1043.21; Los Angeles County; California","596700","32497",
"1400000US06037104322","Census Tract 1043.22; Los Angeles County; California","584600","31993",
"1400000US06037104401","Census Tract 1044.01; Los Angeles County; California","691000","41707",
"1400000US06037104403","Census Tract 1044.03; Los Angeles County; California","622900","42447",
"1400000US06037104404","Census Tract 1044.04; Los Angeles County; California","628400","27172",
"1400000US06037104500","Census Tract 1045; Los Angeles County; California","597900","49217",
"1400000US06037104610","Census Tract 1046.10; Los Angeles County; California","660200","63420",
"1400000US06037104620","Census Tract 1046.20; Los Angeles County; California","652200","36795",
"1400000US06037104701","Census Tract 1047.01; Los Angeles County; California","613200","74111",
"1400000US06037104703","Census Tract 1047.03; Los Angeles County; California","519600","172305",
"1400000US06037104704","Census Tract 1047.04; Los Angeles County; California","379800","61031",
"1400000US06037104821","Census Tract 1048.21; Los Angeles County; California","763400","85856",
"1400000US06037104822","Census Tract 1048.22; Los Angeles County; California","718800","72666",
"1400000US06037104823","Census Tract 1048.23; Los Angeles County; California","662400","32131",
"1400000US06037104824","Census Tract 1048.24; Los Angeles County; California","614800","26229",
"1400000US06037106010","Census Tract 1060.10; Los Angeles County; California","765900","68130",
"1400000US06037106020","Census Tract 1060.20; Los Angeles County; California","815100","39557",
"1400000US06037106111","Census Tract 1061.11; Los Angeles County; California","740500","87007",
"1400000US06037106112","Census Tract 1061.12; Los Angeles County; California","705200","64763",
"1400000US06037106113","Census Tract 1061.13; Los Angeles County; California","741200","60334",
"1400000US06037106114","Census Tract 1061.14; Los Angeles County; California","584000","30116",
"1400000US06037106403","Census Tract 1064.03; Los Angeles County; California","682500","61732",
"1400000US06037106405","Census Tract 1064.05; Los Angeles County; California","565100","72299",
"1400000US06037106406","Census Tract 1064.06; Los Angeles County; California","545800","94854",
"1400000US06037106407","Census Tract 1064.07; Los Angeles County; California","407500","45133",
"1400000US06037106408","Census Tract 1064.08; Los Angeles County; California","490400","65902",
"1400000US06037106510","Census Tract 1065.10; Los Angeles County; California","782900","79398",
"1400000US06037106520","Census Tract 1065.20; Los Angeles County; California","679000","89281",
"1400000US06037106603","Census Tract 1066.03; Los Angeles County; California","959100","44435",
"1400000US06037106604","Census Tract 1066.04; Los Angeles County; California","813800","65207",
"1400000US06037106641","Census Tract 1066.41; Los Angeles County; California","1100100","26505",
"1400000US06037106642","Census Tract 1066.42; Los Angeles County; California","944000","51440",
"1400000US06037106643","Census Tract 1066.43; Los Angeles County; California","1240100","262491",
"1400000US06037106645","Census Tract 1066.45; Los Angeles County; California","1069700","57258",
"1400000US06037106646","Census Tract 1066.46; Los Angeles County; California","860700","29537",
"1400000US06037106648","Census Tract 1066.48; Los Angeles County; California","602100","125488",
"1400000US06037106649","Census Tract 1066.49; Los Angeles County; California","781500","43879",
"1400000US06037107010","Census Tract 1070.10; Los Angeles County; California","759100","64349",
"1400000US06037107020","Census Tract 1070.20; Los Angeles County; California","655900","64064",
"1400000US06037108101","Census Tract 1081.01; Los Angeles County; California","1054500","39829",
"1400000US06037108102","Census Tract 1081.02; Los Angeles County; California","998900","115062",
"1400000US06037108103","Census Tract 1081.03; Los Angeles County; California","1149000","66161",
"1400000US06037108104","Census Tract 1081.04; Los Angeles County; California","1090100","31363",
"1400000US06037108202","Census Tract 1082.02; Los Angeles County; California","1531200","131259",
"1400000US06037108203","Census Tract 1082.03; Los Angeles County; California","1018400","65099",
"1400000US06037108204","Census Tract 1082.04; Los Angeles County; California","1048400","81049",
"1400000US06037109100","Census Tract 1091; Los Angeles County; California","571800","188698",
"1400000US06037109200","Census Tract 1092; Los Angeles County; California","735500","68516",
"1400000US06037109300","Census Tract 1093; Los Angeles County; California","827600","33430",
"1400000US06037109400","Census Tract 1094; Los Angeles County; California","589000","72444",
"1400000US06037109500","Census Tract 1095; Los Angeles County; California","667000","68125",
"1400000US06037109601","Census Tract 1096.01; Los Angeles County; California","756200","74407",
"1400000US06037109603","Census Tract 1096.03; Los Angeles County; California","721100","78139",
"1400000US06037109604","Census Tract 1096.04; Los Angeles County; California","791100","38295",
"1400000US06037109700","Census Tract 1097; Los Angeles County; California","816000","34032",
"1400000US06037109800","Census Tract 1098; Los Angeles County; California","798400","44776",
"1400000US06037111100","Census Tract 1111; Los Angeles County; California","859800","20510",
"1400000US06037111201","Census Tract 1112.01; Los Angeles County; California","938800","59546",
"1400000US06037111202","Census Tract 1112.02; Los Angeles County; California","816500","48702",
"1400000US06037111204","Census Tract 1112.04; Los Angeles County; California","1182300","56528",
"1400000US06037111205","Census Tract 1112.05; Los Angeles County; California","804000","74713",
"1400000US06037111206","Census Tract 1112.06; Los Angeles County; California","1000500","45618",
"1400000US06037111302","Census Tract 1113.02; Los Angeles County; California","1054700","57489",
"1400000US06037111303","Census Tract 1113.03; Los Angeles County; California","886300","29064",
"1400000US06037111304","Census Tract 1113.04; Los Angeles County; California","476900","469721",
"1400000US06037111401","Census Tract 1114.01; Los Angeles County; California","868100","30999",
"1400000US06037111402","Census Tract 1114.02; Los Angeles County; California","882800","26907",
"1400000US06037113101","Census Tract 1131.01; Los Angeles County; California","998500","61963",
"1400000US06037113102","Census Tract 1131.02; Los Angeles County; California","1345000","131935",
"1400000US06037113211","Census Tract 1132.11; Los Angeles County; California","680700","35913",
"1400000US06037113212","Census Tract 1132.12; Los Angeles County; California","784800","75379",
"1400000US06037113213","Census Tract 1132.13; Los Angeles County; California","737600","50566",
"1400000US06037113231","Census Tract 1132.31; Los Angeles County; California","1064500","55569",
"1400000US06037113232","Census Tract 1132.32; Los Angeles County; California","995400","62066",
"1400000US06037113234","Census Tract 1132.34; Los Angeles County; California","538000","185824",
"1400000US06037113235","Census Tract 1132.35; Los Angeles County; California","665700","191819",
"1400000US06037113237","Census Tract 1132.37; Los Angeles County; California","1086200","240768",
"1400000US06037113238","Census Tract 1132.38; Los Angeles County; California","764400","149201",
"1400000US06037113239","Census Tract 1132.39; Los Angeles County; California","200000","131906",
"1400000US06037113301","Census Tract 1133.01; Los Angeles County; California","1132400","48411",
"1400000US06037113303","Census Tract 1133.03; Los Angeles County; California","835600","24995",
"1400000US06037113322","Census Tract 1133.22; Los Angeles County; California","906900","34961",
"1400000US06037113323","Census Tract 1133.23; Los Angeles County; California","617500","31940",
"1400000US06037113324","Census Tract 1133.24; Los Angeles County; California","570800","94400",
"1400000US06037113423","Census Tract 1134.23; Los Angeles County; California","826200","54311",
"1400000US06037113424","Census Tract 1134.24; Los Angeles County; California","817100","42144",
"1400000US06037113425","Census Tract 1134.25; Los Angeles County; California","416700","78169",
"1400000US06037113426","Census Tract 1134.26; Los Angeles County; California","857700","13097",
"1400000US06037113427","Census Tract 1134.27; Los Angeles County; California","450000","88521",
"1400000US06037113428","Census Tract 1134.28; Los Angeles County; California","805300","45007",
"1400000US06037115101","Census Tract 1151.01; Los Angeles County; California","1158200","57691",
"1400000US06037115103","Census Tract 1151.03; Los Angeles County; California","-","**",
"1400000US06037115104","Census Tract 1151.04; Los Angeles County; California","793200","255901",
"1400000US06037115202","Census Tract 1152.02; Los Angeles County; California","871100","47312",
"1400000US06037115203","Census Tract 1152.03; Los Angeles County; California","1146900","197323",
"1400000US06037115204","Census Tract 1152.04; Los Angeles County; California","840500","88994",
"1400000US06037115301","Census Tract 1153.01; Los Angeles County; California","997200","70806",
"1400000US06037115302","Census Tract 1153.02; Los Angeles County; California","834100","91700",
"1400000US06037115401","Census Tract 1154.01; Los Angeles County; California","672100","133808",
"1400000US06037115403","Census Tract 1154.03; Los Angeles County; California","909600","65356",
"1400000US06037115404","Census Tract 1154.04; Los Angeles County; California","818100","37209",
"1400000US06037117101","Census Tract 1171.01; Los Angeles County; California","622700","40908",
"1400000US06037117102","Census Tract 1171.02; Los Angeles County; California","660100","76139",
"1400000US06037117201","Census Tract 1172.01; Los Angeles County; California","796300","96092",
"1400000US06037117202","Census Tract 1172.02; Los Angeles County; California","841500","41649",
"1400000US06037117301","Census Tract 1173.01; Los Angeles County; California","885800","25694",
"1400000US06037117302","Census Tract 1173.02; Los Angeles County; California","919100","28745",
"1400000US06037117303","Census Tract 1173.03; Los Angeles County; California","915100","46274",
"1400000US06037117404","Census Tract 1174.04; Los Angeles County; California","836800","33134",
"1400000US06037117405","Census Tract 1174.05; Los Angeles County; California","355400","15467",
"1400000US06037117407","Census Tract 1174.07; Los Angeles County; California","-","**",
"1400000US06037117408","Census Tract 1174.08; Los Angeles County; California","656300","67020",
"1400000US06037117510","Census Tract 1175.10; Los Angeles County; California","436400","83034",
"1400000US06037117520","Census Tract 1175.20; Los Angeles County; California","708300","311161",
"1400000US06037117530","Census Tract 1175.30; Los Angeles County; California","570500","99974",
"1400000US06037119001","Census Tract 1190.01; Los Angeles County; California","671900","33128",
"1400000US06037119003","Census Tract 1190.03; Los Angeles County; California","650400","40152",
"1400000US06037119004","Census Tract 1190.04; Los Angeles County; California","796600","62870",
"1400000US06037119201","Census Tract 1192.01; Los Angeles County; California","656000","23518",
"1400000US06037119202","Census Tract 1192.02; Los Angeles County; California","603500","24247",
"1400000US06037119310","Census Tract 1193.10; Los Angeles County; California","460500","29368",
"1400000US06037119320","Census Tract 1193.20; Los Angeles County; California","650400","158797",
"1400000US06037119340","Census Tract 1193.40; Los Angeles County; California","-","**",
"1400000US06037119341","Census Tract 1193.41; Los Angeles County; California","483500","55465",
"1400000US06037119342","Census Tract 1193.42; Los Angeles County; California","477300","29122",
"1400000US06037119400","Census Tract 1194; Los Angeles County; California","668400","39059",
"1400000US06037119700","Census Tract 1197; Los Angeles County; California","763600","55100",
"1400000US06037119801","Census Tract 1198.01; Los Angeles County; California","721300","71727",
"1400000US06037119802","Census Tract 1198.02; Los Angeles County; California","681700","48246",
"1400000US06037119900","Census Tract 1199; Los Angeles County; California","656500","30573",
"1400000US06037120010","Census Tract 1200.10; Los Angeles County; California","643900","27380",
"1400000US06037120020","Census Tract 1200.20; Los Angeles County; California","650000","99580",
"1400000US06037120030","Census Tract 1200.30; Los Angeles County; California","667500","64035",
"1400000US06037120103","Census Tract 1201.03; Los Angeles County; California","340600","130765",
"1400000US06037120104","Census Tract 1201.04; Los Angeles County; California","653800","119040",
"1400000US06037120105","Census Tract 1201.05; Los Angeles County; California","667800","73906",
"1400000US06037120106","Census Tract 1201.06; Los Angeles County; California","-","**",
"1400000US06037120107","Census Tract 1201.07; Los Angeles County; California","614800","77564",
"1400000US06037120108","Census Tract 1201.08; Los Angeles County; California","485900","46463",
"1400000US06037120300","Census Tract 1203; Los Angeles County; California","697100","41063",
"1400000US06037120400","Census Tract 1204; Los Angeles County; California","705900","93128",
"1400000US06037121010","Census Tract 1210.10; Los Angeles County; California","810500","59374",
"1400000US06037121020","Census Tract 1210.20; Los Angeles County; California","786700","51757",
"1400000US06037121101","Census Tract 1211.01; Los Angeles County; California","604000","66218",
"1400000US06037121102","Census Tract 1211.02; Los Angeles County; California","815200","46466",
"1400000US06037121210","Census Tract 1212.10; Los Angeles County; California","714500","50524",
"1400000US06037121221","Census Tract 1212.21; Los Angeles County; California","627200","35155",
"1400000US06037121222","Census Tract 1212.22; Los Angeles County; California","839900","65806",
"1400000US06037121600","Census Tract 1216; Los Angeles County; California","859600","26840",
"1400000US06037121801","Census Tract 1218.01; Los Angeles County; California","580400","68015",
"1400000US06037121802","Census Tract 1218.02; Los Angeles County; California","722900","52607",
"1400000US06037121900","Census Tract 1219; Los Angeles County; California","736000","73386",
"1400000US06037122000","Census Tract 1220; Los Angeles County; California","776700","144752",
"1400000US06037122120","Census Tract 1221.20; Los Angeles County; California","771300","63759",
"1400000US06037122121","Census Tract 1221.21; Los Angeles County; California","776300","77567",
"1400000US06037122122","Census Tract 1221.22; Los Angeles County; California","622600","45479",
"1400000US06037122200","Census Tract 1222; Los Angeles County; California","765700","54056",
"1400000US06037122410","Census Tract 1224.10; Los Angeles County; California","783900","547673",
"1400000US06037122420","Census Tract 1224.20; Los Angeles County; California","835700","65339",
"1400000US06037123010","Census Tract 1230.10; Los Angeles County; California","654500","97894",
"1400000US06037123020","Census Tract 1230.20; Los Angeles County; California","674600","60085",
"1400000US06037123103","Census Tract 1231.03; Los Angeles County; California","675200","56238",
"1400000US06037123104","Census Tract 1231.04; Los Angeles County; California","829000","41929",
"1400000US06037123203","Census Tract 1232.03; Los Angeles County; California","861100","581918",
"1400000US06037123204","Census Tract 1232.04; Los Angeles County; California","866800","95206",
"1400000US06037123205","Census Tract 1232.05; Los Angeles County; California","1000000","229142",
"1400000US06037123206","Census Tract 1232.06; Los Angeles County; California","640000","142244",
"1400000US06037123301","Census Tract 1233.01; Los Angeles County; California","658900","48230",
"1400000US06037123303","Census Tract 1233.03; Los Angeles County; California","924500","69986",
"1400000US06037123304","Census Tract 1233.04; Los Angeles County; California","879700","31773",
"1400000US06037123410","Census Tract 1234.10; Los Angeles County; California","909600","96517",
"1400000US06037123420","Census Tract 1234.20; Los Angeles County; California","735300","98040",
"1400000US06037123510","Census Tract 1235.10; Los Angeles County; California","1077600","77321",
"1400000US06037123520","Census Tract 1235.20; Los Angeles County; California","903300","74646",
"1400000US06037123601","Census Tract 1236.01; Los Angeles County; California","869300","77389",
"1400000US06037123602","Census Tract 1236.02; Los Angeles County; California","1079900","113630",
"1400000US06037123700","Census Tract 1237; Los Angeles County; California","893100","171194",
"1400000US06037123800","Census Tract 1238; Los Angeles County; California","965300","89171",
"1400000US06037123901","Census Tract 1239.01; Los Angeles County; California","952700","71827",
"1400000US06037123902","Census Tract 1239.02; Los Angeles County; California","1061900","54166",
"1400000US06037124000","Census Tract 1240; Los Angeles County; California","1012500","367829",
"1400000US06037124102","Census Tract 1241.02; Los Angeles County; California","1060100","97952",
"1400000US06037124103","Census Tract 1241.03; Los Angeles County; California","831100","75541",
"1400000US06037124104","Census Tract 1241.04; Los Angeles County; California","877300","108837",
"1400000US06037124105","Census Tract 1241.05; Los Angeles County; California","879900","106744",
"1400000US06037124201","Census Tract 1242.01; Los Angeles County; California","805500","78805",
"1400000US06037124203","Census Tract 1242.03; Los Angeles County; California","954100","79549",
"1400000US06037124204","Census Tract 1242.04; Los Angeles County; California","688100","148085",
"1400000US06037124300","Census Tract 1243; Los Angeles County; California","870800","24551",
"1400000US06037124400","Census Tract 1244; Los Angeles County; California","1109800","67712",
"1400000US06037124500","Census Tract 1245; Los Angeles County; California","1115500","90230",
"1400000US06037124600","Census Tract 1246; Los Angeles County; California","1584600","97154",
"1400000US06037124700","Census Tract 1247; Los Angeles County; California","1540200","298496",
"1400000US06037124902","Census Tract 1249.02; Los Angeles County; California","1070400","133141",
"1400000US06037124903","Census Tract 1249.03; Los Angeles County; California","738100","95685",
"1400000US06037125101","Census Tract 1251.01; Los Angeles County; California","570700","165064",
"1400000US06037125102","Census Tract 1251.02; Los Angeles County; California","1806000","155746",
"1400000US06037125200","Census Tract 1252; Los Angeles County; California","1169100","103554",
"1400000US06037125310","Census Tract 1253.10; Los Angeles County; California","1139200","54360",
"1400000US06037125321","Census Tract 1253.21; Los Angeles County; California","613200","41630",
"1400000US06037125322","Census Tract 1253.22; Los Angeles County; California","-","**",
"1400000US06037125402","Census Tract 1254.02; Los Angeles County; California","862100","326830",
"1400000US06037125403","Census Tract 1254.03; Los Angeles County; California","600000","471886",
"1400000US06037125404","Census Tract 1254.04; Los Angeles County; California","-","**",
"1400000US06037125501","Census Tract 1255.01; Los Angeles County; California","1104700","152400",
"1400000US06037125502","Census Tract 1255.02; Los Angeles County; California","811700","274456",
"1400000US06037125600","Census Tract 1256; Los Angeles County; California","2,000,000+","***",
"1400000US06037127102","Census Tract 1271.02; Los Angeles County; California","609700","104673",
"1400000US06037127103","Census Tract 1271.03; Los Angeles County; California","501400","157285",
"1400000US06037127104","Census Tract 1271.04; Los Angeles County; California","784500","89742",
"1400000US06037127210","Census Tract 1272.10; Los Angeles County; California","647600","75573",
"1400000US06037127220","Census Tract 1272.20; Los Angeles County; California","637600","64730",
"1400000US06037127300","Census Tract 1273; Los Angeles County; California","717700","66068",
"1400000US06037127400","Census Tract 1274; Los Angeles County; California","601100","188592",
"1400000US06037127520","Census Tract 1275.20; Los Angeles County; California","-","**",
"1400000US06037127603","Census Tract 1276.03; Los Angeles County; California","674600","82766",
"1400000US06037127604","Census Tract 1276.04; Los Angeles County; California","779900","129429",
"1400000US06037127605","Census Tract 1276.05; Los Angeles County; California","717400","171465",
"1400000US06037127606","Census Tract 1276.06; Los Angeles County; California","827800","64562",
"1400000US06037127711","Census Tract 1277.11; Los Angeles County; California","900900","126113",
"1400000US06037127712","Census Tract 1277.12; Los Angeles County; California","860900","36567",
"1400000US06037127803","Census Tract 1278.03; Los Angeles County; California","803300","113428",
"1400000US06037127804","Census Tract 1278.04; Los Angeles County; California","684600","101578",
"1400000US06037127805","Census Tract 1278.05; Los Angeles County; California","982600","101172",
"1400000US06037127806","Census Tract 1278.06; Los Angeles County; California","795300","91970",
"1400000US06037127910","Census Tract 1279.10; Los Angeles County; California","813900","61594",
"1400000US06037127920","Census Tract 1279.20; Los Angeles County; California","760200","69631",
"1400000US06037128101","Census Tract 1281.01; Los Angeles County; California","1076500","116198",
"1400000US06037128102","Census Tract 1281.02; Los Angeles County; California","678500","83417",
"1400000US06037128210","Census Tract 1282.10; Los Angeles County; California","472900","251963",
"1400000US06037128220","Census Tract 1282.20; Los Angeles County; California","936500","149144",
"1400000US06037128302","Census Tract 1283.02; Los Angeles County; California","742500","151235",
"1400000US06037128303","Census Tract 1283.03; Los Angeles County; California","571400","112114",
"1400000US06037128400","Census Tract 1284; Los Angeles County; California","1062800","54346",
"1400000US06037128500","Census Tract 1285; Los Angeles County; California","953500","273626",
"1400000US06037128601","Census Tract 1286.01; Los Angeles County; California","890400","225269",
"1400000US06037128602","Census Tract 1286.02; Los Angeles County; California","1340000","218940",
"1400000US06037128703","Census Tract 1287.03; Los Angeles County; California","699400","87835",
"1400000US06037128704","Census Tract 1287.04; Los Angeles County; California","1221500","165019",
"1400000US06037128801","Census Tract 1288.01; Los Angeles County; California","669300","46449",
"1400000US06037128802","Census Tract 1288.02; Los Angeles County; California","1193400","115014",
"1400000US06037128910","Census Tract 1289.10; Los Angeles County; California","1263400","152296",
"1400000US06037131021","Census Tract 1310.21; Los Angeles County; California","883200","52756",
"1400000US06037131022","Census Tract 1310.22; Los Angeles County; California","717900","266867",
"1400000US06037131023","Census Tract 1310.23; Los Angeles County; California","750700","81482",
"1400000US06037131024","Census Tract 1310.24; Los Angeles County; California","750000","90632",
"1400000US06037131100","Census Tract 1311; Los Angeles County; California","852300","31835",
"1400000US06037131200","Census Tract 1312; Los Angeles County; California","786000","51983",
"1400000US06037131300","Census Tract 1313; Los Angeles County; California","762900","58216",
"1400000US06037131400","Census Tract 1314; Los Angeles County; California","788200","46302",
"1400000US06037131600","Census Tract 1316; Los Angeles County; California","734800","72266",
"1400000US06037131701","Census Tract 1317.01; Los Angeles County; California","721500","89548",
"1400000US06037131702","Census Tract 1317.02; Los Angeles County; California","624700","35496",
"1400000US06037131801","Census Tract 1318.01; Los Angeles County; California","657600","120850",
"1400000US06037131802","Census Tract 1318.02; Los Angeles County; California","731600","92455",
"1400000US06037131900","Census Tract 1319; Los Angeles County; California","810500","59240",
"1400000US06037132001","Census Tract 1320.01; Los Angeles County; California","865300","61804",
"1400000US06037132002","Census Tract 1320.02; Los Angeles County; California","879200","70202",
"1400000US06037132101","Census Tract 1321.01; Los Angeles County; California","821300","66700",
"1400000US06037132102","Census Tract 1321.02; Los Angeles County; California","742900","100157",
"1400000US06037132301","Census Tract 1323.01; Los Angeles County; California","836800","63927",
"1400000US06037132302","Census Tract 1323.02; Los Angeles County; California","798300","56939",
"1400000US06037132501","Census Tract 1325.01; Los Angeles County; California","680700","72828",
"1400000US06037132502","Census Tract 1325.02; Los Angeles County; California","586000","30747",
"1400000US06037132700","Census Tract 1327; Los Angeles County; California","821700","49316",
"1400000US06037132900","Census Tract 1329; Los Angeles County; California","931600","64879",
"1400000US06037133000","Census Tract 1330; Los Angeles County; California","644800","92272",
"1400000US06037133101","Census Tract 1331.01; Los Angeles County; California","887000","33266",
"1400000US06037133102","Census Tract 1331.02; Los Angeles County; California","835400","82370",
"1400000US06037134001","Census Tract 1340.01; Los Angeles County; California","651700","68287",
"1400000US06037134002","Census Tract 1340.02; Los Angeles County; California","755200","87562",
"1400000US06037134101","Census Tract 1341.01; Los Angeles County; California","847900","14904",
"1400000US06037134103","Census Tract 1341.03; Los Angeles County; California","760000","61290",
"1400000US06037134104","Census Tract 1341.04; Los Angeles County; California","806400","87843",
"1400000US06037134201","Census Tract 1342.01; Los Angeles County; California","817500","47102",
"1400000US06037134302","Census Tract 1343.02; Los Angeles County; California","859400","25855",
"1400000US06037134303","Census Tract 1343.03; Los Angeles County; California","758500","72406",
"1400000US06037134304","Census Tract 1343.04; Los Angeles County; California","815400","32766",
"1400000US06037134305","Census Tract 1343.05; Los Angeles County; California","-","**",
"1400000US06037134306","Census Tract 1343.06; Los Angeles County; California","589300","127293",
"1400000US06037134421","Census Tract 1344.21; Los Angeles County; California","1091200","42539",
"1400000US06037134422","Census Tract 1344.22; Los Angeles County; California","969600","54998",
"1400000US06037134423","Census Tract 1344.23; Los Angeles County; California","1074200","80956",
"1400000US06037134424","Census Tract 1344.24; Los Angeles County; California","1318800","67048",
"1400000US06037134520","Census Tract 1345.20; Los Angeles County; California","461200","139870",
"1400000US06037134521","Census Tract 1345.21; Los Angeles County; California","656800","82326",
"1400000US06037134522","Census Tract 1345.22; Los Angeles County; California","643100","88069",
"1400000US06037134710","Census Tract 1347.10; Los Angeles County; California","754100","128341",
"1400000US06037134720","Census Tract 1347.20; Los Angeles County; California","768800","73852",
"1400000US06037134801","Census Tract 1348.01; Los Angeles County; California","776400","60523",
"1400000US06037134802","Census Tract 1348.02; Los Angeles County; California","612300","83505",
"1400000US06037134901","Census Tract 1349.01; Los Angeles County; California","958300","73920",
"1400000US06037134904","Census Tract 1349.04; Los Angeles County; California","850800","50811",
"1400000US06037134905","Census Tract 1349.05; Los Angeles County; California","677700","66455",
"1400000US06037134906","Census Tract 1349.06; Los Angeles County; California","-","**",
"1400000US06037134907","Census Tract 1349.07; Los Angeles County; California","-","**",
"1400000US06037135102","Census Tract 1351.02; Los Angeles County; California","1003300","111535",
"1400000US06037135111","Census Tract 1351.11; Los Angeles County; California","842900","120047",
"1400000US06037135113","Census Tract 1351.13; Los Angeles County; California","380700","39428",
"1400000US06037135115","Census Tract 1351.15; Los Angeles County; California","635000","41448",
"1400000US06037135116","Census Tract 1351.16; Los Angeles County; California","641500","33263",
"1400000US06037135201","Census Tract 1352.01; Los Angeles County; California","954800","30355",
"1400000US06037135202","Census Tract 1352.02; Los Angeles County; California","886200","48635",
"1400000US06037135204","Census Tract 1352.04; Los Angeles County; California","873200","23249",
"1400000US06037135205","Census Tract 1352.05; Los Angeles County; California","1172600","113492",
"1400000US06037137000","Census Tract 1370; Los Angeles County; California","1231100","97952",
"1400000US06037137103","Census Tract 1371.03; Los Angeles County; California","592300","51606",
"1400000US06037137104","Census Tract 1371.04; Los Angeles County; California","1013100","77398",
"1400000US06037137202","Census Tract 1372.02; Los Angeles County; California","834200","263043",
"1400000US06037137203","Census Tract 1372.03; Los Angeles County; California","1141700","49526",
"1400000US06037137301","Census Tract 1373.01; Los Angeles County; California","1406500","161044",
"1400000US06037137302","Census Tract 1373.02; Los Angeles County; California","1420000","121054",
"1400000US06037137401","Census Tract 1374.01; Los Angeles County; California","1108600","78395",
"1400000US06037137402","Census Tract 1374.02; Los Angeles County; California","1327800","72175",
"1400000US06037137501","Census Tract 1375.01; Los Angeles County; California","1643600","111021",
"1400000US06037137502","Census Tract 1375.02; Los Angeles County; California","1123100","43517",
"1400000US06037137504","Census Tract 1375.04; Los Angeles County; California","1720500","118378",
"1400000US06037138000","Census Tract 1380; Los Angeles County; California","1133000","29097",
"1400000US06037139001","Census Tract 1390.01; Los Angeles County; California","957800","49400",
"1400000US06037139200","Census Tract 1392; Los Angeles County; California","903200","47726",
"1400000US06037139301","Census Tract 1393.01; Los Angeles County; California","1202200","175707",
"1400000US06037139302","Census Tract 1393.02; Los Angeles County; California","449700","51297",
"1400000US06037139303","Census Tract 1393.03; Los Angeles County; California","536000","76019",
"1400000US06037139401","Census Tract 1394.01; Los Angeles County; California","1108100","415349",
"1400000US06037139402","Census Tract 1394.02; Los Angeles County; California","1959900","243693",
"1400000US06037139502","Census Tract 1395.02; Los Angeles County; California","1106600","61868",
"1400000US06037139504","Census Tract 1395.04; Los Angeles County; California","663500","50045",
"1400000US06037139505","Census Tract 1395.05; Los Angeles County; California","587000","145871",
"1400000US06037139506","Census Tract 1395.06; Los Angeles County; California","469000","28252",
"1400000US06037139600","Census Tract 1396; Los Angeles County; California","1625000","395769",
"1400000US06037139701","Census Tract 1397.01; Los Angeles County; California","1682600","336157",
"1400000US06037139703","Census Tract 1397.03; Los Angeles County; California","2,000,000+","***",
"1400000US06037139704","Census Tract 1397.04; Los Angeles County; California","2,000,000+","***",
"1400000US06037139705","Census Tract 1397.05; Los Angeles County; California","2,000,000+","***",
"1400000US06037139801","Census Tract 1398.01; Los Angeles County; California","1961600","238131",
"1400000US06037139802","Census Tract 1398.02; Los Angeles County; California","1860700","236779",
"1400000US06037141101","Census Tract 1411.01; Los Angeles County; California","1036000","354563",
"1400000US06037141102","Census Tract 1411.02; Los Angeles County; California","1305300","252270",
"1400000US06037141201","Census Tract 1412.01; Los Angeles County; California","1157100","431142",
"1400000US06037141202","Census Tract 1412.02; Los Angeles County; California","990200","535551",
"1400000US06037141303","Census Tract 1413.03; Los Angeles County; California","646000","62690",
"1400000US06037141304","Census Tract 1413.04; Los Angeles County; California","1199700","451863",
"1400000US06037141305","Census Tract 1413.05; Los Angeles County; California","1238100","460498",
"1400000US06037141306","Census Tract 1413.06; Los Angeles County; California","991300","338180",
"1400000US06037141400","Census Tract 1414; Los Angeles County; California","1695800","182674",
"1400000US06037141500","Census Tract 1415; Los Angeles County; California","2,000,000+","***",
"1400000US06037141600","Census Tract 1416; Los Angeles County; California","1797600","286556",
"1400000US06037141700","Census Tract 1417; Los Angeles County; California","1699000","78843",
"1400000US06037143101","Census Tract 1431.01; Los Angeles County; California","1612900","537705",
"1400000US06037143102","Census Tract 1431.02; Los Angeles County; California","869500","54994",
"1400000US06037143200","Census Tract 1432; Los Angeles County; California","925600","68433",
"1400000US06037143301","Census Tract 1433.01; Los Angeles County; California","896600","193499",
"1400000US06037143302","Census Tract 1433.02; Los Angeles County; California","1232800","338542",
"1400000US06037143401","Census Tract 1434.01; Los Angeles County; California","1505700","546952",
"1400000US06037143402","Census Tract 1434.02; Los Angeles County; California","1392900","485035",
"1400000US06037143500","Census Tract 1435; Los Angeles County; California","1558600","135468",
"1400000US06037143602","Census Tract 1436.02; Los Angeles County; California","1273300","533000",
"1400000US06037143603","Census Tract 1436.03; Los Angeles County; California","861500","140093",
"1400000US06037143605","Census Tract 1436.05; Los Angeles County; California","910700","456338",
"1400000US06037143606","Census Tract 1436.06; Los Angeles County; California","734400","608003",
"1400000US06037143700","Census Tract 1437; Los Angeles County; California","1802700","169587",
"1400000US06037143801","Census Tract 1438.01; Los Angeles County; California","2,000,000+","***",
"1400000US06037143802","Census Tract 1438.02; Los Angeles County; California","2,000,000+","***",
"1400000US06037143901","Census Tract 1439.01; Los Angeles County; California","2,000,000+","***",
"1400000US06037143902","Census Tract 1439.02; Los Angeles County; California","1938600","302202",
"1400000US06037181000","Census Tract 1810; Los Angeles County; California","1510600","120760",
"1400000US06037181300","Census Tract 1813; Los Angeles County; California","1123400","57217",
"1400000US06037181400","Census Tract 1814; Los Angeles County; California","1193800","97079",
"1400000US06037181500","Census Tract 1815; Los Angeles County; California","1197700","77169",
"1400000US06037181600","Census Tract 1816; Los Angeles County; California","1138800","77324",
"1400000US06037183101","Census Tract 1831.01; Los Angeles County; California","1123500","93591",
"1400000US06037183103","Census Tract 1831.03; Los Angeles County; California","888700","554485",
"1400000US06037183104","Census Tract 1831.04; Los Angeles County; California","1105700","34925",
"1400000US06037183220","Census Tract 1832.20; Los Angeles County; California","949200","99593",
"1400000US06037183221","Census Tract 1832.21; Los Angeles County; California","961900","82592",
"1400000US06037183222","Census Tract 1832.22; Los Angeles County; California","1037100","117610",
"1400000US06037183300","Census Tract 1833; Los Angeles County; California","1063300","64012",
"1400000US06037183401","Census Tract 1834.01; Los Angeles County; California","941000","150092",
"1400000US06037183402","Census Tract 1834.02; Los Angeles County; California","1117300","55198",
"1400000US06037183510","Census Tract 1835.10; Los Angeles County; California","1006300","93912",
"1400000US06037183520","Census Tract 1835.20; Los Angeles County; California","989800","121387",
"1400000US06037183610","Census Tract 1836.10; Los Angeles County; California","1120300","54682",
"1400000US06037183620","Census Tract 1836.20; Los Angeles County; California","1170000","99925",
"1400000US06037183701","Census Tract 1837.01; Los Angeles County; California","634600","236451",
"1400000US06037183702","Census Tract 1837.02; Los Angeles County; California","950800","109646",
"1400000US06037183810","Census Tract 1838.10; Los Angeles County; California","1112800","55762",
"1400000US06037183820","Census Tract 1838.20; Los Angeles County; California","1023300","97868",
"1400000US06037185101","Census Tract 1851.01; Los Angeles County; California","815700","153886",
"1400000US06037185102","Census Tract 1851.02; Los Angeles County; California","1242900","222497",
"1400000US06037185202","Census Tract 1852.02; Los Angeles County; California","1247600","175308",
"1400000US06037185203","Census Tract 1852.03; Los Angeles County; California","1014600","94342",
"1400000US06037185204","Census Tract 1852.04; Los Angeles County; California","1165800","107097",
"1400000US06037185310","Census Tract 1853.10; Los Angeles County; California","869600","91640",
"1400000US06037185320","Census Tract 1853.20; Los Angeles County; California","858200","46090",
"1400000US06037186100","Census Tract 1861; Los Angeles County; California","1051900","79974",
"1400000US06037186201","Census Tract 1862.01; Los Angeles County; California","1097700","56141",
"1400000US06037186202","Census Tract 1862.02; Los Angeles County; California","1050200","77230",
"1400000US06037186203","Census Tract 1862.03; Los Angeles County; California","1165500","84760",
"1400000US06037186301","Census Tract 1863.01; Los Angeles County; California","959000","123466",
"1400000US06037186302","Census Tract 1863.02; Los Angeles County; California","1188000","56819",
"1400000US06037186401","Census Tract 1864.01; Los Angeles County; California","850000","217339",
"1400000US06037186403","Census Tract 1864.03; Los Angeles County; California","911800","52677",
"1400000US06037186404","Census Tract 1864.04; Los Angeles County; California","854700","70443",
"1400000US06037187101","Census Tract 1871.01; Los Angeles County; California","1217100","140672",
"1400000US06037187102","Census Tract 1871.02; Los Angeles County; California","1088500","126260",
"1400000US06037187200","Census Tract 1872; Los Angeles County; California","935600","129679",
"1400000US06037187300","Census Tract 1873; Los Angeles County; California","1208100","133113",
"1400000US06037188100","Census Tract 1881; Los Angeles County; California","1166700","73897",
"1400000US06037188201","Census Tract 1882.01; Los Angeles County; California","1159600","155795",
"1400000US06037188202","Census Tract 1882.02; Los Angeles County; California","2,000,000+","***",
"1400000US06037188300","Census Tract 1883; Los Angeles County; California","1226000","101767",
"1400000US06037189101","Census Tract 1891.01; Los Angeles County; California","1114700","81667",
"1400000US06037189102","Census Tract 1891.02; Los Angeles County; California","1698500","809480",
"1400000US06037189201","Census Tract 1892.01; Los Angeles County; California","-","**",
"1400000US06037189202","Census Tract 1892.02; Los Angeles County; California","2,000,000+","***",
"1400000US06037189300","Census Tract 1893; Los Angeles County; California","2,000,000+","***",
"1400000US06037189400","Census Tract 1894; Los Angeles County; California","2,000,000+","***",
"1400000US06037189501","Census Tract 1895.01; Los Angeles County; California","1154600","183241",
"1400000US06037189502","Census Tract 1895.02; Los Angeles County; California","1130200","112014",
"1400000US06037189600","Census Tract 1896; Los Angeles County; California","2,000,000+","***",
"1400000US06037189702","Census Tract 1897.02; Los Angeles County; California","1625000","1131857",
"1400000US06037189703","Census Tract 1897.03; Los Angeles County; California","1201100","599657",
"1400000US06037189704","Census Tract 1897.04; Los Angeles County; California","1669000","121064",
"1400000US06037189801","Census Tract 1898.01; Los Angeles County; California","-","**",
"1400000US06037189802","Census Tract 1898.02; Los Angeles County; California","1605300","555496",
"1400000US06037189903","Census Tract 1899.03; Los Angeles County; California","654300","128269",
"1400000US06037189904","Census Tract 1899.04; Los Angeles County; California","1062500","804991",
"1400000US06037189905","Census Tract 1899.05; Los Angeles County; California","933600","398777",
"1400000US06037189906","Census Tract 1899.06; Los Angeles County; California","1123400","111825",
"1400000US06037189907","Census Tract 1899.07; Los Angeles County; California","1007100","130294",
"1400000US06037190101","Census Tract 1901.01; Los Angeles County; California","-","**",
"1400000US06037190102","Census Tract 1901.02; Los Angeles County; California","993400","814516",
"1400000US06037190201","Census Tract 1902.01; Los Angeles County; California","-","**",
"1400000US06037190202","Census Tract 1902.02; Los Angeles County; California","-","**",
"1400000US06037190302","Census Tract 1903.02; Los Angeles County; California","976100","205978",
"1400000US06037190303","Census Tract 1903.03; Los Angeles County; California","-","**",
"1400000US06037190401","Census Tract 1904.01; Los Angeles County; California","-","**",
"1400000US06037190402","Census Tract 1904.02; Los Angeles County; California","-","**",
"1400000US06037190510","Census Tract 1905.10; Los Angeles County; California","-","**",
"1400000US06037190520","Census Tract 1905.20; Los Angeles County; California","708300","211821",
"1400000US06037190701","Census Tract 1907.01; Los Angeles County; California","-","**",
"1400000US06037190702","Census Tract 1907.02; Los Angeles County; California","1486100","323411",
"1400000US06037190801","Census Tract 1908.01; Los Angeles County; California","1100600","66493",
"1400000US06037190802","Census Tract 1908.02; Los Angeles County; California","1547600","121525",
"1400000US06037190901","Census Tract 1909.01; Los Angeles County; California","-","**",
"1400000US06037190902","Census Tract 1909.02; Los Angeles County; California","1166700","124102",
"1400000US06037191000","Census Tract 1910; Los Angeles County; California","-","**",
"1400000US06037191110","Census Tract 1911.10; Los Angeles County; California","-","**",
"1400000US06037191120","Census Tract 1911.20; Los Angeles County; California","1052600","301121",
"1400000US06037191201","Census Tract 1912.01; Los Angeles County; California","-","**",
"1400000US06037191203","Census Tract 1912.03; Los Angeles County; California","1017000","235007",
"1400000US06037191204","Census Tract 1912.04; Los Angeles County; California","1174300","161429",
"1400000US06037191301","Census Tract 1913.01; Los Angeles County; California","941500","141112",
"1400000US06037191302","Census Tract 1913.02; Los Angeles County; California","937500","632869",
"1400000US06037191410","Census Tract 1914.10; Los Angeles County; California","1539100","646472",
"1400000US06037191420","Census Tract 1914.20; Los Angeles County; California","1202200","456859",
"1400000US06037191500","Census Tract 1915; Los Angeles County; California","1052100","245708",
"1400000US06037191610","Census Tract 1916.10; Los Angeles County; California","1065800","513066",
"1400000US06037191620","Census Tract 1916.20; Los Angeles County; California","-","**",
"1400000US06037191710","Census Tract 1917.10; Los Angeles County; California","1041700","902325",
"1400000US06037191720","Census Tract 1917.20; Los Angeles County; California","1367500","83828",
"1400000US06037191810","Census Tract 1918.10; Los Angeles County; California","-","**",
"1400000US06037191820","Census Tract 1918.20; Los Angeles County; California","780400","233044",
"1400000US06037191901","Census Tract 1919.01; Los Angeles County; California","1188800","584129",
"1400000US06037191902","Census Tract 1919.02; Los Angeles County; California","1804700","295067",
"1400000US06037192001","Census Tract 1920.01; Los Angeles County; California","1475400","411880",
"1400000US06037192002","Census Tract 1920.02; Los Angeles County; California","1858500","167835",
"1400000US06037192300","Census Tract 1923; Los Angeles County; California","1724400","484330",
"1400000US06037192410","Census Tract 1924.10; Los Angeles County; California","1579900","158891",
"1400000US06037192420","Census Tract 1924.20; Los Angeles County; California","930100","467164",
"1400000US06037192510","Census Tract 1925.10; Los Angeles County; California","886900","87983",
"1400000US06037192520","Census Tract 1925.20; Los Angeles County; California","1112300","314364",
"1400000US06037192610","Census Tract 1926.10; Los Angeles County; California","1445700","962368",
"1400000US06037192620","Census Tract 1926.20; Los Angeles County; California","750000","408406",
"1400000US06037192700","Census Tract 1927; Los Angeles County; California","961700","142450",
"1400000US06037194101","Census Tract 1941.01; Los Angeles County; California","2,000,000+","***",
"1400000US06037194102","Census Tract 1941.02; Los Angeles County; California","2,000,000+","***",
"1400000US06037194200","Census Tract 1942; Los Angeles County; California","2,000,000+","***",
"1400000US06037194300","Census Tract 1943; Los Angeles County; California","2,000,000+","***",
"1400000US06037194401","Census Tract 1944.01; Los Angeles County; California","2,000,000+","***",
"1400000US06037194402","Census Tract 1944.02; Los Angeles County; California","1482600","293817",
"1400000US06037194500","Census Tract 1945; Los Angeles County; California","2,000,000+","***",
"1400000US06037195100","Census Tract 1951; Los Angeles County; California","2,000,000+","***",
"1400000US06037195201","Census Tract 1952.01; Los Angeles County; California","1557300","383128",
"1400000US06037195202","Census Tract 1952.02; Los Angeles County; California","1670800","100742",
"1400000US06037195300","Census Tract 1953; Los Angeles County; California","1279200","201809",
"1400000US06037195400","Census Tract 1954; Los Angeles County; California","1655400","130255",
"1400000US06037195500","Census Tract 1955; Los Angeles County; California","1240500","321852",
"1400000US06037195600","Census Tract 1956; Los Angeles County; California","810400","147618",
"1400000US06037195710","Census Tract 1957.10; Los Angeles County; California","1325400","191979",
"1400000US06037195720","Census Tract 1957.20; Los Angeles County; California","916700","166835",
"1400000US06037195802","Census Tract 1958.02; Los Angeles County; California","996800","129521",
"1400000US06037195803","Census Tract 1958.03; Los Angeles County; California","1586300","77648",
"1400000US06037195804","Census Tract 1958.04; Los Angeles County; California","1306400","204457",
"1400000US06037195901","Census Tract 1959.01; Los Angeles County; California","1175800","212033",
"1400000US06037195902","Census Tract 1959.02; Los Angeles County; California","1314000","368669",
"1400000US06037195903","Census Tract 1959.03; Los Angeles County; California","1109000","164307",
"1400000US06037197200","Census Tract 1972; Los Angeles County; California","904900","79570",
"1400000US06037197300","Census Tract 1973; Los Angeles County; California","1227000","106461",
"1400000US06037197410","Census Tract 1974.10; Los Angeles County; California","1296500","129522",
"1400000US06037197420","Census Tract 1974.20; Los Angeles County; California","1099000","95137",
"1400000US06037197500","Census Tract 1975; Los Angeles County; California","1187500","186529",
"1400000US06037197600","Census Tract 1976; Los Angeles County; California","892000","64022",
"1400000US06037197700","Census Tract 1977; Los Angeles County; California","953900","270527",
"1400000US06037199001","Census Tract 1990.01; Los Angeles County; California","977300","202114",
"1400000US06037199002","Census Tract 1990.02; Los Angeles County; California","642600","39612",
"1400000US06037199110","Census Tract 1991.10; Los Angeles County; California","743200","69335",
"1400000US06037199120","Census Tract 1991.20; Los Angeles County; California","719600","77049",
"1400000US06037199201","Census Tract 1992.01; Los Angeles County; California","-","**",
"1400000US06037199202","Census Tract 1992.02; Los Angeles County; California","768900","102339",
"1400000US06037199300","Census Tract 1993; Los Angeles County; California","960400","79724",
"1400000US06037199400","Census Tract 1994; Los Angeles County; California","919400","80660",
"1400000US06037199700","Census Tract 1997; Los Angeles County; California","687100","57073",
"1400000US06037199801","Census Tract 1998.01; Los Angeles County; California","618100","228775",
"1400000US06037199802","Census Tract 1998.02; Los Angeles County; California","568000","132124",
"1400000US06037199900","Census Tract 1999; Los Angeles County; California","663500","59920",
"1400000US06037201110","Census Tract 2011.10; Los Angeles County; California","872700","45276",
"1400000US06037201120","Census Tract 2011.20; Los Angeles County; California","823800","70299",
"1400000US06037201200","Census Tract 2012; Los Angeles County; California","776600","110920",
"1400000US06037201301","Census Tract 2013.01; Los Angeles County; California","901300","53015",
"1400000US06037201302","Census Tract 2013.02; Los Angeles County; California","644500","19255",
"1400000US06037201401","Census Tract 2014.01; Los Angeles County; California","774100","74677",
"1400000US06037201402","Census Tract 2014.02; Los Angeles County; California","842100","51476",
"1400000US06037201501","Census Tract 2015.01; Los Angeles County; California","886000","82708",
"1400000US06037201503","Census Tract 2015.03; Los Angeles County; California","750000","88366",
"1400000US06037201504","Census Tract 2015.04; Los Angeles County; California","801900","68323",
"1400000US06037201601","Census Tract 2016.01; Los Angeles County; California","791700","83174",
"1400000US06037201602","Census Tract 2016.02; Los Angeles County; California","856500","54202",
"1400000US06037201700","Census Tract 2017; Los Angeles County; California","792000","62019",
"1400000US06037203100","Census Tract 2031; Los Angeles County; California","795600","143446",
"1400000US06037203200","Census Tract 2032; Los Angeles County; California","607500","39402",
"1400000US06037203300","Census Tract 2033; Los Angeles County; California","494400","149015",
"1400000US06037203500","Census Tract 2035; Los Angeles County; California","792600","81798",
"1400000US06037203601","Census Tract 2036.01; Los Angeles County; California","668100","207893",
"1400000US06037203602","Census Tract 2036.02; Los Angeles County; California","859000","52627",
"1400000US06037203710","Census Tract 2037.10; Los Angeles County; California","818500","156278",
"1400000US06037203720","Census Tract 2037.20; Los Angeles County; California","673600","57687",
"1400000US06037203800","Census Tract 2038; Los Angeles County; California","617900","34009",
"1400000US06037203900","Census Tract 2039; Los Angeles County; California","688100","91295",
"1400000US06037204110","Census Tract 2041.10; Los Angeles County; California","611100","148460",
"1400000US06037204120","Census Tract 2041.20; Los Angeles County; California","640400","57094",
"1400000US06037204200","Census Tract 2042; Los Angeles County; California","606100","51784",
"1400000US06037204300","Census Tract 2043; Los Angeles County; California","720500","110754",
"1400000US06037204410","Census Tract 2044.10; Los Angeles County; California","694000","168272",
"1400000US06037204420","Census Tract 2044.20; Los Angeles County; California","833300","125800",
"1400000US06037204600","Census Tract 2046; Los Angeles County; California","625000","142525",
"1400000US06037204700","Census Tract 2047; Los Angeles County; California","642100","30905",
"1400000US06037204810","Census Tract 2048.10; Los Angeles County; California","649600","47098",
"1400000US06037204820","Census Tract 2048.20; Los Angeles County; California","620300","89911",
"1400000US06037204910","Census Tract 2049.10; Los Angeles County; California","896900","192465",
"1400000US06037204920","Census Tract 2049.20; Los Angeles County; California","614400","41308",
"1400000US06037205110","Census Tract 2051.10; Los Angeles County; California","-","**",
"1400000US06037205120","Census Tract 2051.20; Los Angeles County; California","629300","38116",
"1400000US06037206010","Census Tract 2060.10; Los Angeles County; California","908200","120528",
"1400000US06037206020","Census Tract 2060.20; Los Angeles County; California","-","**",
"1400000US06037206050","Census Tract 2060.50; Los Angeles County; California","-","**",
"1400000US06037206051","Census Tract 2060.51; Los Angeles County; California","986100","176561",
"1400000US06037206052","Census Tract 2060.52; Los Angeles County; California","690100","93536",
"1400000US06037206053","Census Tract 2060.53; Los Angeles County; California","655400","39746",
"1400000US06037206054","Census Tract 2060.54; Los Angeles County; California","816700","136296",
"1400000US06037206201","Census Tract 2062.01; Los Angeles County; California","570400","91378",
"1400000US06037206202","Census Tract 2062.02; Los Angeles County; California","715600","209735",
"1400000US06037206301","Census Tract 2063.01; Los Angeles County; California","-","**",
"1400000US06037206302","Census Tract 2063.02; Los Angeles County; California","-","**",
"1400000US06037206303","Census Tract 2063.03; Los Angeles County; California","-","**",
"1400000US06037207101","Census Tract 2071.01; Los Angeles County; California","581300","110044",
"1400000US06037207102","Census Tract 2071.02; Los Angeles County; California","-","**",
"1400000US06037207103","Census Tract 2071.03; Los Angeles County; California","928600","244505",
"1400000US06037207303","Census Tract 2073.03; Los Angeles County; California","988600","275797",
"1400000US06037207304","Census Tract 2073.04; Los Angeles County; California","619000","257264",
"1400000US06037207305","Census Tract 2073.05; Los Angeles County; California","599000","119142",
"1400000US06037207306","Census Tract 2073.06; Los Angeles County; California","676500","64424",
"1400000US06037207307","Census Tract 2073.07; Los Angeles County; California","-","**",
"1400000US06037207308","Census Tract 2073.08; Los Angeles County; California","-","**",
"1400000US06037207400","Census Tract 2074; Los Angeles County; California","-","**",
"1400000US06037207501","Census Tract 2075.01; Los Angeles County; California","689200","72907",
"1400000US06037207502","Census Tract 2075.02; Los Angeles County; California","-","**",
"1400000US06037207711","Census Tract 2077.11; Los Angeles County; California","686500","75845",
"1400000US06037207712","Census Tract 2077.12; Los Angeles County; California","722900","232683",
"1400000US06037207901","Census Tract 2079.01; Los Angeles County; California","-","**",
"1400000US06037207902","Census Tract 2079.02; Los Angeles County; California","1077000","97477",
"1400000US06037208001","Census Tract 2080.01; Los Angeles County; California","-","**",
"1400000US06037208002","Census Tract 2080.02; Los Angeles County; California","742200","277123",
"1400000US06037208301","Census Tract 2083.01; Los Angeles County; California","-","**",
"1400000US06037208302","Census Tract 2083.02; Los Angeles County; California","959100","604301",
"1400000US06037208401","Census Tract 2084.01; Los Angeles County; California","-","**",
"1400000US06037208402","Census Tract 2084.02; Los Angeles County; California","750000","233866",
"1400000US06037208501","Census Tract 2085.01; Los Angeles County; California","915300","64517",
"1400000US06037208502","Census Tract 2085.02; Los Angeles County; California","1295500","565069",
"1400000US06037208610","Census Tract 2086.10; Los Angeles County; California","972400","158466",
"1400000US06037208620","Census Tract 2086.20; Los Angeles County; California","774200","480673",
"1400000US06037208710","Census Tract 2087.10; Los Angeles County; California","468500","29192",
"1400000US06037208720","Census Tract 2087.20; Los Angeles County; California","-","**",
"1400000US06037208801","Census Tract 2088.01; Los Angeles County; California","-","**",
"1400000US06037208802","Census Tract 2088.02; Los Angeles County; California","-","**",
"1400000US06037208902","Census Tract 2089.02; Los Angeles County; California","-","**",
"1400000US06037208903","Census Tract 2089.03; Los Angeles County; California","-","**",
"1400000US06037208904","Census Tract 2089.04; Los Angeles County; California","-","**",
"1400000US06037209103","Census Tract 2091.03; Los Angeles County; California","-","**",
"1400000US06037209104","Census Tract 2091.04; Los Angeles County; California","-","**",
"1400000US06037209105","Census Tract 2091.05; Los Angeles County; California","-","**",
"1400000US06037209106","Census Tract 2091.06; Los Angeles County; California","617000","13946",
"1400000US06037209201","Census Tract 2092.01; Los Angeles County; California","1027800","739260",
"1400000US06037209202","Census Tract 2092.02; Los Angeles County; California","-","**",
"1400000US06037209300","Census Tract 2093; Los Angeles County; California","-","**",
"1400000US06037209401","Census Tract 2094.01; Los Angeles County; California","-","**",
"1400000US06037209402","Census Tract 2094.02; Los Angeles County; California","-","**",
"1400000US06037209403","Census Tract 2094.03; Los Angeles County; California","-","**",
"1400000US06037209510","Census Tract 2095.10; Los Angeles County; California","726600","190253",
"1400000US06037209520","Census Tract 2095.20; Los Angeles County; California","-","**",
"1400000US06037209810","Census Tract 2098.10; Los Angeles County; California","-","**",
"1400000US06037209820","Census Tract 2098.20; Los Angeles County; California","875000","82499",
"1400000US06037210010","Census Tract 2100.10; Los Angeles County; California","567000","101574",
"1400000US06037211000","Census Tract 2110; Los Angeles County; California","2,000,000+","***",
"1400000US06037211121","Census Tract 2111.21; Los Angeles County; California","-","**",
"1400000US06037211122","Census Tract 2111.22; Los Angeles County; California","-","**",
"1400000US06037211123","Census Tract 2111.23; Los Angeles County; California","-","**",
"1400000US06037211124","Census Tract 2111.24; Los Angeles County; California","631400","69572",
"1400000US06037211201","Census Tract 2112.01; Los Angeles County; California","847200","221236",
"1400000US06037211202","Census Tract 2112.02; Los Angeles County; California","-","**",
"1400000US06037211310","Census Tract 2113.10; Los Angeles County; California","659400","227907",
"1400000US06037211320","Census Tract 2113.20; Los Angeles County; California","-","**",
"1400000US06037211410","Census Tract 2114.10; Los Angeles County; California","1236800","801679",
"1400000US06037211420","Census Tract 2114.20; Los Angeles County; California","1033200","312384",
"1400000US06037211500","Census Tract 2115; Los Angeles County; California","2,000,000+","***",
"1400000US06037211701","Census Tract 2117.01; Los Angeles County; California","1063700","914853",
"1400000US06037211703","Census Tract 2117.03; Los Angeles County; California","617800","273977",
"1400000US06037211704","Census Tract 2117.04; Los Angeles County; California","695000","110177",
"1400000US06037211802","Census Tract 2118.02; Los Angeles County; California","1014700","445939",
"1400000US06037211803","Census Tract 2118.03; Los Angeles County; California","567100","201710",
"1400000US06037211804","Census Tract 2118.04; Los Angeles County; California","-","**",
"1400000US06037211910","Census Tract 2119.10; Los Angeles County; California","358500","22215",
"1400000US06037211921","Census Tract 2119.21; Los Angeles County; California","-","**",
"1400000US06037211922","Census Tract 2119.22; Los Angeles County; California","-","**",
"1400000US06037212101","Census Tract 2121.01; Los Angeles County; California","725000","175587",
"1400000US06037212102","Census Tract 2121.02; Los Angeles County; California","-","**",
"1400000US06037212202","Census Tract 2122.02; Los Angeles County; California","622300","38368",
"1400000US06037212203","Census Tract 2122.03; Los Angeles County; California","-","**",
"1400000US06037212204","Census Tract 2122.04; Los Angeles County; California","1166700","783665",
"1400000US06037212303","Census Tract 2123.03; Los Angeles County; California","-","**",
"1400000US06037212304","Census Tract 2123.04; Los Angeles County; California","-","**",
"1400000US06037212305","Census Tract 2123.05; Los Angeles County; California","-","**",
"1400000US06037212306","Census Tract 2123.06; Los Angeles County; California","396200","360511",
"1400000US06037212410","Census Tract 2124.10; Los Angeles County; California","659600","146500",
"1400000US06037212420","Census Tract 2124.20; Los Angeles County; California","-","**",
"1400000US06037212501","Census Tract 2125.01; Los Angeles County; California","824000","86943",
"1400000US06037212502","Census Tract 2125.02; Los Angeles County; California","864600","327512",
"1400000US06037212610","Census Tract 2126.10; Los Angeles County; California","703300","112395",
"1400000US06037212620","Census Tract 2126.20; Los Angeles County; California","972400","243102",
"1400000US06037212701","Census Tract 2127.01; Los Angeles County; California","1171200","63886",
"1400000US06037212702","Census Tract 2127.02; Los Angeles County; California","1154800","203890",
"1400000US06037212800","Census Tract 2128; Los Angeles County; California","1500000","248564",
"1400000US06037212900","Census Tract 2129; Los Angeles County; California","1247800","221334",
"1400000US06037213100","Census Tract 2131; Los Angeles County; California","1156900","227775",
"1400000US06037213201","Census Tract 2132.01; Los Angeles County; California","881500","113289",
"1400000US06037213202","Census Tract 2132.02; Los Angeles County; California","851000","96657",
"1400000US06037213310","Census Tract 2133.10; Los Angeles County; California","1316000","489680",
"1400000US06037213320","Census Tract 2133.20; Los Angeles County; California","668000","99883",
"1400000US06037213401","Census Tract 2134.01; Los Angeles County; California","829200","71284",
"1400000US06037213402","Census Tract 2134.02; Los Angeles County; California","1028100","346912",
"1400000US06037214000","Census Tract 2140; Los Angeles County; California","1992600","220030",
"1400000US06037214100","Census Tract 2141; Los Angeles County; California","2,000,000+","***",
"1400000US06037214400","Census Tract 2144; Los Angeles County; California","-","**",
"1400000US06037214501","Census Tract 2145.01; Los Angeles County; California","2,000,000+","***",
"1400000US06037214503","Census Tract 2145.03; Los Angeles County; California","-","**",
"1400000US06037214504","Census Tract 2145.04; Los Angeles County; California","-","**",
"1400000US06037214505","Census Tract 2145.05; Los Angeles County; California","-","**",
"1400000US06037214600","Census Tract 2146; Los Angeles County; California","1866700","1183653",
"1400000US06037214700","Census Tract 2147; Los Angeles County; California","2,000,000+","***",
"1400000US06037214800","Census Tract 2148; Los Angeles County; California","1707400","239679",
"1400000US06037214902","Census Tract 2149.02; Los Angeles County; California","1172600","85788",
"1400000US06037214903","Census Tract 2149.03; Los Angeles County; California","627000","69611",
"1400000US06037214904","Census Tract 2149.04; Los Angeles County; California","1514500","196931",
"1400000US06037215101","Census Tract 2151.01; Los Angeles County; California","-","**",
"1400000US06037215102","Census Tract 2151.02; Los Angeles County; California","-","**",
"1400000US06037216100","Census Tract 2161; Los Angeles County; California","1907700","420606",
"1400000US06037216201","Census Tract 2162.01; Los Angeles County; California","2,000,000+","***",
"1400000US06037216202","Census Tract 2162.02; Los Angeles County; California","1708300","337688",
"1400000US06037216301","Census Tract 2163.01; Los Angeles County; California","2,000,000+","***",
"1400000US06037216302","Census Tract 2163.02; Los Angeles County; California","1017500","216869",
"1400000US06037216401","Census Tract 2164.01; Los Angeles County; California","838700","183614",
"1400000US06037216402","Census Tract 2164.02; Los Angeles County; California","899700","138728",
"1400000US06037216700","Census Tract 2167; Los Angeles County; California","1560200","338443",
"1400000US06037216800","Census Tract 2168; Los Angeles County; California","2,000,000+","***",
"1400000US06037216901","Census Tract 2169.01; Los Angeles County; California","1235500","159439",
"1400000US06037216902","Census Tract 2169.02; Los Angeles County; California","1182900","240186",
"1400000US06037217001","Census Tract 2170.01; Los Angeles County; California","1863600","557507",
"1400000US06037217002","Census Tract 2170.02; Los Angeles County; California","1779900","281391",
"1400000US06037217101","Census Tract 2171.01; Los Angeles County; California","1085200","265419",
"1400000US06037217102","Census Tract 2171.02; Los Angeles County; California","1445100","275653",
"1400000US06037217200","Census Tract 2172; Los Angeles County; California","1432800","240324",
"1400000US06037218110","Census Tract 2181.10; Los Angeles County; California","930600","687295",
"1400000US06037218120","Census Tract 2181.20; Los Angeles County; California","1400000","266772",
"1400000US06037218210","Census Tract 2182.10; Los Angeles County; California","911800","120038",
"1400000US06037218220","Census Tract 2182.20; Los Angeles County; California","1758800","699586",
"1400000US06037218300","Census Tract 2183; Los Angeles County; California","866800","432281",
"1400000US06037218400","Census Tract 2184; Los Angeles County; California","1024700","124411",
"1400000US06037218500","Census Tract 2185; Los Angeles County; California","1067300","65638",
"1400000US06037218600","Census Tract 2186; Los Angeles County; California","951800","177348",
"1400000US06037218701","Census Tract 2187.01; Los Angeles County; California","1392900","525167",
"1400000US06037218702","Census Tract 2187.02; Los Angeles County; California","816200","254890",
"1400000US06037218800","Census Tract 2188; Los Angeles County; California","914200","93571",
"1400000US06037218900","Census Tract 2189; Los Angeles County; California","1477000","689976",
"1400000US06037219010","Census Tract 2190.10; Los Angeles County; California","962600","100687",
"1400000US06037219020","Census Tract 2190.20; Los Angeles County; California","891600","117920",
"1400000US06037219300","Census Tract 2193; Los Angeles County; California","930000","83553",
"1400000US06037219500","Census Tract 2195; Los Angeles County; California","1005800","73244",
"1400000US06037219700","Census Tract 2197; Los Angeles County; California","985000","115606",
"1400000US06037219800","Census Tract 2198; Los Angeles County; California","831200","89235",
"1400000US06037219901","Census Tract 2199.01; Los Angeles County; California","798900","135207",
"1400000US06037219902","Census Tract 2199.02; Los Angeles County; California","1234000","523155",
"1400000US06037220000","Census Tract 2200; Los Angeles County; California","980800","105635",
"1400000US06037220100","Census Tract 2201; Los Angeles County; California","1137700","48982",
"1400000US06037221110","Census Tract 2211.10; Los Angeles County; California","1107100","239401",
"1400000US06037221120","Census Tract 2211.20; Los Angeles County; California","1013900","153337",
"1400000US06037221210","Census Tract 2212.10; Los Angeles County; California","954700","140913",
"1400000US06037221220","Census Tract 2212.20; Los Angeles County; California","1044900","196748",
"1400000US06037221302","Census Tract 2213.02; Los Angeles County; California","1123000","267242",
"1400000US06037221303","Census Tract 2213.03; Los Angeles County; California","1262900","330642",
"1400000US06037221304","Census Tract 2213.04; Los Angeles County; California","834100","116348",
"1400000US06037221401","Census Tract 2214.01; Los Angeles County; California","955900","942272",
"1400000US06037221402","Census Tract 2214.02; Los Angeles County; California","1214700","146246",
"1400000US06037221500","Census Tract 2215; Los Angeles County; California","908200","129337",
"1400000US06037221601","Census Tract 2216.01; Los Angeles County; California","916400","79037",
"1400000US06037221602","Census Tract 2216.02; Los Angeles County; California","650000","266023",
"1400000US06037221710","Census Tract 2217.10; Los Angeles County; California","755000","171445",
"1400000US06037221810","Census Tract 2218.10; Los Angeles County; California","1062500","136423",
"1400000US06037221820","Census Tract 2218.20; Los Angeles County; California","937500","225340",
"1400000US06037221900","Census Tract 2219; Los Angeles County; California","-","**",
"1400000US06037222001","Census Tract 2220.01; Los Angeles County; California","919700","56470",
"1400000US06037222002","Census Tract 2220.02; Los Angeles County; California","777800","75399",
"1400000US06037222100","Census Tract 2221; Los Angeles County; California","937000","89133",
"1400000US06037222200","Census Tract 2222; Los Angeles County; California","949800","125980",
"1400000US06037222500","Census Tract 2225; Los Angeles County; California","937500","103276",
"1400000US06037222600","Census Tract 2226; Los Angeles County; California","759500","178757",
"1400000US06037222700","Census Tract 2227; Los Angeles County; California","-","**",
"1400000US06037224010","Census Tract 2240.10; Los Angeles County; California","-","**",
"1400000US06037224020","Census Tract 2240.20; Los Angeles County; California","-","**",
"1400000US06037224200","Census Tract 2242; Los Angeles County; California","890600","118039",
"1400000US06037224310","Census Tract 2243.10; Los Angeles County; California","1133300","974266",
"1400000US06037224320","Census Tract 2243.20; Los Angeles County; California","-","**",
"1400000US06037224410","Census Tract 2244.10; Los Angeles County; California","847700","68124",
"1400000US06037224420","Census Tract 2244.20; Los Angeles County; California","1116700","120268",
"1400000US06037224600","Census Tract 2246; Los Angeles County; California","695700","216373",
"1400000US06037224701","Census Tract 2247.01; Los Angeles County; California","-","**",
"1400000US06037224702","Census Tract 2247.02; Los Angeles County; California","-","**",
"1400000US06037226001","Census Tract 2260.01; Los Angeles County; California","922600","232835",
"1400000US06037226002","Census Tract 2260.02; Los Angeles County; California","559800","82834",
"1400000US06037226410","Census Tract 2264.10; Los Angeles County; California","791700","460853",
"1400000US06037226420","Census Tract 2264.20; Los Angeles County; California","629900","232276",
"1400000US06037226701","Census Tract 2267.01; Los Angeles County; California","709200","206637",
"1400000US06037226702","Census Tract 2267.02; Los Angeles County; California","529500","124322",
"1400000US06037227010","Census Tract 2270.10; Los Angeles County; California","464300","30611",
"1400000US06037227020","Census Tract 2270.20; Los Angeles County; California","597600","49654",
"1400000US06037228100","Census Tract 2281; Los Angeles County; California","590100","77929",
"1400000US06037228210","Census Tract 2282.10; Los Angeles County; California","619600","73574",
"1400000US06037228220","Census Tract 2282.20; Los Angeles County; California","604200","48611",
"1400000US06037228310","Census Tract 2283.10; Los Angeles County; California","508900","256457",
"1400000US06037228320","Census Tract 2283.20; Los Angeles County; California","673200","133396",
"1400000US06037228410","Census Tract 2284.10; Los Angeles County; California","635800","46862",
"1400000US06037228420","Census Tract 2284.20; Los Angeles County; California","793800","86046",
"1400000US06037228500","Census Tract 2285; Los Angeles County; California","553600","114387",
"1400000US06037228600","Census Tract 2286; Los Angeles County; California","629700","36948",
"1400000US06037228710","Census Tract 2287.10; Los Angeles County; California","481000","87571",
"1400000US06037228720","Census Tract 2287.20; Los Angeles County; California","601300","58315",
"1400000US06037228800","Census Tract 2288; Los Angeles County; California","501300","78327",
"1400000US06037228900","Census Tract 2289; Los Angeles County; California","-","**",
"1400000US06037229100","Census Tract 2291; Los Angeles County; California","579900","44821",
"1400000US06037229200","Census Tract 2292; Los Angeles County; California","717800","130379",
"1400000US06037229300","Census Tract 2293; Los Angeles County; California","710200","106709",
"1400000US06037229410","Census Tract 2294.10; Los Angeles County; California","596200","36389",
"1400000US06037229420","Census Tract 2294.20; Los Angeles County; California","595900","66024",
"1400000US06037231100","Census Tract 2311; Los Angeles County; California","466700","28880",
"1400000US06037231210","Census Tract 2312.10; Los Angeles County; California","827900","110768",
"1400000US06037231220","Census Tract 2312.20; Los Angeles County; California","685000","147471",
"1400000US06037231301","Census Tract 2313.01; Los Angeles County; California","657200","76109",
"1400000US06037231302","Census Tract 2313.02; Los Angeles County; California","851600","81850",
"1400000US06037231400","Census Tract 2314; Los Angeles County; California","686000","101195",
"1400000US06037231500","Census Tract 2315; Los Angeles County; California","773200","76609",
"1400000US06037231601","Census Tract 2316.01; Los Angeles County; California","737500","127339",
"1400000US06037231602","Census Tract 2316.02; Los Angeles County; California","650000","268869",
"1400000US06037231603","Census Tract 2316.03; Los Angeles County; California","715300","146286",
"1400000US06037231710","Census Tract 2317.10; Los Angeles County; California","840500","73607",
"1400000US06037231720","Census Tract 2317.20; Los Angeles County; California","636400","96881",
"1400000US06037231800","Census Tract 2318; Los Angeles County; California","576400","102778",
"1400000US06037231901","Census Tract 2319.01; Los Angeles County; California","516700","106653",
"1400000US06037231902","Census Tract 2319.02; Los Angeles County; California","731600","128468",
"1400000US06037232110","Census Tract 2321.10; Los Angeles County; California","607400","156379",
"1400000US06037232120","Census Tract 2321.20; Los Angeles County; California","632200","53525",
"1400000US06037232200","Census Tract 2322; Los Angeles County; California","816500","59521",
"1400000US06037232300","Census Tract 2323; Los Angeles County; California","655900","40885",
"1400000US06037232401","Census Tract 2324.01; Los Angeles County; California","765100","99935",
"1400000US06037232402","Census Tract 2324.02; Los Angeles County; California","684200","52237",
"1400000US06037232500","Census Tract 2325; Los Angeles County; California","644900","47052",
"1400000US06037232601","Census Tract 2326.01; Los Angeles County; California","657500","118711",
"1400000US06037232602","Census Tract 2326.02; Los Angeles County; California","725600","112618",
"1400000US06037232701","Census Tract 2327.01; Los Angeles County; California","795300","134746",
"1400000US06037232702","Census Tract 2327.02; Los Angeles County; California","634000","34098",
"1400000US06037232800","Census Tract 2328; Los Angeles County; California","601800","39132",
"1400000US06037234001","Census Tract 2340.01; Los Angeles County; California","1094500","76762",
"1400000US06037234002","Census Tract 2340.02; Los Angeles County; California","840000","127488",
"1400000US06037234200","Census Tract 2342; Los Angeles County; California","960700","86202",
"1400000US06037234301","Census Tract 2343.01; Los Angeles County; California","1098300","209574",
"1400000US06037234302","Census Tract 2343.02; Los Angeles County; California","994600","488319",
"1400000US06037234501","Census Tract 2345.01; Los Angeles County; California","883700","43100",
"1400000US06037234502","Census Tract 2345.02; Los Angeles County; California","838700","55892",
"1400000US06037234600","Census Tract 2346; Los Angeles County; California","879500","73914",
"1400000US06037234700","Census Tract 2347; Los Angeles County; California","697700","51081",
"1400000US06037234800","Census Tract 2348; Los Angeles County; California","697400","50390",
"1400000US06037234901","Census Tract 2349.01; Los Angeles County; California","-","**",
"1400000US06037234902","Census Tract 2349.02; Los Angeles County; California","914700","176929",
"1400000US06037235100","Census Tract 2351; Los Angeles County; California","866700","54119",
"1400000US06037235201","Census Tract 2352.01; Los Angeles County; California","661400","98936",
"1400000US06037235202","Census Tract 2352.02; Los Angeles County; California","906500","60481",
"1400000US06037236001","Census Tract 2360.01; Los Angeles County; California","891200","130123",
"1400000US06037236101","Census Tract 2361.01; Los Angeles County; California","1026400","137692",
"1400000US06037236102","Census Tract 2361.02; Los Angeles County; California","611500","22996",
"1400000US06037236203","Census Tract 2362.03; Los Angeles County; California","-","**",
"1400000US06037236204","Census Tract 2362.04; Los Angeles County; California","-","**",
"1400000US06037236205","Census Tract 2362.05; Los Angeles County; California","481300","137878",
"1400000US06037236206","Census Tract 2362.06; Los Angeles County; California","-","**",
"1400000US06037236400","Census Tract 2364; Los Angeles County; California","1111300","155431",
"1400000US06037237101","Census Tract 2371.01; Los Angeles County; California","683600","89295",
"1400000US06037237102","Census Tract 2371.02; Los Angeles County; California","638300","56145",
"1400000US06037237201","Census Tract 2372.01; Los Angeles County; California","591500","38993",
"1400000US06037237202","Census Tract 2372.02; Los Angeles County; California","675800","170762",
"1400000US06037237300","Census Tract 2373; Los Angeles County; California","644100","26075",
"1400000US06037237401","Census Tract 2374.01; Los Angeles County; California","530800","81465",
"1400000US06037237402","Census Tract 2374.02; Los Angeles County; California","597900","81314",
"1400000US06037237500","Census Tract 2375; Los Angeles County; California","666700","169157",
"1400000US06037237600","Census Tract 2376; Los Angeles County; California","488900","93517",
"1400000US06037237710","Census Tract 2377.10; Los Angeles County; California","757200","159293",
"1400000US06037237720","Census Tract 2377.20; Los Angeles County; California","587100","130231",
"1400000US06037237800","Census Tract 2378; Los Angeles County; California","565100","57142",
"1400000US06037237900","Census Tract 2379; Los Angeles County; California","729800","68303",
"1400000US06037238000","Census Tract 2380; Los Angeles County; California","717900","88380",
"1400000US06037238100","Census Tract 2381; Los Angeles County; California","692300","56976",
"1400000US06037238200","Census Tract 2382; Los Angeles County; California","625000","69778",
"1400000US06037238310","Census Tract 2383.10; Los Angeles County; California","619200","12948",
"1400000US06037238320","Census Tract 2383.20; Los Angeles County; California","724300","181244",
"1400000US06037238400","Census Tract 2384; Los Angeles County; California","717100","62504",
"1400000US06037239201","Census Tract 2392.01; Los Angeles County; California","611800","47155",
"1400000US06037239202","Census Tract 2392.02; Los Angeles County; California","459100","117689",
"1400000US06037239310","Census Tract 2393.10; Los Angeles County; California","618500","70820",
"1400000US06037239320","Census Tract 2393.20; Los Angeles County; California","627600","38969",
"1400000US06037239330","Census Tract 2393.30; Los Angeles County; California","609400","174889",
"1400000US06037239501","Census Tract 2395.01; Los Angeles County; California","600300","55955",
"1400000US06037239502","Census Tract 2395.02; Los Angeles County; California","557900","53524",
"1400000US06037239601","Census Tract 2396.01; Los Angeles County; California","456000","19345",
"1400000US06037239602","Census Tract 2396.02; Los Angeles County; California","554100","51256",
"1400000US06037239701","Census Tract 2397.01; Los Angeles County; California","589300","65137",
"1400000US06037239702","Census Tract 2397.02; Los Angeles County; California","518800","111980",
"1400000US06037239801","Census Tract 2398.01; Los Angeles County; California","593900","39410",
"1400000US06037239802","Census Tract 2398.02; Los Angeles County; California","589800","57869",
"1400000US06037240010","Census Tract 2400.10; Los Angeles County; California","582400","52338",
"1400000US06037240020","Census Tract 2400.20; Los Angeles County; California","612900","33539",
"1400000US06037240200","Census Tract 2402; Los Angeles County; California","525200","173705",
"1400000US06037240301","Census Tract 2403.01; Los Angeles County; California","568000","54771",
"1400000US06037240302","Census Tract 2403.02; Los Angeles County; California","574500","144923",
"1400000US06037240401","Census Tract 2404.01; Los Angeles County; California","599800","96434",
"1400000US06037240402","Census Tract 2404.02; Los Angeles County; California","579500","45919",
"1400000US06037240500","Census Tract 2405; Los Angeles County; California","630700","58466",
"1400000US06037240600","Census Tract 2406; Los Angeles County; California","525400","77392",
"1400000US06037240700","Census Tract 2407; Los Angeles County; California","527300","57654",
"1400000US06037240800","Census Tract 2408; Los Angeles County; California","520400","75770",
"1400000US06037240901","Census Tract 2409.01; Los Angeles County; California","616600","58887",
"1400000US06037240902","Census Tract 2409.02; Los Angeles County; California","507800","80870",
"1400000US06037241001","Census Tract 2410.01; Los Angeles County; California","630400","43078",
"1400000US06037241002","Census Tract 2410.02; Los Angeles County; California","611700","11965",
"1400000US06037241110","Census Tract 2411.10; Los Angeles County; California","504000","66957",
"1400000US06037241120","Census Tract 2411.20; Los Angeles County; California","711700","180321",
"1400000US06037241201","Census Tract 2412.01; Los Angeles County; California","600600","42093",
"1400000US06037241202","Census Tract 2412.02; Los Angeles County; California","586500","48784",
"1400000US06037241300","Census Tract 2413; Los Angeles County; California","621500","31605",
"1400000US06037241400","Census Tract 2414; Los Angeles County; California","519800","58994",
"1400000US06037242000","Census Tract 2420; Los Angeles County; California","634600","59946",
"1400000US06037242100","Census Tract 2421; Los Angeles County; California","-","**",
"1400000US06037242201","Census Tract 2422.01; Los Angeles County; California","561100","45680",
"1400000US06037242202","Census Tract 2422.02; Los Angeles County; California","437700","66391",
"1400000US06037242300","Census Tract 2423; Los Angeles County; California","541700","201823",
"1400000US06037242600","Census Tract 2426; Los Angeles County; California","-","**",
"1400000US06037242700","Census Tract 2427; Los Angeles County; California","567400","59117",
"1400000US06037243001","Census Tract 2430.01; Los Angeles County; California","570000","38211",
"1400000US06037243002","Census Tract 2430.02; Los Angeles County; California","456200","45115",
"1400000US06037243100","Census Tract 2431; Los Angeles County; California","466600","36296",
"1400000US06037261102","Census Tract 2611.02; Los Angeles County; California","2,000,000+","***",
"1400000US06037261103","Census Tract 2611.03; Los Angeles County; California","2,000,000+","***",
"1400000US06037261104","Census Tract 2611.04; Los Angeles County; California","2,000,000+","***",
"1400000US06037261200","Census Tract 2612; Los Angeles County; California","2,000,000+","***",
"1400000US06037262100","Census Tract 2621; Los Angeles County; California","2,000,000+","***",
"1400000US06037262200","Census Tract 2622; Los Angeles County; California","2,000,000+","***",
"1400000US06037262301","Census Tract 2623.01; Los Angeles County; California","2,000,000+","***",
"1400000US06037262302","Census Tract 2623.02; Los Angeles County; California","2,000,000+","***",
"1400000US06037262303","Census Tract 2623.03; Los Angeles County; California","2,000,000+","***",
"1400000US06037262400","Census Tract 2624; Los Angeles County; California","2,000,000+","***",
"1400000US06037262501","Census Tract 2625.01; Los Angeles County; California","2,000,000+","***",
"1400000US06037262601","Census Tract 2626.01; Los Angeles County; California","2,000,000+","***",
"1400000US06037262604","Census Tract 2626.04; Los Angeles County; California","2,000,000+","***",
"1400000US06037262704","Census Tract 2627.04; Los Angeles County; California","2,000,000+","***",
"1400000US06037262706","Census Tract 2627.06; Los Angeles County; California","2,000,000+","***",
"1400000US06037262802","Census Tract 2628.02; Los Angeles County; California","2,000,000+","***",
"1400000US06037264000","Census Tract 2640; Los Angeles County; California","2,000,000+","***",
"1400000US06037264102","Census Tract 2641.02; Los Angeles County; California","1265400","258803",
"1400000US06037264103","Census Tract 2641.03; Los Angeles County; California","950000","207863",
"1400000US06037264303","Census Tract 2643.03; Los Angeles County; California","1340400","202264",
"1400000US06037264304","Census Tract 2643.04; Los Angeles County; California","1098200","579953",
"1400000US06037264305","Census Tract 2643.05; Los Angeles County; California","1980800","708462",
"1400000US06037264306","Census Tract 2643.06; Los Angeles County; California","1670700","609442",
"1400000US06037265100","Census Tract 2651; Los Angeles County; California","2,000,000+","***",
"1400000US06037265201","Census Tract 2652.01; Los Angeles County; California","1562500","566923",
"1400000US06037265203","Census Tract 2652.03; Los Angeles County; California","2,000,000+","***",
"1400000US06037265204","Census Tract 2652.04; Los Angeles County; California","909000","47979",
"1400000US06037265301","Census Tract 2653.01; Los Angeles County; California","-","**",
"1400000US06037265303","Census Tract 2653.03; Los Angeles County; California","678600","150918",
"1400000US06037265304","Census Tract 2653.04; Los Angeles County; California","-","**",
"1400000US06037265306","Census Tract 2653.06; Los Angeles County; California","483300","282468",
"1400000US06037265307","Census Tract 2653.07; Los Angeles County; California","-","**",
"1400000US06037265410","Census Tract 2654.10; Los Angeles County; California","2,000,000+","***",
"1400000US06037265420","Census Tract 2654.20; Los Angeles County; California","2,000,000+","***",
"1400000US06037265521","Census Tract 2655.21; Los Angeles County; California","846200","64888",
"1400000US06037265522","Census Tract 2655.22; Los Angeles County; California","-","**",
"1400000US06037265523","Census Tract 2655.23; Los Angeles County; California","975300","346460",
"1400000US06037265524","Census Tract 2655.24; Los Angeles County; California","1121200","65730",
"1400000US06037265601","Census Tract 2656.01; Los Angeles County; California","2,000,000+","***",
"1400000US06037265602","Census Tract 2656.02; Los Angeles County; California","1544900","320163",
"1400000US06037265701","Census Tract 2657.01; Los Angeles County; California","2,000,000+","***",
"1400000US06037265702","Census Tract 2657.02; Los Angeles County; California","1601700","317673",
"1400000US06037267101","Census Tract 2671.01; Los Angeles County; California","1235000","276371",
"1400000US06037267102","Census Tract 2671.02; Los Angeles County; California","1345700","357364",
"1400000US06037267201","Census Tract 2672.01; Los Angeles County; California","941500","82672",
"1400000US06037267202","Census Tract 2672.02; Los Angeles County; California","1156700","178578",
"1400000US06037267300","Census Tract 2673; Los Angeles County; California","824300","55483",
"1400000US06037267403","Census Tract 2674.03; Los Angeles County; California","924600","133780",
"1400000US06037267404","Census Tract 2674.04; Los Angeles County; California","943000","80127",
"1400000US06037267405","Census Tract 2674.05; Los Angeles County; California","934500","75026",
"1400000US06037267406","Census Tract 2674.06; Los Angeles County; California","1069600","81268",
"1400000US06037267502","Census Tract 2675.02; Los Angeles County; California","1251900","305625",
"1400000US06037267503","Census Tract 2675.03; Los Angeles County; California","998600","149457",
"1400000US06037267504","Census Tract 2675.04; Los Angeles County; California","928600","165363",
"1400000US06037267600","Census Tract 2676; Los Angeles County; California","1137700","95723",
"1400000US06037267700","Census Tract 2677; Los Angeles County; California","1061000","262823",
"1400000US06037267800","Census Tract 2678; Los Angeles County; California","1807900","173460",
"1400000US06037267901","Census Tract 2679.01; Los Angeles County; California","1509400","225238",
"1400000US06037267902","Census Tract 2679.02; Los Angeles County; California","1842300","370509",
"1400000US06037269000","Census Tract 2690; Los Angeles County; California","2,000,000+","***",
"1400000US06037269100","Census Tract 2691; Los Angeles County; California","2,000,000+","***",
"1400000US06037269300","Census Tract 2693; Los Angeles County; California","2,000,000+","***",
"1400000US06037269500","Census Tract 2695; Los Angeles County; California","2,000,000+","***",
"1400000US06037269601","Census Tract 2696.01; Los Angeles County; California","-","**",
"1400000US06037269602","Census Tract 2696.02; Los Angeles County; California","1620800","356995",
"1400000US06037269700","Census Tract 2697; Los Angeles County; California","1523100","130180",
"1400000US06037269800","Census Tract 2698; Los Angeles County; California","1577500","159444",
"1400000US06037269903","Census Tract 2699.03; Los Angeles County; California","970200","163483",
"1400000US06037269905","Census Tract 2699.05; Los Angeles County; California","989600","235639",
"1400000US06037269906","Census Tract 2699.06; Los Angeles County; California","856300","28837",
"1400000US06037269907","Census Tract 2699.07; Los Angeles County; California","889700","197825",
"1400000US06037269908","Census Tract 2699.08; Los Angeles County; California","-","**",
"1400000US06037269909","Census Tract 2699.09; Los Angeles County; California","909900","73167",
"1400000US06037270101","Census Tract 2701.01; Los Angeles County; California","363400","167875",
"1400000US06037270102","Census Tract 2701.02; Los Angeles County; California","878400","41098",
"1400000US06037270200","Census Tract 2702; Los Angeles County; California","1358800","181631",
"1400000US06037270300","Census Tract 2703; Los Angeles County; California","1900600","692476",
"1400000US06037271100","Census Tract 2711; Los Angeles County; California","1659400","206899",
"1400000US06037271200","Census Tract 2712; Los Angeles County; California","1363600","228065",
"1400000US06037271300","Census Tract 2713; Los Angeles County; California","1559100","73837",
"1400000US06037271400","Census Tract 2714; Los Angeles County; California","1967900","247666",
"1400000US06037271500","Census Tract 2715; Los Angeles County; California","2,000,000+","***",
"1400000US06037271600","Census Tract 2716; Los Angeles County; California","1895500","370916",
"1400000US06037271702","Census Tract 2717.02; Los Angeles County; California","1050800","564077",
"1400000US06037271703","Census Tract 2717.03; Los Angeles County; California","1262200","318667",
"1400000US06037271704","Census Tract 2717.04; Los Angeles County; California","1667400","121632",
"1400000US06037271801","Census Tract 2718.01; Los Angeles County; California","1195600","203591",
"1400000US06037271803","Census Tract 2718.03; Los Angeles County; California","883900","395035",
"1400000US06037271804","Census Tract 2718.04; Los Angeles County; California","1644000","53217",
"1400000US06037271901","Census Tract 2719.01; Los Angeles County; California","1845800","146954",
"1400000US06037271902","Census Tract 2719.02; Los Angeles County; California","2,000,000+","***",
"1400000US06037272100","Census Tract 2721; Los Angeles County; California","1716900","218277",
"1400000US06037272201","Census Tract 2722.01; Los Angeles County; California","1574500","108095",
"1400000US06037272202","Census Tract 2722.02; Los Angeles County; California","1064700","103336",
"1400000US06037272301","Census Tract 2723.01; Los Angeles County; California","1773600","230060",
"1400000US06037272302","Census Tract 2723.02; Los Angeles County; California","781300","403823",
"1400000US06037273100","Census Tract 2731; Los Angeles County; California","2,000,000+","***",
"1400000US06037273200","Census Tract 2732; Los Angeles County; California","1807900","249921",
"1400000US06037273300","Census Tract 2733; Los Angeles County; California","1818200","628079",
"1400000US06037273403","Census Tract 2734.03; Los Angeles County; California","2,000,000+","***",
"1400000US06037273404","Census Tract 2734.04; Los Angeles County; California","1595500","399606",
"1400000US06037273502","Census Tract 2735.02; Los Angeles County; California","1662100","142943",
"1400000US06037273600","Census Tract 2736; Los Angeles County; California","2,000,000+","***",
"1400000US06037273700","Census Tract 2737; Los Angeles County; California","2,000,000+","***",
"1400000US06037273800","Census Tract 2738; Los Angeles County; California","1637000","180388",
"1400000US06037273902","Census Tract 2739.02; Los Angeles County; California","2,000,000+","***",
"1400000US06037274100","Census Tract 2741; Los Angeles County; California","1682100","286544",
"1400000US06037274202","Census Tract 2742.02; Los Angeles County; California","1506000","521793",
"1400000US06037275101","Census Tract 2751.01; Los Angeles County; California","1407400","280194",
"1400000US06037275102","Census Tract 2751.02; Los Angeles County; California","1314000","346924",
"1400000US06037275200","Census Tract 2752; Los Angeles County; California","1158900","293563",
"1400000US06037275311","Census Tract 2753.11; Los Angeles County; California","1594200","176503",
"1400000US06037275312","Census Tract 2753.12; Los Angeles County; California","1322500","73320",
"1400000US06037275313","Census Tract 2753.13; Los Angeles County; California","1249500","183221",
"1400000US06037275400","Census Tract 2754; Los Angeles County; California","1280300","155996",
"1400000US06037275500","Census Tract 2755; Los Angeles County; California","1138500","73278",
"1400000US06037275603","Census Tract 2756.03; Los Angeles County; California","1277000","124589",
"1400000US06037275604","Census Tract 2756.04; Los Angeles County; California","1229100","206219",
"1400000US06037275605","Census Tract 2756.05; Los Angeles County; California","1750700","366575",
"1400000US06037276000","Census Tract 2760; Los Angeles County; California","1364000","143587",
"1400000US06037276101","Census Tract 2761.01; Los Angeles County; California","803800","141412",
"1400000US06037276102","Census Tract 2761.02; Los Angeles County; California","1237700","447072",
"1400000US06037276400","Census Tract 2764; Los Angeles County; California","1628500","108173",
"1400000US06037276500","Census Tract 2765; Los Angeles County; California","1476000","177398",
"1400000US06037276601","Census Tract 2766.01; Los Angeles County; California","1980500","168424",
"1400000US06037276605","Census Tract 2766.05; Los Angeles County; California","817400","48470",
"1400000US06037276606","Census Tract 2766.06; Los Angeles County; California","891100","36969",
"1400000US06037276607","Census Tract 2766.07; Los Angeles County; California","1384300","200587",
"1400000US06037276608","Census Tract 2766.08; Los Angeles County; California","650500","38451",
"1400000US06037277000","Census Tract 2770; Los Angeles County; California","1617600","63602",
"1400000US06037277100","Census Tract 2771; Los Angeles County; California","1184900","59760",
"1400000US06037277200","Census Tract 2772; Los Angeles County; California","591800","130388",
"1400000US06037277400","Census Tract 2774; Los Angeles County; California","-","**",
"1400000US06037278001","Census Tract 2780.01; Los Angeles County; California","1122200","69111",
"1400000US06037278102","Census Tract 2781.02; Los Angeles County; California","1750000","136063",
"1400000US06037291110","Census Tract 2911.10; Los Angeles County; California","890000","116508",
"1400000US06037291120","Census Tract 2911.20; Los Angeles County; California","710100","52285",
"1400000US06037291130","Census Tract 2911.30; Los Angeles County; California","641600","44078",
"1400000US06037291210","Census Tract 2912.10; Los Angeles County; California","736800","93315",
"1400000US06037291220","Census Tract 2912.20; Los Angeles County; California","739000","76774",
"1400000US06037291300","Census Tract 2913; Los Angeles County; California","754100","49774",
"1400000US06037292001","Census Tract 2920.01; Los Angeles County; California","845000","93723",
"1400000US06037292002","Census Tract 2920.02; Los Angeles County; California","810300","52943",
"1400000US06037293203","Census Tract 2932.03; Los Angeles County; California","877800","32924",
"1400000US06037293204","Census Tract 2932.04; Los Angeles County; California","733700","146024",
"1400000US06037293205","Census Tract 2932.05; Los Angeles County; California","401500","205818",
"1400000US06037293206","Census Tract 2932.06; Los Angeles County; California","854600","23630",
"1400000US06037293301","Census Tract 2933.01; Los Angeles County; California","724900","50314",
"1400000US06037293302","Census Tract 2933.02; Los Angeles County; California","741900","59647",
"1400000US06037293304","Census Tract 2933.04; Los Angeles County; California","823700","60603",
"1400000US06037293306","Census Tract 2933.06; Los Angeles County; California","811700","40794",
"1400000US06037293307","Census Tract 2933.07; Los Angeles County; California","629400","79159",
"1400000US06037294110","Census Tract 2941.10; Los Angeles County; California","661300","57517",
"1400000US06037294120","Census Tract 2941.20; Los Angeles County; California","633400","43102",
"1400000US06037294200","Census Tract 2942; Los Angeles County; California","672000","47918",
"1400000US06037294301","Census Tract 2943.01; Los Angeles County; California","639300","52231",
"1400000US06037294302","Census Tract 2943.02; Los Angeles County; California","579700","46015",
"1400000US06037294410","Census Tract 2944.10; Los Angeles County; California","525200","61198",
"1400000US06037294421","Census Tract 2944.21; Los Angeles County; California","533000","77667",
"1400000US06037294510","Census Tract 2945.10; Los Angeles County; California","606300","47927",
"1400000US06037294520","Census Tract 2945.20; Los Angeles County; California","638800","33433",
"1400000US06037294610","Census Tract 2946.10; Los Angeles County; California","732300","113757",
"1400000US06037294620","Census Tract 2946.20; Los Angeles County; California","627800","58279",
"1400000US06037294701","Census Tract 2947.01; Los Angeles County; California","500000","116641",
"1400000US06037294810","Census Tract 2948.10; Los Angeles County; California","648000","33247",
"1400000US06037294820","Census Tract 2948.20; Los Angeles County; California","671900","418675",
"1400000US06037294830","Census Tract 2948.30; Los Angeles County; California","632800","76982",
"1400000US06037294900","Census Tract 2949; Los Angeles County; California","567200","89331",
"1400000US06037295103","Census Tract 2951.03; Los Angeles County; California","747600","75886",
"1400000US06037296210","Census Tract 2962.10; Los Angeles County; California","595200","55465",
"1400000US06037296220","Census Tract 2962.20; Los Angeles County; California","-","**",
"1400000US06037296300","Census Tract 2963; Los Angeles County; California","678200","43904",
"1400000US06037296401","Census Tract 2964.01; Los Angeles County; California","949100","118945",
"1400000US06037296402","Census Tract 2964.02; Los Angeles County; California","858700","34847",
"1400000US06037296500","Census Tract 2965; Los Angeles County; California","767200","162489",
"1400000US06037296600","Census Tract 2966; Los Angeles County; California","790700","87271",
"1400000US06037296901","Census Tract 2969.01; Los Angeles County; California","714600","153470",
"1400000US06037296902","Census Tract 2969.02; Los Angeles County; California","747000","87058",
"1400000US06037297001","Census Tract 2970.01; Los Angeles County; California","1023800","83916",
"1400000US06037297002","Census Tract 2970.02; Los Angeles County; California","947800","117708",
"1400000US06037297110","Census Tract 2971.10; Los Angeles County; California","654500","132574",
"1400000US06037297120","Census Tract 2971.20; Los Angeles County; California","817000","93094",
"1400000US06037297201","Census Tract 2972.01; Los Angeles County; California","695500","169656",
"1400000US06037297202","Census Tract 2972.02; Los Angeles County; California","916200","107665",
"1400000US06037297300","Census Tract 2973; Los Angeles County; California","991600","91258",
"1400000US06037297400","Census Tract 2974; Los Angeles County; California","1100100","79481",
"1400000US06037297501","Census Tract 2975.01; Los Angeles County; California","940000","58346",
"1400000US06037297502","Census Tract 2975.02; Los Angeles County; California","934000","110170",
"1400000US06037297601","Census Tract 2976.01; Los Angeles County; California","972400","219677",
"1400000US06037297602","Census Tract 2976.02; Los Angeles County; California","826400","64836",
"1400000US06037300100","Census Tract 3001; Los Angeles County; California","1521000","86063",
"1400000US06037300200","Census Tract 3002; Los Angeles County; California","1167300","51786",
"1400000US06037300301","Census Tract 3003.01; Los Angeles County; California","1144000","60845",
"1400000US06037300400","Census Tract 3004; Los Angeles County; California","1026300","64593",
"1400000US06037300501","Census Tract 3005.01; Los Angeles County; California","1012700","83446",
"1400000US06037300503","Census Tract 3005.03; Los Angeles County; California","858700","59980",
"1400000US06037300601","Census Tract 3006.01; Los Angeles County; California","846600","198252",
"1400000US06037300602","Census Tract 3006.02; Los Angeles County; California","1206600","133177",
"1400000US06037300701","Census Tract 3007.01; Los Angeles County; California","1659500","173351",
"1400000US06037300702","Census Tract 3007.02; Los Angeles County; California","1611100","108574",
"1400000US06037300800","Census Tract 3008; Los Angeles County; California","1261200","140292",
"1400000US06037300901","Census Tract 3009.01; Los Angeles County; California","1547300","64349",
"1400000US06037300902","Census Tract 3009.02; Los Angeles County; California","1318700","71386",
"1400000US06037301000","Census Tract 3010; Los Angeles County; California","1236900","272751",
"1400000US06037301100","Census Tract 3011; Los Angeles County; California","1121100","150089",
"1400000US06037301203","Census Tract 3012.03; Los Angeles County; California","739600","86819",
"1400000US06037301204","Census Tract 3012.04; Los Angeles County; California","670700","112125",
"1400000US06037301205","Census Tract 3012.05; Los Angeles County; California","1320500","118004",
"1400000US06037301206","Census Tract 3012.06; Los Angeles County; California","1055100","75933",
"1400000US06037301300","Census Tract 3013; Los Angeles County; California","1709200","82236",
"1400000US06037301400","Census Tract 3014; Los Angeles County; California","1456000","91059",
"1400000US06037301501","Census Tract 3015.01; Los Angeles County; California","1193200","66166",
"1400000US06037301502","Census Tract 3015.02; Los Angeles County; California","861700","89604",
"1400000US06037301601","Census Tract 3016.01; Los Angeles County; California","870000","133899",
"1400000US06037301602","Census Tract 3016.02; Los Angeles County; California","874300","66500",
"1400000US06037301701","Census Tract 3017.01; Los Angeles County; California","988800","93457",
"1400000US06037301702","Census Tract 3017.02; Los Angeles County; California","892000","149399",
"1400000US06037301801","Census Tract 3018.01; Los Angeles County; California","591000","71858",
"1400000US06037301802","Census Tract 3018.02; Los Angeles County; California","722100","110337",
"1400000US06037301901","Census Tract 3019.01; Los Angeles County; California","627700","70714",
"1400000US06037301902","Census Tract 3019.02; Los Angeles County; California","903400","344227",
"1400000US06037302002","Census Tract 3020.02; Los Angeles County; California","644800","48429",
"1400000US06037302003","Census Tract 3020.03; Los Angeles County; California","625000","9911",
"1400000US06037302004","Census Tract 3020.04; Los Angeles County; California","646000","76079",
"1400000US06037302102","Census Tract 3021.02; Los Angeles County; California","953300","196435",
"1400000US06037302103","Census Tract 3021.03; Los Angeles County; California","664100","104224",
"1400000US06037302104","Census Tract 3021.04; Los Angeles County; California","686200","127711",
"1400000US06037302201","Census Tract 3022.01; Los Angeles County; California","664800","54145",
"1400000US06037302202","Census Tract 3022.02; Los Angeles County; California","689700","80808",
"1400000US06037302301","Census Tract 3023.01; Los Angeles County; California","786800","101939",
"1400000US06037302302","Census Tract 3023.02; Los Angeles County; California","-","**",
"1400000US06037302401","Census Tract 3024.01; Los Angeles County; California","640200","56778",
"1400000US06037302503","Census Tract 3025.03; Los Angeles County; California","695900","118492",
"1400000US06037302504","Census Tract 3025.04; Los Angeles County; California","576700","96735",
"1400000US06037302505","Census Tract 3025.05; Los Angeles County; California","812500","457648",
"1400000US06037302506","Census Tract 3025.06; Los Angeles County; California","1084200","145307",
"1400000US06037310100","Census Tract 3101; Los Angeles County; California","1528400","161967",
"1400000US06037310201","Census Tract 3102.01; Los Angeles County; California","1110700","134203",
"1400000US06037310202","Census Tract 3102.02; Los Angeles County; California","1125000","62434",
"1400000US06037310300","Census Tract 3103; Los Angeles County; California","1253200","75796",
"1400000US06037310400","Census Tract 3104; Los Angeles County; California","994000","159475",
"1400000US06037310501","Census Tract 3105.01; Los Angeles County; California","1000000","156171",
"1400000US06037310601","Census Tract 3106.01; Los Angeles County; California","731100","103453",
"1400000US06037310602","Census Tract 3106.02; Los Angeles County; California","1103600","152291",
"1400000US06037310701","Census Tract 3107.01; Los Angeles County; California","793400","100323",
"1400000US06037310703","Census Tract 3107.03; Los Angeles County; California","919600","103113",
"1400000US06037310704","Census Tract 3107.04; Los Angeles County; California","628500","14300",
"1400000US06037310705","Census Tract 3107.05; Los Angeles County; California","769000","142673",
"1400000US06037310800","Census Tract 3108; Los Angeles County; California","1102800","61362",
"1400000US06037310900","Census Tract 3109; Los Angeles County; California","1108300","45444",
"1400000US06037311000","Census Tract 3110; Los Angeles County; California","978000","65027",
"1400000US06037311100","Census Tract 3111; Los Angeles County; California","936200","34019",
"1400000US06037311200","Census Tract 3112; Los Angeles County; California","962700","66551",
"1400000US06037311300","Census Tract 3113; Los Angeles County; California","1014900","72834",
"1400000US06037311400","Census Tract 3114; Los Angeles County; California","1154000","71713",
"1400000US06037311500","Census Tract 3115; Los Angeles County; California","1211800","98012",
"1400000US06037311601","Census Tract 3116.01; Los Angeles County; California","1501900","509952",
"1400000US06037311602","Census Tract 3116.02; Los Angeles County; California","993900","115014",
"1400000US06037311700","Census Tract 3117; Los Angeles County; California","1112800","127503",
"1400000US06037311801","Census Tract 3118.01; Los Angeles County; California","844100","112511",
"1400000US06037311802","Census Tract 3118.02; Los Angeles County; California","1041000","241464",
"1400000US06037320101","Census Tract 3201.01; Los Angeles County; California","695900","62552",
"1400000US06037320102","Census Tract 3201.02; Los Angeles County; California","656900","40178",
"1400000US06037320201","Census Tract 3202.01; Los Angeles County; California","767400","156934",
"1400000US06037320202","Census Tract 3202.02; Los Angeles County; California","682700","44123",
"1400000US06037320300","Census Tract 3203; Los Angeles County; California","658200","36149",
"1400000US06037400205","Census Tract 4002.05; Los Angeles County; California","1440900","236309",
"1400000US06037400206","Census Tract 4002.06; Los Angeles County; California","1054200","51307",
"1400000US06037400207","Census Tract 4002.07; Los Angeles County; California","982200","43795",
"1400000US06037400208","Census Tract 4002.08; Los Angeles County; California","1062500","60159",
"1400000US06037400209","Census Tract 4002.09; Los Angeles County; California","1081600","51421",
"1400000US06037400304","Census Tract 4003.04; Los Angeles County; California","730600","85769",
"1400000US06037400402","Census Tract 4004.02; Los Angeles County; California","1074800","227501",
"1400000US06037400403","Census Tract 4004.03; Los Angeles County; California","850200","57057",
"1400000US06037400404","Census Tract 4004.04; Los Angeles County; California","1130100","44855",
"1400000US06037400501","Census Tract 4005.01; Los Angeles County; California","1155900","114373",
"1400000US06037400602","Census Tract 4006.02; Los Angeles County; California","734300","69632",
"1400000US06037400603","Census Tract 4006.03; Los Angeles County; California","630100","68761",
"1400000US06037400605","Census Tract 4006.05; Los Angeles County; California","713000","71623",
"1400000US06037400801","Census Tract 4008.01; Los Angeles County; California","849200","65410",
"1400000US06037401001","Census Tract 4010.01; Los Angeles County; California","934800","44273",
"1400000US06037401002","Census Tract 4010.02; Los Angeles County; California","882500","23903",
"1400000US06037401101","Census Tract 4011.01; Los Angeles County; California","823600","36870",
"1400000US06037401102","Census Tract 4011.02; Los Angeles County; California","679800","75848",
"1400000US06037401201","Census Tract 4012.01; Los Angeles County; California","869000","31887",
"1400000US06037401202","Census Tract 4012.02; Los Angeles County; California","809300","30574",
"1400000US06037401203","Census Tract 4012.03; Los Angeles County; California","823900","25857",
"1400000US06037401303","Census Tract 4013.03; Los Angeles County; California","1088100","47312",
"1400000US06037401304","Census Tract 4013.04; Los Angeles County; California","935300","47661",
"1400000US06037401311","Census Tract 4013.11; Los Angeles County; California","690200","32867",
"1400000US06037401312","Census Tract 4013.12; Los Angeles County; California","492500","192812",
"1400000US06037401500","Census Tract 4015; Los Angeles County; California","648000","45897",
"1400000US06037401601","Census Tract 4016.01; Los Angeles County; California","293600","239965",
"1400000US06037401602","Census Tract 4016.02; Los Angeles County; California","701100","95389",
"1400000US06037401705","Census Tract 4017.05; Los Angeles County; California","883100","24458",
"1400000US06037401706","Census Tract 4017.06; Los Angeles County; California","642100","37769",
"1400000US06037401707","Census Tract 4017.07; Los Angeles County; California","569800","43443",
"1400000US06037401801","Census Tract 4018.01; Los Angeles County; California","833900","44832",
"1400000US06037401802","Census Tract 4018.02; Los Angeles County; California","864800","40042",
"1400000US06037401901","Census Tract 4019.01; Los Angeles County; California","767900","654061",
"1400000US06037401902","Census Tract 4019.02; Los Angeles County; California","996000","77720",
"1400000US06037402001","Census Tract 4020.01; Los Angeles County; California","669100","45948",
"1400000US06037402002","Census Tract 4020.02; Los Angeles County; California","680200","44479",
"1400000US06037402101","Census Tract 4021.01; Los Angeles County; California","595200","21317",
"1400000US06037402102","Census Tract 4021.02; Los Angeles County; California","578900","32227",
"1400000US06037402200","Census Tract 4022; Los Angeles County; California","689200","46439",
"1400000US06037402301","Census Tract 4023.01; Los Angeles County; California","587400","34941",
"1400000US06037402303","Census Tract 4023.03; Los Angeles County; California","530900","72781",
"1400000US06037402304","Census Tract 4023.04; Los Angeles County; California","389700","92032",
"1400000US06037402403","Census Tract 4024.03; Los Angeles County; California","514300","181248",
"1400000US06037402404","Census Tract 4024.04; Los Angeles County; California","-","**",
"1400000US06037402405","Census Tract 4024.05; Los Angeles County; California","586200","23508",
"1400000US06037402406","Census Tract 4024.06; Los Angeles County; California","495300","55428",
"1400000US06037402501","Census Tract 4025.01; Los Angeles County; California","423500","60709",
"1400000US06037402503","Census Tract 4025.03; Los Angeles County; California","612900","55345",
"1400000US06037402504","Census Tract 4025.04; Los Angeles County; California","489100","53204",
"1400000US06037402601","Census Tract 4026.01; Los Angeles County; California","647500","30860",
"1400000US06037402602","Census Tract 4026.02; Los Angeles County; California","649600","67572",
"1400000US06037402702","Census Tract 4027.02; Los Angeles County; California","484800","93657",
"1400000US06037402703","Census Tract 4027.03; Los Angeles County; California","607500","27225",
"1400000US06037402705","Census Tract 4027.05; Los Angeles County; California","598000","28828",
"1400000US06037402706","Census Tract 4027.06; Los Angeles County; California","607900","28976",
"1400000US06037402801","Census Tract 4028.01; Los Angeles County; California","526000","86903",
"1400000US06037402803","Census Tract 4028.03; Los Angeles County; California","507000","69907",
"1400000US06037402804","Census Tract 4028.04; Los Angeles County; California","501800","74969",
"1400000US06037402902","Census Tract 4029.02; Los Angeles County; California","572500","52026",
"1400000US06037402903","Census Tract 4029.03; Los Angeles County; California","566400","40400",
"1400000US06037402904","Census Tract 4029.04; Los Angeles County; California","559700","43388",
"1400000US06037403000","Census Tract 4030; Los Angeles County; California","493300","52806",
"1400000US06037403305","Census Tract 4033.05; Los Angeles County; California","933500","55414",
"1400000US06037403316","Census Tract 4033.16; Los Angeles County; California","807900","61113",
"1400000US06037403317","Census Tract 4033.17; Los Angeles County; California","746600","46973",
"1400000US06037403318","Census Tract 4033.18; Los Angeles County; California","817300","39903",
"1400000US06037403319","Census Tract 4033.19; Los Angeles County; California","809500","109886",
"1400000US06037403320","Census Tract 4033.20; Los Angeles County; California","1064600","27289",
"1400000US06037403321","Census Tract 4033.21; Los Angeles County; California","891500","25766",
"1400000US06037403323","Census Tract 4033.23; Los Angeles County; California","872000","41314",
"1400000US06037403324","Census Tract 4033.24; Los Angeles County; California","1100000","143185",
"1400000US06037403325","Census Tract 4033.25; Los Angeles County; California","970200","46109",
"1400000US06037403326","Census Tract 4033.26; Los Angeles County; California","829100","39191",
"1400000US06037403327","Census Tract 4033.27; Los Angeles County; California","827700","26112",
"1400000US06037403328","Census Tract 4033.28; Los Angeles County; California","743700","65300",
"1400000US06037403401","Census Tract 4034.01; Los Angeles County; California","905700","22662",
"1400000US06037403402","Census Tract 4034.02; Los Angeles County; California","926800","39163",
"1400000US06037403403","Census Tract 4034.03; Los Angeles County; California","1190800","79366",
"1400000US06037403404","Census Tract 4034.04; Los Angeles County; California","1136100","38032",
"1400000US06037403407","Census Tract 4034.07; Los Angeles County; California","1488400","124053",
"1400000US06037403408","Census Tract 4034.08; Los Angeles County; California","929000","36863",
"1400000US06037403409","Census Tract 4034.09; Los Angeles County; California","982500","63880",
"1400000US06037403500","Census Tract 4035; Los Angeles County; California","1203700","117131",
"1400000US06037403601","Census Tract 4036.01; Los Angeles County; California","964800","89159",
"1400000US06037403702","Census Tract 4037.02; Los Angeles County; California","831100","26046",
"1400000US06037403703","Census Tract 4037.03; Los Angeles County; California","788500","56755",
"1400000US06037403721","Census Tract 4037.21; Los Angeles County; California","694400","93781",
"1400000US06037403722","Census Tract 4037.22; Los Angeles County; California","772200","45348",
"1400000US06037403801","Census Tract 4038.01; Los Angeles County; California","644600","48191",
"1400000US06037403802","Census Tract 4038.02; Los Angeles County; California","550300","75690",
"1400000US06037403901","Census Tract 4039.01; Los Angeles County; California","681100","43876",
"1400000US06037403902","Census Tract 4039.02; Los Angeles County; California","727100","75044",
"1400000US06037404000","Census Tract 4040; Los Angeles County; California","671000","24290",
"1400000US06037404100","Census Tract 4041; Los Angeles County; California","613600","13774",
"1400000US06037404201","Census Tract 4042.01; Los Angeles County; California","610500","28365",
"1400000US06037404203","Census Tract 4042.03; Los Angeles County; California","640700","19149",
"1400000US06037404301","Census Tract 4043.01; Los Angeles County; California","631500","36919",
"1400000US06037404302","Census Tract 4043.02; Los Angeles County; California","619800","21541",
"1400000US06037404401","Census Tract 4044.01; Los Angeles County; California","609800","18654",
"1400000US06037404402","Census Tract 4044.02; Los Angeles County; California","692700","56247",
"1400000US06037404501","Census Tract 4045.01; Los Angeles County; California","545500","49056",
"1400000US06037404503","Census Tract 4045.03; Los Angeles County; California","538700","47478",
"1400000US06037404504","Census Tract 4045.04; Los Angeles County; California","582100","40016",
"1400000US06037404600","Census Tract 4046; Los Angeles County; California","709400","43451",
"1400000US06037404701","Census Tract 4047.01; Los Angeles County; California","588600","27701",
"1400000US06037404702","Census Tract 4047.02; Los Angeles County; California","576500","49827",
"1400000US06037404703","Census Tract 4047.03; Los Angeles County; California","658000","47388",
"1400000US06037404804","Census Tract 4048.04; Los Angeles County; California","605500","24643",
"1400000US06037404805","Census Tract 4048.05; Los Angeles County; California","625000","37927",
"1400000US06037404806","Census Tract 4048.06; Los Angeles County; California","537900","63588",
"1400000US06037404901","Census Tract 4049.01; Los Angeles County; California","598800","40253",
"1400000US06037404902","Census Tract 4049.02; Los Angeles County; California","625000","22605",
"1400000US06037404903","Census Tract 4049.03; Los Angeles County; California","601700","31656",
"1400000US06037405001","Census Tract 4050.01; Los Angeles County; California","611000","24915",
"1400000US06037405002","Census Tract 4050.02; Los Angeles County; California","603700","28854",
"1400000US06037405101","Census Tract 4051.01; Los Angeles County; California","605300","18587",
"1400000US06037405102","Census Tract 4051.02; Los Angeles County; California","569300","45259",
"1400000US06037405201","Census Tract 4052.01; Los Angeles County; California","632200","35148",
"1400000US06037405202","Census Tract 4052.02; Los Angeles County; California","658400","50884",
"1400000US06037405203","Census Tract 4052.03; Los Angeles County; California","657400","35148",
"1400000US06037405301","Census Tract 4053.01; Los Angeles County; California","686700","87314",
"1400000US06037405302","Census Tract 4053.02; Los Angeles County; California","785100","35638",
"1400000US06037405400","Census Tract 4054; Los Angeles County; California","646000","25981",
"1400000US06037405500","Census Tract 4055; Los Angeles County; California","769300","42706",
"1400000US06037405600","Census Tract 4056; Los Angeles County; California","780400","43978",
"1400000US06037405701","Census Tract 4057.01; Los Angeles County; California","623800","40426",
"1400000US06037405702","Census Tract 4057.02; Los Angeles County; California","620100","41415",
"1400000US06037405800","Census Tract 4058; Los Angeles County; California","599400","32851",
"1400000US06037405900","Census Tract 4059; Los Angeles County; California","655800","48205",
"1400000US06037406000","Census Tract 4060; Los Angeles County; California","700800","41695",
"1400000US06037406101","Census Tract 4061.01; Los Angeles County; California","677700","62926",
"1400000US06037406103","Census Tract 4061.03; Los Angeles County; California","750300","63730",
"1400000US06037406201","Census Tract 4062.01; Los Angeles County; California","773700","82253",
"1400000US06037406300","Census Tract 4063; Los Angeles County; California","1132000","99232",
"1400000US06037406413","Census Tract 4064.13; Los Angeles County; California","826000","38565",
"1400000US06037406500","Census Tract 4065; Los Angeles County; California","786800","60912",
"1400000US06037406601","Census Tract 4066.01; Los Angeles County; California","785600","47289",
"1400000US06037406602","Census Tract 4066.02; Los Angeles County; California","774700","64671",
"1400000US06037406701","Census Tract 4067.01; Los Angeles County; California","781600","59006",
"1400000US06037406702","Census Tract 4067.02; Los Angeles County; California","722800","75598",
"1400000US06037406801","Census Tract 4068.01; Los Angeles County; California","772000","40659",
"1400000US06037406903","Census Tract 4069.03; Los Angeles County; California","634300","48153",
"1400000US06037407001","Census Tract 4070.01; Los Angeles County; California","596800","31450",
"1400000US06037407002","Census Tract 4070.02; Los Angeles County; California","640700","32594",
"1400000US06037407101","Census Tract 4071.01; Los Angeles County; California","598400","50552",
"1400000US06037407102","Census Tract 4071.02; Los Angeles County; California","634200","21812",
"1400000US06037407201","Census Tract 4072.01; Los Angeles County; California","602500","27908",
"1400000US06037407202","Census Tract 4072.02; Los Angeles County; California","607000","16974",
"1400000US06037407301","Census Tract 4073.01; Los Angeles County; California","690300","50412",
"1400000US06037407302","Census Tract 4073.02; Los Angeles County; California","629900","25480",
"1400000US06037407400","Census Tract 4074; Los Angeles County; California","818000","34919",
"1400000US06037407501","Census Tract 4075.01; Los Angeles County; California","620400","35218",
"1400000US06037407502","Census Tract 4075.02; Los Angeles County; California","617300","29776",
"1400000US06037407601","Census Tract 4076.01; Los Angeles County; California","577100","53478",
"1400000US06037407602","Census Tract 4076.02; Los Angeles County; California","675300","43229",
"1400000US06037407701","Census Tract 4077.01; Los Angeles County; California","615300","39624",
"1400000US06037407702","Census Tract 4077.02; Los Angeles County; California","617200","38893",
"1400000US06037407801","Census Tract 4078.01; Los Angeles County; California","600000","41996",
"1400000US06037407802","Census Tract 4078.02; Los Angeles County; California","666100","29266",
"1400000US06037407901","Census Tract 4079.01; Los Angeles County; California","685600","41656",
"1400000US06037407902","Census Tract 4079.02; Los Angeles County; California","624400","33666",
"1400000US06037408003","Census Tract 4080.03; Los Angeles County; California","706400","59816",
"1400000US06037408004","Census Tract 4080.04; Los Angeles County; California","516800","126345",
"1400000US06037408005","Census Tract 4080.05; Los Angeles County; California","920300","67219",
"1400000US06037408006","Census Tract 4080.06; Los Angeles County; California","722700","84099",
"1400000US06037408133","Census Tract 4081.33; Los Angeles County; California","824500","25849",
"1400000US06037408134","Census Tract 4081.34; Los Angeles County; California","691300","54282",
"1400000US06037408135","Census Tract 4081.35; Los Angeles County; California","710900","92000",
"1400000US06037408136","Census Tract 4081.36; Los Angeles County; California","666100","40088",
"1400000US06037408137","Census Tract 4081.37; Los Angeles County; California","571000","75122",
"1400000US06037408138","Census Tract 4081.38; Los Angeles County; California","246300","61943",
"1400000US06037408139","Census Tract 4081.39; Los Angeles County; California","625000","19401",
"1400000US06037408140","Census Tract 4081.40; Los Angeles County; California","556700","50737",
"1400000US06037408141","Census Tract 4081.41; Los Angeles County; California","595800","32805",
"1400000US06037408212","Census Tract 4082.12; Los Angeles County; California","775200","75133",
"1400000US06037408213","Census Tract 4082.13; Los Angeles County; California","569900","73367",
"1400000US06037408301","Census Tract 4083.01; Los Angeles County; California","605600","47608",
"1400000US06037408302","Census Tract 4083.02; Los Angeles County; California","706900","50253",
"1400000US06037408303","Census Tract 4083.03; Los Angeles County; California","825400","58318",
"1400000US06037408401","Census Tract 4084.01; Los Angeles County; California","670200","49095",
"1400000US06037408402","Census Tract 4084.02; Los Angeles County; California","801400","49397",
"1400000US06037408503","Census Tract 4085.03; Los Angeles County; California","929600","28750",
"1400000US06037408504","Census Tract 4085.04; Los Angeles County; California","741900","76117",
"1400000US06037408505","Census Tract 4085.05; Los Angeles County; California","969000","53394",
"1400000US06037408623","Census Tract 4086.23; Los Angeles County; California","805500","56345",
"1400000US06037408624","Census Tract 4086.24; Los Angeles County; California","816100","45172",
"1400000US06037408625","Census Tract 4086.25; Los Angeles County; California","910200","41515",
"1400000US06037408626","Census Tract 4086.26; Los Angeles County; California","942800","42976",
"1400000US06037408627","Census Tract 4086.27; Los Angeles County; California","967600","47564",
"1400000US06037408628","Census Tract 4086.28; Los Angeles County; California","858900","51165",
"1400000US06037408629","Census Tract 4086.29; Los Angeles County; California","874600","50058",
"1400000US06037408631","Census Tract 4086.31; Los Angeles County; California","664900","37801",
"1400000US06037408703","Census Tract 4087.03; Los Angeles County; California","1204500","49249",
"1400000US06037408705","Census Tract 4087.05; Los Angeles County; California","782500","73188",
"1400000US06037408707","Census Tract 4087.07; Los Angeles County; California","1076400","66540",
"1400000US06037408722","Census Tract 4087.22; Los Angeles County; California","712900","47903",
"1400000US06037408724","Census Tract 4087.24; Los Angeles County; California","906300","201178",
"1400000US06037408725","Census Tract 4087.25; Los Angeles County; California","703300","41145",
"1400000US06037408800","Census Tract 4088; Los Angeles County; California","550300","90000",
"1400000US06037408900","Census Tract 4089; Los Angeles County; California","760000","57945",
"1400000US06037409000","Census Tract 4090; Los Angeles County; California","488200","56824",
"1400000US06037409100","Census Tract 4091; Los Angeles County; California","670600","31783",
"1400000US06037430003","Census Tract 4300.03; Los Angeles County; California","872300","13483",
"1400000US06037430004","Census Tract 4300.04; Los Angeles County; California","700200","54187",
"1400000US06037430005","Census Tract 4300.05; Los Angeles County; California","806500","43695",
"1400000US06037430101","Census Tract 4301.01; Los Angeles County; California","665500","44626",
"1400000US06037430102","Census Tract 4301.02; Los Angeles County; California","675200","36539",
"1400000US06037430200","Census Tract 4302; Los Angeles County; California","2,000,000+","***",
"1400000US06037430301","Census Tract 4303.01; Los Angeles County; California","1188500","52516",
"1400000US06037430302","Census Tract 4303.02; Los Angeles County; California","989100","85349",
"1400000US06037430400","Census Tract 4304; Los Angeles County; California","1743300","140662",
"1400000US06037430501","Census Tract 4305.01; Los Angeles County; California","1378000","98878",
"1400000US06037430502","Census Tract 4305.02; Los Angeles County; California","1140700","74498",
"1400000US06037430600","Census Tract 4306; Los Angeles County; California","1989500","295533",
"1400000US06037430701","Census Tract 4307.01; Los Angeles County; California","1726600","287709",
"1400000US06037430721","Census Tract 4307.21; Los Angeles County; California","1370300","430603",
"1400000US06037430723","Census Tract 4307.23; Los Angeles County; California","729600","79686",
"1400000US06037430724","Census Tract 4307.24; Los Angeles County; California","725800","98576",
"1400000US06037430801","Census Tract 4308.01; Los Angeles County; California","1054600","118798",
"1400000US06037430802","Census Tract 4308.02; Los Angeles County; California","1380700","121910",
"1400000US06037430803","Census Tract 4308.03; Los Angeles County; California","1451800","211468",
"1400000US06037430901","Census Tract 4309.01; Los Angeles County; California","774600","56813",
"1400000US06037430902","Census Tract 4309.02; Los Angeles County; California","828100","98929",
"1400000US06037431002","Census Tract 4310.02; Los Angeles County; California","886200","49516",
"1400000US06037431003","Census Tract 4310.03; Los Angeles County; California","797100","83579",
"1400000US06037431004","Census Tract 4310.04; Los Angeles County; California","852200","89015",
"1400000US06037431100","Census Tract 4311; Los Angeles County; California","773300","76444",
"1400000US06037431200","Census Tract 4312; Los Angeles County; California","698200","35539",
"1400000US06037431300","Census Tract 4313; Los Angeles County; California","909200","24618",
"1400000US06037431400","Census Tract 4314; Los Angeles County; California","889300","52025",
"1400000US06037431501","Census Tract 4315.01; Los Angeles County; California","786700","63248",
"1400000US06037431502","Census Tract 4315.02; Los Angeles County; California","861200","29601",
"1400000US06037431600","Census Tract 4316; Los Angeles County; California","1546300","177767",
"1400000US06037431701","Census Tract 4317.01; Los Angeles County; California","1847400","292245",
"1400000US06037431800","Census Tract 4318; Los Angeles County; California","879500","34677",
"1400000US06037431900","Census Tract 4319; Los Angeles County; California","1067500","74627",
"1400000US06037432001","Census Tract 4320.01; Los Angeles County; California","959400","82887",
"1400000US06037432002","Census Tract 4320.02; Los Angeles County; California","988200","70746",
"1400000US06037432101","Census Tract 4321.01; Los Angeles County; California","918500","68069",
"1400000US06037432102","Census Tract 4321.02; Los Angeles County; California","971200","48793",
"1400000US06037432201","Census Tract 4322.01; Los Angeles County; California","849900","52567",
"1400000US06037432202","Census Tract 4322.02; Los Angeles County; California","804700","52793",
"1400000US06037432300","Census Tract 4323; Los Angeles County; California","650400","26697",
"1400000US06037432401","Census Tract 4324.01; Los Angeles County; California","704400","58276",
"1400000US06037432402","Census Tract 4324.02; Los Angeles County; California","747500","73389",
"1400000US06037432501","Census Tract 4325.01; Los Angeles County; California","626200","39866",
"1400000US06037432502","Census Tract 4325.02; Los Angeles County; California","783000","81497",
"1400000US06037432601","Census Tract 4326.01; Los Angeles County; California","667800","66420",
"1400000US06037432602","Census Tract 4326.02; Los Angeles County; California","677700","43831",
"1400000US06037432700","Census Tract 4327; Los Angeles County; California","636100","16214",
"1400000US06037432801","Census Tract 4328.01; Los Angeles County; California","568900","108785",
"1400000US06037432802","Census Tract 4328.02; Los Angeles County; California","574600","273007",
"1400000US06037432901","Census Tract 4329.01; Los Angeles County; California","833600","85647",
"1400000US06037432902","Census Tract 4329.02; Los Angeles County; California","828900","46338",
"1400000US06037433103","Census Tract 4331.03; Los Angeles County; California","644300","51746",
"1400000US06037433200","Census Tract 4332; Los Angeles County; California","601300","49460",
"1400000US06037433302","Census Tract 4333.02; Los Angeles County; California","-","**",
"1400000US06037433304","Census Tract 4333.04; Los Angeles County; California","614400","82674",
"1400000US06037433305","Census Tract 4333.05; Los Angeles County; California","711100","142254",
"1400000US06037433306","Census Tract 4333.06; Los Angeles County; California","612600","28562",
"1400000US06037433307","Census Tract 4333.07; Los Angeles County; California","612600","39914",
"1400000US06037433402","Census Tract 4334.02; Los Angeles County; California","750000","141530",
"1400000US06037433403","Census Tract 4334.03; Los Angeles County; California","690000","80980",
"1400000US06037433505","Census Tract 4335.05; Los Angeles County; California","717000","99983",
"1400000US06037433506","Census Tract 4335.06; Los Angeles County; California","496500","183852",
"1400000US06037433601","Census Tract 4336.01; Los Angeles County; California","842300","77300",
"1400000US06037433602","Census Tract 4336.02; Los Angeles County; California","761600","78884",
"1400000US06037433803","Census Tract 4338.03; Los Angeles County; California","638200","20062",
"1400000US06037433804","Census Tract 4338.04; Los Angeles County; California","477800","89615",
"1400000US06037433901","Census Tract 4339.01; Los Angeles County; California","652800","33732",
"1400000US06037433903","Census Tract 4339.03; Los Angeles County; California","585000","40532",
"1400000US06037434001","Census Tract 4340.01; Los Angeles County; California","617600","78372",
"1400000US06037434003","Census Tract 4340.03; Los Angeles County; California","577500","56784",
"1400000US06037434004","Census Tract 4340.04; Los Angeles County; California","627200","31972",
"1400000US06037434100","Census Tract 4341; Los Angeles County; California","630300","44718",
"1400000US06037460001","Census Tract 4600.01; Los Angeles County; California","2,000,000+","***",
"1400000US06037460002","Census Tract 4600.02; Los Angeles County; California","1283400","94710",
"1400000US06037460101","Census Tract 4601.01; Los Angeles County; California","1414100","211366",
"1400000US06037460200","Census Tract 4602; Los Angeles County; California","1266000","86844",
"1400000US06037460301","Census Tract 4603.01; Los Angeles County; California","1107600","61734",
"1400000US06037460302","Census Tract 4603.02; Los Angeles County; California","872900","94346",
"1400000US06037460401","Census Tract 4604.01; Los Angeles County; California","1037600","70555",
"1400000US06037460501","Census Tract 4605.01; Los Angeles County; California","2,000,000+","***",
"1400000US06037460502","Census Tract 4605.02; Los Angeles County; California","2,000,000+","***",
"1400000US06037460601","Census Tract 4606.01; Los Angeles County; California","2,000,000+","***",
"1400000US06037460700","Census Tract 4607; Los Angeles County; California","2,000,000+","***",
"1400000US06037460800","Census Tract 4608; Los Angeles County; California","2,000,000+","***",
"1400000US06037460900","Census Tract 4609; Los Angeles County; California","919300","86635",
"1400000US06037461000","Census Tract 4610; Los Angeles County; California","929600","46610",
"1400000US06037461100","Census Tract 4611; Los Angeles County; California","1168500","93633",
"1400000US06037461200","Census Tract 4612; Los Angeles County; California","1208600","51724",
"1400000US06037461300","Census Tract 4613; Los Angeles County; California","1059200","52756",
"1400000US06037461400","Census Tract 4614; Los Angeles County; California","1268300","200280",
"1400000US06037461501","Census Tract 4615.01; Los Angeles County; California","1086300","73768",
"1400000US06037461502","Census Tract 4615.02; Los Angeles County; California","868000","103398",
"1400000US06037461600","Census Tract 4616; Los Angeles County; California","913700","41834",
"1400000US06037461700","Census Tract 4617; Los Angeles County; California","1080100","177116",
"1400000US06037461901","Census Tract 4619.01; Los Angeles County; California","822400","90139",
"1400000US06037461902","Census Tract 4619.02; Los Angeles County; California","812500","280906",
"1400000US06037462001","Census Tract 4620.01; Los Angeles County; California","1025000","123108",
"1400000US06037462002","Census Tract 4620.02; Los Angeles County; California","848700","155924",
"1400000US06037462100","Census Tract 4621; Los Angeles County; California","942600","69712",
"1400000US06037462201","Census Tract 4622.01; Los Angeles County; California","687500","448954",
"1400000US06037462202","Census Tract 4622.02; Los Angeles County; California","650800","45485",
"1400000US06037462301","Census Tract 4623.01; Los Angeles County; California","730400","137861",
"1400000US06037462302","Census Tract 4623.02; Los Angeles County; California","680100","55666",
"1400000US06037462400","Census Tract 4624; Los Angeles County; California","1243100","134167",
"1400000US06037462500","Census Tract 4625; Los Angeles County; California","1068300","64915",
"1400000US06037462600","Census Tract 4626; Los Angeles County; California","1338100","105085",
"1400000US06037462700","Census Tract 4627; Los Angeles County; California","1019900","170759",
"1400000US06037462800","Census Tract 4628; Los Angeles County; California","1051800","138621",
"1400000US06037462900","Census Tract 4629; Los Angeles County; California","957100","91403",
"1400000US06037463000","Census Tract 4630; Los Angeles County; California","1322100","193103",
"1400000US06037463103","Census Tract 4631.03; Los Angeles County; California","1069200","129081",
"1400000US06037463200","Census Tract 4632; Los Angeles County; California","1262500","311337",
"1400000US06037463300","Census Tract 4633; Los Angeles County; California","1301000","135161",
"1400000US06037463400","Census Tract 4634; Los Angeles County; California","1371600","480598",
"1400000US06037463500","Census Tract 4635; Los Angeles County; California","803600","160568",
"1400000US06037463601","Census Tract 4636.01; Los Angeles County; California","665000","55168",
"1400000US06037463602","Census Tract 4636.02; Los Angeles County; California","639300","72453",
"1400000US06037463700","Census Tract 4637; Los Angeles County; California","1649000","630857",
"1400000US06037463800","Census Tract 4638; Los Angeles County; California","1671600","63676",
"1400000US06037463900","Census Tract 4639; Los Angeles County; California","1483200","282232",
"1400000US06037464000","Census Tract 4640; Los Angeles County; California","1478300","420099",
"1400000US06037464101","Census Tract 4641.01; Los Angeles County; California","2,000,000+","***",
"1400000US06037464102","Census Tract 4641.02; Los Angeles County; California","2,000,000+","***",
"1400000US06037464200","Census Tract 4642; Los Angeles County; California","2,000,000+","***",
"1400000US06037480002","Census Tract 4800.02; Los Angeles County; California","1150000","93485",
"1400000US06037480011","Census Tract 4800.11; Los Angeles County; California","987600","62000",
"1400000US06037480012","Census Tract 4800.12; Los Angeles County; California","1021600","86028",
"1400000US06037480101","Census Tract 4801.01; Los Angeles County; California","1087900","85739",
"1400000US06037480102","Census Tract 4801.02; Los Angeles County; California","947700","42375",
"1400000US06037480201","Census Tract 4802.01; Los Angeles County; California","1205300","52963",
"1400000US06037480202","Census Tract 4802.02; Los Angeles County; California","1125000","40643",
"1400000US06037480302","Census Tract 4803.02; Los Angeles County; California","880800","102366",
"1400000US06037480303","Census Tract 4803.03; Los Angeles County; California","723500","107690",
"1400000US06037480304","Census Tract 4803.04; Los Angeles County; California","662700","97282",
"1400000US06037480400","Census Tract 4804; Los Angeles County; California","938000","70165",
"1400000US06037480500","Census Tract 4805; Los Angeles County; California","1907000","376376",
"1400000US06037480601","Census Tract 4806.01; Los Angeles County; California","1295000","213767",
"1400000US06037480602","Census Tract 4806.02; Los Angeles County; California","1658900","144344",
"1400000US06037480702","Census Tract 4807.02; Los Angeles County; California","1712300","261769",
"1400000US06037480703","Census Tract 4807.03; Los Angeles County; California","1647000","204610",
"1400000US06037480704","Census Tract 4807.04; Los Angeles County; California","1102100","200572",
"1400000US06037480802","Census Tract 4808.02; Los Angeles County; California","881800","33038",
"1400000US06037480803","Census Tract 4808.03; Los Angeles County; California","879400","26210",
"1400000US06037480804","Census Tract 4808.04; Los Angeles County; California","719900","58769",
"1400000US06037480901","Census Tract 4809.01; Los Angeles County; California","833600","56496",
"1400000US06037480902","Census Tract 4809.02; Los Angeles County; California","682100","53378",
"1400000US06037480903","Census Tract 4809.03; Los Angeles County; California","893900","52127",
"1400000US06037481001","Census Tract 4810.01; Los Angeles County; California","729000","83899",
"1400000US06037481002","Census Tract 4810.02; Los Angeles County; California","755000","84769",
"1400000US06037481101","Census Tract 4811.01; Los Angeles County; California","842900","44425",
"1400000US06037481102","Census Tract 4811.02; Los Angeles County; California","705400","68345",
"1400000US06037481103","Census Tract 4811.03; Los Angeles County; California","860800","33687",
"1400000US06037481201","Census Tract 4812.01; Los Angeles County; California","880600","45122",
"1400000US06037481203","Census Tract 4812.03; Los Angeles County; California","861200","91334",
"1400000US06037481300","Census Tract 4813; Los Angeles County; California","843100","41774",
"1400000US06037481401","Census Tract 4814.01; Los Angeles County; California","819700","127373",
"1400000US06037481403","Census Tract 4814.03; Los Angeles County; California","897600","29309",
"1400000US06037481404","Census Tract 4814.04; Los Angeles County; California","949500","94401",
"1400000US06037481500","Census Tract 4815; Los Angeles County; California","823800","43118",
"1400000US06037481603","Census Tract 4816.03; Los Angeles County; California","898400","50447",
"1400000US06037481604","Census Tract 4816.04; Los Angeles County; California","712000","177017",
"1400000US06037481605","Census Tract 4816.05; Los Angeles County; California","942800","115755",
"1400000US06037481606","Census Tract 4816.06; Los Angeles County; California","831900","101792",
"1400000US06037481711","Census Tract 4817.11; Los Angeles County; California","656400","66809",
"1400000US06037481712","Census Tract 4817.12; Los Angeles County; California","706100","46479",
"1400000US06037481713","Census Tract 4817.13; Los Angeles County; California","882800","53061",
"1400000US06037481714","Census Tract 4817.14; Los Angeles County; California","805700","52367",
"1400000US06037481800","Census Tract 4818; Los Angeles County; California","898200","31407",
"1400000US06037481901","Census Tract 4819.01; Los Angeles County; California","939000","41252",
"1400000US06037481902","Census Tract 4819.02; Los Angeles County; California","860500","64965",
"1400000US06037482001","Census Tract 4820.01; Los Angeles County; California","957200","61214",
"1400000US06037482002","Census Tract 4820.02; Los Angeles County; California","940500","107926",
"1400000US06037482101","Census Tract 4821.01; Los Angeles County; California","870600","46638",
"1400000US06037482102","Census Tract 4821.02; Los Angeles County; California","931000","39305",
"1400000US06037482201","Census Tract 4822.01; Los Angeles County; California","844300","210543",
"1400000US06037482202","Census Tract 4822.02; Los Angeles County; California","696600","76756",
"1400000US06037482301","Census Tract 4823.01; Los Angeles County; California","760100","118003",
"1400000US06037482303","Census Tract 4823.03; Los Angeles County; California","797000","74233",
"1400000US06037482304","Census Tract 4823.04; Los Angeles County; California","875000","228953",
"1400000US06037482401","Census Tract 4824.01; Los Angeles County; California","807500","95061",
"1400000US06037482403","Census Tract 4824.03; Los Angeles County; California","833300","65757",
"1400000US06037482404","Census Tract 4824.04; Los Angeles County; California","712600","86830",
"1400000US06037482502","Census Tract 4825.02; Los Angeles County; California","736400","89695",
"1400000US06037482503","Census Tract 4825.03; Los Angeles County; California","768100","106852",
"1400000US06037482521","Census Tract 4825.21; Los Angeles County; California","652500","77792",
"1400000US06037482522","Census Tract 4825.22; Los Angeles County; California","528400","85501",
"1400000US06037482600","Census Tract 4826; Los Angeles County; California","917800","60912",
"1400000US06037482701","Census Tract 4827.01; Los Angeles County; California","852800","22864",
"1400000US06037482702","Census Tract 4827.02; Los Angeles County; California","828800","28505",
"1400000US06037482801","Census Tract 4828.01; Los Angeles County; California","846200","18023",
"1400000US06037500100","Census Tract 5001; Los Angeles County; California","1231000","92009",
"1400000US06037500202","Census Tract 5002.02; Los Angeles County; California","1202500","84364",
"1400000US06037500203","Census Tract 5002.03; Los Angeles County; California","960500","54254",
"1400000US06037500204","Census Tract 5002.04; Los Angeles County; California","1091900","181619",
"1400000US06037500300","Census Tract 5003; Los Angeles County; California","922800","102310",
"1400000US06037500402","Census Tract 5004.02; Los Angeles County; California","713900","111956",
"1400000US06037500403","Census Tract 5004.03; Los Angeles County; California","680100","28234",
"1400000US06037500404","Census Tract 5004.04; Los Angeles County; California","662700","23417",
"1400000US06037500500","Census Tract 5005; Los Angeles County; California","431300","127460",
"1400000US06037500600","Census Tract 5006; Los Angeles County; California","638100","50914",
"1400000US06037500700","Census Tract 5007; Los Angeles County; California","585000","43351",
"1400000US06037500800","Census Tract 5008; Los Angeles County; California","647400","49018",
"1400000US06037500900","Census Tract 5009; Los Angeles County; California","645600","21529",
"1400000US06037501001","Census Tract 5010.01; Los Angeles County; California","639800","40111",
"1400000US06037501002","Census Tract 5010.02; Los Angeles County; California","652300","34728",
"1400000US06037501200","Census Tract 5012; Los Angeles County; California","725200","49565",
"1400000US06037501301","Census Tract 5013.01; Los Angeles County; California","727500","76169",
"1400000US06037501302","Census Tract 5013.02; Los Angeles County; California","697600","68349",
"1400000US06037501400","Census Tract 5014; Los Angeles County; California","679200","48731",
"1400000US06037501501","Census Tract 5015.01; Los Angeles County; California","886100","38516",
"1400000US06037501503","Census Tract 5015.03; Los Angeles County; California","856100","48160",
"1400000US06037501504","Census Tract 5015.04; Los Angeles County; California","634400","66119",
"1400000US06037501600","Census Tract 5016; Los Angeles County; California","983800","77507",
"1400000US06037501700","Census Tract 5017; Los Angeles County; California","905500","27875",
"1400000US06037501802","Census Tract 5018.02; Los Angeles County; California","795900","57896",
"1400000US06037501803","Census Tract 5018.03; Los Angeles County; California","710800","75743",
"1400000US06037501804","Census Tract 5018.04; Los Angeles County; California","613300","69060",
"1400000US06037501900","Census Tract 5019; Los Angeles County; California","763300","52132",
"1400000US06037502003","Census Tract 5020.03; Los Angeles County; California","652200","41495",
"1400000US06037502004","Census Tract 5020.04; Los Angeles County; California","661800","54097",
"1400000US06037502005","Census Tract 5020.05; Los Angeles County; California","725700","66654",
"1400000US06037502100","Census Tract 5021; Los Angeles County; California","682200","49715",
"1400000US06037502200","Census Tract 5022; Los Angeles County; California","645200","27884",
"1400000US06037502303","Census Tract 5023.03; Los Angeles County; California","639500","33912",
"1400000US06037502401","Census Tract 5024.01; Los Angeles County; California","644900","27514",
"1400000US06037502402","Census Tract 5024.02; Los Angeles County; California","667700","29116",
"1400000US06037502500","Census Tract 5025; Los Angeles County; California","620200","21708",
"1400000US06037502602","Census Tract 5026.02; Los Angeles County; California","745700","71237",
"1400000US06037502603","Census Tract 5026.03; Los Angeles County; California","675400","37556",
"1400000US06037502604","Census Tract 5026.04; Los Angeles County; California","701900","86065",
"1400000US06037502700","Census Tract 5027; Los Angeles County; California","610300","19383",
"1400000US06037502801","Census Tract 5028.01; Los Angeles County; California","710400","34791",
"1400000US06037502901","Census Tract 5029.01; Los Angeles County; California","647500","37315",
"1400000US06037503000","Census Tract 5030; Los Angeles County; California","680200","48886",
"1400000US06037503103","Census Tract 5031.03; Los Angeles County; California","661000","30526",
"1400000US06037503104","Census Tract 5031.04; Los Angeles County; California","601800","29482",
"1400000US06037503105","Census Tract 5031.05; Los Angeles County; California","728300","68151",
"1400000US06037503106","Census Tract 5031.06; Los Angeles County; California","714700","54828",
"1400000US06037503201","Census Tract 5032.01; Los Angeles County; California","805800","39871",
"1400000US06037503202","Census Tract 5032.02; Los Angeles County; California","713400","61718",
"1400000US06037503301","Census Tract 5033.01; Los Angeles County; California","765800","74686",
"1400000US06037503302","Census Tract 5033.02; Los Angeles County; California","794400","32255",
"1400000US06037503401","Census Tract 5034.01; Los Angeles County; California","823200","30128",
"1400000US06037503402","Census Tract 5034.02; Los Angeles County; California","791900","40221",
"1400000US06037503501","Census Tract 5035.01; Los Angeles County; California","740800","70275",
"1400000US06037503502","Census Tract 5035.02; Los Angeles County; California","770200","54586",
"1400000US06037503601","Census Tract 5036.01; Los Angeles County; California","796100","43215",
"1400000US06037503602","Census Tract 5036.02; Los Angeles County; California","946300","42004",
"1400000US06037503701","Census Tract 5037.01; Los Angeles County; California","814200","28919",
"1400000US06037503702","Census Tract 5037.02; Los Angeles County; California","849100","24802",
"1400000US06037503704","Census Tract 5037.04; Los Angeles County; California","870500","61539",
"1400000US06037503705","Census Tract 5037.05; Los Angeles County; California","883900","44649",
"1400000US06037503801","Census Tract 5038.01; Los Angeles County; California","806100","38605",
"1400000US06037503802","Census Tract 5038.02; Los Angeles County; California","823100","34196",
"1400000US06037503901","Census Tract 5039.01; Los Angeles County; California","828400","27048",
"1400000US06037503902","Census Tract 5039.02; Los Angeles County; California","831700","21154",
"1400000US06037504001","Census Tract 5040.01; Los Angeles County; California","787600","104997",
"1400000US06037504002","Census Tract 5040.02; Los Angeles County; California","791400","33003",
"1400000US06037504101","Census Tract 5041.01; Los Angeles County; California","714500","54737",
"1400000US06037504200","Census Tract 5042; Los Angeles County; California","668900","54276",
"1400000US06037530005","Census Tract 5300.05; Los Angeles County; California","870300","24231",
"1400000US06037530006","Census Tract 5300.06; Los Angeles County; California","696100","206104",
"1400000US06037530007","Census Tract 5300.07; Los Angeles County; California","801800","25695",
"1400000US06037530101","Census Tract 5301.01; Los Angeles County; California","625000","156918",
"1400000US06037530102","Census Tract 5301.02; Los Angeles County; California","718800","49851",
"1400000US06037530202","Census Tract 5302.02; Los Angeles County; California","690100","41996",
"1400000US06037530203","Census Tract 5302.03; Los Angeles County; California","718800","91567",
"1400000US06037530204","Census Tract 5302.04; Los Angeles County; California","654700","68435",
"1400000US06037530301","Census Tract 5303.01; Los Angeles County; California","721200","92855",
"1400000US06037530302","Census Tract 5303.02; Los Angeles County; California","579000","118260",
"1400000US06037530400","Census Tract 5304; Los Angeles County; California","707600","207502",
"1400000US06037530500","Census Tract 5305; Los Angeles County; California","650800","76321",
"1400000US06037530603","Census Tract 5306.03; Los Angeles County; California","700300","48784",
"1400000US06037530700","Census Tract 5307; Los Angeles County; California","649500","71287",
"1400000US06037530801","Census Tract 5308.01; Los Angeles County; California","714100","177471",
"1400000US06037530802","Census Tract 5308.02; Los Angeles County; California","716900","68532",
"1400000US06037530901","Census Tract 5309.01; Los Angeles County; California","712900","111375",
"1400000US06037530902","Census Tract 5309.02; Los Angeles County; California","633300","73731",
"1400000US06037531000","Census Tract 5310; Los Angeles County; California","634600","89730",
"1400000US06037531101","Census Tract 5311.01; Los Angeles County; California","666100","137024",
"1400000US06037531102","Census Tract 5311.02; Los Angeles County; California","704900","84689",
"1400000US06037531201","Census Tract 5312.01; Los Angeles County; California","656900","48221",
"1400000US06037531202","Census Tract 5312.02; Los Angeles County; California","686200","65198",
"1400000US06037531301","Census Tract 5313.01; Los Angeles County; California","597200","49249",
"1400000US06037531302","Census Tract 5313.02; Los Angeles County; California","598400","59415",
"1400000US06037531502","Census Tract 5315.02; Los Angeles County; California","635800","61037",
"1400000US06037531503","Census Tract 5315.03; Los Angeles County; California","634700","37705",
"1400000US06037531504","Census Tract 5315.04; Los Angeles County; California","776100","145323",
"1400000US06037531602","Census Tract 5316.02; Los Angeles County; California","703900","139954",
"1400000US06037531603","Census Tract 5316.03; Los Angeles County; California","665800","62084",
"1400000US06037531604","Census Tract 5316.04; Los Angeles County; California","629900","54763",
"1400000US06037531701","Census Tract 5317.01; Los Angeles County; California","591400","66301",
"1400000US06037531702","Census Tract 5317.02; Los Angeles County; California","658000","35738",
"1400000US06037531800","Census Tract 5318; Los Angeles County; California","596700","46068",
"1400000US06037531901","Census Tract 5319.01; Los Angeles County; California","615100","63123",
"1400000US06037531902","Census Tract 5319.02; Los Angeles County; California","578100","76652",
"1400000US06037532001","Census Tract 5320.01; Los Angeles County; California","650600","39984",
"1400000US06037532002","Census Tract 5320.02; Los Angeles County; California","604300","58716",
"1400000US06037532101","Census Tract 5321.01; Los Angeles County; California","627900","29898",
"1400000US06037532102","Census Tract 5321.02; Los Angeles County; California","647800","46882",
"1400000US06037532200","Census Tract 5322; Los Angeles County; California","652500","106169",
"1400000US06037532302","Census Tract 5323.02; Los Angeles County; California","536600","60102",
"1400000US06037532303","Census Tract 5323.03; Los Angeles County; California","649800","32153",
"1400000US06037532304","Census Tract 5323.04; Los Angeles County; California","625400","42447",
"1400000US06037532500","Census Tract 5325; Los Angeles County; California","582200","44814",
"1400000US06037532605","Census Tract 5326.05; Los Angeles County; California","444100","118403",
"1400000US06037532606","Census Tract 5326.06; Los Angeles County; California","645800","63533",
"1400000US06037532607","Census Tract 5326.07; Los Angeles County; California","652000","59838",
"1400000US06037532700","Census Tract 5327; Los Angeles County; California","441000","137758",
"1400000US06037532800","Census Tract 5328; Los Angeles County; California","507200","69199",
"1400000US06037532900","Census Tract 5329; Los Angeles County; California","532800","200189",
"1400000US06037533001","Census Tract 5330.01; Los Angeles County; California","489500","104699",
"1400000US06037533002","Census Tract 5330.02; Los Angeles County; California","545300","97459",
"1400000US06037533103","Census Tract 5331.03; Los Angeles County; California","529600","86443",
"1400000US06037533104","Census Tract 5331.04; Los Angeles County; California","575500","166386",
"1400000US06037533105","Census Tract 5331.05; Los Angeles County; California","482100","74523",
"1400000US06037533108","Census Tract 5331.08; Los Angeles County; California","561600","62578",
"1400000US06037533201","Census Tract 5332.01; Los Angeles County; California","497700","168711",
"1400000US06037533204","Census Tract 5332.04; Los Angeles County; California","621500","47944",
"1400000US06037533300","Census Tract 5333; Los Angeles County; California","661100","62360",
"1400000US06037533401","Census Tract 5334.01; Los Angeles County; California","657400","53328",
"1400000US06037533402","Census Tract 5334.02; Los Angeles County; California","593400","45658",
"1400000US06037533403","Census Tract 5334.03; Los Angeles County; California","640100","34669",
"1400000US06037533501","Census Tract 5335.01; Los Angeles County; California","442600","199532",
"1400000US06037533504","Census Tract 5335.04; Los Angeles County; California","541700","97699",
"1400000US06037533601","Census Tract 5336.01; Los Angeles County; California","616900","271028",
"1400000US06037533602","Census Tract 5336.02; Los Angeles County; California","603200","69159",
"1400000US06037533603","Census Tract 5336.03; Los Angeles County; California","641000","50013",
"1400000US06037533701","Census Tract 5337.01; Los Angeles County; California","535500","63431",
"1400000US06037533702","Census Tract 5337.02; Los Angeles County; California","638200","42518",
"1400000US06037533703","Census Tract 5337.03; Los Angeles County; California","692900","65105",
"1400000US06037533803","Census Tract 5338.03; Los Angeles County; California","709500","70936",
"1400000US06037533804","Census Tract 5338.04; Los Angeles County; California","447100","43165",
"1400000US06037533805","Census Tract 5338.05; Los Angeles County; California","640500","41760",
"1400000US06037533806","Census Tract 5338.06; Los Angeles County; California","68900","55872",
"1400000US06037533901","Census Tract 5339.01; Los Angeles County; California","676500","80827",
"1400000US06037533902","Census Tract 5339.02; Los Angeles County; California","596600","94512",
"1400000US06037534001","Census Tract 5340.01; Los Angeles County; California","596500","121719",
"1400000US06037534002","Census Tract 5340.02; Los Angeles County; California","617100","102296",
"1400000US06037534101","Census Tract 5341.01; Los Angeles County; California","478600","423247",
"1400000US06037534102","Census Tract 5341.02; Los Angeles County; California","535300","103429",
"1400000US06037534201","Census Tract 5342.01; Los Angeles County; California","544800","132007",
"1400000US06037534202","Census Tract 5342.02; Los Angeles County; California","-","**",
"1400000US06037534203","Census Tract 5342.03; Los Angeles County; California","-","**",
"1400000US06037534301","Census Tract 5343.01; Los Angeles County; California","574100","172315",
"1400000US06037534302","Census Tract 5343.02; Los Angeles County; California","-","**",
"1400000US06037534403","Census Tract 5344.03; Los Angeles County; California","597600","146922",
"1400000US06037534404","Census Tract 5344.04; Los Angeles County; California","492600","122168",
"1400000US06037534405","Census Tract 5344.05; Los Angeles County; California","-","**",
"1400000US06037534406","Census Tract 5344.06; Los Angeles County; California","602800","60396",
"1400000US06037534501","Census Tract 5345.01; Los Angeles County; California","532300","92412",
"1400000US06037534502","Census Tract 5345.02; Los Angeles County; California","617100","30173",
"1400000US06037534700","Census Tract 5347; Los Angeles County; California","561500","36236",
"1400000US06037534802","Census Tract 5348.02; Los Angeles County; California","585800","33638",
"1400000US06037534803","Census Tract 5348.03; Los Angeles County; California","614500","80591",
"1400000US06037534804","Census Tract 5348.04; Los Angeles County; California","603400","22585",
"1400000US06037534900","Census Tract 5349; Los Angeles County; California","587700","29670",
"1400000US06037535001","Census Tract 5350.01; Los Angeles County; California","627300","73466",
"1400000US06037535002","Census Tract 5350.02; Los Angeles County; California","531800","88150",
"1400000US06037535101","Census Tract 5351.01; Los Angeles County; California","579400","50391",
"1400000US06037535102","Census Tract 5351.02; Los Angeles County; California","588100","71748",
"1400000US06037535200","Census Tract 5352; Los Angeles County; California","539700","66656",
"1400000US06037535300","Census Tract 5353; Los Angeles County; California","552000","48373",
"1400000US06037535400","Census Tract 5354; Los Angeles County; California","451000","52144",
"1400000US06037535501","Census Tract 5355.01; Los Angeles County; California","706700","133459",
"1400000US06037535502","Census Tract 5355.02; Los Angeles County; California","562500","106537",
"1400000US06037535503","Census Tract 5355.03; Los Angeles County; California","622200","47550",
"1400000US06037535603","Census Tract 5356.03; Los Angeles County; California","664800","66435",
"1400000US06037535604","Census Tract 5356.04; Los Angeles County; California","659000","56797",
"1400000US06037535605","Census Tract 5356.05; Los Angeles County; California","632700","72501",
"1400000US06037535606","Census Tract 5356.06; Los Angeles County; California","605300","35285",
"1400000US06037535607","Census Tract 5356.07; Los Angeles County; California","640400","26492",
"1400000US06037535701","Census Tract 5357.01; Los Angeles County; California","653200","28766",
"1400000US06037535702","Census Tract 5357.02; Los Angeles County; California","648000","32672",
"1400000US06037535802","Census Tract 5358.02; Los Angeles County; California","614800","35037",
"1400000US06037535803","Census Tract 5358.03; Los Angeles County; California","643100","46038",
"1400000US06037535804","Census Tract 5358.04; Los Angeles County; California","631000","22675",
"1400000US06037535901","Census Tract 5359.01; Los Angeles County; California","650500","37633",
"1400000US06037535902","Census Tract 5359.02; Los Angeles County; California","643900","24842",
"1400000US06037536000","Census Tract 5360; Los Angeles County; California","615900","32922",
"1400000US06037536102","Census Tract 5361.02; Los Angeles County; California","576000","43609",
"1400000US06037536103","Census Tract 5361.03; Los Angeles County; California","651500","42618",
"1400000US06037536104","Census Tract 5361.04; Los Angeles County; California","588200","51603",
"1400000US06037536201","Census Tract 5362.01; Los Angeles County; California","686600","47029",
"1400000US06037536202","Census Tract 5362.02; Los Angeles County; California","641300","47791",
"1400000US06037540000","Census Tract 5400; Los Angeles County; California","572600","43247",
"1400000US06037540101","Census Tract 5401.01; Los Angeles County; California","541500","63810",
"1400000US06037540102","Census Tract 5401.02; Los Angeles County; California","592600","20651",
"1400000US06037540201","Census Tract 5402.01; Los Angeles County; California","494900","222142",
"1400000US06037540202","Census Tract 5402.02; Los Angeles County; California","617200","52543",
"1400000US06037540203","Census Tract 5402.03; Los Angeles County; California","595200","73591",
"1400000US06037540300","Census Tract 5403; Los Angeles County; California","613400","61430",
"1400000US06037540400","Census Tract 5404; Los Angeles County; California","591300","37871",
"1400000US06037540501","Census Tract 5405.01; Los Angeles County; California","627000","26628",
"1400000US06037540502","Census Tract 5405.02; Los Angeles County; California","732300","157721",
"1400000US06037540600","Census Tract 5406; Los Angeles County; California","576600","66220",
"1400000US06037540700","Census Tract 5407; Los Angeles County; California","631500","22411",
"1400000US06037540800","Census Tract 5408; Los Angeles County; California","589900","38696",
"1400000US06037540901","Census Tract 5409.01; Los Angeles County; California","607200","24692",
"1400000US06037540902","Census Tract 5409.02; Los Angeles County; California","620700","21189",
"1400000US06037541003","Census Tract 5410.03; Los Angeles County; California","588900","156641",
"1400000US06037541100","Census Tract 5411; Los Angeles County; California","627000","26168",
"1400000US06037541200","Census Tract 5412; Los Angeles County; California","615400","28755",
"1400000US06037541300","Census Tract 5413; Los Angeles County; California","619400","18357",
"1400000US06037541401","Census Tract 5414.01; Los Angeles County; California","496000","88366",
"1400000US06037541402","Census Tract 5414.02; Los Angeles County; California","399400","178120",
"1400000US06037541500","Census Tract 5415; Los Angeles County; California","518400","84186",
"1400000US06037541603","Census Tract 5416.03; Los Angeles County; California","470800","102510",
"1400000US06037541604","Census Tract 5416.04; Los Angeles County; California","559100","50421",
"1400000US06037541605","Census Tract 5416.05; Los Angeles County; California","498100","63134",
"1400000US06037541606","Census Tract 5416.06; Los Angeles County; California","704200","170893",
"1400000US06037541700","Census Tract 5417; Los Angeles County; California","591800","36678",
"1400000US06037541801","Census Tract 5418.01; Los Angeles County; California","565600","48715",
"1400000US06037541802","Census Tract 5418.02; Los Angeles County; California","619200","15699",
"1400000US06037542000","Census Tract 5420; Los Angeles County; California","587100","29465",
"1400000US06037542103","Census Tract 5421.03; Los Angeles County; California","589300","27844",
"1400000US06037542104","Census Tract 5421.04; Los Angeles County; California","529700","65067",
"1400000US06037542105","Census Tract 5421.05; Los Angeles County; California","576100","59906",
"1400000US06037542106","Census Tract 5421.06; Los Angeles County; California","540300","66102",
"1400000US06037542200","Census Tract 5422; Los Angeles County; California","576400","54268",
"1400000US06037542401","Census Tract 5424.01; Los Angeles County; California","615600","31602",
"1400000US06037542402","Census Tract 5424.02; Los Angeles County; California","622000","30316",
"1400000US06037542501","Census Tract 5425.01; Los Angeles County; California","552100","49018",
"1400000US06037542502","Census Tract 5425.02; Los Angeles County; California","620900","46288",
"1400000US06037542601","Census Tract 5426.01; Los Angeles County; California","511700","81791",
"1400000US06037542602","Census Tract 5426.02; Los Angeles County; California","603500","30432",
"1400000US06037542700","Census Tract 5427; Los Angeles County; California","584100","35648",
"1400000US06037542800","Census Tract 5428; Los Angeles County; California","486200","67544",
"1400000US06037542900","Census Tract 5429; Los Angeles County; California","474100","50255",
"1400000US06037543000","Census Tract 5430; Los Angeles County; California","592700","32781",
"1400000US06037543100","Census Tract 5431; Los Angeles County; California","603800","21163",
"1400000US06037543201","Census Tract 5432.01; Los Angeles County; California","627800","46824",
"1400000US06037543203","Census Tract 5432.03; Los Angeles County; California","573300","56482",
"1400000US06037543304","Census Tract 5433.04; Los Angeles County; California","795500","52080",
"1400000US06037543305","Census Tract 5433.05; Los Angeles County; California","197600","38373",
"1400000US06037543306","Census Tract 5433.06; Los Angeles County; California","707800","75867",
"1400000US06037543321","Census Tract 5433.21; Los Angeles County; California","707800","67609",
"1400000US06037543322","Census Tract 5433.22; Los Angeles County; California","805600","45013",
"1400000US06037543400","Census Tract 5434; Los Angeles County; California","773100","43548",
"1400000US06037543501","Census Tract 5435.01; Los Angeles County; California","604900","55559",
"1400000US06037543502","Census Tract 5435.02; Los Angeles County; California","754900","104773",
"1400000US06037543503","Census Tract 5435.03; Los Angeles County; California","759700","75944",
"1400000US06037543601","Census Tract 5436.01; Los Angeles County; California","639300","54420",
"1400000US06037543603","Census Tract 5436.03; Los Angeles County; California","-","**",
"1400000US06037543605","Census Tract 5436.05; Los Angeles County; California","672600","85969",
"1400000US06037543606","Census Tract 5436.06; Los Angeles County; California","596000","72461",
"1400000US06037543607","Census Tract 5436.07; Los Angeles County; California","743300","52342",
"1400000US06037543701","Census Tract 5437.01; Los Angeles County; California","661600","31546",
"1400000US06037543703","Census Tract 5437.03; Los Angeles County; California","780600","43992",
"1400000US06037543704","Census Tract 5437.04; Los Angeles County; California","707900","63202",
"1400000US06037543705","Census Tract 5437.05; Los Angeles County; California","612500","58799",
"1400000US06037543801","Census Tract 5438.01; Los Angeles County; California","693600","75717",
"1400000US06037543803","Census Tract 5438.03; Los Angeles County; California","641200","70356",
"1400000US06037543804","Census Tract 5438.04; Los Angeles County; California","812300","50394",
"1400000US06037543903","Census Tract 5439.03; Los Angeles County; California","632200","33499",
"1400000US06037543905","Census Tract 5439.05; Los Angeles County; California","526900","125702",
"1400000US06037544001","Census Tract 5440.01; Los Angeles County; California","636700","25384",
"1400000US06037544002","Census Tract 5440.02; Los Angeles County; California","632100","35300",
"1400000US06037550101","Census Tract 5501.01; Los Angeles County; California","673100","43505",
"1400000US06037550201","Census Tract 5502.01; Los Angeles County; California","673000","48130",
"1400000US06037550202","Census Tract 5502.02; Los Angeles County; California","662500","33956",
"1400000US06037550301","Census Tract 5503.01; Los Angeles County; California","656600","53870",
"1400000US06037550501","Census Tract 5505.01; Los Angeles County; California","707500","67440",
"1400000US06037550502","Census Tract 5505.02; Los Angeles County; California","1188100","142130",
"1400000US06037550601","Census Tract 5506.01; Los Angeles County; California","755900","58702",
"1400000US06037550602","Census Tract 5506.02; Los Angeles County; California","880900","31777",
"1400000US06037550700","Census Tract 5507; Los Angeles County; California","736000","76501",
"1400000US06037550801","Census Tract 5508.01; Los Angeles County; California","848400","97140",
"1400000US06037550802","Census Tract 5508.02; Los Angeles County; California","1021000","182976",
"1400000US06037550901","Census Tract 5509.01; Los Angeles County; California","769200","343210",
"1400000US06037550902","Census Tract 5509.02; Los Angeles County; California","853100","56503",
"1400000US06037551001","Census Tract 5510.01; Los Angeles County; California","876400","73898",
"1400000US06037551002","Census Tract 5510.02; Los Angeles County; California","875000","21459",
"1400000US06037551101","Census Tract 5511.01; Los Angeles County; California","494000","163831",
"1400000US06037551102","Census Tract 5511.02; Los Angeles County; California","974100","336440",
"1400000US06037551201","Census Tract 5512.01; Los Angeles County; California","821300","28457",
"1400000US06037551203","Census Tract 5512.03; Los Angeles County; California","768800","99803",
"1400000US06037551204","Census Tract 5512.04; Los Angeles County; California","733300","72391",
"1400000US06037551300","Census Tract 5513; Los Angeles County; California","603200","203443",
"1400000US06037551401","Census Tract 5514.01; Los Angeles County; California","735900","77438",
"1400000US06037551402","Census Tract 5514.02; Los Angeles County; California","803700","55279",
"1400000US06037551501","Census Tract 5515.01; Los Angeles County; California","773000","61352",
"1400000US06037551502","Census Tract 5515.02; Los Angeles County; California","845700","28258",
"1400000US06037551700","Census Tract 5517; Los Angeles County; California","742400","66936",
"1400000US06037551801","Census Tract 5518.01; Los Angeles County; California","756500","85567",
"1400000US06037551802","Census Tract 5518.02; Los Angeles County; California","691600","77079",
"1400000US06037551900","Census Tract 5519; Los Angeles County; California","644700","56501",
"1400000US06037552001","Census Tract 5520.01; Los Angeles County; California","639600","23104",
"1400000US06037552002","Census Tract 5520.02; Los Angeles County; California","631600","37869",
"1400000US06037552100","Census Tract 5521; Los Angeles County; California","634700","25296",
"1400000US06037552200","Census Tract 5522; Los Angeles County; California","610700","21637",
"1400000US06037552301","Census Tract 5523.01; Los Angeles County; California","587100","38217",
"1400000US06037552302","Census Tract 5523.02; Los Angeles County; California","654400","43193",
"1400000US06037552400","Census Tract 5524; Los Angeles County; California","617700","38840",
"1400000US06037552601","Census Tract 5526.01; Los Angeles County; California","619200","27506",
"1400000US06037552602","Census Tract 5526.02; Los Angeles County; California","706000","47643",
"1400000US06037552700","Census Tract 5527; Los Angeles County; California","664800","24614",
"1400000US06037552800","Census Tract 5528; Los Angeles County; California","647000","31577",
"1400000US06037552900","Census Tract 5529; Los Angeles County; California","639500","58909",
"1400000US06037553000","Census Tract 5530; Los Angeles County; California","664800","42500",
"1400000US06037553100","Census Tract 5531; Los Angeles County; California","783900","71442",
"1400000US06037553201","Census Tract 5532.01; Los Angeles County; California","784200","43673",
"1400000US06037553202","Census Tract 5532.02; Los Angeles County; California","762400","65446",
"1400000US06037553300","Census Tract 5533; Los Angeles County; California","692100","74622",
"1400000US06037553400","Census Tract 5534; Los Angeles County; California","711900","85012",
"1400000US06037553502","Census Tract 5535.02; Los Angeles County; California","509100","119157",
"1400000US06037553503","Census Tract 5535.03; Los Angeles County; California","590400","68716",
"1400000US06037553504","Census Tract 5535.04; Los Angeles County; California","566200","39863",
"1400000US06037553601","Census Tract 5536.01; Los Angeles County; California","514000","66205",
"1400000US06037553602","Census Tract 5536.02; Los Angeles County; California","608400","33787",
"1400000US06037553701","Census Tract 5537.01; Los Angeles County; California","-","**",
"1400000US06037553702","Census Tract 5537.02; Los Angeles County; California","564000","60705",
"1400000US06037553801","Census Tract 5538.01; Los Angeles County; California","579200","96328",
"1400000US06037553802","Census Tract 5538.02; Los Angeles County; California","395500","179340",
"1400000US06037553901","Census Tract 5539.01; Los Angeles County; California","631700","76788",
"1400000US06037553902","Census Tract 5539.02; Los Angeles County; California","286800","48595",
"1400000US06037554001","Census Tract 5540.01; Los Angeles County; California","674700","44638",
"1400000US06037554002","Census Tract 5540.02; Los Angeles County; California","642100","84318",
"1400000US06037554101","Census Tract 5541.01; Los Angeles County; California","812500","52310",
"1400000US06037554105","Census Tract 5541.05; Los Angeles County; California","609900","61226",
"1400000US06037554106","Census Tract 5541.06; Los Angeles County; California","759000","89733",
"1400000US06037554201","Census Tract 5542.01; Los Angeles County; California","687200","54408",
"1400000US06037554203","Census Tract 5542.03; Los Angeles County; California","719500","94105",
"1400000US06037554204","Census Tract 5542.04; Los Angeles County; California","654100","80701",
"1400000US06037554301","Census Tract 5543.01; Los Angeles County; California","620100","67408",
"1400000US06037554302","Census Tract 5543.02; Los Angeles County; California","539400","245613",
"1400000US06037554403","Census Tract 5544.03; Los Angeles County; California","489900","137202",
"1400000US06037554404","Census Tract 5544.04; Los Angeles County; California","661400","96637",
"1400000US06037554405","Census Tract 5544.05; Los Angeles County; California","761400","149274",
"1400000US06037554406","Census Tract 5544.06; Los Angeles County; California","846500","33660",
"1400000US06037554511","Census Tract 5545.11; Los Angeles County; California","1046700","83223",
"1400000US06037554512","Census Tract 5545.12; Los Angeles County; California","969500","60672",
"1400000US06037554513","Census Tract 5545.13; Los Angeles County; California","852900","40887",
"1400000US06037554514","Census Tract 5545.14; Los Angeles County; California","863300","60566",
"1400000US06037554515","Census Tract 5545.15; Los Angeles County; California","850700","34067",
"1400000US06037554516","Census Tract 5545.16; Los Angeles County; California","1009800","57300",
"1400000US06037554517","Census Tract 5545.17; Los Angeles County; California","1019400","71547",
"1400000US06037554518","Census Tract 5545.18; Los Angeles County; California","910100","24826",
"1400000US06037554519","Census Tract 5545.19; Los Angeles County; California","971300","61990",
"1400000US06037554521","Census Tract 5545.21; Los Angeles County; California","894000","28036",
"1400000US06037554522","Census Tract 5545.22; Los Angeles County; California","975400","53556",
"1400000US06037554600","Census Tract 5546; Los Angeles County; California","636400","58413",
"1400000US06037554700","Census Tract 5547; Los Angeles County; California","602600","24244",
"1400000US06037554801","Census Tract 5548.01; Los Angeles County; California","669300","83894",
"1400000US06037554802","Census Tract 5548.02; Los Angeles County; California","810500","52621",
"1400000US06037554900","Census Tract 5549; Los Angeles County; California","798900","144447",
"1400000US06037555001","Census Tract 5550.01; Los Angeles County; California","783400","48176",
"1400000US06037555002","Census Tract 5550.02; Los Angeles County; California","682000","46443",
"1400000US06037555105","Census Tract 5551.05; Los Angeles County; California","673200","74459",
"1400000US06037555106","Census Tract 5551.06; Los Angeles County; California","526700","93262",
"1400000US06037555107","Census Tract 5551.07; Los Angeles County; California","775600","42968",
"1400000US06037555202","Census Tract 5552.02; Los Angeles County; California","983700","61359",
"1400000US06037555211","Census Tract 5552.11; Los Angeles County; California","574900","80003",
"1400000US06037555212","Census Tract 5552.12; Los Angeles County; California","550300","214110",
"1400000US06037555300","Census Tract 5553; Los Angeles County; California","645800","31091",
"1400000US06037570001","Census Tract 5700.01; Los Angeles County; California","840500","31285",
"1400000US06037570002","Census Tract 5700.02; Los Angeles County; California","797900","35053",
"1400000US06037570003","Census Tract 5700.03; Los Angeles County; California","829400","22703",
"1400000US06037570100","Census Tract 5701; Los Angeles County; California","726400","54536",
"1400000US06037570202","Census Tract 5702.02; Los Angeles County; California","608500","45352",
"1400000US06037570203","Census Tract 5702.03; Los Angeles County; California","600500","64122",
"1400000US06037570204","Census Tract 5702.04; Los Angeles County; California","587800","56900",
"1400000US06037570303","Census Tract 5703.03; Los Angeles County; California","538500","79154",
"1400000US06037570304","Census Tract 5703.04; Los Angeles County; California","593500","39661",
"1400000US06037570305","Census Tract 5703.05; Los Angeles County; California","101800","54400",
"1400000US06037570306","Census Tract 5703.06; Los Angeles County; California","614500","28905",
"1400000US06037570402","Census Tract 5704.02; Los Angeles County; California","629200","34699",
"1400000US06037570403","Census Tract 5704.03; Los Angeles County; California","451300","223611",
"1400000US06037570404","Census Tract 5704.04; Los Angeles County; California","629700","28077",
"1400000US06037570502","Census Tract 5705.02; Los Angeles County; California","633800","15786",
"1400000US06037570503","Census Tract 5705.03; Los Angeles County; California","611600","24076",
"1400000US06037570504","Census Tract 5705.04; Los Angeles County; California","653900","36557",
"1400000US06037570601","Census Tract 5706.01; Los Angeles County; California","627400","31404",
"1400000US06037570602","Census Tract 5706.02; Los Angeles County; California","644100","53786",
"1400000US06037570603","Census Tract 5706.03; Los Angeles County; California","379400","255913",
"1400000US06037570701","Census Tract 5707.01; Los Angeles County; California","792300","48595",
"1400000US06037570703","Census Tract 5707.03; Los Angeles County; California","831300","25464",
"1400000US06037570800","Census Tract 5708; Los Angeles County; California","825400","20145",
"1400000US06037570901","Census Tract 5709.01; Los Angeles County; California","858500","13420",
"1400000US06037570902","Census Tract 5709.02; Los Angeles County; California","848200","25677",
"1400000US06037571000","Census Tract 5710; Los Angeles County; California","853000","18465",
"1400000US06037571101","Census Tract 5711.01; Los Angeles County; California","816600","33771",
"1400000US06037571102","Census Tract 5711.02; Los Angeles County; California","884500","23103",
"1400000US06037571201","Census Tract 5712.01; Los Angeles County; California","1081600","83999",
"1400000US06037571202","Census Tract 5712.02; Los Angeles County; California","920100","95573",
"1400000US06037571300","Census Tract 5713; Los Angeles County; California","870800","37749",
"1400000US06037571400","Census Tract 5714; Los Angeles County; California","829200","24977",
"1400000US06037571502","Census Tract 5715.02; Los Angeles County; California","803800","49803",
"1400000US06037571504","Census Tract 5715.04; Los Angeles County; California","816400","61817",
"1400000US06037571505","Census Tract 5715.05; Los Angeles County; California","759200","58309",
"1400000US06037571600","Census Tract 5716; Los Angeles County; California","575000","299605",
"1400000US06037571701","Census Tract 5717.01; Los Angeles County; California","605200","51520",
"1400000US06037571703","Census Tract 5717.03; Los Angeles County; California","647100","26620",
"1400000US06037571704","Census Tract 5717.04; Los Angeles County; California","488300","60676",
"1400000US06037571800","Census Tract 5718; Los Angeles County; California","1281600","188843",
"1400000US06037571900","Census Tract 5719; Los Angeles County; California","1147600","116622",
"1400000US06037572001","Census Tract 5720.01; Los Angeles County; California","940300","45799",
"1400000US06037572201","Census Tract 5722.01; Los Angeles County; California","791600","63633",
"1400000US06037572202","Census Tract 5722.02; Los Angeles County; California","822600","30727",
"1400000US06037572301","Census Tract 5723.01; Los Angeles County; California","578600","41885",
"1400000US06037572500","Census Tract 5725; Los Angeles County; California","454900","47747",
"1400000US06037572600","Census Tract 5726; Los Angeles County; California","623800","54236",
"1400000US06037572700","Census Tract 5727; Los Angeles County; California","611500","22241",
"1400000US06037573002","Census Tract 5730.02; Los Angeles County; California","807500","97383",
"1400000US06037573003","Census Tract 5730.03; Los Angeles County; California","753100","79251",
"1400000US06037573004","Census Tract 5730.04; Los Angeles County; California","713100","132775",
"1400000US06037573101","Census Tract 5731.01; Los Angeles County; California","813300","100092",
"1400000US06037573102","Census Tract 5731.02; Los Angeles County; California","856000","54012",
"1400000US06037573201","Census Tract 5732.01; Los Angeles County; California","678800","104251",
"1400000US06037573202","Census Tract 5732.02; Los Angeles County; California","712300","114924",
"1400000US06037573300","Census Tract 5733; Los Angeles County; California","595000","64466",
"1400000US06037573401","Census Tract 5734.01; Los Angeles County; California","840100","105961",
"1400000US06037573402","Census Tract 5734.02; Los Angeles County; California","775100","123216",
"1400000US06037573403","Census Tract 5734.03; Los Angeles County; California","771300","84914",
"1400000US06037573601","Census Tract 5736.01; Los Angeles County; California","908400","30176",
"1400000US06037573700","Census Tract 5737; Los Angeles County; California","895000","27952",
"1400000US06037573800","Census Tract 5738; Los Angeles County; California","922000","30210",
"1400000US06037573902","Census Tract 5739.02; Los Angeles County; California","1065200","59763",
"1400000US06037574000","Census Tract 5740; Los Angeles County; California","1009000","49854",
"1400000US06037574100","Census Tract 5741; Los Angeles County; California","940100","31865",
"1400000US06037574201","Census Tract 5742.01; Los Angeles County; California","888800","25196",
"1400000US06037574202","Census Tract 5742.02; Los Angeles County; California","864400","36514",
"1400000US06037574300","Census Tract 5743; Los Angeles County; California","920600","44851",
"1400000US06037574400","Census Tract 5744; Los Angeles County; California","953200","34286",
"1400000US06037574500","Census Tract 5745; Los Angeles County; California","958900","33182",
"1400000US06037574602","Census Tract 5746.02; Los Angeles County; California","966700","129370",
"1400000US06037574800","Census Tract 5748; Los Angeles County; California","1292100","597706",
"1400000US06037574901","Census Tract 5749.01; Los Angeles County; California","1035600","45307",
"1400000US06037574902","Census Tract 5749.02; Los Angeles County; California","725900","82374",
"1400000US06037575001","Census Tract 5750.01; Los Angeles County; California","835200","43705",
"1400000US06037575002","Census Tract 5750.02; Los Angeles County; California","778100","58272",
"1400000US06037575101","Census Tract 5751.01; Los Angeles County; California","511900","102558",
"1400000US06037575102","Census Tract 5751.02; Los Angeles County; California","660700","79131",
"1400000US06037575103","Census Tract 5751.03; Los Angeles County; California","468400","43128",
"1400000US06037575201","Census Tract 5752.01; Los Angeles County; California","584100","87288",
"1400000US06037575202","Census Tract 5752.02; Los Angeles County; California","706200","142461",
"1400000US06037575300","Census Tract 5753; Los Angeles County; California","570500","285345",
"1400000US06037575401","Census Tract 5754.01; Los Angeles County; California","450000","288747",
"1400000US06037575402","Census Tract 5754.02; Los Angeles County; California","387200","96054",
"1400000US06037575801","Census Tract 5758.01; Los Angeles County; California","789100","145985",
"1400000US06037575802","Census Tract 5758.02; Los Angeles County; California","561100","207988",
"1400000US06037575803","Census Tract 5758.03; Los Angeles County; California","478600","195375",
"1400000US06037575901","Census Tract 5759.01; Los Angeles County; California","456200","30976",
"1400000US06037575902","Census Tract 5759.02; Los Angeles County; California","445800","70539",
"1400000US06037576001","Census Tract 5760.01; Los Angeles County; California","462900","26182",
"1400000US06037576200","Census Tract 5762; Los Angeles County; California","811800","94526",
"1400000US06037576301","Census Tract 5763.01; Los Angeles County; California","642400","112487",
"1400000US06037576302","Census Tract 5763.02; Los Angeles County; California","765200","603986",
"1400000US06037576401","Census Tract 5764.01; Los Angeles County; California","488100","239377",
"1400000US06037576402","Census Tract 5764.02; Los Angeles County; California","655700","80114",
"1400000US06037576403","Census Tract 5764.03; Los Angeles County; California","524400","121637",
"1400000US06037576501","Census Tract 5765.01; Los Angeles County; California","515600","119229",
"1400000US06037576502","Census Tract 5765.02; Los Angeles County; California","568700","116380",
"1400000US06037576503","Census Tract 5765.03; Los Angeles County; California","774800","118239",
"1400000US06037576601","Census Tract 5766.01; Los Angeles County; California","655300","88821",
"1400000US06037576602","Census Tract 5766.02; Los Angeles County; California","740800","119073",
"1400000US06037576700","Census Tract 5767; Los Angeles County; California","983400","252415",
"1400000US06037576801","Census Tract 5768.01; Los Angeles County; California","689800","139482",
"1400000US06037576802","Census Tract 5768.02; Los Angeles County; California","835300","102799",
"1400000US06037576901","Census Tract 5769.01; Los Angeles County; California","833700","49662",
"1400000US06037576903","Census Tract 5769.03; Los Angeles County; California","633100","168068",
"1400000US06037576904","Census Tract 5769.04; Los Angeles County; California","885200","53120",
"1400000US06037577000","Census Tract 5770; Los Angeles County; California","924100","149800",
"1400000US06037577100","Census Tract 5771; Los Angeles County; California","1056900","170006",
"1400000US06037577200","Census Tract 5772; Los Angeles County; California","1022900","254480",
"1400000US06037577300","Census Tract 5773; Los Angeles County; California","1221900","122727",
"1400000US06037577400","Census Tract 5774; Los Angeles County; California","1511100","228322",
"1400000US06037577501","Census Tract 5775.01; Los Angeles County; California","1585000","228016",
"1400000US06037577504","Census Tract 5775.04; Los Angeles County; California","2,000,000+","***",
"1400000US06037577602","Census Tract 5776.02; Los Angeles County; California","881400","73893",
"1400000US06037577604","Census Tract 5776.04; Los Angeles County; California","826000","31399",
"1400000US06037577605","Census Tract 5776.05; Los Angeles County; California","1250000","167273",
"1400000US06037577606","Census Tract 5776.06; Los Angeles County; California","1189600","250169",
"1400000US06037577700","Census Tract 5777; Los Angeles County; California","699200","78352",
"1400000US06037577800","Census Tract 5778; Los Angeles County; California","670500","32788",
"1400000US06037577900","Census Tract 5779; Los Angeles County; California","591600","51476",
"1400000US06037578000","Census Tract 5780; Los Angeles County; California","609800","60511",
"1400000US06037578100","Census Tract 5781; Los Angeles County; California","-","**",
"1400000US06037599000","Census Tract 5990; Los Angeles County; California","936000","100720",
"1400000US06037599100","Census Tract 5991; Los Angeles County; California","-","**",
"1400000US06037600100","Census Tract 6001; Los Angeles County; California","651900","79321",
"1400000US06037600201","Census Tract 6002.01; Los Angeles County; California","606600","59320",
"1400000US06037600202","Census Tract 6002.02; Los Angeles County; California","634300","71121",
"1400000US06037600302","Census Tract 6003.02; Los Angeles County; California","680700","44180",
"1400000US06037600303","Census Tract 6003.03; Los Angeles County; California","810000","124803",
"1400000US06037600304","Census Tract 6003.04; Los Angeles County; California","-","**",
"1400000US06037600400","Census Tract 6004; Los Angeles County; California","667800","69758",
"1400000US06037600501","Census Tract 6005.01; Los Angeles County; California","858800","19388",
"1400000US06037600601","Census Tract 6006.01; Los Angeles County; California","904500","89364",
"1400000US06037600602","Census Tract 6006.02; Los Angeles County; California","706700","252411",
"1400000US06037600702","Census Tract 6007.02; Los Angeles County; California","886800","32827",
"1400000US06037600703","Census Tract 6007.03; Los Angeles County; California","721300","45146",
"1400000US06037600704","Census Tract 6007.04; Los Angeles County; California","814800","68479",
"1400000US06037600801","Census Tract 6008.01; Los Angeles County; California","894100","49753",
"1400000US06037600802","Census Tract 6008.02; Los Angeles County; California","844000","145253",
"1400000US06037600902","Census Tract 6009.02; Los Angeles County; California","615600","60685",
"1400000US06037600911","Census Tract 6009.11; Los Angeles County; California","901400","69129",
"1400000US06037600912","Census Tract 6009.12; Los Angeles County; California","741300","92566",
"1400000US06037601001","Census Tract 6010.01; Los Angeles County; California","1075500","88965",
"1400000US06037601002","Census Tract 6010.02; Los Angeles County; California","694400","85608",
"1400000US06037601100","Census Tract 6011; Los Angeles County; California","690700","106870",
"1400000US06037601202","Census Tract 6012.02; Los Angeles County; California","806700","56213",
"1400000US06037601211","Census Tract 6012.11; Los Angeles County; California","622000","153096",
"1400000US06037601212","Census Tract 6012.12; Los Angeles County; California","681000","190125",
"1400000US06037601301","Census Tract 6013.01; Los Angeles County; California","968800","73365",
"1400000US06037601302","Census Tract 6013.02; Los Angeles County; California","599300","68279",
"1400000US06037601303","Census Tract 6013.03; Los Angeles County; California","645200","65003",
"1400000US06037601401","Census Tract 6014.01; Los Angeles County; California","782100","93556",
"1400000US06037601402","Census Tract 6014.02; Los Angeles County; California","748800","81970",
"1400000US06037601501","Census Tract 6015.01; Los Angeles County; California","617000","73345",
"1400000US06037601502","Census Tract 6015.02; Los Angeles County; California","837600","84249",
"1400000US06037601600","Census Tract 6016; Los Angeles County; California","681200","91673",
"1400000US06037601700","Census Tract 6017; Los Angeles County; California","641200","153295",
"1400000US06037601801","Census Tract 6018.01; Los Angeles County; California","733800","96374",
"1400000US06037601802","Census Tract 6018.02; Los Angeles County; California","681700","59832",
"1400000US06037601900","Census Tract 6019; Los Angeles County; California","778800","117815",
"1400000US06037602002","Census Tract 6020.02; Los Angeles County; California","778000","67755",
"1400000US06037602003","Census Tract 6020.03; Los Angeles County; California","742000","112257",
"1400000US06037602103","Census Tract 6021.03; Los Angeles County; California","762400","220530",
"1400000US06037602104","Census Tract 6021.04; Los Angeles County; California","676600","55952",
"1400000US06037602105","Census Tract 6021.05; Los Angeles County; California","786100","130658",
"1400000US06037602106","Census Tract 6021.06; Los Angeles County; California","697800","131232",
"1400000US06037602201","Census Tract 6022.01; Los Angeles County; California","1002500","60209",
"1400000US06037602202","Census Tract 6022.02; Los Angeles County; California","825700","126477",
"1400000US06037602301","Census Tract 6023.01; Los Angeles County; California","902200","33451",
"1400000US06037602302","Census Tract 6023.02; Los Angeles County; California","1152100","47895",
"1400000US06037602402","Census Tract 6024.02; Los Angeles County; California","929800","39652",
"1400000US06037602403","Census Tract 6024.03; Los Angeles County; California","887500","153356",
"1400000US06037602404","Census Tract 6024.04; Los Angeles County; California","954100","173725",
"1400000US06037602504","Census Tract 6025.04; Los Angeles County; California","835100","45080",
"1400000US06037602505","Census Tract 6025.05; Los Angeles County; California","625000","58922",
"1400000US06037602506","Census Tract 6025.06; Los Angeles County; California","572600","121725",
"1400000US06037602507","Census Tract 6025.07; Los Angeles County; California","577000","100414",
"1400000US06037602510","Census Tract 6025.10; Los Angeles County; California","844800","115752",
"1400000US06037602511","Census Tract 6025.11; Los Angeles County; California","745000","192061",
"1400000US06037602512","Census Tract 6025.12; Los Angeles County; California","726600","93051",
"1400000US06037602513","Census Tract 6025.13; Los Angeles County; California","566400","79752",
"1400000US06037602601","Census Tract 6026.01; Los Angeles County; California","806600","40232",
"1400000US06037602602","Census Tract 6026.02; Los Angeles County; California","771300","118585",
"1400000US06037602700","Census Tract 6027; Los Angeles County; California","811500","37857",
"1400000US06037602801","Census Tract 6028.01; Los Angeles County; California","577700","95204",
"1400000US06037602802","Census Tract 6028.02; Los Angeles County; California","753800","60772",
"1400000US06037602900","Census Tract 6029; Los Angeles County; California","609500","60669",
"1400000US06037603004","Census Tract 6030.04; Los Angeles County; California","630300","63937",
"1400000US06037603005","Census Tract 6030.05; Los Angeles County; California","552300","60059",
"1400000US06037603006","Census Tract 6030.06; Los Angeles County; California","695000","57747",
"1400000US06037603007","Census Tract 6030.07; Los Angeles County; California","745500","93130",
"1400000US06037603008","Census Tract 6030.08; Los Angeles County; California","594400","102076",
"1400000US06037603101","Census Tract 6031.01; Los Angeles County; California","634000","36172",
"1400000US06037603102","Census Tract 6031.02; Los Angeles County; California","656000","46346",
"1400000US06037603200","Census Tract 6032; Los Angeles County; California","689800","118367",
"1400000US06037603301","Census Tract 6033.01; Los Angeles County; California","766400","121446",
"1400000US06037603302","Census Tract 6033.02; Los Angeles County; California","673900","99792",
"1400000US06037603400","Census Tract 6034; Los Angeles County; California","740500","60832",
"1400000US06037603500","Census Tract 6035; Los Angeles County; California","767600","60577",
"1400000US06037603600","Census Tract 6036; Los Angeles County; California","732700","58759",
"1400000US06037603702","Census Tract 6037.02; Los Angeles County; California","845200","32358",
"1400000US06037603703","Census Tract 6037.03; Los Angeles County; California","868500","23815",
"1400000US06037603705","Census Tract 6037.05; Los Angeles County; California","556200","216979",
"1400000US06037603706","Census Tract 6037.06; Los Angeles County; California","559500","233254",
"1400000US06037603801","Census Tract 6038.01; Los Angeles County; California","854400","114309",
"1400000US06037603802","Census Tract 6038.02; Los Angeles County; California","714900","88690",
"1400000US06037603901","Census Tract 6039.01; Los Angeles County; California","713200","94695",
"1400000US06037603902","Census Tract 6039.02; Los Angeles County; California","763800","164672",
"1400000US06037604001","Census Tract 6040.01; Los Angeles County; California","791900","86698",
"1400000US06037604002","Census Tract 6040.02; Los Angeles County; California","869000","75193",
"1400000US06037604101","Census Tract 6041.01; Los Angeles County; California","849800","68929",
"1400000US06037604102","Census Tract 6041.02; Los Angeles County; California","746000","87453",
"1400000US06037604200","Census Tract 6042; Los Angeles County; California","701600","56083",
"1400000US06037609900","Census Tract 6099; Los Angeles County; California","825500","60060",
"1400000US06037620001","Census Tract 6200.01; Los Angeles County; California","1649600","52537",
"1400000US06037620002","Census Tract 6200.02; Los Angeles County; California","1505300","437387",
"1400000US06037620101","Census Tract 6201.01; Los Angeles County; California","1343900","217257",
"1400000US06037620102","Census Tract 6201.02; Los Angeles County; California","1773900","200692",
"1400000US06037620201","Census Tract 6202.01; Los Angeles County; California","2,000,000+","***",
"1400000US06037620301","Census Tract 6203.01; Los Angeles County; California","2,000,000+","***",
"1400000US06037620303","Census Tract 6203.03; Los Angeles County; California","2,000,000+","***",
"1400000US06037620305","Census Tract 6203.05; Los Angeles County; California","2,000,000+","***",
"1400000US06037620400","Census Tract 6204; Los Angeles County; California","1877500","198636",
"1400000US06037620501","Census Tract 6205.01; Los Angeles County; California","1195100","167006",
"1400000US06037620521","Census Tract 6205.21; Los Angeles County; California","1188700","74285",
"1400000US06037620522","Census Tract 6205.22; Los Angeles County; California","1299800","176521",
"1400000US06037620601","Census Tract 6206.01; Los Angeles County; California","954800","99125",
"1400000US06037620602","Census Tract 6206.02; Los Angeles County; California","1058600","205147",
"1400000US06037620701","Census Tract 6207.01; Los Angeles County; California","1490800","113533",
"1400000US06037620703","Census Tract 6207.03; Los Angeles County; California","1497400","93492",
"1400000US06037620704","Census Tract 6207.04; Los Angeles County; California","1376500","93309",
"1400000US06037620801","Census Tract 6208.01; Los Angeles County; California","2,000,000+","***",
"1400000US06037620802","Census Tract 6208.02; Los Angeles County; California","2,000,000+","***",
"1400000US06037620901","Census Tract 6209.01; Los Angeles County; California","2,000,000+","***",
"1400000US06037620904","Census Tract 6209.04; Los Angeles County; California","2,000,000+","***",
"1400000US06037621001","Census Tract 6210.01; Los Angeles County; California","1957000","125849",
"1400000US06037621005","Census Tract 6210.05; Los Angeles County; California","2,000,000+","***",
"1400000US06037621102","Census Tract 6211.02; Los Angeles County; California","1888200","206755",
"1400000US06037621104","Census Tract 6211.04; Los Angeles County; California","2,000,000+","***",
"1400000US06037621201","Census Tract 6212.01; Los Angeles County; California","1235400","385540",
"1400000US06037621204","Census Tract 6212.04; Los Angeles County; California","995400","127579",
"1400000US06037621301","Census Tract 6213.01; Los Angeles County; California","1207500","203344",
"1400000US06037621324","Census Tract 6213.24; Los Angeles County; California","1636500","167469",
"1400000US06037621326","Census Tract 6213.26; Los Angeles County; California","2,000,000+","***",
"1400000US06037621400","Census Tract 6214; Los Angeles County; California","1683300","208794",
"1400000US06037650001","Census Tract 6500.01; Los Angeles County; California","963400","78813",
"1400000US06037650003","Census Tract 6500.03; Los Angeles County; California","929400","65190",
"1400000US06037650004","Census Tract 6500.04; Los Angeles County; California","890400","77545",
"1400000US06037650101","Census Tract 6501.01; Los Angeles County; California","911200","32322",
"1400000US06037650102","Census Tract 6501.02; Los Angeles County; California","900200","33849",
"1400000US06037650200","Census Tract 6502; Los Angeles County; California","954300","47195",
"1400000US06037650300","Census Tract 6503; Los Angeles County; California","874400","65080",
"1400000US06037650401","Census Tract 6504.01; Los Angeles County; California","1091500","33590",
"1400000US06037650501","Census Tract 6505.01; Los Angeles County; California","1121200","45973",
"1400000US06037650502","Census Tract 6505.02; Los Angeles County; California","1375900","103563",
"1400000US06037650603","Census Tract 6506.03; Los Angeles County; California","1345300","110414",
"1400000US06037650604","Census Tract 6506.04; Los Angeles County; California","767900","183689",
"1400000US06037650605","Census Tract 6506.05; Los Angeles County; California","1122000","78974",
"1400000US06037650606","Census Tract 6506.06; Los Angeles County; California","836500","240785",
"1400000US06037650607","Census Tract 6506.07; Los Angeles County; California","1071700","61751",
"1400000US06037650701","Census Tract 6507.01; Los Angeles County; California","1144500","41225",
"1400000US06037650702","Census Tract 6507.02; Los Angeles County; California","1192500","80894",
"1400000US06037650801","Census Tract 6508.01; Los Angeles County; California","914700","49356",
"1400000US06037650802","Census Tract 6508.02; Los Angeles County; California","702900","63064",
"1400000US06037650901","Census Tract 6509.01; Los Angeles County; California","970800","123917",
"1400000US06037650903","Census Tract 6509.03; Los Angeles County; California","916500","33261",
"1400000US06037650904","Census Tract 6509.04; Los Angeles County; California","821600","83874",
"1400000US06037651001","Census Tract 6510.01; Los Angeles County; California","1028700","59222",
"1400000US06037651002","Census Tract 6510.02; Los Angeles County; California","1112400","49868",
"1400000US06037651101","Census Tract 6511.01; Los Angeles County; California","1303300","118794",
"1400000US06037651102","Census Tract 6511.02; Los Angeles County; California","925600","217342",
"1400000US06037651201","Census Tract 6512.01; Los Angeles County; California","1393100","128718",
"1400000US06037651221","Census Tract 6512.21; Los Angeles County; California","1219500","108577",
"1400000US06037651222","Census Tract 6512.22; Los Angeles County; California","1142300","87914",
"1400000US06037651302","Census Tract 6513.02; Los Angeles County; California","1706100","69692",
"1400000US06037651304","Census Tract 6513.04; Los Angeles County; California","1559400","153402",
"1400000US06037651401","Census Tract 6514.01; Los Angeles County; California","1103800","79578",
"1400000US06037651402","Census Tract 6514.02; Los Angeles County; California","1167700","54978",
"1400000US06037670001","Census Tract 6700.01; Los Angeles County; California","727600","116304",
"1400000US06037670002","Census Tract 6700.02; Los Angeles County; California","873900","51484",
"1400000US06037670003","Census Tract 6700.03; Los Angeles County; California","884100","64260",
"1400000US06037670101","Census Tract 6701.01; Los Angeles County; California","879000","70202",
"1400000US06037670102","Census Tract 6701.02; Los Angeles County; California","665500","73675",
"1400000US06037670201","Census Tract 6702.01; Los Angeles County; California","2,000,000+","***",
"1400000US06037670202","Census Tract 6702.02; Los Angeles County; California","1712100","91682",
"1400000US06037670324","Census Tract 6703.24; Los Angeles County; California","2,000,000+","***",
"1400000US06037670326","Census Tract 6703.26; Los Angeles County; California","2,000,000+","***",
"1400000US06037670328","Census Tract 6703.28; Los Angeles County; California","2,000,000+","***",
"1400000US06037670405","Census Tract 6704.05; Los Angeles County; California","1407100","210651",
"1400000US06037670406","Census Tract 6704.06; Los Angeles County; California","2,000,000+","***",
"1400000US06037670407","Census Tract 6704.07; Los Angeles County; California","1389800","298839",
"1400000US06037670413","Census Tract 6704.13; Los Angeles County; California","1643000","55687",
"1400000US06037670416","Census Tract 6704.16; Los Angeles County; California","2,000,000+","***",
"1400000US06037670417","Census Tract 6704.17; Los Angeles County; California","1753800","109686",
"1400000US06037670418","Census Tract 6704.18; Los Angeles County; California","1637600","115848",
"1400000US06037670500","Census Tract 6705; Los Angeles County; California","2,000,000+","***",
"1400000US06037670603","Census Tract 6706.03; Los Angeles County; California","2,000,000+","***",
"1400000US06037670604","Census Tract 6706.04; Los Angeles County; California","1703200","164368",
"1400000US06037670701","Census Tract 6707.01; Los Angeles County; California","1129600","57718",
"1400000US06037670702","Census Tract 6707.02; Los Angeles County; California","1673400","157852",
"1400000US06037700101","Census Tract 7001.01; Los Angeles County; California","1644500","511817",
"1400000US06037700102","Census Tract 7001.02; Los Angeles County; California","1100000","1056522",
"1400000US06037700200","Census Tract 7002; Los Angeles County; California","941100","216946",
"1400000US06037700300","Census Tract 7003; Los Angeles County; California","794300","125493",
"1400000US06037700400","Census Tract 7004; Los Angeles County; California","2,000,000+","***",
"1400000US06037700501","Census Tract 7005.01; Los Angeles County; California","1106500","426974",
"1400000US06037700502","Census Tract 7005.02; Los Angeles County; California","847500","36481",
"1400000US06037700600","Census Tract 7006; Los Angeles County; California","2,000,000+","***",
"1400000US06037700700","Census Tract 7007; Los Angeles County; California","2,000,000+","***",
"1400000US06037700801","Census Tract 7008.01; Los Angeles County; California","1521200","316236",
"1400000US06037700802","Census Tract 7008.02; Los Angeles County; California","1742600","233032",
"1400000US06037700901","Census Tract 7009.01; Los Angeles County; California","2,000,000+","***",
"1400000US06037700902","Census Tract 7009.02; Los Angeles County; California","2,000,000+","***",
"1400000US06037701000","Census Tract 7010; Los Angeles County; California","2,000,000+","***",
"1400000US06037701201","Census Tract 7012.01; Los Angeles County; California","2,000,000+","***",
"1400000US06037701202","Census Tract 7012.02; Los Angeles County; California","1558000","211721",
"1400000US06037701302","Census Tract 7013.02; Los Angeles County; California","1069900","246622",
"1400000US06037701304","Census Tract 7013.04; Los Angeles County; California","2,000,000+","***",
"1400000US06037701402","Census Tract 7014.02; Los Angeles County; California","1307100","327399",
"1400000US06037701501","Census Tract 7015.01; Los Angeles County; California","1233800","154647",
"1400000US06037701502","Census Tract 7015.02; Los Angeles County; California","1135400","105711",
"1400000US06037701601","Census Tract 7016.01; Los Angeles County; California","2,000,000+","***",
"1400000US06037701602","Census Tract 7016.02; Los Angeles County; California","1130500","131278",
"1400000US06037701701","Census Tract 7017.01; Los Angeles County; California","1125000","111139",
"1400000US06037701702","Census Tract 7017.02; Los Angeles County; California","1183300","141227",
"1400000US06037701801","Census Tract 7018.01; Los Angeles County; California","1507900","484113",
"1400000US06037701802","Census Tract 7018.02; Los Angeles County; California","1462000","213868",
"1400000US06037701902","Census Tract 7019.02; Los Angeles County; California","-","**",
"1400000US06037702002","Census Tract 7020.02; Los Angeles County; California","1405900","280103",
"1400000US06037702102","Census Tract 7021.02; Los Angeles County; California","1622500","152374",
"1400000US06037702201","Census Tract 7022.01; Los Angeles County; California","2,000,000+","***",
"1400000US06037702202","Census Tract 7022.02; Los Angeles County; California","2,000,000+","***",
"1400000US06037702300","Census Tract 7023; Los Angeles County; California","2,000,000+","***",
"1400000US06037702400","Census Tract 7024; Los Angeles County; California","1567500","98844",
"1400000US06037702501","Census Tract 7025.01; Los Angeles County; California","1766300","240845",
"1400000US06037702502","Census Tract 7025.02; Los Angeles County; California","724100","108673",
"1400000US06037702600","Census Tract 7026; Los Angeles County; California","1196200","88490",
"1400000US06037702700","Census Tract 7027; Los Angeles County; California","1524300","114027",
"1400000US06037702801","Census Tract 7028.01; Los Angeles County; California","1182300","156309",
"1400000US06037702802","Census Tract 7028.02; Los Angeles County; California","1366700","198966",
"1400000US06037702803","Census Tract 7028.03; Los Angeles County; California","1612400","103849",
"1400000US06037702900","Census Tract 7029; Los Angeles County; California","458800","42261",
"1400000US06037703002","Census Tract 7030.02; Los Angeles County; California","1633700","118072",
"1400000US06037703003","Census Tract 7030.03; Los Angeles County; California","628200","56778",
"1400000US06037703100","Census Tract 7031; Los Angeles County; California","1080400","127410",
"1400000US06037703200","Census Tract 7032; Los Angeles County; California","1211400","184543",
"1400000US06037800101","Census Tract 8001.01; Los Angeles County; California","1474000","112371",
"1400000US06037800103","Census Tract 8001.03; Los Angeles County; California","1625000","333757",
"1400000US06037800104","Census Tract 8001.04; Los Angeles County; California","1704400","339879",
"1400000US06037800202","Census Tract 8002.02; Los Angeles County; California","2,000,000+","***",
"1400000US06037800204","Census Tract 8002.04; Los Angeles County; California","1656400","192896",
"1400000US06037800205","Census Tract 8002.05; Los Angeles County; California","1001500","106967",
"1400000US06037800206","Census Tract 8002.06; Los Angeles County; California","2,000,000+","***",
"1400000US06037800324","Census Tract 8003.24; Los Angeles County; California","991300","52970",
"1400000US06037800325","Census Tract 8003.25; Los Angeles County; California","1412900","130506",
"1400000US06037800328","Census Tract 8003.28; Los Angeles County; California","1584200","86720",
"1400000US06037800333","Census Tract 8003.33; Los Angeles County; California","708600","124931",
"1400000US06037800334","Census Tract 8003.34; Los Angeles County; California","1099600","96641",
"1400000US06037800335","Census Tract 8003.35; Los Angeles County; California","1567700","220723",
"1400000US06037800336","Census Tract 8003.36; Los Angeles County; California","1160200","127754",
"1400000US06037800337","Census Tract 8003.37; Los Angeles County; California","991800","347461",
"1400000US06037800338","Census Tract 8003.38; Los Angeles County; California","1537100","116423",
"1400000US06037800406","Census Tract 8004.06; Los Angeles County; California","2,000,000+","***",
"1400000US06037800410","Census Tract 8004.10; Los Angeles County; California","1653200","182728",
"1400000US06037800411","Census Tract 8004.11; Los Angeles County; California","2,000,000+","***",
"1400000US06037800412","Census Tract 8004.12; Los Angeles County; California","2,000,000+","***",
"1400000US06037800504","Census Tract 8005.04; Los Angeles County; California","2,000,000+","***",
"1400000US06037800506","Census Tract 8005.06; Los Angeles County; California","2,000,000+","***",
"1400000US06037900102","Census Tract 9001.02; Los Angeles County; California","274300","55347",
"1400000US06037900103","Census Tract 9001.03; Los Angeles County; California","298200","29617",
"1400000US06037900104","Census Tract 9001.04; Los Angeles County; California","342200","27072",
"1400000US06037900301","Census Tract 9003.01; Los Angeles County; California","432600","20834",
"1400000US06037900501","Census Tract 9005.01; Los Angeles County; California","390100","48136",
"1400000US06037900504","Census Tract 9005.04; Los Angeles County; California","505500","51708",
"1400000US06037900505","Census Tract 9005.05; Los Angeles County; California","402100","37269",
"1400000US06037900506","Census Tract 9005.06; Los Angeles County; California","418400","34860",
"1400000US06037900508","Census Tract 9005.08; Los Angeles County; California","452300","13584",
"1400000US06037900509","Census Tract 9005.09; Los Angeles County; California","172900","53647",
"1400000US06037900510","Census Tract 9005.10; Los Angeles County; California","478500","74347",
"1400000US06037900602","Census Tract 9006.02; Los Angeles County; California","116600","23935",
"1400000US06037900606","Census Tract 9006.06; Los Angeles County; California","362700","31535",
"1400000US06037900607","Census Tract 9006.07; Los Angeles County; California","377700","31460",
"1400000US06037900608","Census Tract 9006.08; Los Angeles County; California","392500","33298",
"1400000US06037900609","Census Tract 9006.09; Los Angeles County; California","382200","49507",
"1400000US06037900610","Census Tract 9006.10; Los Angeles County; California","85000","21780",
"1400000US06037900611","Census Tract 9006.11; Los Angeles County; California","436800","30077",
"1400000US06037900701","Census Tract 9007.01; Los Angeles County; California","384700","33811",
"1400000US06037900703","Census Tract 9007.03; Los Angeles County; California","334500","26635",
"1400000US06037900704","Census Tract 9007.04; Los Angeles County; California","-","**",
"1400000US06037900705","Census Tract 9007.05; Los Angeles County; California","413800","72305",
"1400000US06037900804","Census Tract 9008.04; Los Angeles County; California","338300","37838",
"1400000US06037900805","Census Tract 9008.05; Los Angeles County; California","354200","68363",
"1400000US06037900806","Census Tract 9008.06; Los Angeles County; California","384300","124284",
"1400000US06037900807","Census Tract 9008.07; Los Angeles County; California","446900","19184",
"1400000US06037900808","Census Tract 9008.08; Los Angeles County; California","367200","18231",
"1400000US06037900901","Census Tract 9009.01; Los Angeles County; California","552400","83469",
"1400000US06037900902","Census Tract 9009.02; Los Angeles County; California","409800","80297",
"1400000US06037901003","Census Tract 9010.03; Los Angeles County; California","-","**",
"1400000US06037901007","Census Tract 9010.07; Los Angeles County; California","481100","55941",
"1400000US06037901008","Census Tract 9010.08; Los Angeles County; California","451500","28345",
"1400000US06037901009","Census Tract 9010.09; Los Angeles County; California","541300","33511",
"1400000US06037901010","Census Tract 9010.10; Los Angeles County; California","483600","50438",
"1400000US06037901011","Census Tract 9010.11; Los Angeles County; California","476900","35161",
"1400000US06037901012","Census Tract 9010.12; Los Angeles County; California","579900","46814",
"1400000US06037901013","Census Tract 9010.13; Los Angeles County; California","561000","42770",
"1400000US06037901014","Census Tract 9010.14; Los Angeles County; California","545400","43737",
"1400000US06037901101","Census Tract 9011.01; Los Angeles County; California","537200","41118",
"1400000US06037901102","Census Tract 9011.02; Los Angeles County; California","483100","30355",
"1400000US06037901209","Census Tract 9012.09; Los Angeles County; California","383700","106450",
"1400000US06037901210","Census Tract 9012.10; Los Angeles County; California","411200","31600",
"1400000US06037901214","Census Tract 9012.14; Los Angeles County; California","496200","43752",
"1400000US06037901215","Census Tract 9012.15; Los Angeles County; California","582400","33662",
"1400000US06037901216","Census Tract 9012.16; Los Angeles County; California","570500","49460",
"1400000US06037901217","Census Tract 9012.17; Los Angeles County; California","715200","113074",
"1400000US06037901218","Census Tract 9012.18; Los Angeles County; California","672900","23867",
"1400000US06037901300","Census Tract 9013; Los Angeles County; California","452300","114276",
"1400000US06037910002","Census Tract 9100.02; Los Angeles County; California","394300","37658",
"1400000US06037910210","Census Tract 9102.10; Los Angeles County; California","612800","22569",
"1400000US06037910211","Census Tract 9102.11; Los Angeles County; California","856500","66243",
"1400000US06037910212","Census Tract 9102.12; Los Angeles County; California","786700","80542",
"1400000US06037910213","Census Tract 9102.13; Los Angeles County; California","699700","61199",
"1400000US06037910214","Census Tract 9102.14; Los Angeles County; California","564300","28898",
"1400000US06037910215","Census Tract 9102.15; Los Angeles County; California","485600","52138",
"1400000US06037910216","Census Tract 9102.16; Los Angeles County; California","537300","48648",
"1400000US06037910217","Census Tract 9102.17; Los Angeles County; California","585500","27514",
"1400000US06037910218","Census Tract 9102.18; Los Angeles County; California","483000","51302",
"1400000US06037910301","Census Tract 9103.01; Los Angeles County; California","585600","32878",
"1400000US06037910302","Census Tract 9103.02; Los Angeles County; California","548200","63476",
"1400000US06037910401","Census Tract 9104.01; Los Angeles County; California","552500","44905",
"1400000US06037910404","Census Tract 9104.04; Los Angeles County; California","446800","17838",
"1400000US06037910405","Census Tract 9104.05; Los Angeles County; California","388300","33427",
"1400000US06037910501","Census Tract 9105.01; Los Angeles County; California","365200","92085",
"1400000US06037910502","Census Tract 9105.02; Los Angeles County; California","368600","22903",
"1400000US06037910504","Census Tract 9105.04; Los Angeles County; California","422500","42539",
"1400000US06037910505","Census Tract 9105.05; Los Angeles County; California","418300","38331",
"1400000US06037910601","Census Tract 9106.01; Los Angeles County; California","375100","25768",
"1400000US06037910602","Census Tract 9106.02; Los Angeles County; California","326500","77698",
"1400000US06037910605","Census Tract 9106.05; Los Angeles County; California","424900","17419",
"1400000US06037910606","Census Tract 9106.06; Los Angeles County; California","432600","15051",
"1400000US06037910607","Census Tract 9106.07; Los Angeles County; California","439900","46102",
"1400000US06037910608","Census Tract 9106.08; Los Angeles County; California","401300","38963",
"1400000US06037910706","Census Tract 9107.06; Los Angeles County; California","462600","14412",
"1400000US06037910707","Census Tract 9107.07; Los Angeles County; California","430400","39465",
"1400000US06037910709","Census Tract 9107.09; Los Angeles County; California","520600","46245",
"1400000US06037910712","Census Tract 9107.12; Los Angeles County; California","427800","31156",
"1400000US06037910713","Census Tract 9107.13; Los Angeles County; California","438300","24934",
"1400000US06037910714","Census Tract 9107.14; Los Angeles County; California","401200","31099",
"1400000US06037910715","Census Tract 9107.15; Los Angeles County; California","430600","16387",
"1400000US06037910716","Census Tract 9107.16; Los Angeles County; California","439000","27182",
"1400000US06037910717","Census Tract 9107.17; Los Angeles County; California","473300","68903",
"1400000US06037910718","Census Tract 9107.18; Los Angeles County; California","468800","34316",
"1400000US06037910719","Census Tract 9107.19; Los Angeles County; California","569700","39071",
"1400000US06037910720","Census Tract 9107.20; Los Angeles County; California","369400","49577",
"1400000US06037910721","Census Tract 9107.21; Los Angeles County; California","455500","20340",
"1400000US06037910804","Census Tract 9108.04; Los Angeles County; California","810100","59491",
"1400000US06037910807","Census Tract 9108.07; Los Angeles County; California","704400","41439",
"1400000US06037910808","Census Tract 9108.08; Los Angeles County; California","663400","28609",
"1400000US06037910809","Census Tract 9108.09; Los Angeles County; California","1325800","143025",
"1400000US06037910810","Census Tract 9108.10; Los Angeles County; California","885200","58397",
"1400000US06037910814","Census Tract 9108.14; Los Angeles County; California","860300","84343",
"1400000US06037910815","Census Tract 9108.15; Los Angeles County; California","701100","65844",
"1400000US06037911001","Census Tract 9110.01; Los Angeles County; California","386000","47550",
"1400000US06037911100","Census Tract 9111; Los Angeles County; California","377800","20971",
"1400000US06037920013","Census Tract 9200.13; Los Angeles County; California","780200","64026",
"1400000US06037920015","Census Tract 9200.15; Los Angeles County; California","894200","31741",
"1400000US06037920016","Census Tract 9200.16; Los Angeles County; California","972500","75162",
"1400000US06037920017","Census Tract 9200.17; Los Angeles County; California","728600","55027",
"1400000US06037920018","Census Tract 9200.18; Los Angeles County; California","766700","46381",
"1400000US06037920020","Census Tract 9200.20; Los Angeles County; California","791900","43820",
"1400000US06037920028","Census Tract 9200.28; Los Angeles County; California","665800","38468",
"1400000US06037920029","Census Tract 9200.29; Los Angeles County; California","496200","167245",
"1400000US06037920030","Census Tract 9200.30; Los Angeles County; California","703900","89594",
"1400000US06037920031","Census Tract 9200.31; Los Angeles County; California","484200","35131",
"1400000US06037920034","Census Tract 9200.34; Los Angeles County; California","972600","74781",
"1400000US06037920035","Census Tract 9200.35; Los Angeles County; California","595000","49934",
"1400000US06037920038","Census Tract 9200.38; Los Angeles County; California","348300","35481",
"1400000US06037920039","Census Tract 9200.39; Los Angeles County; California","826600","30018",
"1400000US06037920040","Census Tract 9200.40; Los Angeles County; California","835000","57435",
"1400000US06037920041","Census Tract 9200.41; Los Angeles County; California","632000","45355",
"1400000US06037920042","Census Tract 9200.42; Los Angeles County; California","597700","96025",
"1400000US06037920043","Census Tract 9200.43; Los Angeles County; California","905100","27990",
"1400000US06037920044","Census Tract 9200.44; Los Angeles County; California","689800","39999",
"1400000US06037920045","Census Tract 9200.45; Los Angeles County; California","840400","31284",
"1400000US06037920046","Census Tract 9200.46; Los Angeles County; California","424900","20656",
"1400000US06037920047","Census Tract 9200.47; Los Angeles County; California","-","**",
"1400000US06037920048","Census Tract 9200.48; Los Angeles County; California","582700","48941",
"1400000US06037920049","Census Tract 9200.49; Los Angeles County; California","917200","39053",
"1400000US06037920050","Census Tract 9200.50; Los Angeles County; California","356000","29687",
"1400000US06037920102","Census Tract 9201.02; Los Angeles County; California","660600","56234",
"1400000US06037920104","Census Tract 9201.04; Los Angeles County; California","804600","64758",
"1400000US06037920106","Census Tract 9201.06; Los Angeles County; California","575200","43503",
"1400000US06037920109","Census Tract 9201.09; Los Angeles County; California","822900","32877",
"1400000US06037920110","Census Tract 9201.10; Los Angeles County; California","980700","64777",
"1400000US06037920111","Census Tract 9201.11; Los Angeles County; California","736400","52456",
"1400000US06037920112","Census Tract 9201.12; Los Angeles County; California","820700","37465",
"1400000US06037920114","Census Tract 9201.14; Los Angeles County; California","846100","41294",
"1400000US06037920115","Census Tract 9201.15; Los Angeles County; California","883500","54785",
"1400000US06037920116","Census Tract 9201.16; Los Angeles County; California","756500","49218",
"1400000US06037920118","Census Tract 9201.18; Los Angeles County; California","813700","32156",
"1400000US06037920119","Census Tract 9201.19; Los Angeles County; California","917200","33352",
"1400000US06037920120","Census Tract 9201.20; Los Angeles County; California","953400","54436",
"1400000US06037920121","Census Tract 9201.21; Los Angeles County; California","859000","31318",
"1400000US06037920200","Census Tract 9202; Los Angeles County; California","-","**",
"1400000US06037920303","Census Tract 9203.03; Los Angeles County; California","1205900","1177148",
"1400000US06037920312","Census Tract 9203.12; Los Angeles County; California","927900","100085",
"1400000US06037920313","Census Tract 9203.13; Los Angeles County; California","842500","42196",
"1400000US06037920314","Census Tract 9203.14; Los Angeles County; California","883000","48228",
"1400000US06037920322","Census Tract 9203.22; Los Angeles County; California","843700","26778",
"1400000US06037920326","Census Tract 9203.26; Los Angeles County; California","940500","69491",
"1400000US06037920328","Census Tract 9203.28; Los Angeles County; California","1258400","193488",
"1400000US06037920329","Census Tract 9203.29; Los Angeles County; California","803900","47275",
"1400000US06037920330","Census Tract 9203.30; Los Angeles County; California","761000","51313",
"1400000US06037920331","Census Tract 9203.31; Los Angeles County; California","783700","37074",
"1400000US06037920332","Census Tract 9203.32; Los Angeles County; California","955000","319979",
"1400000US06037920334","Census Tract 9203.34; Los Angeles County; California","783800","55102",
"1400000US06037920338","Census Tract 9203.38; Los Angeles County; California","1102100","28003",
"1400000US06037920339","Census Tract 9203.39; Los Angeles County; California","1097500","130472",
"1400000US06037920340","Census Tract 9203.40; Los Angeles County; California","714300","49246",
"1400000US06037920341","Census Tract 9203.41; Los Angeles County; California","587100","86862",
"1400000US06037920342","Census Tract 9203.42; Los Angeles County; California","550900","351250",
"1400000US06037920343","Census Tract 9203.43; Los Angeles County; California","496700","118787",
"1400000US06037930400","Census Tract 9304; Los Angeles County; California","674100","123762",
"1400000US06037980001","Census Tract 9800.01; Los Angeles County; California","-","**",
"1400000US06037980002","Census Tract 9800.02; Los Angeles County; California","-","**",
"1400000US06037980003","Census Tract 9800.03; Los Angeles County; California","-","**",
"1400000US06037980004","Census Tract 9800.04; Los Angeles County; California","-","**",
"1400000US06037980005","Census Tract 9800.05; Los Angeles County; California","-","**",
"1400000US06037980006","Census Tract 9800.06; Los Angeles County; California","-","**",
"1400000US06037980007","Census Tract 9800.07; Los Angeles County; California","-","**",
"1400000US06037980008","Census Tract 9800.08; Los Angeles County; California","-","**",
"1400000US06037980009","Census Tract 9800.09; Los Angeles County; California","-","**",
"1400000US06037980010","Census Tract 9800.10; Los Angeles County; California","-","**",
"1400000US06037980011","Census Tract 9800.11; Los Angeles County; California","-","**",
"1400000US06037980012","Census Tract 9800.12; Los Angeles County; California","-","**",
"1400000US06037980013","Census Tract 9800.13; Los Angeles County; California","-","**",
"1400000US06037980014","Census Tract 9800.14; Los Angeles County; California","-","**",
"1400000US06037980015","Census Tract 9800.15; Los Angeles County; California","1427400","245642",
"1400000US06037980016","Census Tract 9800.16; Los Angeles County; California","916700","166194",
"1400000US06037980017","Census Tract 9800.17; Los Angeles County; California","-","**",
"1400000US06037980018","Census Tract 9800.18; Los Angeles County; California","-","**",
"1400000US06037980019","Census Tract 9800.19; Los Angeles County; California","1375000","56054",
"1400000US06037980020","Census Tract 9800.20; Los Angeles County; California","-","**",
"1400000US06037980021","Census Tract 9800.21; Los Angeles County; California","-","**",
"1400000US06037980022","Census Tract 9800.22; Los Angeles County; California","-","**",
"1400000US06037980023","Census Tract 9800.23; Los Angeles County; California","-","**",
"1400000US06037980024","Census Tract 9800.24; Los Angeles County; California","-","**",
"1400000US06037980025","Census Tract 9800.25; Los Angeles County; California","-","**",
"1400000US06037980026","Census Tract 9800.26; Los Angeles County; California","-","**",
"1400000US06037980028","Census Tract 9800.28; Los Angeles County; California","-","**",
"1400000US06037980030","Census Tract 9800.30; Los Angeles County; California","-","**",
"1400000US06037980031","Census Tract 9800.31; Los Angeles County; California","-","**",
"1400000US06037980033","Census Tract 9800.33; Los Angeles County; California","-","**",
"1400000US06037980034","Census Tract 9800.34; Los Angeles County; California","-","**",
"1400000US06037980035","Census Tract 9800.35; Los Angeles County; California","-","**",
"1400000US06037980036","Census Tract 9800.36; Los Angeles County; California","735300","228583",
"1400000US06037980037","Census Tract 9800.37; Los Angeles County; California","-","**",
"1400000US06037980038","Census Tract 9800.38; Los Angeles County; California","-","**",
"1400000US06037980039","Census Tract 9800.39; Los Angeles County; California","-","**",
"1400000US06037990100","Census Tract 9901; Los Angeles County; California","-","**",
"1400000US06037990200","Census Tract 9902; Los Angeles County; California","-","**",
"1400000US06037990300","Census Tract 9903; Los Angeles County; California","-","**",
