"HUD ID Number","Project Name","Project Address","Project City","Project State","Project ZIP Code","County","Project's Latitude","Project's Longitude","place2020","Total Number of Units","Total Low-Income Units","Placed-In-Service Year","Credit Allocation Year","For-profit/non-profit Sponsor","Credit Type","Home Investment Partnership Funds","Community Development Block Grant (CDBG) Funds","FHA-insured Loan","Part of a HOPE VI Development","Dollar Amount of HOME Funds","Dollar Amount of CDBG Funds","Dollar Amount of HOPEVI Funds","Annual LIHTC Allocation Amount"
"CAA00000133","MACARTHUR PARK APTS PHASE B","676 S ALVARADO ST","LOS ANGELES","CA","90057","Los Angeles County","34.057045","-118.276216","44000","82","81","8888","2013","Status Not Available","Information Not Available","Status Not Available","Status Not Available","Status Not Available","Status Not Available","","","",""
"CAA19870090","HDR FUND APTS I","1040-1042 W. 43RD ST.; 1733 W. 58TH ST; 2375 SCARFF ST; 2747 NEWELL","LOS ANGELES","CA","","Los Angeles County","34.005309","-118.292416","44000","76","76","1987","1987","For-Profit Sponsor","70% Present Value Credit","Status Not Available","Status Not Available","Status Not Available","Status Not Available","","","","91311"
"CAA19879241","9414 S CENTRAL AVE","9414 S CENTRAL AVE","LOS ANGELES","CA","90002","Los Angeles County","33.951003","-118.254455","44000","3","3","1987","1987","Status Not Available","Information Not Available","Status Not Available","Status Not Available","Status Not Available","Status Not Available","","","",""
"CAA19879242","9418 S CENTRAL AVE","9418 S CENTRAL AVE","LOS ANGELES","CA","90002","Los Angeles County","33.950964","-118.254416","44000","3","3","1987","1987","Status Not Available","Information Not Available","Status Not Available","Status Not Available","Status Not Available","Status Not Available","","","",""
"CAA19879243","NEWEHALL TERRACE","24377 NEWHALL AVE","SANTA CLARITA","CA","91321","Los Angeles County","34.3786","-118.531778","69088","66","66","1987","1987","Status Not Available","Information Not Available","Status Not Available","Status Not Available","Status Not Available","Status Not Available","","","",""
"CAA19879245","SUNOL TERRACE","159 S SUNOL DR","LOS ANGELES","CA","90063","Los Angeles County","34.034688","-118.178811","20802","14","14","1987","1987","Status Not Available","Information Not Available","Status Not Available","Status Not Available","Status Not Available","Status Not Available","","","",""
"CAA19880085","ARMINTA NORTH & SOUTH","11038 ARMINTA ST","SUN VALLEY","CA","91352","Los Angeles County","34.213715","-118.371467","44000","60","12","1988","1988","For-Profit Sponsor","70% Present Value Credit","Status Not Available","Status Not Available","Status Not Available","Status Not Available","","","","35795"
"CAA19880185","FLAMINGO GARDEN SENIOR","3711 COGSWELL RD","EL MONTE","CA","91732","Los Angeles County","34.071281","-118.014972","22230","58","58","1988","1988","For-Profit Sponsor","70% Present Value Credit","Status Not Available","Status Not Available","Status Not Available","Status Not Available","","","","214556"
"CAA19880215","HDR FUND APTS II","1040-1042 W. 43RD ST.; 1733 W. 58TH ST; 2375 SCARFF ST; 2747 NEWELL","LOS ANGELES","CA","","Los Angeles County","34.005309","-118.292416","44000","49","49","1988","1987","For-Profit Sponsor","70% Present Value Credit","Status Not Available","Status Not Available","Status Not Available","Status Not Available","","","","54665"
"CAA19880265","MIDCITIES","835 S OXFORD AVE","LOS ANGELES","CA","90005","Los Angeles County","34.056595","-118.308021","44000","59","59","1988","1987","For-Profit Sponsor","70% Present Value Credit","Status Not Available","Status Not Available","Status Not Available","Status Not Available","","","","62158"
"CAA19880385","VIRGINIA AVENUE","5623 VIRGINIA AVE","LOS ANGELES","CA","90038","Los Angeles County","34.091947","-118.311741","44000","28","20","1988","1988","For-Profit Sponsor","70% Present Value Credit","Status Not Available","Status Not Available","Status Not Available","Status Not Available","","","","25827"
"CAA19889687","NORMANDIE APTS","1516 N NORMANDIE AVE","LOS ANGELES","CA","90027","Los Angeles County","34.098665","-118.300323","44000","33","40","1988","1988","Status Not Available","Information Not Available","Status Not Available","Status Not Available","Status Not Available","Status Not Available","","","",""
"CAA19889688","WILLOWBROOK (LOS ANGELES)","1653 E 117TH ST","LOS ANGELES","CA","90059","Los Angeles County","33.927891","-118.244444","85614","2","2","1988","1988","Status Not Available","Information Not Available","Status Not Available","Status Not Available","Status Not Available","Status Not Available","","","",""
"CAA19890005","1513 W PICO BLVD","1513 W PICO BLVD","LOS ANGELES","CA","90015","Los Angeles County","34.04423","-118.275605","44000","32","32","1989","1988","For-Profit Sponsor","70% Present Value Credit","Status Not Available","Status Not Available","Status Not Available","Status Not Available","","","","29634"
"CAA19890110","FLORES APTS","1507 W PICO BLVD","LOS ANGELES","CA","90015","Los Angeles County","34.044148","-118.275423","44000","26","26","1989","1988","For-Profit Sponsor","70% Present Value Credit","Status Not Available","Status Not Available","Status Not Available","Status Not Available","","","","26721"
"CAA19890200","MARENGO STREET APTS","2649 MARENGO ST","LOS ANGELES","CA","90033","Los Angeles County","34.054331","-118.198748","44000","24","24","1989","1989","For-Profit Sponsor","70% Present Value Credit","Status Not Available","Status Not Available","Status Not Available","Status Not Available","","","","155298"
"CAA19890230","PERSHING HOTEL","502 S MAIN ST","LOS ANGELES","CA","90013","Los Angeles County","34.046521","-118.248445","44000","65","65","1989","1989","For-Profit Sponsor","70% Present Value Credit","Status Not Available","Status Not Available","Status Not Available","Status Not Available","","","","274211"
"CAA19890310","VILLA PARKE HOMES","422 N RAYMOND AVE","PASADENA","CA","91103","Los Angeles County","34.153184","-118.148745","56000","9","9","1989","1989","For-Profit Sponsor","70% Present Value Credit","Status Not Available","Status Not Available","Status Not Available","Status Not Available","","","","89309"
"CAA19900055","SUNFLOWER NORTON APTS","1242 S NORTON AVE","LOS ANGELES","CA","90019","Los Angeles County","34.048285","-118.323303","44000","10","10","1990","1990","For-Profit Sponsor","70% Present Value Credit","Status Not Available","Status Not Available","Status Not Available","Status Not Available","","","","108490"
"CAA19900066","2020 2030 CLOVERFIELD 2030","2020 CLOVERFIELD BLVD","SANTA MONICA","CA","90404","Los Angeles County","34.022399","-118.46705","70000","32","32","1990","1989","For-Profit Sponsor","70% Present Value Credit","Status Not Available","Status Not Available","Status Not Available","Status Not Available","","","","65014"
"CAA19900078","CASA GUADALUPE","5127 HUNTINGTON DR N","LOS ANGELES","CA","90032","Los Angeles County","34.090012","-118.169879","44000","22","22","1990","1989","For-Profit Sponsor","70% Present Value Credit","Status Not Available","Status Not Available","Status Not Available","Status Not Available","","","","70000"
"CAA19900079","CENTENNIAL PLACE","235 E HOLLY ST","PASADENA","CA","91101","Los Angeles County","34.147811","-118.145888","56000","144","144","1990","1989","For-Profit Sponsor","70% Present Value Credit","Status Not Available","Status Not Available","Status Not Available","Status Not Available","","","","632256"
"CAA19900085","DUANE HEIGHTS","2271 DUANE ST","LOS ANGELES","CA","90039","Los Angeles County","34.091023","-118.261239","44000","14","14","1990","1989","For-Profit Sponsor","70% Present Value Credit","Status Not Available","Status Not Available","Status Not Available","Status Not Available","","","","54968"
"CAA19900090","GRANDVIEW APTS","428 S GRAND VIEW ST","LOS ANGELES","CA","90057","Los Angeles County","34.061998","-118.275733","44000","27","27","1990","1988","For-Profit Sponsor","70% Present Value Credit","Status Not Available","Status Not Available","Status Not Available","Status Not Available","","","","251717"
"CAA19900093","HARPER AVENUE PARTNERS","1276 N HARPER AVE","WEST HOLLYWOOD","CA","90046","Los Angeles County","34.093669","-118.368683","84410","17","17","1990","1989","For-Profit Sponsor","70% Present Value Credit","Status Not Available","Status Not Available","Status Not Available","Status Not Available","","","","122043"
"CAA19900100","KINGSWOOD APTS","5173 HOLLYWOOD BLVD","LOS ANGELES","CA","90027","Los Angeles County","34.101912","-118.302687","44000","43","43","1990","1988","For-Profit Sponsor","70% Present Value Credit","Status Not Available","Status Not Available","Status Not Available","Status Not Available","","","","303872"
"CAA19909813","1723-1725 W 9TH ST","1723 W NINTH ST","LOS ANGELES","CA","90015","Los Angeles County","34.051656","-118.274961","44000","63","63","1990","1988","Status Not Available","Information Not Available","Status Not Available","Status Not Available","Status Not Available","Status Not Available","","","",""
"CAA19909819","3715 W FIRST ST","3715 W FIRST ST","LOS ANGELES","CA","90004","Los Angeles County","34.072874","-118.293836","44000","55","55","1990","1988","Status Not Available","Information Not Available","Status Not Available","Status Not Available","Status Not Available","Status Not Available","","","",""
"CAA19909821","728 S BERENDO ST","728 S BERENDO ST","LOS ANGELES","CA","90005","Los Angeles County","34.059189","-118.293955","44000","40","40","1990","1988","Status Not Available","Information Not Available","Status Not Available","Status Not Available","Status Not Available","Status Not Available","","","",""
"CAA19909825","ALOHA APTS","6731 LELAND WAY","LOS ANGELES","CA","90028","Los Angeles County","34.096804","-118.337226","44000","74","74","1990","1988","Status Not Available","Information Not Available","Status Not Available","Status Not Available","Status Not Available","Status Not Available","","","",""
"CAA19909826","APPLETON APTS","738 S NEW HAMPSHIRE AVE","LOS ANGELES","CA","90005","Los Angeles County","34.058954","-118.292694","44000","48","48","1990","1988","Status Not Available","Information Not Available","Status Not Available","Status Not Available","Status Not Available","Status Not Available","","","",""
"CAA19909829","NEW HAMPSHIRE APTS","716 S BERENDO ST","LOS ANGELES","CA","90005","Los Angeles County","34.059423","-118.293957","44000","70","70","1990","1988","Status Not Available","Information Not Available","Status Not Available","Status Not Available","Status Not Available","Status Not Available","","","",""
"CAA19909836","S NORTON AVENUE","1121 S NORTON AVE","LOS ANGELES","CA","90019","Los Angeles County","34.050925","-118.322393","44000","20","20","1990","1988","For-Profit Sponsor","70% Present Value Credit","Status Not Available","Status Not Available","Status Not Available","Status Not Available","","","","15388"
"CAA19910030","GREENVIEW VILLAGE APTS","825 GREEN AVE","LOS ANGELES","CA","90017","Los Angeles County","34.051238","-118.271591","44000","48","48","1991","1991","For-Profit Sponsor","70% Present Value Credit","Status Not Available","Status Not Available","Status Not Available","Status Not Available","","","","492211"
"CAA19910075","SHAHEEN/SHEHAB","8209 S BROADWAY","LOS ANGELES","CA","90003","Los Angeles County","33.964988","-118.278487","44000","10","10","1991","1991","For-Profit Sponsor","70% Present Value Credit","Status Not Available","Status Not Available","Status Not Available","Status Not Available","","","","75397"
"CAA19910125","GILBERT LINDSAY MANOR","601 W 40TH PL","LOS ANGELES","CA","90037","Los Angeles County","34.010706","-118.284474","44000","137","137","1991","1989","For-Profit Sponsor","70% Present Value Credit","Status Not Available","Status Not Available","Status Not Available","Status Not Available","","","","1435355"
"CAA19910141","PRENTICE APTS","1014 E SEVENTH ST","LOS ANGELES","CA","90021","Los Angeles County","34.038398","-118.24372","44000","45","45","1991","1989","For-Profit Sponsor","70% Present Value Credit","Status Not Available","Status Not Available","Status Not Available","Status Not Available","","","","211495"
"CAA19910144","SAN PEDRO FIRM BUILDING","112 JUDGE JOHN AISO ST","LOS ANGELES","CA","90012","Los Angeles County","34.050611","-118.240428","44000","42","42","1991","1989","For-Profit Sponsor","70% Present Value Credit","Status Not Available","Status Not Available","Status Not Available","Status Not Available","","","","237573"
"CAA19910154","WARD VILLAS","1177 W ADAMS BLVD","LOS ANGELES","CA","90007","Los Angeles County","34.032551","-118.285494","44000","120","120","1991","1989","For-Profit Sponsor","70% Present Value Credit","Status Not Available","Status Not Available","Status Not Available","Status Not Available","","","","1026270"
"CAA19920030","CASA ESPERANZA","206 E 23RD ST","LOS ANGELES","CA","90011","Los Angeles County","34.026564","-118.265877","44000","10","10","1992","1990","For-Profit Sponsor","70% Present Value Credit","Status Not Available","Status Not Available","Status Not Available","Status Not Available","","","","101301"
"CAA19920060","CRESCENT HOTEL","617 E FIFTH ST","LOS ANGELES","CA","90013","Los Angeles County","34.043561","-118.242516","44000","55","55","1992","1990","For-Profit Sponsor","70% Present Value Credit","Status Not Available","Status Not Available","Status Not Available","Status Not Available","","","","367446"
"CAA19920080","DUNNING APTS","5552 CARLTON WAY","LOS ANGELES","CA","90028","Los Angeles County","34.100348","-118.310924","44000","26","24","1992","1990","For-Profit Sponsor","70% Present Value Credit","Status Not Available","Status Not Available","Status Not Available","Status Not Available","","","","295599"
"CAA19920105","HARMONY GATE","5220 HARMONY AVE","NORTH HOLLYWOOD","CA","91601","Los Angeles County","34.165563","-118.366247","44000","70","70","1992","1990","For-Profit Sponsor","70% Present Value Credit","Status Not Available","Status Not Available","Status Not Available","Status Not Available","","","","973498"
"CAA19920110","HARPER COMMUNITY APTS","1260 N HARPER AVE","WEST HOLLYWOOD","CA","90046","Los Angeles County","34.093269","-118.368682","84410","22","22","1992","1990","For-Profit Sponsor","70% Present Value Credit","Status Not Available","Status Not Available","Status Not Available","Status Not Available","","","","209517"
"CAA19920155","LEONIDE APTS","512 S MAIN ST","LOS ANGELES","CA","90013","Los Angeles County","34.046258","-118.248702","44000","66","66","1992","1991","For-Profit Sponsor","70% Present Value Credit","Status Not Available","Status Not Available","Status Not Available","Status Not Available","","","","304746"
"CAA19920175","OSAGE APTS","11128 S OSAGE AVE","LENNOX","CA","90304","Los Angeles County","33.933788","-118.34589","41180","21","21","1992","1990","For-Profit Sponsor","70% Present Value Credit","Status Not Available","Status Not Available","Status Not Available","Status Not Available","","","","199121"
"CAA19920180","PACIFIC COURT APTS","250 PACIFIC AVE","LONG BEACH","CA","90802","Los Angeles County","33.769923","-118.193454","43000","142","29","1992","1993","For-Profit Sponsor","30% Present Value Credit","Status Not Available","Status Not Available","Status Not Available","Status Not Available","","","",""
"CAA19920185","PALMER HOUSE","555 E PALMER AVE","GLENDALE","CA","91205","Los Angeles County","34.132812","-118.248508","30000","21","21","1992","1990","For-Profit Sponsor","70% Present Value Credit","Status Not Available","Status Not Available","Status Not Available","Status Not Available","","","","206704"
"CAA19920205","ROBERTA STEVENS VILLAS","1035 E 27TH ST","LOS ANGELES","CA","90011","Los Angeles County","34.018078","-118.255693","44000","40","40","1992","1990","For-Profit Sponsor","70% Present Value Credit","Status Not Available","Status Not Available","Status Not Available","Status Not Available","","","","426368"
"CAA19920245","SIMONE HOTEL","520 SAN JULIAN ST","LOS ANGELES","CA","90013","Los Angeles County","34.043941","-118.245151","44000","123","123","1992","1990","For-Profit Sponsor","70% Present Value Credit","Status Not Available","Status Not Available","Status Not Available","Status Not Available","","","","612446"
"CAA19920250","ST MARK'S HOTEL","611 E FIFTH ST","LOS ANGELES","CA","90013","Los Angeles County","34.04359","-118.242561","44000","91","91","1992","1990","For-Profit Sponsor","70% Present Value Credit","Status Not Available","Status Not Available","Status Not Available","Status Not Available","","","","452514"
"CAA19920285","HART HOTEL","508 E FOURTH ST","LOS ANGELES","CA","90013","Los Angeles County","34.044733","-118.24157","44000","39","39","1992","1990","For-Profit Sponsor","70% Present Value Credit","Status Not Available","Status Not Available","Status Not Available","Status Not Available","","","","199478"
"CAA19920290","LAS AMERICAS HOTEL","1205 E SIXTH ST","LOS ANGELES","CA","90021","Los Angeles County","34.038306","-118.238048","44000","60","60","1992","1990","For-Profit Sponsor","70% Present Value Credit","Status Not Available","Status Not Available","Status Not Available","Status Not Available","","","","329786"
"CAA19920305","THE SANBORN HOTEL","526 S MAIN ST","LOS ANGELES","CA","90013","Los Angeles County","34.045956","-118.248998","44000","46","46","1992","1991","For-Profit Sponsor","70% Present Value Credit","Status Not Available","Status Not Available","Status Not Available","Status Not Available","","","","205077"
"CAA19920325","VILLA LOS ROBLES","473 N LOS ROBLES AVE","PASADENA","CA","91101","Los Angeles County","34.154092","-118.141676","56000","8","8","1992","1990","For-Profit Sponsor","70% Present Value Credit","Status Not Available","Status Not Available","Status Not Available","Status Not Available","","","","73349"
"CAA19929367","4TH STREET APTS","1562 W FOURTH ST","LOS ANGELES","CA","90017","Los Angeles County","34.058707","-118.267302","44000","44","44","1992","1990","Status Not Available","Information Not Available","Status Not Available","Status Not Available","Status Not Available","Status Not Available","","","",""
"CAA19930015","ARLINGTON RODEO APTS","3804 ARLINGTON AVE","LOS ANGELES","CA","90008","Los Angeles County","34.017969","-118.318036","44000","29","29","1993","1991","For-Profit Sponsor","70% Present Value Credit","Status Not Available","Status Not Available","Status Not Available","Status Not Available","","","","509217"
"CAA19930030","CASA GLORIA","1450 W TEMPLE ST","LOS ANGELES","CA","90026","Los Angeles County","34.067417","-118.258153","44000","46","46","1993","1991","For-Profit Sponsor","70% Present Value Credit","Status Not Available","Status Not Available","Status Not Available","Status Not Available","","","","930551"
"CAA19930035","CASA LOMA APTS","379 LOMA DR","LOS ANGELES","CA","90017","Los Angeles County","34.058776","-118.26643","44000","110","110","1993","1990","For-Profit Sponsor","70% Present Value Credit","Status Not Available","Status Not Available","Status Not Available","Status Not Available","","","","1516495"
"CAA19930090","ELEVENTH AVENUE APTS","6726 11TH AVE","LOS ANGELES","CA","90043","Los Angeles County","33.97782","-118.329186","44000","22","22","1993","1991","For-Profit Sponsor","70% Present Value Credit","Status Not Available","Status Not Available","Status Not Available","Status Not Available","","","","255294"
"CAA19930095","EUCALYPTUS GARDEN APTS","PO BOX 2229","AVALON","CA","90704","Los Angeles County","33.4725","-118.5243","3274","80","38","1993","1990","For-Profit Sponsor","70% Present Value Credit","Status Not Available","Status Not Available","Status Not Available","Status Not Available","","","","272767"
"CAA19930105","GREENWOOD-17TH STREET","1828 17TH ST","SANTA MONICA","CA","90404","Los Angeles County","34.0203","-118.47601","70000","7","5","1993","1990","For-Profit Sponsor","70% Present Value Credit","Status Not Available","Status Not Available","Status Not Available","Status Not Available","","","","61963"
"CAA19930110","GREENWOOD/15TH STREET","1747 15TH ST","SANTA MONICA","CA","90404","Los Angeles County","34.019628","-118.478366","70000","9","8","1993","1990","For-Profit Sponsor","70% Present Value Credit","Status Not Available","Status Not Available","Status Not Available","Status Not Available","","","","97241"
"CAA19930115","GARCIA APTS","1968 19TH ST","SANTA MONICA","CA","90404","Los Angeles County","34.01982","-118.471792","70000","7","6","1993","1990","For-Profit Sponsor","70% Present Value Credit","Status Not Available","Status Not Available","Status Not Available","Status Not Available","","","","74402"
"CAA19930120","GREENWOOD BERKELEY","1544 BERKELEY ST","SANTA MONICA","CA","90404","Los Angeles County","34.034793","-118.467146","70000","7","5","1993","1990","For-Profit Sponsor","70% Present Value Credit","Status Not Available","Status Not Available","Status Not Available","Status Not Available","","","","55894"
"CAA19930135","HENDERSON HOMES","3804 WISCONSIN ST","LOS ANGELES","CA","90037","Los Angeles County","34.016774","-118.292879","44000","11","11","1993","1991","For-Profit Sponsor","70% Present Value Credit","Status Not Available","Status Not Available","Status Not Available","Status Not Available","","","","127322"
"CAA19930140","KOREAN YOUTH CENTER APTS","3987 W SEVENTH ST","LOS ANGELES","CA","90005","Los Angeles County","34.059964","-118.313698","44000","19","19","1993","1991","For-Profit Sponsor","70% Present Value Credit","Status Not Available","Status Not Available","Status Not Available","Status Not Available","","","","188058"
"CAA19930185","OLYMPIA HOTEL","1201 E SEVENTH ST","LOS ANGELES","CA","90021","Los Angeles County","34.037716","-118.242134","44000","48","48","1993","1990","For-Profit Sponsor","70% Present Value Credit","Status Not Available","Status Not Available","Status Not Available","Status Not Available","","","","298141"
"CAA19930220","ROBINSON VILLA","3845 WISCONSIN ST","LOS ANGELES","CA","90037","Los Angeles County","34.016352","-118.293271","44000","12","12","1993","1991","For-Profit Sponsor","70% Present Value Credit","Status Not Available","Status Not Available","Status Not Available","Status Not Available","","","","143976"
"CAA19930230","SAN FELIPE HOMES","690 N HERBERT AVE","LOS ANGELES","CA","90063","Los Angeles County","34.044631","-118.182774","20802","20","20","1993","1991","For-Profit Sponsor","70% Present Value Credit","Status Not Available","Status Not Available","Status Not Available","Status Not Available","","","","363055"
"CAA19930265","LONGHORN PAVILION","36523 25TH ST E","PALMDALE","CA","93550","Los Angeles County","34.551837","-118.086383","55156","304","304","1993","1993","For-Profit Sponsor","70% Present Value Credit","Status Not Available","Status Not Available","Status Not Available","Status Not Available","","","","2749831"
"CAA19930325","VIRGINIA VILLAGE","2425 VIRGINIA AVE","SANTA MONICA","CA","90404","Los Angeles County","34.024633","-118.465853","70000","13","12","1993","1991","For-Profit Sponsor","70% Present Value Credit","Status Not Available","Status Not Available","Status Not Available","Status Not Available","","","","117627"
"CAA19930341","CLAREMONT VILLAS SENIOR","100 S INDIAN HILL BLVD","CLAREMONT","CA","91711","Los Angeles County","34.093395","-117.719063","13756","154","153","1993","1993","For-Profit Sponsor","70% Present Value Credit","Status Not Available","Status Not Available","Status Not Available","Status Not Available","","","","1045847"
"CAA19930346","MARINA POINTE APTS","13603 MARINA POINTE DR","MARINA DEL REY","CA","90292","Los Angeles County","33.985579","-118.444071","44000","583","117","1993","1993","For-Profit Sponsor","30% Present Value Credit","Status Not Available","Status Not Available","Status Not Available","Status Not Available","","","","490127"
"CAA19940040","BEECHWOOD TERRACE","1117 ELM AVE","LONG BEACH","CA","90813","Los Angeles County","33.781106","-118.188205","43000","25","25","1994","1993","For-Profit Sponsor","70% Present Value Credit","Status Not Available","Status Not Available","Status Not Available","Status Not Available","","","","345178"
"CAA19940045","BEVERLY CITY LIGHTS","107 S CARONDELET ST","LOS ANGELES","CA","90057","Los Angeles County","34.068285","-118.275021","44000","40","40","1994","1992","For-Profit Sponsor","70% Present Value Credit","Status Not Available","Status Not Available","Status Not Available","Status Not Available","","","","341168"
"CAA19940060","CASA BERENDO","1240 N BERENDO ST","LOS ANGELES","CA","90029","Los Angeles County","34.094226","-118.294454","44000","20","20","1994","1993","For-Profit Sponsor","70% Present Value Credit","Status Not Available","Status Not Available","Status Not Available","Status Not Available","","","","252810"
"CAA19940080","COLDEN OAKS","225 E COLDEN AVE","LOS ANGELES","CA","90003","Los Angeles County","33.949381","-118.270819","44000","38","38","1994","1992","For-Profit Sponsor","70% Present Value Credit","Status Not Available","Status Not Available","Status Not Available","Status Not Available","","","","224776"
"CAA19940090","CRESCENT COURT","1412 W 12TH ST","LOS ANGELES","CA","90015","Los Angeles County","34.044792","-118.273316","44000","32","32","1994","1992","For-Profit Sponsor","70% Present Value Credit","Status Not Available","Status Not Available","Status Not Available","Status Not Available","","","","386549"
"CAA19940095","CURRY TEMPLE SENIOR APTS","1001 N HICKORY AVE","COMPTON","CA","90220","Los Angeles County","33.902739","-118.22867","15044","48","48","1994","1992","For-Profit Sponsor","70% Present Value Credit","Status Not Available","Status Not Available","Status Not Available","Status Not Available","","","","355184"
"CAA19940160","HILLVIEW VILLAGE","12408 VAN NUYS BLVD","PACOIMA","CA","91331","Los Angeles County","34.279296","-118.403689","44000","50","49","1994","1993","For-Profit Sponsor","70% Present Value Credit","Status Not Available","Status Not Available","Status Not Available","Status Not Available","","","","338810"
"CAA19940165","HOPE WEST APTS","1231 W BLVD","LOS ANGELES","CA","90019","Los Angeles County","34.050938","-118.333071","44000","17","17","1994","1992","For-Profit Sponsor","70% Present Value Credit","Status Not Available","Status Not Available","Status Not Available","Status Not Available","","","","258337"
"CAA19940190","LAS BRISAS","200 N BIXEL ST","LOS ANGELES","CA","90026","Los Angeles County","34.062757","-118.255165","44000","30","30","1994","1992","For-Profit Sponsor","70% Present Value Credit","Status Not Available","Status Not Available","Status Not Available","Status Not Available","","","","351860"
"CAA19940200","LAUREL NORTON INTER GENERATIONAL COMMUNITY APARTME","1217 N LAUREL AVE","WEST HOLLYWOOD","CA","90046","Los Angeles County","34.092238","-118.364639","84410","41","40","1994","1992","For-Profit Sponsor","70% Present Value Credit","Status Not Available","Status Not Available","Status Not Available","Status Not Available","","","","458280"
"CAA19940215","LUCAS STUDIOS PROJECT","1203 W SEVENTH ST","LOS ANGELES","CA","90017","Los Angeles County","34.051644","-118.265739","44000","218","218","1994","1994","For-Profit Sponsor","Information Not Available","Status Not Available","Status Not Available","Status Not Available","Status Not Available","","","",""
"CAA19940220","MARION HOTEL","642 CROCKER ST","LOS ANGELES","CA","90021","Los Angeles County","34.040521","-118.245176","44000","44","44","1994","1992","For-Profit Sponsor","70% Present Value Credit","Status Not Available","Status Not Available","Status Not Available","Status Not Available","","","","334498"
"CAA19940225","MARY ANDREWS CLARK RESIDENCE","306 LOMA DR","LOS ANGELES","CA","90017","Los Angeles County","34.059619","-118.265578","44000","152","152","1994","1993","For-Profit Sponsor","70% Present Value Credit","Status Not Available","Status Not Available","Status Not Available","Status Not Available","","","","1107358"
"CAA19940240","MONTE VISTA APTS (GLENDALE)","714 E ELK AVE","GLENDALE","CA","91205","Los Angeles County","34.141603","-118.246545","30000","9","9","1994","1992","For-Profit Sponsor","70% Present Value Credit","Status Not Available","Status Not Available","Status Not Available","Status Not Available","","","","101439"
"CAA19940250","NAVY BLUE APTS","102 NAVY ST","VENICE","CA","90291","Los Angeles County","33.996913","-118.479535","44000","14","14","1994","1992","For-Profit Sponsor","70% Present Value Credit","Status Not Available","Status Not Available","Status Not Available","Status Not Available","","","","94022"
"CAA19940275","PALM GARDEN APTS","10130 VALLEY BLVD","EL MONTE","CA","91731","Los Angeles County","34.077482","-118.049507","22230","90","89","1994","1993","For-Profit Sponsor","70% Present Value Credit","Status Not Available","Status Not Available","Status Not Available","Status Not Available","","","","249271"
"CAA19940285","PARKE LOS ROBLES","626 N LOS ROBLES AVE","PASADENA","CA","91101","Los Angeles County","34.15666","-118.141309","56000","12","12","1994","1992","For-Profit Sponsor","70% Present Value Credit","Status Not Available","Status Not Available","Status Not Available","Status Not Available","","","","146477"
"CAA19940290","PARKVIEW APTS (LOS ANGELES)","622 S ALVARADO ST","LOS ANGELES","CA","90057","Los Angeles County","34.058624","-118.275214","44000","198","198","1994","1992","For-Profit Sponsor","70% Present Value Credit","Status Not Available","Status Not Available","Status Not Available","Status Not Available","","","","861047"
"CAA19940315","PRODUCE PLACE","676 S CENTRAL AVE","LOS ANGELES","CA","90021","Los Angeles County","34.037003","-118.240713","44000","95","95","1994","1992","For-Profit Sponsor","70% Present Value Credit","Status Not Available","Status Not Available","Status Not Available","Status Not Available","","","","432233"
"CAA19940320","REGENCY 50","14540 BLYTHE ST","PANORAMA CITY","CA","91402","Los Angeles County","34.215052","-118.450253","44000","50","50","1994","1992","For-Profit Sponsor","70% Present Value Credit","Status Not Available","Status Not Available","Status Not Available","Status Not Available","","","","642180"
"CAA19940325","ROHIT VILLAS","122 E 120TH ST","LOS ANGELES","CA","90061","Los Angeles County","33.923553","-118.273087","44000","16","7","1994","1992","For-Profit Sponsor","70% Present Value Credit","Status Not Available","Status Not Available","Status Not Available","Status Not Available","","","","30101"
"CAA19940330","ROSAMEL APTS","1240 ELDEN AVE","LOS ANGELES","CA","90006","Los Angeles County","34.047991","-118.287492","44000","9","9","1994","1992","For-Profit Sponsor","70% Present Value Credit","Status Not Available","Status Not Available","Status Not Available","Status Not Available","","","","53984"
"CAA19940350","SECOND STREET CENTER","1423 SECOND ST","SANTA MONICA","CA","90401","Los Angeles County","34.014519","-118.496361","70000","44","44","1994","1992","For-Profit Sponsor","70% Present Value Credit","Status Not Available","Status Not Available","Status Not Available","Status Not Available","","","","376952"
"CAA19940410","THE CARLTON APTS","5425 CARLTON WAY","LOS ANGELES","CA","90027","Los Angeles County","34.100675","-118.307893","44000","24","24","1994","1992","For-Profit Sponsor","70% Present Value Credit","Status Not Available","Status Not Available","Status Not Available","Status Not Available","","","","394399"
"CAA19940450","VILLA ESPERANZA","255 E 28TH ST","LOS ANGELES","CA","90011","Los Angeles County","34.022456","-118.267438","44000","33","33","1994","1992","For-Profit Sponsor","70% Present Value Credit","Status Not Available","Status Not Available","Status Not Available","Status Not Available","","","","605423"
"CAA19940490","WITMER CITY LIGHTS","319 WITMER ST","LOS ANGELES","CA","90017","Los Angeles County","34.058601","-118.26396","44000","16","16","1994","1992","For-Profit Sponsor","70% Present Value Credit","Status Not Available","Status Not Available","Status Not Available","Status Not Available","","","","217152"
"CAA19940494","CAMBRIDGE PLACE","421 W 33RD ST","LONG BEACH","CA","90806","Los Angeles County","33.817253","-118.196916","43000","24","24","1994","1993","For-Profit Sponsor","70% Present Value Credit","Status Not Available","Status Not Available","Status Not Available","Status Not Available","","","","351037"
"CAA19940497","HOLLY STREET VILLAGE","151 E HOLLY ST","PASADENA","CA","91103","Los Angeles County","34.147803","-118.146681","56000","374","75","1994","1992","For-Profit Sponsor","30% Present Value Credit","Status Not Available","Status Not Available","Status Not Available","Status Not Available","","","","370841"
"CAA19940498","HOLLYWOOD EL CENTRO APTS","6211 DE LONGPRE AVE","LOS ANGELES","CA","90028","Los Angeles County","34.09636","-118.324113","44000","88","88","1994","1994","For-Profit Sponsor","70% Present Value Credit","No","No","No","No","0","0","0","891210"
"CAA19940502","PARKER HOTEL","725 WITMER ST","LOS ANGELES","CA","90017","Los Angeles County","34.051695","-118.268423","44000","32","31","1994","1992","For-Profit Sponsor","70% Present Value Credit","Status Not Available","Status Not Available","Status Not Available","Status Not Available","","","","131241"
"CAA19950015","VISTA VALLE TOWNHOMES","670 W SAN JOSE AVE","CLAREMONT","CA","91711","Los Angeles County","34.082898","-117.72454","13756","48","47","1995","1995","For-Profit Sponsor","30% Present Value Credit","Status Not Available","Status Not Available","Status Not Available","Status Not Available","","","","154895"
"CAA19950016","COURTLAND HOTEL","520 WALL ST","LOS ANGELES","CA","90013","Los Angeles County","34.044299","-118.246146","44000","97","97","1995","1992","For-Profit Sponsor","70% Present Value Credit","Status Not Available","Status Not Available","Status Not Available","Status Not Available","","","","495403"
"CAA19950018","COMMUNITY OF SANTA MONICA","815 ASHLAND AVE","SANTA MONICA","CA","90405","Los Angeles County","34.005209","-118.473387","70000","45","45","1995","1993","For-Profit Sponsor","70% Present Value Credit","Status Not Available","Status Not Available","Status Not Available","Status Not Available","","","","655613"
"CAA19950020","ALTADENA VISTAS APTS","815 E CALAVERAS ST","ALTADENA","CA","91001","Los Angeles County","34.184389","-118.133472","1290","22","22","1995","1992","For-Profit Sponsor","30% Present Value Credit","Status Not Available","Status Not Available","Status Not Available","Status Not Available","","","","74027"
"CAA19950023","AVALON COURTYARD","22121 AVALON BLVD","CARSON","CA","90745","Los Angeles County","33.826336","-118.263926","11530","91","91","1995","1993","For-Profit Sponsor","70% Present Value Credit","Status Not Available","Status Not Available","Status Not Available","Status Not Available","","","","882097"
"CAA19950024","AVENIDA TERRACE APTS","245 S AVE 54","HIGHLAND PARK","CA","90042","Los Angeles County","34.104569","-118.195783","44000","8","8","1995","1994","For-Profit Sponsor","70% Present Value Credit","Status Not Available","Status Not Available","Status Not Available","Status Not Available","","","","135753"
"CAA19950030","CANAAN GARDENS","641 E 27TH ST","LOS ANGELES","CA","90011","Los Angeles County","34.021047","-118.262391","44000","7","7","1995","1993","For-Profit Sponsor","70% Present Value Credit","Status Not Available","Status Not Available","Status Not Available","Status Not Available","","","","115682"
"CAA19950032","CASA HEIWA","231 E THIRD ST","LOS ANGELES","CA","90013","Los Angeles County","34.048159","-118.243823","44000","100","99","1995","1994","For-Profit Sponsor","70% Present Value Credit","Status Not Available","Status Not Available","Status Not Available","Status Not Available","","","","1275647"
"CAA19950033","CASA RITA","6508 RITA AVE","HUNTINGTON PARK","CA","90255","Los Angeles County","33.980299","-118.223685","36056","103","102","1995","1993","For-Profit Sponsor","70% Present Value Credit","No","No","No","No","0","0","0","474947"
"CAA19950044","CRESCENT ARMS","1709 W EIGHTH ST","LOS ANGELES","CA","90017","Los Angeles County","34.053162","-118.273634","44000","186","184","1995","1992","For-Profit Sponsor","70% Present Value Credit","Status Not Available","Status Not Available","Status Not Available","Status Not Available","","","","1893671"
"CAA19950049","EDWARD HOTEL","713 E FIFTH ST","LOS ANGELES","CA","90013","Los Angeles County","34.043093","-118.241778","44000","47","46","1995","1994","For-Profit Sponsor","70% Present Value Credit","Status Not Available","Status Not Available","Status Not Available","Status Not Available","","","","240730"
"CAA19950053","FAME MANOR","3210 W ADAMS BLVD","LOS ANGELES","CA","90018","Los Angeles County","34.032464","-118.319446","44000","56","56","1995","1992","For-Profit Sponsor","70% Present Value Credit","Status Not Available","Status Not Available","Status Not Available","Status Not Available","","","","649000"
"CAA19950057","FUMBAH MANOR","832 S LAKE ST","LOS ANGELES","CA","90057","Los Angeles County","34.054559","-118.279222","44000","18","18","1995","1993","For-Profit Sponsor","70% Present Value Credit","Status Not Available","Status Not Available","Status Not Available","Status Not Available","","","","230957"
"CAA19950064","LA BREA/FRANKLIN APTS","1801 N LA BREA AVE","LOS ANGELES","CA","90046","Los Angeles County","34.103901","-118.346123","44000","40","40","1995","1992","For-Profit Sponsor","70% Present Value Credit","Status Not Available","Status Not Available","Status Not Available","Status Not Available","","","","514883"
"CAA19950067","LA MIRADA SENIOR APTS","15811 ALICANTE RD","LA MIRADA","CA","90638","Los Angeles County","33.902873","-117.993541","40032","100","100","1995","1993","For-Profit Sponsor","70% Present Value Credit","Status Not Available","Status Not Available","Status Not Available","Status Not Available","","","","744477"
"CAA19950068","LA POSADA","375 COLUMBIA AVE","LOS ANGELES","CA","90017","Los Angeles County","34.05814","-118.265398","44000","61","61","1995","1993","For-Profit Sponsor","70% Present Value Credit","Status Not Available","Status Not Available","Status Not Available","Status Not Available","","","","398401"
"CAA19950069","LA VILLA MARIPOSA","345 COLUMBIA AVE","LOS ANGELES","CA","90017","Los Angeles County","34.058534","-118.265149","44000","115","115","1995","1993","For-Profit Sponsor","70% Present Value Credit","Status Not Available","Status Not Available","Status Not Available","Status Not Available","","","","1253102"
"CAA19950072","LAS PALOMAS HOTEL","2201 E FIRST ST","LOS ANGELES","CA","90033","Los Angeles County","34.044561","-118.212507","44000","65","65","1995","1993","For-Profit Sponsor","70% Present Value Credit","Status Not Available","Status Not Available","Status Not Available","Status Not Available","","","","474535"
"CAA19950074","MANILA TERRACE APTS","2328 W TEMPLE ST","LOS ANGELES","CA","90026","Los Angeles County","34.071231","-118.271526","44000","30","29","1995","1993","For-Profit Sponsor","70% Present Value Credit","Status Not Available","Status Not Available","Status Not Available","Status Not Available","","","","451560"
"CAA19950076","MARINA APTS","722 S CORONADO ST","LOS ANGELES","CA","90057","Los Angeles County","34.058232","-118.282288","44000","64","63","1995","1992","For-Profit Sponsor","70% Present Value Credit","Status Not Available","Status Not Available","Status Not Available","Status Not Available","","","","653213"
"CAA19950079","MERCEDES APTS","727 S CARONDELET ST","LOS ANGELES","CA","90057","Los Angeles County","34.057715","-118.28169","44000","47","46","1995","1992","For-Profit Sponsor","70% Present Value Credit","Status Not Available","Status Not Available","Status Not Available","Status Not Available","","","","481469"
"CAA19950081","MIDTOWN GARDENS","400 N VERMONT AVE","LOS ANGELES","CA","90004","Los Angeles County","34.078382","-118.291504","44000","205","141","1995","1994","For-Profit Sponsor","70% Present Value Credit","Status Not Available","Status Not Available","Status Not Available","Status Not Available","","","","228213"
"CAA19950085","NORBO HOTEL DEVELOPMENT","526 E SIXTH ST","LOS ANGELES","CA","90021","Los Angeles County","34.041983","-118.245147","44000","57","57","1995","1992","For-Profit Sponsor","70% Present Value Credit","Status Not Available","Status Not Available","Status Not Available","Status Not Available","","","","397075"
"CAA19950090","PARK PLACE APTS","2500 W FOURTH ST","LOS ANGELES","CA","90057","Los Angeles County","34.064009","-118.277176","44000","49","49","1995","1994","For-Profit Sponsor","70% Present Value Credit","Status Not Available","Status Not Available","Status Not Available","Status Not Available","","","","897493"
"CAA19950100","SEA GATE VILLAGE","1450 LOCUST AVE","LONG BEACH","CA","90813","Los Angeles County","33.784235","-118.190894","43000","44","44","1995","1993","For-Profit Sponsor","70% Present Value Credit","Status Not Available","Status Not Available","Status Not Available","Status Not Available","","","","466083"
"CAA19950104","ST ANDREWS BUNGALOW COURT","1514 N ST ANDREWS PL","LOS ANGELES","CA","90028","Los Angeles County","34.098526","-118.311249","44000","16","16","1995","1993","For-Profit Sponsor","70% Present Value Credit","Status Not Available","Status Not Available","Status Not Available","Status Not Available","","","","127448"
"CAA19950111","VALLEY VILLAGE APTS","12111 CHANDLER BLVD","VALLEY VILLAGE","CA","91607","Los Angeles County","34.168815","-118.396504","44000","188","188","1995","1993","For-Profit Sponsor","70% Present Value Credit","Status Not Available","Status Not Available","Status Not Available","Status Not Available","","","","1172800"
"CAA19950112","VILLA DEL PUEBLO","1441 S HOPE ST","LOS ANGELES","CA","90015","Los Angeles County","34.037231","-118.267329","44000","81","81","1995","1993","For-Profit Sponsor","70% Present Value Credit","Status Not Available","Status Not Available","Status Not Available","Status Not Available","","","","1059588"
"CAA19950113","VILLA FLORENTINA","4576 FLORENCE AVE","BELL","CA","90201","Los Angeles County","33.969882","-118.185614","4870","13","13","1995","1994","For-Profit Sponsor","70% Present Value Credit","Status Not Available","Status Not Available","Status Not Available","Status Not Available","","","","153218"
"CAA19950117","VINELAND PLACE","7843 VINELAND AVE","SUN VALLEY","CA","91352","Los Angeles County","34.213362","-118.370536","44000","18","18","1995","1993","For-Profit Sponsor","70% Present Value Credit","Status Not Available","Status Not Available","Status Not Available","Status Not Available","","","","242204"
"CAA19950118","WASHINGTON VILLA APTS","264 E WASHINGTON BLVD","PASADENA","CA","91104","Los Angeles County","34.168718","-118.144947","56000","21","21","1995","1993","For-Profit Sponsor","70% Present Value Credit","Status Not Available","Status Not Available","Status Not Available","Status Not Available","","","","288300"
"CAA19950119","WELDON HOTEL","507 MAPLE AVE","LOS ANGELES","CA","90013","Los Angeles County","34.045336","-118.246885","44000","58","58","1995","1992","For-Profit Sponsor","70% Present Value Credit","Status Not Available","Status Not Available","Status Not Available","Status Not Available","","","","304616"
"CAA19950120","WERNER ILLING HOUSE","1924 ARGYLE AVE","HOLLYWOOD","CA","90068","Los Angeles County","34.106027","-118.325013","44000","21","20","1995","1993","For-Profit Sponsor","70% Present Value Credit","Status Not Available","Status Not Available","Status Not Available","Status Not Available","","","","149361"
"CAA19950122","YOUNG APTS","1621 S GRAND AVE","LOS ANGELES","CA","90015","Los Angeles County","34.035197","-118.266912","44000","66","65","1995","1992","For-Profit Sponsor","70% Present Value Credit","Status Not Available","Status Not Available","Status Not Available","Status Not Available","","","","559680"
"CAA19960005","ALABAMA COURT","7440 ALABAMA AVE","CANOGA PARK","CA","91303","Los Angeles County","34.205388","-118.598834","44000","42","42","1996","1995","For-Profit Sponsor","70% Present Value Credit","Status Not Available","Status Not Available","Status Not Available","Status Not Available","","","","367104"
"CAA19960020","ASHWOOD COURT","19201 NORDHOFF ST","NORTHRIDGE","CA","91324","Los Angeles County","34.235651","-118.551234","44000","72","72","1996","1995","For-Profit Sponsor","70% Present Value Credit","Status Not Available","Status Not Available","Status Not Available","Status Not Available","","","","764322"
"CAA19960100","ROSSMORE HOTEL","905 E SIXTH ST","LOS ANGELES","CA","90021","Los Angeles County","34.039881","-118.241096","44000","60","60","1996","1996","For-Profit Sponsor","70% Present Value Credit","Status Not Available","Status Not Available","Status Not Available","Status Not Available","","","","351670"
"CAA19960135","VILLA METROPOLITANO","1328 S HOPE ST","LOS ANGELES","CA","90015","Los Angeles County","34.038726","-118.265918","44000","53","52","1996","1995","For-Profit Sponsor","70% Present Value Credit","Status Not Available","Status Not Available","Status Not Available","Status Not Available","","","","362803"
"CAA19960156","RIO VISTA VILLAGE","1310 RIO VISTA AVE","LOS ANGELES","CA","90023","Los Angeles County","34.02592","-118.221755","44000","75","74","1996","1993","For-Profit Sponsor","70% Present Value Credit","Status Not Available","Status Not Available","Status Not Available","Status Not Available","","","","1549982"
"CAA19960157","SOPHIA RIDGE APTS","9601 RESEDA BLVD","NORTHRIDGE","CA","91324","Los Angeles County","34.244944","-118.536286","44000","112","45","1996","1997","For-Profit Sponsor","30% Present Value Credit","Status Not Available","Status Not Available","Status Not Available","Status Not Available","","","","82095"
"CAA19960158","WOODBRIDGE PARK APTS","11220 MOORPARK ST","NORTH HOLLYWOOD","CA","91602","Los Angeles County","34.150209","-118.37527","44000","77","31","1996","1997","For-Profit Sponsor","30% Present Value Credit","Status Not Available","Status Not Available","Status Not Available","Status Not Available","","","","17392"
"CAA19960160","4334-4346 MATILIJA APTS","4334 MATILIJA AVE","SHERMAN OAKS","CA","91423","Los Angeles County","34.149322","-118.433843","44000","54","11","1996","1997","For-Profit Sponsor","30% Present Value Credit","Status Not Available","Status Not Available","Status Not Available","Status Not Available","","","","32224"
"CAA19960161","WILLIS APTS","4553 WILLIS AVE","SHERMAN OAKS","CA","91403","Los Angeles County","34.153616","-118.455437","44000","21","10","1996","1997","For-Profit Sponsor","30% Present Value Credit","Status Not Available","Status Not Available","Status Not Available","Status Not Available","","","","19882"
"CAA19960162","WILLIS APTS","4573 WILLIS AVE","SHERMAN OAKS","CA","91403","Los Angeles County","34.154093","-118.455429","44000","23","5","1996","1997","For-Profit Sponsor","30% Present Value Credit","Status Not Available","Status Not Available","Status Not Available","Status Not Available","","","","16032"
"CAA19960163","NATICK APTS","4701 NATICK AVE","SHERMAN OAKS","CA","91403","Los Angeles County","34.156094","-118.454351","44000","121","25","1996","1997","For-Profit Sponsor","30% Present Value Credit","Status Not Available","Status Not Available","Status Not Available","Status Not Available","","","","63018"
"CAA19960164","ADAMS-CONGRESS APTS","1801 W ADAMS BLVD","LOS ANGELES","CA","90018","Los Angeles County","34.032872","-118.303323","44000","46","46","1996","1994","For-Profit Sponsor","70% Present Value Credit","Status Not Available","Status Not Available","Status Not Available","Status Not Available","","","","693543"
"CAA19960168","ATHENS GLEN APTS","11515 S BUDLONG AVE","LOS ANGELES","CA","90044","Los Angeles County","33.929726","-118.296073","84116","51","51","1996","1994","For-Profit Sponsor","70% Present Value Credit","Status Not Available","Status Not Available","Status Not Available","Status Not Available","","","","448431"
"CAA19960170","BRYNVIEW TERRACE","6603 BRYNHURST AVE","LOS ANGELES","CA","90043","Los Angeles County","33.97869","-118.333984","44000","8","8","1996","1993","For-Profit Sponsor","70% Present Value Credit","Status Not Available","Status Not Available","Status Not Available","Status Not Available","","","","138408"
"CAA19960172","CASA CARONDELET","130 S CARONDELET ST","LOS ANGELES","CA","90057","Los Angeles County","34.067805","-118.27487","44000","18","18","1996","1993","For-Profit Sponsor","70% Present Value Credit","Status Not Available","Status Not Available","Status Not Available","Status Not Available","","","","305405"
"CAA19960180","CRESCENT VILLAGE","731 BEACON AVE","LOS ANGELES","CA","90017","Los Angeles County","34.053681","-118.273017","44000","112","111","1996","1993","For-Profit Sponsor","70% Present Value Credit","Status Not Available","Status Not Available","Status Not Available","Status Not Available","","","","1732179"
"CAA19960186","EVERGREEN VILLAGE","420 N EVERGREEN AVE","LOS ANGELES","CA","90033","Los Angeles County","34.044217","-118.199759","44000","52","52","1996","1993","For-Profit Sponsor","70% Present Value Credit","Status Not Available","Status Not Available","Status Not Available","Status Not Available","","","","517498"
"CAA19960189","HARMONY COURT APTS","4502 186TH ST","REDONDO BEACH","CA","90278","Los Angeles County","33.861671","-118.355203","80000","187","187","1996","1995","For-Profit Sponsor","30% Present Value Credit","Status Not Available","Status Not Available","Status Not Available","Status Not Available","","","","460905"
"CAA19960192","HUNTINGTON HACIENDA APTS","4648 HUNTINGTON DR S","LOS ANGELES","CA","90032","Los Angeles County","34.085219","-118.184762","44000","117","116","1996","1994","For-Profit Sponsor","70% Present Value Credit","Status Not Available","Status Not Available","Status Not Available","Status Not Available","","","","1814014"
"CAA19960197","LOS ANGELES CITY LIGHTS","1315 W SEVENTH ST","LOS ANGELES","CA","90017","Los Angeles County","34.052562","-118.267783","44000","32","32","1996","1994","For-Profit Sponsor","70% Present Value Credit","Status Not Available","Status Not Available","Status Not Available","Status Not Available","","","","463160"
"CAA19960198","LUISA APTS","2209 MICHIGAN AVE","LOS ANGELES","CA","90033","Los Angeles County","34.046235","-118.211164","44000","56","55","1996","1993","For-Profit Sponsor","70% Present Value Credit","Status Not Available","Status Not Available","Status Not Available","Status Not Available","","","","156740"
"CAA19960211","P & P HOME FOR THE ELDERLY","1030 W 85TH ST","LOS ANGELES","CA","90044","Los Angeles County","33.960786","-118.292489","44000","106","106","1996","1993","For-Profit Sponsor","70% Present Value Credit","Status Not Available","Status Not Available","Status Not Available","Status Not Available","","","","811763"
"CAA19960214","PLAZA VERMONT","939 W GAGE AVE","LOS ANGELES","CA","90044","Los Angeles County","33.982128","-118.290607","44000","79","79","1996","1993","For-Profit Sponsor","70% Present Value Credit","Status Not Available","Status Not Available","Status Not Available","Status Not Available","","","","1060192"
"CAA19960221","SOMERVILE APTS PHASES I & II","1068 E 42ND PL","LOS ANGELES","CA","90011","Los Angeles County","34.006493","-118.256595","44000","41","41","1996","1993","For-Profit Sponsor","70% Present Value Credit","Status Not Available","Status Not Available","Status Not Available","Status Not Available","","","","732790"
"CAA19960224","TABOR COURTS","345 FOURTH AVE","VENICE","CA","90291","Los Angeles County","33.996418","-118.474203","44000","25","24","1996","1994","For-Profit Sponsor","70% Present Value Credit","Status Not Available","Status Not Available","Status Not Available","Status Not Available","","","","351340"
"CAA19960227","THE BOYD HOTEL","224 BOYD ST","LOS ANGELES","CA","90013","Los Angeles County","34.047382","-118.244929","44000","61","61","1996","1993","For-Profit Sponsor","70% Present Value Credit","Status Not Available","Status Not Available","Status Not Available","Status Not Available","","","","387623"
"CAA19960231","NEW YORKER APTS","13951 MOORPARK ST","SHERMAN OAKS","CA","91423","Los Angeles County","34.150516","-118.437131","44000","34","8","1996","1997","For-Profit Sponsor","30% Present Value Credit","Status Not Available","Status Not Available","Status Not Available","Status Not Available","","","","13908"
"CAA19960237","UMOJA APTS","101 W 74TH ST","LOS ANGELES","CA","90003","Los Angeles County","33.972924","-118.273929","44000","30","30","1996","1993","For-Profit Sponsor","70% Present Value Credit","Status Not Available","Status Not Available","Status Not Available","Status Not Available","","","","504389"
"CAA19960241","VISTA DEL MONTE APTS","4621 VISTA DEL MONTE AVE","SHERMAN OAKS","CA","91403","Los Angeles County","34.155062","-118.450055","44000","24","6","1996","1997","For-Profit Sponsor","30% Present Value Credit","Status Not Available","Status Not Available","Status Not Available","Status Not Available","","","","13791"
"CAA19960244","WHITE OAK-LASSEN APTS","9907 WHITE OAK AVE","NORTHRIDGE","CA","91325","Los Angeles County","34.250977","-118.520053","44000","80","80","1996","1994","For-Profit Sponsor","70% Present Value Credit","Status Not Available","Status Not Available","Status Not Available","Status Not Available","","","","695053"
"CAA19960245","WYANDOTTE APTS","14630 WYANDOTTE ST","VAN NUYS","CA","91405","Los Angeles County","34.202857","-118.452265","44000","73","72","1996","1994","For-Profit Sponsor","70% Present Value Credit","Status Not Available","Status Not Available","Status Not Available","Status Not Available","","","","695881"
"CAA19970005","14955 DICKENS CT EAST","14955 DICKENS ST","SHERMAN OAKS","CA","91403","Los Angeles County","34.151561","-118.459141","44000","18","4","1997","1997","For-Profit Sponsor","30% Present Value Credit","Status Not Available","Status Not Available","Status Not Available","Status Not Available","","","","11119"
"CAA19970015","ROSCOE APTS","20234 ROSCOE BLVD","WINNETKA","CA","91306","Los Angeles County","34.21998","-118.57438","44000","25","24","1997","1995","For-Profit Sponsor","70% Present Value Credit","Status Not Available","Status Not Available","Status Not Available","Status Not Available","","","","123286"
"CAA19970020","235 BERENDO APTS","235 S BERENDO ST","LOS ANGELES","CA","90004","Los Angeles County","34.069793","-118.294359","44000","24","23","1997","1996","For-Profit Sponsor","70% Present Value Credit","Status Not Available","Status Not Available","Status Not Available","Status Not Available","","","","207915"
"CAA19970030","ASTORIA PLACE TOWNHOMES","13230 BROMONT AVE","SYLMAR","CA","91342","Los Angeles County","34.310774","-118.437514","44000","18","18","1997","1996","For-Profit Sponsor","70% Present Value Credit","Status Not Available","Status Not Available","Status Not Available","Status Not Available","","","","164167"
"CAA19970035","BALBOA PLACE APTS","16915 NAPA ST","NORTHRIDGE","CA","91343","Los Angeles County","34.226854","-118.501865","44000","151","31","1997","1997","For-Profit Sponsor","30% Present Value Credit","Status Not Available","Status Not Available","Status Not Available","Status Not Available","","","","48161"
"CAA19970040","BLESSED ROCK OF EL MONTE","4111 TYLER AVE","EL MONTE","CA","91731","Los Angeles County","34.08131","-118.032176","22230","137","137","1997","1996","For-Profit Sponsor","70% Present Value Credit","Status Not Available","Status Not Available","Status Not Available","Status Not Available","","","","889877"
"CAA19970065","BUDLONG AVENUE APTS","2727 S BUDLONG AVE","LOS ANGELES","CA","90007","Los Angeles County","34.030286","-118.296095","44000","12","11","1997","1995","For-Profit Sponsor","70% Present Value Credit","Status Not Available","Status Not Available","Status Not Available","Status Not Available","","","","172279"
"CAA19970080","CASA SEVILLE/MEMORY PARK","8750 MEMORY PARK AVE","NORTH HILLS","CA","91343","Los Angeles County","34.228734","-118.464592","44000","53","52","1997","1995","For-Profit Sponsor","70% Present Value Credit","Status Not Available","Status Not Available","Status Not Available","Status Not Available","","","","322521"
"CAA19970105","DECRO NORDHOFF APTS","15543 NORDHOFF ST","NORTH HILLS","CA","91343","Los Angeles County","34.235721","-118.471512","44000","38","38","1997","1996","For-Profit Sponsor","70% Present Value Credit","Status Not Available","Status Not Available","Status Not Available","Status Not Available","","","","287214"
"CAA19970110","ELIZABETH COURT","5225 ELIZABETH ST","CUDAHY","CA","90201","Los Angeles County","33.962108","-118.17412","17498","26","25","1997","1996","For-Profit Sponsor","70% Present Value Credit","Status Not Available","Status Not Available","Status Not Available","Status Not Available","","","","92216"
"CAA19970150","GOWER STREET APTS","1140 N GOWER ST","LOS ANGELES","CA","90038","Los Angeles County","34.091719","-118.322073","44000","55","55","1997","1995","For-Profit Sponsor","70% Present Value Credit","Status Not Available","Status Not Available","Status Not Available","Status Not Available","","","","369257"
"CAA19970155","HALIFAX APTS","6376 YUCCA ST","LOS ANGELES","CA","90028","Los Angeles County","34.103781","-118.328414","44000","46","46","1997","1996","For-Profit Sponsor","70% Present Value Credit","Status Not Available","Status Not Available","Status Not Available","Status Not Available","","","","345735"
"CAA19970180","HARMONY GARDENS","5239 HARMONY AVE","NORTH HOLLYWOOD","CA","91601","Los Angeles County","34.166179","-118.366645","44000","14","14","1997","1996","For-Profit Sponsor","70% Present Value Credit","Status Not Available","Status Not Available","Status Not Available","Status Not Available","","","","157512"
"CAA19970200","HERITAGE PARK SENIOR APTS","915 HIGHLAND AVE","DUARTE","CA","91010","Los Angeles County","34.142214","-117.966801","19990","120","118","1997","1997","For-Profit Sponsor","30% Present Value Credit","Status Not Available","Status Not Available","Status Not Available","Status Not Available","","","","256047"
"CAA19970215","HYDE PARK PLACE APTS","6323 TENTH AVE","LOS ANGELES","CA","90043","Los Angeles County","33.982683","-118.32811","44000","29","28","1997","1995","For-Profit Sponsor","70% Present Value Credit","Status Not Available","Status Not Available","Status Not Available","Status Not Available","","","","397051"
"CAA19970230","KITTRIDGE PARK VILLA","18303 KITTRIDGE ST","RESEDA","CA","91335","Los Angeles County","34.190393","-118.531677","44000","39","39","1997","1996","For-Profit Sponsor","30% Present Value Credit","Status Not Available","Status Not Available","Status Not Available","Status Not Available","","","","71791"
"CAA19970235","LA TOWN HOMES","2557 S BRONSON AVE","LOS ANGELES","CA","90018","Los Angeles County","34.034237","-118.33261","44000","7","7","1997","1995","For-Profit Sponsor","70% Present Value Credit","Status Not Available","Status Not Available","Status Not Available","Status Not Available","","","","104487"
"CAA19970290","NOBLE PINES APTS","21611 SATICOY ST","CANOGA PARK","CA","91304","Los Angeles County","34.208457","-118.600898","44000","68","67","1997","1995","For-Profit Sponsor","70% Present Value Credit","Status Not Available","Status Not Available","Status Not Available","Status Not Available","","","","786250"
"CAA19970295","NORMANDIE SENIOR HOUSING","6301 S NORMANDIE AVE","LOS ANGELES","CA","90044","Los Angeles County","33.982353","-118.300451","44000","75","75","1997","1995","For-Profit Sponsor","70% Present Value Credit","Status Not Available","Status Not Available","Status Not Available","Status Not Available","","","","511441"
"CAA19970300","NORMONT TERRACE PHASE I","981 HARBOR VILLAGE DR","HARBOR CITY","CA","90710","Los Angeles County","33.792717","-118.292517","44000","200","200","1997","1996","For-Profit Sponsor","70% Present Value Credit","Status Not Available","Status Not Available","Status Not Available","Status Not Available","","","","2703365"
"CAA19970325","OXNARD VILLA","14045 OXNARD ST","VAN NUYS","CA","91401","Los Angeles County","34.179554","-118.438768","44000","40","40","1997","1995","For-Profit Sponsor","70% Present Value Credit","Status Not Available","Status Not Available","Status Not Available","Status Not Available","","","","243064"
"CAA19970335","PARKSIDE APTS","400 W NINTH ST","LOS ANGELES","CA","90015","Los Angeles County","34.043967","-118.258911","44000","79","78","1997","1995","For-Profit Sponsor","70% Present Value Credit","Status Not Available","Status Not Available","Status Not Available","Status Not Available","","","","1177641"
"CAA19970340","PARTHENIA COURT","14825 PARTHENIA ST","PANORAMA CITY","CA","91402","Los Angeles County","34.22845","-118.456164","44000","25","25","1997","1995","For-Profit Sponsor","70% Present Value Credit","Status Not Available","Status Not Available","Status Not Available","Status Not Available","","","","333921"
"CAA19970385","RESEDA VILLAGE","7939 RESEDA BLVD","RESEDA","CA","91335","Los Angeles County","34.214948","-118.536273","44000","42","42","1997","1995","For-Profit Sponsor","70% Present Value Credit","Status Not Available","Status Not Available","Status Not Available","Status Not Available","","","","327928"
"CAA19970425","SERRANO APTS","1536 N SERRANO AVE","LOS ANGELES","CA","90027","Los Angeles County","34.099217","-118.306881","44000","42","41","1997","1995","For-Profit Sponsor","70% Present Value Credit","Status Not Available","Status Not Available","Status Not Available","Status Not Available","","","","192233"
"CAA19970430","SHERMAN OAKS GARDENS & VILLAS","5415 SEPULVEDA BLVD","SHERMAN OAKS","CA","91411","Los Angeles County","34.168743","-118.466362","44000","76","31","1997","1998","For-Profit Sponsor","30% Present Value Credit","Status Not Available","Status Not Available","Status Not Available","Status Not Available","","","","53400"
"CAA19970490","UNIVERSITY PARK APTS","1221 W 29TH ST","LOS ANGELES","CA","90007","Los Angeles County","34.028544","-118.287098","44000","20","19","1997","1995","For-Profit Sponsor","70% Present Value Credit","Status Not Available","Status Not Available","Status Not Available","Status Not Available","","","","274009"
"CAA19970495","VANOWEN GARDENS","11754 VANOWEN ST","NORTH HOLLYWOOD","CA","91605","Los Angeles County","34.19377","-118.389616","44000","15","15","1997","1996","For-Profit Sponsor","70% Present Value Credit","Status Not Available","Status Not Available","Status Not Available","Status Not Available","","","","168727"
"CAA19970530","WASHINGTON COURT","12525 WASHINGTON PL","LOS ANGELES","CA","90066","Los Angeles County","33.998428","-118.432714","44000","30","30","1997","1995","For-Profit Sponsor","70% Present Value Credit","No","No","No","No","0","0","0","332380"
"CAA19970540","WILCOX APTS","1805 WILCOX AVE","HOLLYWOOD","CA","90028","Los Angeles County","34.104086","-118.331259","44000","23","23","1997","1996","For-Profit Sponsor","70% Present Value Credit","Status Not Available","Status Not Available","Status Not Available","Status Not Available","","","","297399"
"CAA19979556","HARBOR VILLAGE APTS I (B)","1011 BAYCREST LN","HARBOR CITY","CA","90710","Los Angeles County","33.793385","-118.295269","44000","200","200","1997","1995","Status Not Available","Information Not Available","Status Not Available","Status Not Available","Status Not Available","Status Not Available","","","",""
"CAA19980005","39 WEST APTS","3885 S WESTERN AVE","LOS ANGELES","CA","90062","Los Angeles County","34.014997","-118.309106","44000","34","34","1998","1996","For-Profit Sponsor","70% Present Value Credit","Status Not Available","Status Not Available","Status Not Available","Status Not Available","","","","259724"
"CAA19980010","5TH & WILSHIRE APTS","1144 FIFTH ST","SANTA MONICA","CA","90403","Los Angeles County","34.020189","-118.498015","70000","32","32","1998","1996","For-Profit Sponsor","70% Present Value Credit","Status Not Available","Status Not Available","Status Not Available","Status Not Available","","","","490387"
"CAA19980065","BROOKHOLLOW APTS","2600 S AZUSA AVE","WEST COVINA","CA","91792","Los Angeles County","34.029182","-117.915522","84200","188","85","1998","2000","For-Profit Sponsor","30% Present Value Credit","Status Not Available","Status Not Available","Status Not Available","Status Not Available","","","","206650"
"CAA19980070","CAMBRIA APTS","738 S UNION AVE","LOS ANGELES","CA","90017","Los Angeles County","34.052756","-118.271661","44000","40","39","1998","1996","For-Profit Sponsor","70% Present Value Credit","Status Not Available","Status Not Available","Status Not Available","Status Not Available","","","","298022"
"CAA19980080","CASANOVA GARDENS","433 CASANOVA ST","LOS ANGELES","CA","90012","Los Angeles County","34.071863","-118.229143","44000","27","27","1998","1996","For-Profit Sponsor","70% Present Value Credit","Status Not Available","Status Not Available","Status Not Available","Status Not Available","","","","371677"
"CAA19980085","CLARA COURT","5159 CLARA ST","CUDAHY","CA","90201","Los Angeles County","33.964511","-118.175223","17498","35","35","1998","1997","Non-Profit Sponsor","70% Present Value Credit","Status Not Available","Status Not Available","Status Not Available","Status Not Available","","","","246183"
"CAA19980090","COCHRAN CITY LIGHTS","1315 S COCHRAN AVE","LOS ANGELES","CA","90019","Los Angeles County","34.050486","-118.351992","44000","25","25","1998","1996","For-Profit Sponsor","70% Present Value Credit","Status Not Available","Status Not Available","Status Not Available","Status Not Available","","","","404396"
"CAA19980140","SEGUNDO TERRACE","2242 E EL SEGUNDO BLVD","COMPTON","CA","90222","Los Angeles County","33.915978","-118.232791","85614","25","25","1998","1996","For-Profit Sponsor","70% Present Value Credit","Status Not Available","Status Not Available","Status Not Available","Status Not Available","","","","307807"
"CAA19980150","FIGUEROA COURT APTS","9130 S FIGUEROA ST","LOS ANGELES","CA","90003","Los Angeles County","33.953471","-118.282503","44000","40","39","1998","1997","Non-Profit Sponsor","70% Present Value Credit","Status Not Available","Status Not Available","Status Not Available","Status Not Available","","","","303091"
"CAA19980165","GARLAND CITY LIGHTS","1209 W EIGHTH ST","LOS ANGELES","CA","90017","Los Angeles County","34.050017","-118.268114","44000","72","72","1998","1996","For-Profit Sponsor","70% Present Value Credit","Status Not Available","Status Not Available","Status Not Available","Status Not Available","","","","1189897"
"CAA19980185","HAZELTINE APTS","7250 HAZELTINE AVE","VAN NUYS","CA","91405","Los Angeles County","34.202677","-118.439826","44000","35","34","1998","1994","For-Profit Sponsor","70% Present Value Credit","Status Not Available","Status Not Available","Status Not Available","Status Not Available","","","","294978"
"CAA19980215","LARK ELLEN VILLAGE","1350 E SAN BERNARDINO RD","WEST COVINA","CA","91791","Los Angeles County","34.091165","-117.872699","16742","121","121","1998","1997","For-Profit Sponsor","30% Present Value Credit","Status Not Available","Status Not Available","Status Not Available","Status Not Available","","","","481200"
"CAA19980240","LOS ALTOS APTS APTS","4121 WILSHIRE BLVD","LOS ANGELES","CA","90010","Los Angeles County","34.061866","-118.317423","44000","67","27","1998","1999","For-Profit Sponsor","30% Present Value Credit","Status Not Available","Status Not Available","Status Not Available","Status Not Available","","","","115140"
"CAA19980260","MISSION VILLAGE TERRACE","4001 N MISSION RD","LOS ANGELES","CA","90032","Los Angeles County","34.074013","-118.196697","44000","84","83","1998","2000","For-Profit Sponsor","30% Present Value Credit","Status Not Available","Status Not Available","Status Not Available","Status Not Available","","","","490172"
"CAA19980275","NORMANDIE VILLAGE","1747 N NORMANDIE AVE","LOS ANGELES","CA","90027","Los Angeles County","34.102932","-118.300739","44000","16","16","1998","1996","For-Profit Sponsor","70% Present Value Credit","Status Not Available","Status Not Available","Status Not Available","Status Not Available","","","","267844"
"CAA19980300","OROZCO VILLAS","8920 ORION AVE","NORTH HILLS","CA","91343","Los Angeles County","34.232298","-118.471782","44000","32","32","1998","1997","Non-Profit Sponsor","70% Present Value Credit","Status Not Available","Status Not Available","Status Not Available","Status Not Available","","","","168024"
"CAA19980315","PALM VIEW APTS","980 PALM AVE","WEST HOLLYWOOD","CA","90069","Los Angeles County","34.089346","-118.382694","84410","40","39","1998","1996","For-Profit Sponsor","70% Present Value Credit","No","No","No","No","0","0","0","297908"
"CAA19980320","PALM VILLAGE","1011 W 91ST ST","LOS ANGELES","CA","90044","Los Angeles County","33.954733","-118.292711","84592","30","30","1998","1996","For-Profit Sponsor","70% Present Value Credit","Status Not Available","Status Not Available","Status Not Available","Status Not Available","","","","223745"
"CAA19980330","PALMER HOUSE","538 WALL ST","LOS ANGELES","CA","90013","Los Angeles County","34.044088","-118.24634","44000","67","67","1998","1996","For-Profit Sponsor","70% Present Value Credit","Status Not Available","Status Not Available","Status Not Available","Status Not Available","","","","346947"
"CAA19980340","PARK RIDGE APTS","9555 RESEDA BLVD","NORTHRIDGE","CA","91324","Los Angeles County","34.243587","-118.536292","44000","158","64","1998","1997","For-Profit Sponsor","30% Present Value Credit","Status Not Available","Status Not Available","Status Not Available","Status Not Available","","","","246373"
"CAA19980365","PAZ VILLAS","14643 BLYTHE ST","VAN NUYS","CA","91402","Los Angeles County","34.215368","-118.452388","44000","13","13","1998","1997","For-Profit Sponsor","70% Present Value Credit","Status Not Available","Status Not Available","Status Not Available","Status Not Available","","","","86175"
"CAA19980375","PICO GRAMERCY FAMILY HOUSING","1303 S GRAMERCY PL","LOS ANGELES","CA","90019","Los Angeles County","34.047163","-118.313248","44000","49","48","1998","1996","For-Profit Sponsor","70% Present Value Credit","Status Not Available","Status Not Available","Status Not Available","Status Not Available","","","","711249"
"CAA19980395","REGENCY APTS","2317 W AVE J8","LANCASTER","CA","93536","Los Angeles County","34.68236","-118.170051","40130","77","77","1998","1996","For-Profit Sponsor","70% Present Value Credit","Status Not Available","Status Not Available","Status Not Available","Status Not Available","","","","807796"
"CAA19980425","RUGBY PLAZA","3660 RUGBY AVE","HUNTINGTON PARK","CA","","Los Angeles County","33.9783","-118.2174","36056","183","183","1998","1993","For-Profit Sponsor","70% Present Value Credit","Status Not Available","Status Not Available","Status Not Available","Status Not Available","","","","1564705"
"CAA19980430","SAN PEDRO NEW HOPE COURTYARD","1124 S PALOS VERDES ST","SAN PEDRO","CA","90731","Los Angeles County","33.733983","-118.281181","44000","10","10","1998","1996","For-Profit Sponsor","70% Present Value Credit","Status Not Available","Status Not Available","Status Not Available","Status Not Available","","","","101178"
"CAA19980465","SIERRA RETIREMENT VILLAGE","43321 SIERRA HWY","LANCASTER","CA","93534","Los Angeles County","34.669856","-118.132255","40130","97","96","1998","1996","Status Not Available","Information Not Available","Status Not Available","Status Not Available","Status Not Available","Status Not Available","","","",""
"CAA19980500","SUNSHINE TERRACE","10800 LAUREL AVE","WHITTIER","CA","90605","Los Angeles County","33.934847","-118.048659","73430","50","50","1998","1996","For-Profit Sponsor","70% Present Value Credit","Status Not Available","Status Not Available","Status Not Available","Status Not Available","","","","667938"
"CAA19980555","TRES PALMAS","269 LOMA DR","LOS ANGELES","CA","90026","Los Angeles County","34.060102","-118.265095","44000","19","19","1998","1996","For-Profit Sponsor","70% Present Value Credit","Status Not Available","Status Not Available","Status Not Available","Status Not Available","","","","219798"
"CAA19980615","WESTLAKE CITY LIGHTS","509 S WESTLAKE AVE","LOS ANGELES","CA","90057","Los Angeles County","34.059856","-118.273311","44000","32","32","1998","1996","For-Profit Sponsor","70% Present Value Credit","Status Not Available","Status Not Available","Status Not Available","Status Not Available","","","","519623"
"CAA19980627","EUCLID VILLA TRANSITION HOUSING","154 S EUCLID AVE","PASADENA","CA","91101","Los Angeles County","34.143118","-118.142694","56000","15","15","1998","1995","For-Profit Sponsor","70% Present Value Credit","Status Not Available","Status Not Available","Status Not Available","Status Not Available","","","","115219"
"CAA19990005","16TH ST APTS","1438 16TH ST","SANTA MONICA","CA","90404","Los Angeles County","34.024756","-118.483063","70000","17","17","1999","1998","For-Profit Sponsor","30% Present Value Credit","Status Not Available","Status Not Available","Status Not Available","Status Not Available","","","","105368"
"CAA19990010","ANGELINA APTS","1300 ANGELINA ST","LOS ANGELES","CA","90026","Los Angeles County","34.064657","-118.255956","44000","81","81","1999","1996","Status Not Available","Information Not Available","Status Not Available","Status Not Available","Status Not Available","Status Not Available","","","",""
"CAA19990035","BLYTHE STREET APTS","14607 BLYTHE ST","PANORAMA CITY","CA","91402","Los Angeles County","34.215373","-118.451341","44000","31","31","1999","1998","For-Profit Sponsor","70% Present Value Credit","Status Not Available","Status Not Available","Status Not Available","Status Not Available","","","","218413"
"CAA19990040","BOUQUET CANYON SENIOR LIVING","26705 BOUQUET CANYON RD","SANTA CLARITA","CA","91350","Los Angeles County","34.430781","-118.534738","69088","264","264","1999","1998","For-Profit Sponsor","30% Present Value Credit","Status Not Available","Status Not Available","Status Not Available","Status Not Available","","","","882665"
"CAA19990050","BRYSON FAMILY APTS","2701 WILSHIRE BLVD","LOS ANGELES","CA","90057","Los Angeles County","34.061045","-118.28222","44000","81","80","1999","1997","Non-Profit Sponsor","70% Present Value Credit","Status Not Available","Status Not Available","Status Not Available","Status Not Available","","","","757297"
"CAA19990060","CALIFORNIA HOTEL (SAN PEDRO)","1134 S PACIFIC AVE","SAN PEDRO","CA","90731","Los Angeles County","33.733662","-118.28774","44000","39","39","1999","1996","For-Profit Sponsor","70% Present Value Credit","Status Not Available","Status Not Available","Status Not Available","Status Not Available","","","","303211"
"CAA19990080","CASA MADRID","20721 VANOWEN ST","CANOGA PARK","CA","91306","Los Angeles County","34.193932","-118.584353","44000","28","28","1999","1998","Non-Profit Sponsor","70% Present Value Credit","Status Not Available","Status Not Available","Status Not Available","Status Not Available","","","","117122"
"CAA19990150","CUDAHY GARDENS","4343 ELIZABETH ST","CUDAHY","CA","90201","Los Angeles County","33.963941","-118.191491","17498","99","99","1999","1998","For-Profit Sponsor","30% Present Value Credit","Status Not Available","Status Not Available","Status Not Available","Status Not Available","","","","114674"
"CAA19990170","EL CORAZON APTS","7006 ALABAMA AVE","CANOGA PARK","CA","91303","Los Angeles County","34.197517","-118.598814","44000","12","11","1999","1998","For-Profit Sponsor","30% Present Value Credit","Status Not Available","Status Not Available","Status Not Available","Status Not Available","","","","74960"
"CAA19990190","EMPRESS APTS","514 S WESTLAKE AVE","LOS ANGELES","CA","90057","Los Angeles County","34.059652","-118.272994","44000","14","14","1999","1996","For-Profit Sponsor","70% Present Value Credit","Status Not Available","Status Not Available","Status Not Available","Status Not Available","","","","138135"
"CAA19990200","FEDORA APTS","836 FEDORA ST","LOS ANGELES","CA","90005","Los Angeles County","34.056752","-118.297423","44000","23","23","1999","1997","Non-Profit Sponsor","70% Present Value Credit","Status Not Available","Status Not Available","Status Not Available","Status Not Available","","","","196092"
"CAA19990205","FIGUEROA OAKS","10210 S FIGUEROA ST","LOS ANGELES","CA","90003","Los Angeles County","33.943374","-118.282419","44000","31","31","1999","1996","For-Profit Sponsor","70% Present Value Credit","Status Not Available","Status Not Available","Status Not Available","Status Not Available","","","","388486"
"CAA19990235","GWEN BOLDEN MANOR","1302 E 41ST ST","LOS ANGELES","CA","90011","Los Angeles County","34.009063","-118.251884","44000","24","23","1999","1997","Non-Profit Sponsor","70% Present Value Credit","Status Not Available","Status Not Available","Status Not Available","Status Not Available","","","","385952"
"CAA19990240","HACIENDA SENIOR VILLAS","1901 S AZUSA AVE","HACIENDA HEIGHTS","CA","91745","Los Angeles County","33.988611","-117.932893","31596","151","150","1999","1997","Non-Profit Sponsor","70% Present Value Credit","Status Not Available","Status Not Available","Status Not Available","Status Not Available","","","","1133405"
"CAA19990250","ROSEWOOD PARK SENIOR APTS","2230 S EASTERN AVE","COMMERCE","CA","90040","Los Angeles County","34.004993","-118.158786","14974","94","93","1999","1999","For-Profit Sponsor","30% Present Value Credit","Status Not Available","Status Not Available","Status Not Available","Status Not Available","","","","202552"
"CAA19990335","MAIN STREET PLAZA","333 W MAIN ST","ALHAMBRA","CA","91801","Los Angeles County","34.093475","-118.13082","884","110","109","1999","2000","For-Profit Sponsor","30% Present Value Credit","Status Not Available","Status Not Available","Status Not Available","Status Not Available","","","","486869"
"CAA19990355","MAYUR TOWN HOMES","5846 CARLTON WAY","LOS ANGELES","CA","90028","Los Angeles County","34.100298","-118.316798","44000","21","20","1999","1998","For-Profit Sponsor","70% Present Value Credit","Status Not Available","Status Not Available","Status Not Available","Status Not Available","","","","247241"
"CAA19990360","MEDIA VILLAGE SENIOR HOUSING PROJECT","325 N THIRD ST","BURBANK","CA","91502","Los Angeles County","34.183677","-118.309989","8954","147","146","1999","1996","For-Profit Sponsor","30% Present Value Credit","Status Not Available","Status Not Available","Status Not Available","Status Not Available","","","","339106"
"CAA19990405","PALMS APTS","1920 BATSON AVE","ROWLAND HEIGHTS","CA","91748","Los Angeles County","33.984603","-117.903711","63218","332","332","1999","1998","For-Profit Sponsor","30% Present Value Credit","Status Not Available","Status Not Available","Status Not Available","Status Not Available","","","","631675"
"CAA19990495","SHERATON TOWN HOUSE","2961 WILSHIRE BLVD","LOS ANGELES","CA","90010","Los Angeles County","34.062033","-118.286461","44000","142","141","1999","1996","For-Profit Sponsor","70% Present Value Credit","Status Not Available","Status Not Available","Status Not Available","Status Not Available","","","","1185516"
"CAA19990515","SOMERSET GLEN APTS","13380 HILLSBOROUGH DR","LA MIRADA","CA","90638","Los Angeles County","33.909028","-117.978984","40032","160","160","1999","1998","For-Profit Sponsor","30% Present Value Credit","Status Not Available","Status Not Available","Status Not Available","Status Not Available","","","","556617"
"CAA19990530","SPRINGDALE WEST APTS","2095 W SPRING ST","LONG BEACH","CA","90810","Los Angeles County","33.811839","-118.219727","43000","410","406","1999","1999","For-Profit Sponsor","30% Present Value Credit","Status Not Available","Status Not Available","Status Not Available","Status Not Available","","","","811987"
"CAA19990555","SYCAMORE PARK APTS","250 S AVE 50","LOS ANGELES","CA","90042","Los Angeles County","34.102751","-118.200386","44000","59","58","1999","1997","Non-Profit Sponsor","70% Present Value Credit","Status Not Available","Status Not Available","Status Not Available","Status Not Available","","","","513896"
"CAA19990590","DON SENIOR APTS","105 E I ST","WILMINGTON","CA","90744","Los Angeles County","33.781399","-118.262223","44000","56","56","1999","1998","Non-Profit Sponsor","70% Present Value Credit","Status Not Available","Status Not Available","Status Not Available","Status Not Available","","","","414912"
"CAA19990600","PROMENADE","1333 W GARVEY AVE N","WEST COVINA","CA","91790","Los Angeles County","34.073386","-117.934492","84200","124","124","1999","1998","Non-Profit Sponsor","30% Present Value Credit","Status Not Available","Status Not Available","Status Not Available","Status Not Available","","","","205586"
"CAA19990605","SALVATION ARMY WESTWOOD TRANSITIONAL VILLAGE","1341 S SEPULVEDA BLVD","LOS ANGELES","CA","90025","Los Angeles County","34.053845","-118.449872","99999","40","40","1999","1997","Non-Profit Sponsor","70% Present Value Credit","Status Not Available","Status Not Available","Status Not Available","Status Not Available","","","","511424"
"CAA19990630","TOLTON COURT","2806 W BLVD","LOS ANGELES","CA","90016","Los Angeles County","34.030148","-118.341497","44000","10","10","1999","1996","For-Profit Sponsor","70% Present Value Credit","Status Not Available","Status Not Available","Status Not Available","Status Not Available","","","","130554"
"CAA19990685","VINTAGE GROVE SENIOR APTS","3625 WILLIAMS AVE","LA VERNE","CA","91750","Los Angeles County","34.109555","-117.750912","40830","110","109","1999","1998","For-Profit Sponsor","70% Present Value Credit","Status Not Available","Status Not Available","Status Not Available","Status Not Available","","","","777557"
"CAA19990695","VISTA NUEVA APTS","130 S LA FAYETTE PARK PL","LOS ANGELES","CA","90057","Los Angeles County","34.069875","-118.278584","44000","30","29","1999","1997","Non-Profit Sponsor","70% Present Value Credit","Status Not Available","Status Not Available","Status Not Available","Status Not Available","","","","415781"
"CAA19990710","TOTLON/MONTCLAIR COURT","4200 MONTCLAIR ST","LOS ANGELES","CA","90018","Los Angeles County","34.031407","-118.332026","44000","16","15","1999","1997","For-Profit Sponsor","70% Present Value Credit","Status Not Available","Status Not Available","Status Not Available","Status Not Available","","","","233934"
"CAA19990747","BARNSDALL COURT APTS","1632 N NORMANDIE AVE","LOS ANGELES","CA","90027","Los Angeles County","34.101022","-118.300335","44000","38","37","1999","1997","For-Profit Sponsor","30% Present Value Credit","Status Not Available","Status Not Available","Status Not Available","Status Not Available","","","","228893"
"CAA19990752","CASA RAMPART APTS","401 S RAMPART BLVD","LOS ANGELES","CA","90057","Los Angeles County","34.064991","-118.279908","44000","68","67","1999","1997","Non-Profit Sponsor","70% Present Value Credit","Status Not Available","Status Not Available","Status Not Available","Status Not Available","","","","302320"
"CAA19990754","CONCORD-HUNTINGTON PARK APTS","6900 SEVILLE AVE","HUNTINGTON PARK","CA","90255","Los Angeles County","33.976912","-118.222298","36056","162","160","1999","1999","For-Profit Sponsor","30% Present Value Credit","Status Not Available","Status Not Available","Status Not Available","Status Not Available","","","","188193"
"CAA19990765","NEW HARBOR VISTA","410 N WILMINGTON BLVD","WILMINGTON","CA","90744","Los Angeles County","33.774346","-118.273564","44000","132","130","1999","1997","Non-Profit Sponsor","70% Present Value Credit","Status Not Available","Status Not Available","Status Not Available","Status Not Available","","","","696809"
"CAA19990769","PARK GRAND APTS","858 E GRAND AVE","POMONA","CA","91766","Los Angeles County","34.047939","-117.739305","58072","62","61","1999","1997","For-Profit Sponsor","70% Present Value Credit","Status Not Available","Status Not Available","Status Not Available","Status Not Available","","","","578562"
"CAA19990770","PRESERVATION I","1156 W ADAMS BLVD","LOS ANGELES","CA","90007","Los Angeles County","34.032135","-118.28539","44000","89","87","1999","1999","For-Profit Sponsor","30% Present Value Credit","Status Not Available","Status Not Available","Status Not Available","Status Not Available","","","","93314"
"CAA19990771","PRESERVATION IV","1045 W 18TH ST","LOS ANGELES","CA","90015","Los Angeles County","34.03955","-118.280022","44000","30","29","1999","1999","For-Profit Sponsor","30% Present Value Credit","Status Not Available","Status Not Available","Status Not Available","Status Not Available","","","","23317"
"CAA19990772","PRESERVATION V","833 S CARONDELET ST","LOS ANGELES","CA","90057","Los Angeles County","34.056117","-118.282705","44000","124","118","1999","1999","For-Profit Sponsor","30% Present Value Credit","Status Not Available","Status Not Available","Status Not Available","Status Not Available","","","","111714"
"CAA19990780","TM CHAMBERS MANORS","2620 MENLO AVE","LOS ANGELES","CA","90007","Los Angeles County","34.032163","-118.290118","44000","19","18","1999","1996","For-Profit Sponsor","70% Present Value Credit","Status Not Available","Status Not Available","Status Not Available","Status Not Available","","","","165827"
"CAA19990781","VAN NUYS PIERCE PARK APTS","12700 VAN NUYS BLVD","PACOIMA","CA","91331","Los Angeles County","34.275124","-118.40942","44000","430","426","1999","1999","For-Profit Sponsor","30% Present Value Credit","Status Not Available","Status Not Available","Status Not Available","Status Not Available","","","","700267"
"CAA20000010","ABAJO DEL SOL SENIOR APTS","1000 ABAJO DR","MONTEREY PARK","CA","91754","Los Angeles County","34.059171","-118.145782","48914","61","60","2000","1998","Non-Profit Sponsor","30% Present Value Credit","Status Not Available","Status Not Available","Status Not Available","Status Not Available","","","","270046"
"CAA20000035","AVALON-EL SEGUNDO SENIOR APTS","13232 AVALON BLVD","LOS ANGELES","CA","90061","Los Angeles County","33.912417","-118.265091","84780","42","41","2000","1998","Non-Profit Sponsor","70% Present Value Credit","Status Not Available","Status Not Available","Status Not Available","Status Not Available","","","","288951"
"CAA20000045","WATSON II","3939 URSULA AVE","LOS ANGELES","CA","90008","Los Angeles County","34.015731","-118.352632","44000","83","83","2000","1999","Non-Profit Sponsor","30% Present Value Credit","Status Not Available","Status Not Available","Status Not Available","Status Not Available","","","","460085"
"CAA20000090","CASA VERDE APTS","1552 SCHRADER BLVD","LOS ANGELES","CA","90028","Los Angeles County","34.099307","-118.332279","44000","30","29","2000","1997","Non-Profit Sponsor","70% Present Value Credit","Status Not Available","Status Not Available","Status Not Available","Status Not Available","","","","391761"
"CAA20000095","CASABLANCA APTS","4160 E AVE R","PALMDALE","CA","93552","Los Angeles County","34.57295","-118.054724","55156","200","198","2000","1998","For-Profit Sponsor","70% Present Value Credit","Status Not Available","Status Not Available","Status Not Available","Status Not Available","","","","1877261"
"CAA20000110","CHESTNUT VILLAGE","5675 YORK BLVD","LOS ANGELES","CA","90042","Los Angeles County","34.119155","-118.194328","44000","3","3","2000","1997","For-Profit Sponsor","70% Present Value Credit","Status Not Available","Status Not Available","Status Not Available","Status Not Available","","","","49193"
"CAA20000150","COURTLAND CITY LIGHTS","1355 W CT ST","LOS ANGELES","CA","90026","Los Angeles County","34.064598","-118.257519","44000","92","91","2000","1999","For-Profit Sponsor","70% Present Value Credit","Status Not Available","Status Not Available","Status Not Available","Status Not Available","","","","102006"
"CAA20000185","FOX NORMANDIE APTS","849 S NORMANDIE AVE","LOS ANGELES","CA","90005","Los Angeles County","34.056848","-118.299992","44000","48","47","2000","1999","Non-Profit Sponsor","70% Present Value Credit","Status Not Available","Status Not Available","Status Not Available","Status Not Available","","","","83133"
"CAA20000190","GRACE AVENUE HOUSING","555 E CARSON ST","CARSON","CA","90745","Los Angeles County","33.831871","-118.266047","11530","84","83","2000","2000","For-Profit Sponsor","30% Present Value Credit","Status Not Available","Status Not Available","Status Not Available","Status Not Available","","","","517137"
"CAA20000195","GRANDVIEW CITY LIGHTS","831 S GRAND VIEW ST","LOS ANGELES","CA","90057","Los Angeles County","34.05534","-118.280528","44000","32","31","2000","1997","For-Profit Sponsor","70% Present Value Credit","Status Not Available","Status Not Available","Status Not Available","Status Not Available","","","","524068"
"CAA20000200","HARBOR CITY LIGHTS","523 W 127TH ST","LOS ANGELES","CA","90044","Los Angeles County","33.917776","-118.283857","44000","56","55","2000","2000","For-Profit Sponsor","30% Present Value Credit","No","No","No","No","0","0","0","420322"
"CAA20000235","HIGHLAND VILLAGE","245 S AVE 50","LOS ANGELES","CA","90042","Los Angeles County","34.102613","-118.199478","44000","91","89","2000","1999","Non-Profit Sponsor","70% Present Value Credit","Status Not Available","Status Not Available","Status Not Available","Status Not Available","","","","755703"
"CAA20000240","IRIS GARDENS","385 N ROCKVALE AVE","AZUSA","CA","91702","Los Angeles County","34.127996","-117.896439","3386","120","118","2000","2001","For-Profit Sponsor","30% Present Value Credit","Status Not Available","Status Not Available","Status Not Available","Status Not Available","","","","290621"
"CAA20000255","KENMORE APTS","1726 N KENMORE AVE","LOS ANGELES","CA","90027","Los Angeles County","34.102614","-118.297051","44000","21","20","2000","1998","Non-Profit Sponsor","70% Present Value Credit","Status Not Available","Status Not Available","Status Not Available","Status Not Available","","","","259573"
"CAA20000290","LIVE OAKS GARDEN","5203 LIVE OAK ST","BELL","CA","90201","Los Angeles County","33.966706","-118.174184","17498","40","32","2000","1999","For-Profit Sponsor","70% Present Value Credit","Status Not Available","Status Not Available","Status Not Available","Status Not Available","","","","436755"
"CAA20000315","MIRADA TERRACE APTS","5657 LA MIRADA AVE","HOLLYWOOD","CA","90038","Los Angeles County","34.093936","-118.312404","44000","30","29","2000","1998","Non-Profit Sponsor","70% Present Value Credit","Status Not Available","Status Not Available","Status Not Available","Status Not Available","","","","404481"
"CAA20000340","MOUNTAIN VIEW MANOR APTS","12960 DRONFIELD AVE","SYLMAR","CA","91342","Los Angeles County","34.306093","-118.434652","44000","200","200","2000","1998","For-Profit Sponsor","30% Present Value Credit","Status Not Available","Status Not Available","Status Not Available","Status Not Available","","","","331718"
"CAA20000375","OAK TREE VILLAGE","15231 SHERMAN WAY","VAN NUYS","CA","91405","Los Angeles County","34.201498","-118.464819","44000","21","20","2000","1998","For-Profit Sponsor","70% Present Value Credit","Status Not Available","Status Not Available","Status Not Available","Status Not Available","","","","252734"
"CAA20000385","ORANGE GROVE APTS","626 ORANGE GROVE AVE","GLENDALE","CA","91205","Los Angeles County","34.143422","-118.247813","30000","24","23","2000","2000","For-Profit Sponsor","30% Present Value Credit","Status Not Available","Status Not Available","Status Not Available","Status Not Available","","","","192184"
"CAA20000425","PARK PLACE APTS","7970 WOODMAN AVE","VAN NUYS","CA","91402","Los Angeles County","34.216026","-118.430706","44000","142","141","2000","2000","For-Profit Sponsor","30% Present Value Credit","Status Not Available","Status Not Available","Status Not Available","Status Not Available","","","","378718"
"CAA20000430","PARK WILLIAM APTS","853 WILLIAM ST","POMONA","CA","91768","Los Angeles County","34.063256","-117.764123","58072","31","30","2000","1999","Non-Profit Sponsor","70% Present Value Credit","Status Not Available","Status Not Available","Status Not Available","Status Not Available","","","","261190"
"CAA20000470","PRESERVATION II","300 E 51ST ST","LOS ANGELES","CA","90011","Los Angeles County","33.996364","-118.269993","44000","109","104","2000","1999","For-Profit Sponsor","30% Present Value Credit","Status Not Available","Status Not Available","Status Not Available","Status Not Available","","","","105552"
"CAA20000475","PRESERVATION III","6427 S HOOVER ST","LOS ANGELES","CA","90044","Los Angeles County","33.980608","-118.287258","44000","48","44","2000","1999","For-Profit Sponsor","30% Present Value Credit","Status Not Available","Status Not Available","Status Not Available","Status Not Available","","","","52440"
"CAA20000495","ROWLAND HEIGHTS APTS","1945 BATSON AVE","ROWLAND HEIGHTS","CA","91748","Los Angeles County","33.984372","-117.904105","63218","144","142","2000","2001","For-Profit Sponsor","30% Present Value Credit","Status Not Available","Status Not Available","Status Not Available","Status Not Available","","","","418789"
"CAA20000505","SAN ANTONIO GARDEN","13708 SAN ANTONIO DR","NORWALK","CA","90650","Los Angeles County","33.906177","-118.077989","52526","65","65","2000","1998","For-Profit Sponsor","70% Present Value Credit","Status Not Available","Status Not Available","Status Not Available","Status Not Available","","","","452966"
"CAA20000520","SENDEROS","2141 ESTRELLA AVE","LOS ANGELES","CA","90007","Los Angeles County","34.032399","-118.276598","44000","12","12","2000","1999","For-Profit Sponsor","70% Present Value Credit","Status Not Available","Status Not Available","Status Not Available","Status Not Available","","","","126058"
"CAA20000575","SYCAMORE VILLAGE","523 S RAMPART BLVD","LOS ANGELES","CA","90057","Los Angeles County","34.062998","-118.281192","44000","30","29","2000","1998","Non-Profit Sponsor","70% Present Value Credit","Status Not Available","Status Not Available","Status Not Available","Status Not Available","","","","509094"
"CAA20000625","THE VILLAGGIO II","555 E CARSON ST","CARSON","CA","90745","Los Angeles County","33.831871","-118.266047","11530","65","64","2000","2000","For-Profit Sponsor","30% Present Value Credit","Status Not Available","Status Not Available","Status Not Available","Status Not Available","","","","411079"
"CAA20000640","TOWNE SQUARE","11650 TOWNE AVE","LOS ANGELES","CA","90061","Los Angeles County","33.928217","-118.266233","44000","51","50","2000","1999","Non-Profit Sponsor","70% Present Value Credit","No","No","No","No","0","0","0","353197"
"CAA20000650","UNIVERSITY GARDENS APTS","1250 W JEFFERSON BLVD","LOS ANGELES","CA","90007","Los Angeles County","34.025325","-118.293144","44000","113","111","2000","2000","Non-Profit Sponsor","30% Present Value Credit","Status Not Available","Status Not Available","Status Not Available","Status Not Available","","","","287613"
"CAA20000665","VILLAGES AT CABRILLO","2001 RIVER AVE","LONG BEACH","CA","90810","Los Angeles County","33.792315","-118.222332","43000","196","196","2000","1999","Non-Profit Sponsor","70% Present Value Credit","Status Not Available","Status Not Available","Status Not Available","Status Not Available","","","","242377"
"CAA20000680","VINTAGE GARDENS SENIOR APTS","1950 E BADILLO ST","WEST COVINA","CA","91791","Los Angeles County","34.086126","-117.904359","84200","188","186","2000","2001","For-Profit Sponsor","30% Present Value Credit","Status Not Available","Status Not Available","Status Not Available","Status Not Available","","","","550263"
"CAA20000715","WAVECREST APTS","708 PICO BLVD","SANTA MONICA","CA","90405","Los Angeles County","34.011635","-118.483727","70000","20","19","2000","1999","For-Profit Sponsor","70% Present Value Credit","Status Not Available","Status Not Available","Status Not Available","Status Not Available","","","","264257"
"CAA20000730","WILSHIRE COURTYARD","2848 SUNSET PL","LOS ANGELES","CA","90005","Los Angeles County","34.060628","-118.285759","44000","102","101","2000","1998","For-Profit Sponsor","70% Present Value Credit","Status Not Available","Status Not Available","Status Not Available","Status Not Available","","","","722860"
"CAA20000741","AURORA VILLAGE I","43862 15TH ST W","LANCASTER","CA","93534","Los Angeles County","34.680391","-118.156528","40130","132","129","2000","1998","For-Profit Sponsor","70% Present Value Credit","Status Not Available","Status Not Available","Status Not Available","Status Not Available","","","","943547"
"CAA20000745","CARLTON COURT APTS","5443 CARLTON WAY","LOS ANGELES","CA","90027","Los Angeles County","34.100676","-118.308471","44000","61","60","2000","1998","For-Profit Sponsor","30% Present Value Credit","Status Not Available","Status Not Available","Status Not Available","Status Not Available","","","","398858"
"CAA20000750","EUGENE THOMAS MANOR","2208 S WESTERN AVE","LOS ANGELES","CA","90018","Los Angeles County","34.035749","-118.308768","44000","38","37","2000","1998","Non-Profit Sponsor","70% Present Value Credit","Status Not Available","Status Not Available","Status Not Available","Status Not Available","","","","410181"
"CAA20000753","HEAVENLY VISION SENIOR HOUSING LP","9500 S BROADWAY","LOS ANGELES","CA","90003","Los Angeles County","33.950085","-118.277928","44000","46","45","2000","1997","Non-Profit Sponsor","70% Present Value Credit","Status Not Available","Status Not Available","Status Not Available","Status Not Available","","","","328676"
"CAA20000754","IROLO SENIOR HOUSING","770 IROLO ST","LOS ANGELES","CA","90005","Los Angeles County","34.058","-118.300707","44000","47","46","2000","1998","Non-Profit Sponsor","70% Present Value Credit","Status Not Available","Status Not Available","Status Not Available","Status Not Available","","","","389671"
"CAA20000757","KINGS VILLAGES","1141 N FAIR OAKS AVE","PASADENA","CA","91103","Los Angeles County","34.165767","-118.150846","56000","313","312","2000","2000","For-Profit Sponsor","30% Present Value Credit","Status Not Available","Status Not Available","Status Not Available","Status Not Available","","","","1230767"
"CAA20000769","SIERRA VIEW GARDENS","37850 20TH ST E","PALMDALE","CA","93550","Los Angeles County","34.569957","-118.093764","55156","144","142","2000","1998","For-Profit Sponsor","70% Present Value Credit","Status Not Available","Status Not Available","Status Not Available","Status Not Available","","","","984212"
"CAA20000774","WASHINGTON COURT FAMILY","1717 E 103RD ST","LOS ANGELES","CA","90002","Los Angeles County","33.943377","-118.242023","44000","102","100","2000","1999","For-Profit Sponsor","30% Present Value Credit","Status Not Available","Status Not Available","Status Not Available","Status Not Available","","","","233689"
"CAA20010010","ADAMS CITY LIGHTS","4471 W ADAMS BLVD","LOS ANGELES","CA","90016","Los Angeles County","34.03273","-118.337524","44000","31","30","2001","1999","For-Profit Sponsor","70% Present Value Credit","Status Not Available","Status Not Available","Status Not Available","Status Not Available","","","","514531"
"CAA20010020","ALEGRIA","2737 W SUNSET BLVD","LOS ANGELES","CA","90026","Los Angeles County","34.081422","-118.271057","44000","45","44","2001","1999","For-Profit Sponsor","30% Present Value Credit","Status Not Available","Status Not Available","Status Not Available","Status Not Available","","","","273770"
"CAA20010025","AMISTAD","1953 ESTRELLA AVE","LOS ANGELES","CA","90007","Los Angeles County","34.034002","-118.275569","44000","23","23","2001","1999","Non-Profit Sponsor","70% Present Value Credit","Status Not Available","Status Not Available","Status Not Available","Status Not Available","","","","250664"
"CAA20010030","ANGELS CITY LIGHTS","13915 OXNARD ST","VAN NUYS","CA","91401","Los Angeles County","34.179564","-118.435914","44000","49","39","2001","2000","For-Profit Sponsor","70% Present Value Credit","Status Not Available","Status Not Available","Status Not Available","Status Not Available","","","","729080"
"CAA20010040","AVALON TERRACE NICOLET","4027 NICOLET AVE","LOS ANGELES","CA","90008","Los Angeles County","34.013196","-118.351039","44000","38","31","2001","2000","For-Profit Sponsor","70% Present Value Credit","Status Not Available","Status Not Available","Status Not Available","Status Not Available","","","","388586"
"CAA20010045","BENTON GREEN APTS","528 N BENTON WAY","LOS ANGELES","CA","90026","Los Angeles County","34.075496","-118.273816","44000","38","37","2001","1998","For-Profit Sponsor","30% Present Value Credit","Status Not Available","Status Not Available","Status Not Available","Status Not Available","","","","230741"
"CAA20010060","BIRCHCREST APTS","8525 PARAMOUNT BLVD","DOWNEY","CA","90240","Los Angeles County","33.966783","-118.116523","19766","64","62","2001","2001","For-Profit Sponsor","30% Present Value Credit","Status Not Available","Status Not Available","Status Not Available","Status Not Available","","","","144171"
"CAA20010065","BRANDON APTS","735 HARTFORD AVE","LOS ANGELES","CA","90017","Los Angeles County","34.051435","-118.26799","44000","32","31","2001","1999","Non-Profit Sponsor","70% Present Value Credit","Status Not Available","Status Not Available","Status Not Available","Status Not Available","","","","368498"
"CAA20010090","CARSON TERRACE","632 E 219TH ST","CARSON","CA","90745","Los Angeles County","33.828602","-118.265044","11530","62","61","2001","1999","Non-Profit Sponsor","30% Present Value Credit","No","No","No","No","0","0","0","260139"
"CAA20010095","CASA DE CANOGA APTS","20717 VANOWEN ST","CANOGA PARK","CA","91306","Los Angeles County","34.193932","-118.584255","44000","102","101","2001","1999","Non-Profit Sponsor","70% Present Value Credit","Status Not Available","Status Not Available","Status Not Available","Status Not Available","","","","591774"
"CAA20010125","CLAREMONT VILLAGE APTS","965 W ARROW HWY","CLAREMONT","CA","91711","Los Angeles County","34.090513","-117.73206","13756","150","149","2001","2000","For-Profit Sponsor","30% Present Value Credit","No","No","No","No","0","0","0","402043"
"CAA20010155","DETROIT STREET SENIOR HOUSING","1212 N DETROIT ST","WEST HOLLYWOOD","CA","90046","Los Angeles County","34.09276","-118.344974","84410","10","10","2001","1999","For-Profit Sponsor","70% Present Value Credit","Status Not Available","Status Not Available","Status Not Available","Status Not Available","","","","101492"
"CAA20010160","DEWEY HOTEL","721 S MAIN ST","LOS ANGELES","CA","90014","Los Angeles County","34.043556","-118.252256","44000","43","42","2001","2000","Non-Profit Sponsor","70% Present Value Credit","Status Not Available","Status Not Available","Status Not Available","Status Not Available","","","","216658"
"CAA20010165","DON CARLOS APTS","5226 HOLLYWOOD BLVD","LOS ANGELES","CA","90027","Los Angeles County","34.101584","-118.304477","44000","30","23","2001","2000","For-Profit Sponsor","70% Present Value Credit","Status Not Available","Status Not Available","Status Not Available","Status Not Available","","","","141937"
"CAA20010170","DOWNEY SENIOR APTS","8133 THIRD ST","DOWNEY","CA","90241","Los Angeles County","33.943507","-118.134585","19766","31","29","2001","1999","Non-Profit Sponsor","70% Present Value Credit","Status Not Available","Status Not Available","Status Not Available","Status Not Available","","","","329181"
"CAA20010235","HERITAGE PARK ON WOODMAN","7840 WOODMAN AVE","PANORAMA CITY","CA","91402","Los Angeles County","34.213489","-118.430707","44000","155","153","2001","2001","For-Profit Sponsor","30% Present Value Credit","Status Not Available","Status Not Available","Status Not Available","Status Not Available","","","","411787"
"CAA20010255","HOPE VILLAGE","1031 S HOPE ST","LOS ANGELES","CA","90015","Los Angeles County","34.043245","-118.262362","44000","67","65","2001","1999","For-Profit Sponsor","30% Present Value Credit","Status Not Available","Status Not Available","Status Not Available","Status Not Available","","","","407609"
"CAA20010280","LA PUENTE PARK APTS","14730 PRICHARD ST","LA PUENTE","CA","91744","Los Angeles County","34.037254","-117.968181","40340","132","131","2001","2001","For-Profit Sponsor","30% Present Value Credit","Status Not Available","Status Not Available","Status Not Available","Status Not Available","","","","436555"
"CAA20010290","LINCOLN HOTEL","549 CERES AVE","LOS ANGELES","CA","90013","Los Angeles County","34.040568","-118.240924","44000","41","40","2001","1999","Non-Profit Sponsor","70% Present Value Credit","Status Not Available","Status Not Available","Status Not Available","Status Not Available","","","","335503"
"CAA20010295","MAGNOLIA CITY LIGHTS","2885 LEEWARD AVE","LOS ANGELES","CA","90005","Los Angeles County","34.058879","-118.286425","44000","54","53","2001","2000","For-Profit Sponsor","30% Present Value Credit","Status Not Available","Status Not Available","Status Not Available","Status Not Available","","","","390139"
"CAA20010310","MARYLAND APTS","1340 MARYLAND ST","LOS ANGELES","CA","90017","Los Angeles County","34.056075","-118.261914","44000","30","29","2001","1999","Non-Profit Sponsor","70% Present Value Credit","Status Not Available","Status Not Available","Status Not Available","Status Not Available","","","","274402"
"CAA20010340","NOBLE SENIOR HOUSING","15100 MOORPARK ST","SHERMAN OAKS","CA","91403","Los Angeles County","34.153947","-118.462308","44000","85","84","2001","1999","Non-Profit Sponsor","70% Present Value Credit","Status Not Available","Status Not Available","Status Not Available","Status Not Available","","","","734848"
"CAA20010365","ORANGE TREE VILLAGE","2418 E EL SEGUNDO BLVD","COMPTON","CA","90222","Los Angeles County","33.916039","-118.227963","85614","21","20","2001","1999","For-Profit Sponsor","70% Present Value Credit","Status Not Available","Status Not Available","Status Not Available","Status Not Available","","","","363728"
"CAA20010375","PARK PLAZA SENIOR APTS","6755 RHODES AVE","NORTH HOLLYWOOD","CA","91606","Los Angeles County","34.192757","-118.403263","44000","203","200","2001","1999","For-Profit Sponsor","70% Present Value Credit","Status Not Available","Status Not Available","Status Not Available","Status Not Available","","","","1765562"
"CAA20010495","SIMPSON ARBOR APTS","7507 SIMPSON AVE","NORTH HOLLYWOOD","CA","91605","Los Angeles County","34.206549","-118.389174","44000","83","82","2001","2000","For-Profit Sponsor","70% Present Value Credit","Status Not Available","Status Not Available","Status Not Available","Status Not Available","","","","581030"
"CAA20010500","SONYA GARDENS APTS","8621 DENVER AVE","LOS ANGELES","CA","90044","Los Angeles County","33.959753","-118.284085","44000","60","59","2001","2000","For-Profit Sponsor","70% Present Value Credit","Status Not Available","Status Not Available","Status Not Available","Status Not Available","","","","268283"
"CAA20010505","SOUTHERN HOTEL","412 E FIFTH ST","LOS ANGELES","CA","90013","Los Angeles County","34.044316","-118.24473","44000","55","53","2001","1998","Non-Profit Sponsor","70% Present Value Credit","Status Not Available","Status Not Available","Status Not Available","Status Not Available","","","","297052"
"CAA20010535","HOOVER HOTEL","7035 GREENLEAF AVE","WHITTIER","CA","90602","Los Angeles County","33.978285","-118.037559","85292","50","49","2001","1999","For-Profit Sponsor","70% Present Value Credit","Status Not Available","Status Not Available","Status Not Available","Status Not Available","","","","484122"
"CAA20010560","VICTORY GARDENS","13436 VICTORY BLVD","VAN NUYS","CA","91401","Los Angeles County","34.186512","-118.425859","44000","15","15","2001","2000","For-Profit Sponsor","70% Present Value Credit","Status Not Available","Status Not Available","Status Not Available","Status Not Available","","","","221688"
"CAA20010595","VILLAGE POINTE APTS","43732 CHALLENGER WAY","LANCASTER","CA","93535","Los Angeles County","34.677377","-118.11222","40130","200","199","2001","2000","For-Profit Sponsor","70% Present Value Credit","No","No","No","No","0","0","0","612878"
"CAA20010655","WILLOW TREE VILLAGES","12000 FOOTHILL BLVD","SYLMAR","CA","91342","Los Angeles County","34.276296","-118.397269","44000","49","48","2001","1999","For-Profit Sponsor","70% Present Value Credit","Status Not Available","Status Not Available","Status Not Available","Status Not Available","","","","850876"
"CAA20010662","ADAMS SENIOR GARDENS","1755 W ADAMS BLVD","LOS ANGELES","CA","90018","Los Angeles County","34.032878","-118.301957","44000","38","36","2001","1999","Non-Profit Sponsor","70% Present Value Credit","Status Not Available","Status Not Available","Status Not Available","Status Not Available","","","","69352"
"CAA20010663","BEVERLY TOWERS","1315 W BEVERLY BLVD","MONTEBELLO","CA","90640","Los Angeles County","34.018251","-118.112075","48816","189","189","2001","2003","For-Profit Sponsor","30% Present Value Credit","Status Not Available","Status Not Available","Status Not Available","Status Not Available","","","","383914"
"CAA20010667","DETROIT STREET FAMILY HOUSING","1155 N DETROIT ST","WEST HOLLYWOOD","CA","90046","Los Angeles County","34.092017","-118.345359","84410","10","9","2001","2002","For-Profit Sponsor","30% Present Value Credit","Status Not Available","Status Not Available","Status Not Available","Status Not Available","","","","73364"
"CAA20010671","LA BREA GARDENS","5120 EXPOSITION BLVD","LOS ANGELES","CA","90016","Los Angeles County","34.024583","-118.355873","44000","185","182","2001","2000","For-Profit Sponsor","30% Present Value Credit","Status Not Available","Status Not Available","Status Not Available","Status Not Available","","","","275446"
"CAA20010674","PARK LANE FAMILY APTS","4508 W MLK JR BLVD","LOS ANGELES","CA","","Los Angeles County","34.017621","-118.346347","44000","117","116","2001","2000","For-Profit Sponsor","70% Present Value Credit","Status Not Available","Status Not Available","Status Not Available","Status Not Available","","","","937513"
"CAA20010676","RICHARD N HOGAN MANOR","5506 S FIGUEROA ST","LOS ANGELES","CA","90037","Los Angeles County","33.992168","-118.282484","44000","51","50","2001","2000","For-Profit Sponsor","70% Present Value Credit","Status Not Available","Status Not Available","Status Not Available","Status Not Available","","","","670317"
"CAA20010684","VERDES DEL ORIENTE","360 W THIRD ST","SAN PEDRO","CA","90731","Los Angeles County","33.741625","-118.284033","44000","113","112","2001","2001","For-Profit Sponsor","30% Present Value Credit","Status Not Available","Status Not Available","Status Not Available","Status Not Available","","","","233517"
"CAA20010685","SWANSEA PARK SENIOR APTS","1015 N KINGSLEY DR","LOS ANGELES","CA","90029","Los Angeles County","34.08901","-118.303456","44000","82","81","2001","2009","Non-Profit Sponsor","30% Present Value Credit","Status Not Available","Status Not Available","Status Not Available","Status Not Available","","","",""
"CAA20020015","AMISTAD APTS","2037 LINCOLN PARK AVE","LOS ANGELES","CA","90031","Los Angeles County","34.068416","-118.202626","44000","49","48","2002","2000","Non-Profit Sponsor","70% Present Value Credit","Status Not Available","Status Not Available","Status Not Available","Status Not Available","","","","749177"
"CAA20020020","APPLE TREE VILLAGE","9229 SEPULV EWAY","LOS ANGELES","CA","90045","Los Angeles County","33.953024","-118.39551","44000","125","122","2002","2002","For-Profit Sponsor","70% Present Value Credit","Status Not Available","Status Not Available","Status Not Available","Status Not Available","","","","1640801"
"CAA20020060","CAMERON PARK APTS","929 W CAMERON AVE","WEST COVINA","CA","91790","Los Angeles County","34.063324","-117.933839","84200","158","156","2002","2002","For-Profit Sponsor","30% Present Value Credit","No","No","No","No","0","0","0","532492"
"CAA20020090","CIENEGA GARDENS APTS","1211 N LYMAN AVE","COVINA","CA","91724","Los Angeles County","34.100702","-117.849819","16742","180","178","2002","2002","For-Profit Sponsor","30% Present Value Credit","No","No","No","No","0","0","0","571116"
"CAA20020105","COMPTON GARDEN","4243 E ALONDRA BLVD","COMPTON","CA","90221","Los Angeles County","33.888918","-118.1961","21034","18","18","2002","2001","For-Profit Sponsor","30% Present Value Credit","Status Not Available","Status Not Available","Status Not Available","Status Not Available","","","","110095"
"CAA20020120","CURTIS JOHNSON APTS","727 W 47TH ST","LOS ANGELES","CA","90037","Los Angeles County","34.000833","-118.28612","44000","48","47","2002","2001","For-Profit Sponsor","30% Present Value Credit","No","No","No","No","0","0","0","90947"
"CAA20020165","GATEWAY CITY LIGHTS","523 1/2 W EL SEGUNDO BLVD","LOS ANGELES","CA","90061","Los Angeles County","33.916584","-118.283792","44000","72","56","2002","2000","For-Profit Sponsor","70% Present Value Credit","Status Not Available","Status Not Available","Status Not Available","Status Not Available","","","","1033791"
"CAA20020175","GRANDVIEW NINE APTS","2300 JAMES M WOOD BLVD","LOS ANGELES","CA","90006","Los Angeles County","34.05431","-118.281304","44000","62","61","2002","1999","For-Profit Sponsor","30% Present Value Credit","Status Not Available","Status Not Available","Status Not Available","Status Not Available","","","","362420"
"CAA20020180","HALE-MORRIS-LEWIS SENIOR MANOR","1307 W 105TH ST","LOS ANGELES","CA","90044","Los Angeles County","33.941404","-118.298776","84592","41","40","2002","2001","For-Profit Sponsor","30% Present Value Credit","Status Not Available","Status Not Available","Status Not Available","Status Not Available","","","","180536"
"CAA20020185","HAPPY VALLEY CITY LIGHTS","2580 N SOTO ST","LOS ANGELES","CA","90032","Los Angeles County","34.077369","-118.193263","44000","70","56","2002","2000","For-Profit Sponsor","70% Present Value Credit","Status Not Available","Status Not Available","Status Not Available","Status Not Available","","","","1119082"
"CAA20020195","HERITAGE PARK AT MONROVIA","630 W DUARTE RD","MONROVIA","CA","91016","Los Angeles County","34.13196","-118.013129","48648","78","77","2002","2002","For-Profit Sponsor","30% Present Value Credit","Status Not Available","Status Not Available","Status Not Available","Status Not Available","","","","256658"
"CAA20020275","MEERA TOWN HOMES","740 VALENCIA ST","LOS ANGELES","CA","90017","Los Angeles County","34.051975","-118.269874","44000","21","16","2002","2000","For-Profit Sponsor","70% Present Value Credit","Status Not Available","Status Not Available","Status Not Available","Status Not Available","","","","284647"
"CAA20020290","MISSION CITY LIGHTS","9121 SEPULVEDA BLVD","NORTH HILLS","CA","91343","Los Angeles County","34.236291","-118.46793","44000","46","36","2002","2000","For-Profit Sponsor","70% Present Value Credit","Status Not Available","Status Not Available","Status Not Available","Status Not Available","","","","661134"
"CAA20020300","MONTEREY PARK SENIOR VILLAGE","1935 POTRERO GRANDE DR","MONTEREY PARK","CA","91755","Los Angeles County","34.042303","-118.102874","48914","114","113","2002","2000","For-Profit Sponsor","70% Present Value Credit","Status Not Available","Status Not Available","Status Not Available","Status Not Available","","","","1379101"
"CAA20020340","PARWOOD APTS","5441 N PARAMOUNT BLVD","LONG BEACH","CA","90805","Los Angeles County","33.855404","-118.160142","43000","528","526","2002","2001","For-Profit Sponsor","30% Present Value Credit","Status Not Available","Status Not Available","Status Not Available","Status Not Available","","","","1833435"
"CAA20020380","SERENITY VILLAS","150 E BONITA AVE","POMONA","CA","91767","Los Angeles County","34.09608","-117.747281","58072","174","173","2002","2001","For-Profit Sponsor","30% Present Value Credit","Status Not Available","Status Not Available","Status Not Available","Status Not Available","","","","552510"
"CAA20020430","PIEDMONT APTS (NORTH HOLLYWOOD)","6750 WHITSETT AVE","NORTH HOLLYWOOD","CA","91606","Los Angeles County","34.193383","-118.405068","44000","198","42","2002","2001","For-Profit Sponsor","30% Present Value Credit","Status Not Available","Status Not Available","Status Not Available","Status Not Available","","","","184404"
"CAA20020480","VINTAGE CROSSING SENIOR APTS","6830 JORDAN AVE","CANOGA PARK","CA","91303","Los Angeles County","34.194401","-118.602611","44000","161","128","2002","2000","For-Profit Sponsor","70% Present Value Credit","Status Not Available","Status Not Available","Status Not Available","Status Not Available","","","","1416343"
"CAA20020510","WILSHIRE CITY LIGHTS","716 S CARONDELET ST","LOS ANGELES","CA","90057","Los Angeles County","34.057921","-118.281114","44000","21","17","2002","2000","For-Profit Sponsor","70% Present Value Credit","Status Not Available","Status Not Available","Status Not Available","Status Not Available","","","","347482"
"CAA20020511","CENTER POINTE VILLAS","11856 ORANGE ST","NORWALK","CA","90650","Los Angeles County","33.904512","-118.081255","52526","240","236","2002","2002","For-Profit Sponsor","30% Present Value Credit","Status Not Available","Status Not Available","Status Not Available","Status Not Available","","","","911092"
"CAA20020513","AMISTAD PLAZA","6050 S WESTERN AVE","LOS ANGELES","CA","90047","Los Angeles County","33.985027","-118.308749","44000","56","55","2002","2002","For-Profit Sponsor","30% Present Value Credit","Status Not Available","Status Not Available","Status Not Available","Status Not Available","","","","368421"
"CAA20020515","BELLFLOWER TERRACE SENIOR APTS","9920 FLORA VISTA ST","BELLFLOWER","CA","90706","Los Angeles County","33.885477","-118.12343","4982","180","178","2002","2001","For-Profit Sponsor","30% Present Value Credit","Status Not Available","Status Not Available","Status Not Available","Status Not Available","","","","744875"
"CAA20020516","BREEZEWOOD VILLAGE APTS","16000 GRAYVILLE DR","LA MIRADA","CA","90638","Los Angeles County","33.916187","-117.989856","40032","122","120","2002","2003","For-Profit Sponsor","30% Present Value Credit","No","No","No","No","0","0","0","471799"
"CAA20020521","EASTSIDE VILLAGE FAMILY APTS","2250 E 111TH ST","LOS ANGELES","CA","90059","Los Angeles County","33.934487","-118.232036","44000","78","77","2002","2000","For-Profit Sponsor","70% Present Value Credit","Status Not Available","Status Not Available","Status Not Available","Status Not Available","","","","1118455"
"CAA20020522","EUGENE HOTEL","558 STANFORD AVE","LOS ANGELES","CA","90013","Los Angeles County","34.041195","-118.242183","44000","44","43","2002","2000","Non-Profit Sponsor","70% Present Value Credit","Status Not Available","Status Not Available","Status Not Available","Status Not Available","","","","267128"
"CAA20020523","FAME WEST 25TH STREET","1940 W 25TH ST","LOS ANGELES","CA","90018","Los Angeles County","34.033817","-118.3068","44000","12","12","2002","2000","For-Profit Sponsor","70% Present Value Credit","Status Not Available","Status Not Available","Status Not Available","Status Not Available","","","","153693"
"CAA20020526","HOLLYVIEW SENIOR APTS","5411 HOLLYWOOD BLVD","LOS ANGELES","CA","90027","Los Angeles County","34.101904","-118.307594","44000","100","79","2002","2000","For-Profit Sponsor","70% Present Value Credit","Status Not Available","Status Not Available","Status Not Available","Status Not Available","","","","907838"
"CAA20020532","OSAGE SENIOR VILLAS","924 S OSAGE AVE","INGLEWOOD","CA","90301","Los Angeles County","33.952402","-118.345506","36546","91","72","2002","2000","For-Profit Sponsor","70% Present Value Credit","Status Not Available","Status Not Available","Status Not Available","Status Not Available","","","","791597"
"CAA20020533","PLAZA DE LEON APTS","630 S ALVARADO ST","LOS ANGELES","CA","90057","Los Angeles County","34.05832","-118.275406","44000","20","19","2002","2001","For-Profit Sponsor","70% Present Value Credit","Status Not Available","Status Not Available","Status Not Available","Status Not Available","","","","273424"
"CAA20020547","WISCONSIN III APTS","3790 WISCONSIN ST","LOS ANGELES","CA","90007","Los Angeles County","34.017375","-118.292876","44000","26","25","2002","2000","For-Profit Sponsor","30% Present Value Credit","Status Not Available","Status Not Available","Status Not Available","Status Not Available","","","","198371"
"CAA20030020","ARDMORE CITY LIGHTS","737 S ARDMORE AVE","LOS ANGELES","CA","90005","Los Angeles County","34.058988","-118.302193","44000","48","47","2003","2001","For-Profit Sponsor","70% Present Value Credit","Status Not Available","Status Not Available","Status Not Available","Status Not Available","","","","714339"
"CAA20030035","BALDWIN HILLS APTS","4063 NICOLET AVE","LOS ANGELES","CA","90008","Los Angeles County","34.012866","-118.351485","44000","58","57","2003","2001","For-Profit Sponsor","30% Present Value Credit","Status Not Available","Status Not Available","Status Not Available","Status Not Available","","","","139280"
"CAA20030050","BENTLEY CITY LIGHTS","420 WITMER ST","LOS ANGELES","CA","90017","Los Angeles County","34.056951","-118.26454","44000","36","35","2003","2001","For-Profit Sponsor","70% Present Value Credit","Status Not Available","Status Not Available","Status Not Available","Status Not Available","","","","504759"
"CAA20030060","BURLINGTON CITY LIGHTS","456 S BURLINGTON AVE","LOS ANGELES","CA","90057","Los Angeles County","34.059036","-118.270162","44000","40","39","2003","2001","For-Profit Sponsor","70% Present Value Credit","Status Not Available","Status Not Available","Status Not Available","Status Not Available","","","","577510"
"CAA20030100","CASA BONITA SENIOR APTS","6512 RUGBY AVE","HUNTINGTON PARK","CA","90255","Los Angeles County","33.980226","-118.226349","36056","80","79","2003","2001","For-Profit Sponsor","30% Present Value Credit","No","No","No","No","0","0","0","367208"
"CAA20030110","CASTELAR APTS","601 N HILL ST","LOS ANGELES","CA","90012","Los Angeles County","34.059187","-118.24131","44000","101","100","2003","2001","For-Profit Sponsor","70% Present Value Credit","Status Not Available","Status Not Available","Status Not Available","Status Not Available","","","","1259305"
"CAA20030135","COMMUNITY ARMS APTS","169 E ORANGE GROVE BLVD","PASADENA","CA","91103","Los Angeles County","34.157996","-118.147028","56000","133","131","2003","2002","For-Profit Sponsor","30% Present Value Credit","Status Not Available","Status Not Available","Status Not Available","Status Not Available","","","","455179"
"CAA20030140","CORNERSTONE APTS","14128 CALVERT ST","VAN NUYS","CA","91401","Los Angeles County","34.181498","-118.440615","44000","36","35","2003","2001","Non-Profit Sponsor","70% Present Value Credit","Status Not Available","Status Not Available","Status Not Available","Status Not Available","","","","422372"
"CAA20030160","ELYSIAN CITY LIGHTS","1370 ALLISON AVE","LOS ANGELES","CA","90026","Los Angeles County","34.073131","-118.251482","44000","21","20","2003","2001","For-Profit Sponsor","70% Present Value Credit","Status Not Available","Status Not Available","Status Not Available","Status Not Available","","","","342638"
"CAA20030165","FAR EAST BUILDING","349 E FIRST ST","LOS ANGELES","CA","90012","Los Angeles County","34.049631","-118.239519","44000","16","15","2003","2002","For-Profit Sponsor","30% Present Value Credit","Status Not Available","Status Not Available","Status Not Available","Status Not Available","","","","100265"
"CAA20030215","HOLLYWOOD WESTERN APTS","1672 N WESTERN AVE","HOLLYWOOD","CA","90027","Los Angeles County","34.101267","-118.309084","44000","60","59","2003","2002","For-Profit Sponsor","70% Present Value Credit","Status Not Available","Status Not Available","Status Not Available","Status Not Available","","","","911341"
"CAA20030230","IMPERIAL HIGHWAY APTS","1651 E IMPERIAL HWY","LOS ANGELES","CA","90059","Los Angeles County","33.929663","-118.244913","44000","46","45","2003","2002","For-Profit Sponsor","30% Present Value Credit","Status Not Available","Status Not Available","Status Not Available","Status Not Available","","","","161428"
"CAA20030240","INNES HEIGHTS APTS","1245 INNES AVE","LOS ANGELES","CA","90026","Los Angeles County","34.071532","-118.249689","44000","19","18","2003","2001","Non-Profit Sponsor","70% Present Value Credit","Status Not Available","Status Not Available","Status Not Available","Status Not Available","","","","270163"
"CAA20030265","LA PRIMAVERA APTS","1330 S OLIVE ST","LOS ANGELES","CA","90015","Los Angeles County","34.037202","-118.263498","44000","36","35","2003","2001","Non-Profit Sponsor","70% Present Value Credit","Status Not Available","Status Not Available","Status Not Available","Status Not Available","","","","359204"
"CAA20030280","LAS BRISAS COMMUNITY HOUSING","2399 CALIFORNIA AVE","SIGNAL HILL","CA","90755","Los Angeles County","33.800682","-118.180878","71876","92","90","2003","2003","For-Profit Sponsor","70% Present Value Credit","Status Not Available","Status Not Available","Status Not Available","Status Not Available","","","","1097500"
"CAA20030295","LITTLE LAKE VILLAGE APTS","10902 FULTON WELLS AVE","SANTA FE SPRINGS","CA","90670","Los Angeles County","33.93327","-118.075994","69154","144","142","2003","2002","For-Profit Sponsor","30% Present Value Credit","Status Not Available","Status Not Available","Status Not Available","Status Not Available","","","","537500"
"CAA20030320","MIRAMAR CITY LIGHTS","1417 W THIRD ST","LOS ANGELES","CA","90017","Los Angeles County","34.058649","-118.262001","44000","49","48","2003","2001","For-Profit Sponsor","70% Present Value Credit","Status Not Available","Status Not Available","Status Not Available","Status Not Available","","","","825436"
"CAA20030430","RIVERS HOTEL","1226 E SEVENTH ST","LOS ANGELES","CA","90021","Los Angeles County","34.036835","-118.241514","44000","76","74","2003","2001","Non-Profit Sponsor","70% Present Value Credit","Status Not Available","Status Not Available","Status Not Available","Status Not Available","","","","527206"
"CAA20030455","SAN LUCAS SENIOR HOUSING","1221 W SEVENTH ST","LOS ANGELES","CA","90017","Los Angeles County","34.051973","-118.266498","44000","196","194","2003","2001","For-Profit Sponsor","30% Present Value Credit","Status Not Available","Status Not Available","Status Not Available","Status Not Available","","","","614893"
"CAA20030460","SANTA CRUZ TERRACE","201 N BEACON ST","SAN PEDRO","CA","90731","Los Angeles County","33.744203","-118.280616","44000","48","47","2003","2002","For-Profit Sponsor","70% Present Value Credit","Status Not Available","Status Not Available","Status Not Available","Status Not Available","","","","732333"
"CAA20030495","ST GEORGE HOTEL","115 E THIRD ST","LOS ANGELES","CA","90013","Los Angeles County","34.049106","-118.245362","44000","88","86","2003","2002","Non-Profit Sponsor","70% Present Value Credit","Status Not Available","Status Not Available","Status Not Available","Status Not Available","","","","804879"
"CAA20030550","BROWNSTONE HOTEL","425 E FIFTH ST","LOS ANGELES","CA","90013","Los Angeles County","34.044576","-118.24446","44000","48","47","2003","2002","Non-Profit Sponsor","70% Present Value Credit","Status Not Available","Status Not Available","Status Not Available","Status Not Available","","","","321727"
"CAA20030555","OAKS ON FLORENCE","4224 FLORENCE AVE","BELL","CA","90201","Los Angeles County","33.970678","-118.193176","4870","63","62","2003","2002","For-Profit Sponsor","30% Present Value Credit","Status Not Available","Status Not Available","Status Not Available","Status Not Available","","","","259197"
"CAA20030580","TRI-CITY HOUSING","511 S MARIPOSA AVE","LOS ANGELES","CA","90020","Los Angeles County","34.065063","-118.299413","44000","142","142","2003","2001","For-Profit Sponsor","30% Present Value Credit","Status Not Available","Status Not Available","Status Not Available","Status Not Available","","","","887674"
"CAA20030615","VILLAGE AT BEECHWOOD","44063 BEECH AVE","LANCASTER","CA","93534","Los Angeles County","34.683859","-118.137081","40130","100","99","2003","2002","For-Profit Sponsor","30% Present Value Credit","Status Not Available","Status Not Available","Status Not Available","Status Not Available","","","","280020"
"CAA20030658","CANYON COUNTRY SENIOR APTS","18701 FLYING TIGER DR","SANTA CLARITA","CA","91387","Los Angeles County","34.407594","-118.459364","69088","200","198","2003","2002","For-Profit Sponsor","30% Present Value Credit","Status Not Available","Status Not Available","Status Not Available","Status Not Available","","","","707526"
"CAA20030661","HAROLD WAY APTS","5521 HAROLD WAY","HOLLYWOOD","CA","90028","Los Angeles County","34.099495","-118.310172","44000","51","50","2003","2002","Non-Profit Sponsor","70% Present Value Credit","Status Not Available","Status Not Available","Status Not Available","Status Not Available","","","","742884"
"CAA20030664","ML SHEPARD MANOR SENIOR HOUISNG","2330 SANTA ANA S","LOS ANGELES","CA","90059","Los Angeles County","33.934307","-118.231349","44000","90","89","2003","2002","Non-Profit Sponsor","70% Present Value Credit","Status Not Available","Status Not Available","Status Not Available","Status Not Available","","","","858405"
"CAA20040015","ALEGRIA APTS","801 W 23RD ST","LOS ANGELES","CA","90007","Los Angeles County","34.032487","-118.277477","44000","15","14","2004","2003","For-Profit Sponsor","70% Present Value Credit","Status Not Available","Status Not Available","Status Not Available","Status Not Available","","","","266128"
"CAA20040040","BROADWAY VILLAGE APTS I","254 W 78TH ST","LOS ANGELES","CA","90003","Los Angeles County","33.968702","-118.278143","44000","16","16","2004","2002","For-Profit Sponsor","70% Present Value Credit","Status Not Available","Status Not Available","Status Not Available","Status Not Available","","","","326036"
"CAA20040045","BROADWAY VISTAS","9800 S BROADWAY","LOS ANGELES","CA","90003","Los Angeles County","33.947214","-118.277941","44000","21","20","2004","2002","For-Profit Sponsor","70% Present Value Credit","Status Not Available","Status Not Available","Status Not Available","Status Not Available","","","","421889"
"CAA20040075","CASA DE CABRILLO","2111 W WILLIAMS ST","LONG BEACH","CA","90810","Los Angeles County","33.793158","-118.222473","43000","204","200","2004","2002","For-Profit Sponsor","70% Present Value Credit","Status Not Available","Status Not Available","Status Not Available","Status Not Available","","","","1146511"
"CAA20040080","CASA FIGUEROA APTS","7800 S FIGUEROA ST","LOS ANGELES","CA","90003","Los Angeles County","33.968831","-118.282487","44000","49","48","2004","2002","For-Profit Sponsor","70% Present Value Credit","Status Not Available","Status Not Available","Status Not Available","Status Not Available","","","","780693"
"CAA20040085","CASTAIC LAKE SENIOR APTS","31978 CASTAIC RD","CASTAIC","CA","91384","Los Angeles County","34.500448","-118.625463","11796","150","149","2004","2003","For-Profit Sponsor","30% Present Value Credit","Status Not Available","Status Not Available","Status Not Available","Status Not Available","","","","540865"
"CAA20040170","EL CENTRO LORETTO APTS","1021 N HOOVER ST","LOS ANGELES","CA","90029","Los Angeles County","34.090349","-118.284738","44000","76","75","2004","2002","For-Profit Sponsor","30% Present Value Credit","Status Not Available","Status Not Available","Status Not Available","Status Not Available","","","","537569"
"CAA20040185","EMERALD PARK","212 LUCAS AVE","LOS ANGELES","CA","90026","Los Angeles County","34.060143","-118.260232","44000","21","20","2004","2002","For-Profit Sponsor","70% Present Value Credit","Status Not Available","Status Not Available","Status Not Available","Status Not Available","","","","421716"
"CAA20040220","GRISHAM COMMUNITY HOUSING","11 W 49TH ST","LONG BEACH","CA","90805","Los Angeles County","33.845009","-118.194484","43000","96","94","2004","2002","For-Profit Sponsor","30% Present Value Credit","Status Not Available","Status Not Available","Status Not Available","Status Not Available","","","","607458"
"CAA20040235","HAVENHURST APTS","1435 HAVENHURST DR","WEST HOLLYWOOD","CA","90046","Los Angeles County","34.096937","-118.367643","84410","24","23","2004","2003","For-Profit Sponsor","30% Present Value Credit","Status Not Available","Status Not Available","Status Not Available","Status Not Available","","","","200891"
"CAA20040295","LOS GIRASOLES","952 S RECORD AVE","LOS ANGELES","CA","90023","Los Angeles County","34.02287","-118.18245","20802","11","11","2004","2002","For-Profit Sponsor","70% Present Value Credit","Status Not Available","Status Not Available","Status Not Available","Status Not Available","","","","210327"
"CAA20040310","MARYLAND HEIGHTS","1337 W FIFTH ST","LOS ANGELES","CA","90017","Los Angeles County","34.055489","-118.262319","44000","49","44","2004","2002","For-Profit Sponsor","70% Present Value Credit","Status Not Available","Status Not Available","Status Not Available","Status Not Available","","","","983616"
"CAA20040420","POTRERO SENIOR HOUSING","1301 POTRERO GRANDE DR","ROSEMEAD","CA","91770","Los Angeles County","34.045096","-118.100384","73276","53","52","2004","2003","For-Profit Sponsor","30% Present Value Credit","Status Not Available","Status Not Available","Status Not Available","Status Not Available","","","","257340"
"CAA20040470","SANTEE COURT ONE","700 S LOS ANGELES ST","LOS ANGELES","CA","90014","Los Angeles County","34.043135","-118.250298","44000","165","33","2004","2002","For-Profit Sponsor","30% Present Value Credit","Status Not Available","Status Not Available","Status Not Available","Status Not Available","","","",""
"CAA20040480","SINGING WOOD SENIOR HOUSING","10100 VALLEY BLVD","EL MONTE","CA","91731","Los Angeles County","34.077933","-118.050626","22230","110","109","2004","2002","For-Profit Sponsor","30% Present Value Credit","Status Not Available","Status Not Available","Status Not Available","Status Not Available","","","","424097"
"CAA20040490","SKYLINE VILLAGE","444 LUCAS AVE","LOS ANGELES","CA","90017","Los Angeles County","34.056502","-118.262457","44000","73","72","2004","2003","For-Profit Sponsor","30% Present Value Credit","Status Not Available","Status Not Available","Status Not Available","Status Not Available","","","","663671"
"CAA20040525","SUNSET CITY LIGHTS","2014 W SUNSET BLVD","LOS ANGELES","CA","90026","Los Angeles County","34.077611","-118.262534","44000","16","12","2004","2002","For-Profit Sponsor","70% Present Value Credit","Status Not Available","Status Not Available","Status Not Available","Status Not Available","","","","241857"
"CAA20040535","TEMPLE CITY LIGHTS","306 N ALVARADO ST","LOS ANGELES","CA","90026","Los Angeles County","34.069259","-118.268415","44000","34","33","2004","2002","For-Profit Sponsor","70% Present Value Credit","Status Not Available","Status Not Available","Status Not Available","Status Not Available","","","","675562"
"CAA20040600","VERMONT CITY LIGHTS","4215 S VERMONT AVE","LOS ANGELES","CA","90037","Los Angeles County","34.007014","-118.291743","44000","60","58","2004","2003","For-Profit Sponsor","70% Present Value Credit","Status Not Available","Status Not Available","Status Not Available","Status Not Available","","","","1275054"
"CAA20040625","VILLA RAMONA","13030 RAMONA BLVD","BALDWIN PARK","CA","91706","Los Angeles County","34.079644","-117.98819","3666","71","70","2004","2002","For-Profit Sponsor","30% Present Value Credit","Status Not Available","Status Not Available","Status Not Available","Status Not Available","","","","522176"
"CAA20040665","WEST ANGELES VILLAS","6030 CRENSHAW BLVD","LOS ANGELES","CA","90043","Los Angeles County","33.985159","-118.330553","44000","150","149","2004","2002","For-Profit Sponsor","30% Present Value Credit","Status Not Available","Status Not Available","Status Not Available","Status Not Available","","","","700359"
"CAA20040680","WITMER/COLUMBIA PLACE","1304 W SEVENTH ST","LOS ANGELES","CA","90017","Los Angeles County","34.052237","-118.267887","44000","43","42","2004","2003","For-Profit Sponsor","70% Present Value Credit","Status Not Available","Status Not Available","Status Not Available","Status Not Available","","","","832537"
"CAA20040690","HAWAIIAN GARDENS APTS","11950 CENTRALIA RD","HAWAIIAN GARDENS","CA","90716","Los Angeles County","33.838545","-118.077542","32506","264","211","2004","2004","For-Profit Sponsor","30% Present Value Credit","No","No","No","No","0","0","0","770382"
"CAA20040692","HERITAGE PARK AT ARCADIA","150 LAS TUNAS DR","ARCADIA","CA","91007","Los Angeles County","34.107536","-118.036477","2462","54","53","2004","2003","For-Profit Sponsor","30% Present Value Credit","Status Not Available","Status Not Available","Status Not Available","Status Not Available","","","","295337"
"CAA20040694","HERITAGE PARK AT GLENDALE","420 E HARVARD ST","GLENDALE","CA","91205","Los Angeles County","34.144302","-118.250634","30000","52","51","2004","2002","For-Profit Sponsor","30% Present Value Credit","Status Not Available","Status Not Available","Status Not Available","Status Not Available","","","","457012"
"CAA20040702","EADS APTS","421 S BIXEL ST","LOS ANGELES","CA","90017","Los Angeles County","34.056262","-118.260796","44000","36","35","2004","2002","For-Profit Sponsor","70% Present Value Credit","Status Not Available","Status Not Available","Status Not Available","Status Not Available","","","","578143"
"CAA20040705","WITMER MANOR PRESERVATION PROJECT","1501 MIRAMAR ST","LOS ANGELES","CA","90026","Los Angeles County","34.060313","-118.262689","44000","238","238","2004","2004","For-Profit Sponsor","30% Present Value Credit","Status Not Available","Status Not Available","Status Not Available","Status Not Available","","","","532330"
"CAA20040706","DOLORES FRANCES APTS","1809 W 11TH ST","LOS ANGELES","CA","90006","Los Angeles County","34.049154","-118.27789","44000","390","366","2004","2003","Non-Profit Sponsor","30% Present Value Credit","No","No","Status Not Available","No","0","0","0","1033999"
"CAA20049707","VERMONT CITY LIGHTS","4215 - 4225 S VERMONT AVE AND 1011 W 42ND PL","LOS ANGELES","CA","90017","Los Angeles County","34.007014","-118.291743","44000","60","58","2004","2003","Status Not Available","Information Not Available","Status Not Available","Status Not Available","Status Not Available","Status Not Available","","","",""
"CAA20050005","AFTON PLACE APTS","6230 AFTON PL","LOS ANGELES","CA","90028","Los Angeles County","34.095116","-118.325309","44000","71","70","2005","2004","For-Profit Sponsor","30% Present Value Credit","Status Not Available","Status Not Available","Status Not Available","Status Not Available","","","","302528"
"CAA20050050","BROADWAY CITY LIGHTS","8000 S BROADWAY","LOS ANGELES","CA","90003","Los Angeles County","33.966911","-118.27809","44000","49","48","2005","2003","For-Profit Sponsor","70% Present Value Credit","Status Not Available","Status Not Available","Status Not Available","Status Not Available","","","","925381"
"CAA20050055","BURBANK SENIOR ARTIST COLONY","240 E VERDUGO AVE","BURBANK","CA","91502","Los Angeles County","34.17926","-118.304865","8954","141","43","2005","2002","For-Profit Sponsor","30% Present Value Credit","Status Not Available","Status Not Available","Status Not Available","Status Not Available","","","","253942"
"CAA20050100","COLONIA CORONA APTS","13036 SHERMAN WAY","NORTH HOLLYWOOD","CA","91605","Los Angeles County","34.201044","-118.417546","44000","100","99","2005","2002","For-Profit Sponsor","30% Present Value Credit","Status Not Available","Status Not Available","Status Not Available","Status Not Available","","","","918160"
"CAA20050135","COURT STREET APTS","1301 W CT ST","LOS ANGELES","CA","90026","Los Angeles County","34.064272","-118.256751","44000","24","23","2005","2003","For-Profit Sponsor","70% Present Value Credit","Status Not Available","Status Not Available","Status Not Available","Status Not Available","","","","484981"
"CAA20050155","DOUGLAS PARK APTS","145 W ROSECRANS AVE","COMPTON","CA","90222","Los Angeles County","33.903552","-118.22552","15044","72","71","2005","2004","For-Profit Sponsor","30% Present Value Credit","No","No","No","No","0","0","0","189870"
"CAA20050195","GATEWAYS SRO HOUSING","444 N HOOVER ST","LOS ANGELES","CA","90004","Los Angeles County","34.079054","-118.284227","44000","30","29","2005","2003","Non-Profit Sponsor","70% Present Value Credit","Status Not Available","Status Not Available","Status Not Available","Status Not Available","","","","335531"
"CAA20050210","GOLDEN WEST TOWER","3510 MARICOPA ST","TORRANCE","CA","90503","Los Angeles County","33.839358","-118.347474","80000","180","178","2005","2004","For-Profit Sponsor","30% Present Value Credit","No","No","No","No","0","0","0","855131"
"CAA20050215","GRAND & VENICE FAMILY HOUSING","1500 S GRAND AVE","LOS ANGELES","CA","90015","Los Angeles County","34.036376","-118.265675","44000","62","61","2005","2003","For-Profit Sponsor","70% Present Value Credit","Status Not Available","Status Not Available","Status Not Available","Status Not Available","","","","1284546"
"CAA20050240","HARMONY CREEK","15554 GALE AVE","HACIENDA HEIGHTS","CA","91745","Los Angeles County","34.012157","-117.967823","31596","75","74","2005","2004","For-Profit Sponsor","30% Present Value Credit","Status Not Available","Status Not Available","Status Not Available","Status Not Available","","","","415540"
"CAA20050250","HARVARD GLENMARY","8711 S HARVARD BLVD","LOS ANGELES","CA","90047","Los Angeles County","33.958723","-118.307036","44000","216","214","2005","2002","For-Profit Sponsor","30% Present Value Credit","Status Not Available","Status Not Available","Status Not Available","Status Not Available","","","","1211445"
"CAA20050275","INGRAM PRESERVATION","234 N LAKE ST","LOS ANGELES","CA","90026","Los Angeles County","34.068959","-118.269922","44000","140","135","2005","2004","For-Profit Sponsor","30% Present Value Credit","Status Not Available","Status Not Available","Status Not Available","Status Not Available","","","","390500"
"CAA20050315","LEEWARD APTS","230 W 88TH PL","LOS ANGELES GARDENA","CA","","Los Angeles County","33.956291","-118.27699","44000","257","245","2005","2005","For-Profit Sponsor","30% Present Value Credit","Status Not Available","Status Not Available","Status Not Available","Status Not Available","","","","587014"
"CAA20050340","LUTHERAN GARDENS APTS","2431 E EL SEGUNDO BLVD","COMPTON","CA","90222","Los Angeles County","33.916367","-118.228389","85614","76","75","2005","2004","For-Profit Sponsor","30% Present Value Credit","Status Not Available","Status Not Available","Status Not Available","Status Not Available","","","","260907"
"CAA20050415","NEW TERMINAL HOTEL","901 E SEVENTH ST","LOS ANGELES","CA","90021","Los Angeles County","34.039174","-118.244212","44000","40","39","2005","2003","Non-Profit Sponsor","70% Present Value Credit","Status Not Available","Status Not Available","Status Not Available","Status Not Available","","","","329654"
"CAA20050435","PACIFIC TOWERS SENIOR APTS","10450 VALLEY BLVD","EL MONTE","CA","91731","Los Angeles County","34.07628","-118.044934","22230","100","99","2005","2003","For-Profit Sponsor","30% Present Value Credit","Status Not Available","Status Not Available","Status Not Available","Status Not Available","","","","382728"
"CAA20050440","ARBOR AT PALMDALE","1000 E AVE Q","PALMDALE","CA","93550","Los Angeles County","34.587124","-118.111024","55156","91","90","2005","2005","For-Profit Sponsor","30% Present Value Credit","Status Not Available","Status Not Available","Status Not Available","Status Not Available","","","","347465"
"CAA20050450","PALOMAR APTS","5473 SANTA MONICA BLVD","LOS ANGELES","CA","90029","Los Angeles County","34.090931","-118.308505","44000","27","26","2005","2004","Non-Profit Sponsor","70% Present Value Credit","Status Not Available","Status Not Available","Status Not Available","Status Not Available","","","","284166"
"CAA20050480","PLYMOUTH WEST APTS","240 CHESTNUT AVE","LONG BEACH","CA","90802","Los Angeles County","33.770024","-118.196162","43000","196","195","2005","2004","For-Profit Sponsor","30% Present Value Credit","Status Not Available","Status Not Available","Status Not Available","Status Not Available","","","","451646"
"CAA20050490","PORTOFINO VILLAS","121 W PHILLIPS BLVD","POMONA","CA","91766","Los Angeles County","34.044333","-117.751005","58072","174","172","2005","2003","For-Profit Sponsor","70% Present Value Credit","Status Not Available","Status Not Available","Status Not Available","Status Not Available","","","","1429855"
"CAA20050540","ST ANNE'S TRANSITION HOUSING & CHILD CARE DEVELOPMENT","155 N OCCIDENTAL BLVD","LOS ANGELES","CA","90026","Los Angeles County","34.071521","-118.279127","44000","40","39","2005","2003","Non-Profit Sponsor","70% Present Value Credit","Status Not Available","Status Not Available","Status Not Available","Status Not Available","","","","399830"
"CAA20050615","TIDES SENIOR APTS","623 S RAMPART BLVD","LOS ANGELES","CA","90057","Los Angeles County","34.061679","-118.282034","44000","36","35","2005","2002","For-Profit Sponsor","70% Present Value Credit","Status Not Available","Status Not Available","Status Not Available","Status Not Available","","","","471274"
"CAA20050620","TIERRA DEL SOL","7500 ALABAMA AVE","CANOGA PARK","CA","91303","Los Angeles County","34.206486","-118.598829","44000","119","118","2005","2003","For-Profit Sponsor","30% Present Value Credit","Status Not Available","Status Not Available","Status Not Available","Status Not Available","","","","983673"
"CAA20050660","VIEWS AT 270","1516 N WESTERN AVE","LOS ANGELES","CA","90027","Los Angeles County","34.098768","-118.309046","44000","56","55","2005","2003","For-Profit Sponsor","30% Present Value Credit","Status Not Available","Status Not Available","Status Not Available","Status Not Available","","","","754014"
"CAA20050725","YANKEE HOTEL","501 E SEVENTH ST","LOS ANGELES","CA","90014","Los Angeles County","34.041285","-118.247227","44000","80","78","2005","2003","For-Profit Sponsor","70% Present Value Credit","Status Not Available","Status Not Available","Status Not Available","Status Not Available","","","","690617"
"CAA20050727","ASBURY APTS","2500 W SIXTH ST","LOS ANGELES","CA","90057","Los Angeles County","34.061468","-118.279651","44000","97","58","2005","2003","For-Profit Sponsor","30% Present Value Credit","Status Not Available","Status Not Available","Status Not Available","Status Not Available","","","","207031"
"CAA20050728","AURORA VILLAGE II","43945 12TH ST W","LANCASTER","CA","93534","Los Angeles County","34.682011","-118.152556","40130","140","138","2005","2005","For-Profit Sponsor","30% Present Value Credit","Status Not Available","Status Not Available","Status Not Available","Status Not Available","","","","671047"
"CAA20050736","METROPOLITAN LOFTS","1040 S FLOWER ST","LOS ANGELES","CA","90015","Los Angeles County","34.043421","-118.263425","44000","264","53","2005","2003","For-Profit Sponsor","30% Present Value Credit","Status Not Available","Status Not Available","Status Not Available","Status Not Available","","","","438589"
"CAA20050738","PISGAH VILLAGE","6000 ECHO ST","LOS ANGELES","CA","90042","Los Angeles County","34.110294","-118.188307","44000","47","46","2005","2004","Non-Profit Sponsor","70% Present Value Credit","Status Not Available","Status Not Available","Status Not Available","Status Not Available","","","","434133"
"CAA20050739","PLUMMER VILLAGE APTS","15450 PLUMMER ST","NORTH HILLS","CA","91343","Los Angeles County","34.242632","-118.468823","44000","75","74","2005","2005","For-Profit Sponsor","70% Present Value Credit","Status Not Available","Status Not Available","Status Not Available","Status Not Available","","","","213277"
"CAA20050743","SANTOS PLAZA APTS","3837 S WESTERN AVE","LOS ANGELES","CA","90062","Los Angeles County","34.016372","-118.309103","44000","37","36","2005","2003","Non-Profit Sponsor","70% Present Value Credit","Status Not Available","Status Not Available","Status Not Available","Status Not Available","","","","476913"
"CAA20050744","TESORO DEL VALLE","2301 HUMBOLDT ST","LOS ANGELES","CA","90031","Los Angeles County","34.078942","-118.219768","44000","121","119","2005","2003","For-Profit Sponsor","70% Present Value Credit","Status Not Available","Status Not Available","Status Not Available","Status Not Available","","","","1431322"
"CAA20050745","CHANCELLOR","3191 W SEVENTH ST","LOS ANGELES","CA","90005","Los Angeles County","34.059915","-118.294799","44000","101","100","2005","2001","For-Profit Sponsor","30% Present Value Credit","Status Not Available","Status Not Available","Status Not Available","Status Not Available","","","","271723"
"CAA20060005","SECURITY BUILDING LOFTS","510 S SPRING ST","LOS ANGELES","CA","90013","Los Angeles County","34.047055","-118.2497","44000","153","31","2006","2002","For-Profit Sponsor","30% Present Value Credit","Status Not Available","Status Not Available","Status Not Available","Status Not Available","","","","251103"
"CAA20060020","MAIN STREET VISTAS","5950 S MAIN ST","LOS ANGELES","CA","90003","Los Angeles County","33.986053","-118.273726","44000","49","48","2006","2003","For-Profit Sponsor","70% Present Value Credit","Status Not Available","Status Not Available","Status Not Available","Status Not Available","","","","872955"
"CAA20060025","FIGUEROA PLACE","1320 W SUNSET BLVD","LOS ANGELES","CA","90026","Los Angeles County","34.07196","-118.250912","44000","33","32","2006","2003","For-Profit Sponsor","70% Present Value Credit","Status Not Available","Status Not Available","Status Not Available","Status Not Available","","","","588154"
"CAA20060035","BROADWAY VILLAGE APTS II","5101 S BROADWAY","LOS ANGELES","CA","90037","Los Angeles County","33.996482","-118.278519","44000","50","49","2006","2003","For-Profit Sponsor","30% Present Value Credit","Status Not Available","Status Not Available","Status Not Available","Status Not Available","","","","474618"
"CAA20060065","FLORES DEL VALLE APTS","222 N AVE 23","LOS ANGELES","CA","90031","Los Angeles County","34.078418","-118.219182","44000","146","144","2006","2004","For-Profit Sponsor","70% Present Value Credit","Status Not Available","Status Not Available","Status Not Available","Status Not Available","","","","1922219"
"CAA20060070","MANSI TOWN HOMES","4520 S FIGUEROA ST","LOS ANGELES","CA","90037","Los Angeles County","34.002332","-118.282503","44000","21","20","2006","2004","For-Profit Sponsor","70% Present Value Credit","Status Not Available","Status Not Available","Status Not Available","Status Not Available","","","","397227"
"CAA20060090","SATICOY GARDENS","14649 SATICOY ST","VAN NUYS","CA","91405","Los Angeles County","34.208621","-118.452429","44000","30","29","2006","2003","For-Profit Sponsor","30% Present Value Credit","Status Not Available","Status Not Available","Status Not Available","Status Not Available","","","","271329"
"CAA20060095","LORENA TERRACE APTS","611 S LORENA ST","LOS ANGELES","CA","90023","Los Angeles County","34.030623","-118.199341","44000","49","47","2006","2003","For-Profit Sponsor","30% Present Value Credit","Status Not Available","Status Not Available","Status Not Available","Status Not Available","","","","593069"
"CAA20060130","RAINBOW APTS","643 S SAN PEDRO ST","LOS ANGELES","CA","90014","Los Angeles County","34.041654","-118.246026","44000","89","87","2006","2004","Non-Profit Sponsor","70% Present Value Credit","Status Not Available","Status Not Available","Status Not Available","Status Not Available","","","","937147"
"CAA20060145","1424 BROADWAY APTS","1424 BROADWAY","SANTA MONICA","CA","90404","Los Angeles County","34.02306","-118.483481","70000","41","41","2006","2004","For-Profit Sponsor","70% Present Value Credit","Status Not Available","Status Not Available","Status Not Available","Status Not Available","","","","786801"
"CAA20060160","ORANGE GROVE GARDENS","252 E ORANGE GROVE BLVD","PASADENA","CA","91104","Los Angeles County","34.157678","-118.14511","56000","38","37","2006","2004","For-Profit Sponsor","70% Present Value Credit","Status Not Available","Status Not Available","Status Not Available","Status Not Available","","","","741116"
"CAA20060210","LAS BRISAS APTS","115 E 88TH ST","LOS ANGELES","CA","90003","Los Angeles County","33.95735","-118.273255","44000","66","65","2006","2004","For-Profit Sponsor","70% Present Value Credit","Status Not Available","Status Not Available","Status Not Available","Status Not Available","","","","884756"
"CAA20060230","ARBOR GROVE","855 W JACKMAN ST","LANCASTER","CA","93534","Los Angeles County","34.701152","-118.146763","40130","150","150","2006","2004","For-Profit Sponsor","70% Present Value Credit","Status Not Available","Status Not Available","Status Not Available","Status Not Available","","","","1506594"
"CAA20060235","HARVARD HEIGHTS APT HOMES","950 S HARVARD BLVD","LOS ANGELES","CA","90006","Los Angeles County","34.054194","-118.303967","44000","47","46","2006","2004","For-Profit Sponsor","70% Present Value Credit","Status Not Available","Status Not Available","Status Not Available","Status Not Available","","","","690334"
"CAA20060280","NEW DANA STRAND PHASE I GARDEN APTS","326 KING AVE","WILMINGTON","CA","90744","Los Angeles County","33.773526","-118.27514","44000","120","118","2006","2004","Non-Profit Sponsor","70% Present Value Credit","Status Not Available","Status Not Available","Status Not Available","Status Not Available","","","","1629992"
"CAA20060285","TEMPLE VILLAS","1421 W TEMPLE ST","LOS ANGELES","CA","90026","Los Angeles County","34.067585","-118.257319","44000","52","51","2006","2004","For-Profit Sponsor","70% Present Value Credit","Status Not Available","Status Not Available","Status Not Available","Status Not Available","","","","733399"
"CAA20060290","EMERALD TERRACE APTS","1345 EMERALD DR","LOS ANGELES","CA","90026","Los Angeles County","34.059755","-118.26015","44000","85","84","2006","2004","For-Profit Sponsor","70% Present Value Credit","Status Not Available","Status Not Available","Status Not Available","Status Not Available","","","","1510108"
"CAA20060315","KERN VILLA APTS","200 N KERN AVE","LOS ANGELES","CA","90022","Los Angeles County","34.03813","-118.162663","20802","49","48","2006","2004","For-Profit Sponsor","70% Present Value Credit","Status Not Available","Status Not Available","Status Not Available","Status Not Available","","","","424567"
"CAA20060366","SAN FERNANDO SENIOR HOUSING","101 PARK AVE","SAN FERNANDO","CA","91340","Los Angeles County","34.280235","-118.436053","66140","98","96","2006","2004","Status Not Available","30% Present Value Credit","Status Not Available","Status Not Available","Status Not Available","Status Not Available","","","","573486"
"CAA20060390","CASA SHALOM","1308 S NEW HAMPSHIRE AVE","LOS ANGELES","CA","90006","Los Angeles County","34.047158","-118.292225","44000","30","29","2006","2004","For-Profit Sponsor","30% Present Value Credit","Status Not Available","Status Not Available","Status Not Available","Status Not Available","","","","342804"
"CAA20060405","PILGRIM TOWER NORTH APTS","560 E VILLA ST","PASADENA","CA","91101","Los Angeles County","34.154059","-118.138945","56000","258","255","2006","2004","For-Profit Sponsor","30% Present Value Credit","Status Not Available","Status Not Available","Status Not Available","Status Not Available","","","","654452"
"CAA20060436","CORONEL VILLAGE","935 S BOYLE AVE","LOS ANGELES","CA","90023","Los Angeles County","34.034989","-118.219369","44000","48","47","2006","2002","Non-Profit Sponsor","30% Present Value Credit","Status Not Available","Status Not Available","Status Not Available","Status Not Available","","","","293385"
"CAA20060445","PROTOTYPES POMONA APTS","837 E ARROW HWY","POMONA","CA","91767","Los Angeles County","34.09044","-117.735657","58072","32","31","2006","2004","For-Profit Sponsor","30% Present Value Credit","Status Not Available","Status Not Available","Status Not Available","Status Not Available","","","","351598"
"CAA20060606","CENTRAL CITY FAMILY HOUSING","1810 W 12TH ST","LOS ANGELES","CA","90006","Los Angeles County","34.047521","-118.279375","44000","63","61","2006","2003","For-Profit Sponsor","30% Present Value Credit","No","No","Status Not Available","No","0","0","0","534844"
"CAA20060630","CLARA PARK COMMONS","4805 CLARA ST","CUDAHY","CA","90201","Los Angeles County","33.965236","-118.182017","17498","50","49","2006","2005","For-Profit Sponsor","30% Present Value Credit","Status Not Available","Status Not Available","Status Not Available","Status Not Available","","","","155425"
"CAA20060635","WYSONG VILLAGE APTS","111 N CHAPEL AVE","ALHAMBRA","CA","91801","Los Angeles County","34.098047","-118.124876","884","95","94","2006","2005","For-Profit Sponsor","30% Present Value Credit","Status Not Available","Status Not Available","Status Not Available","Status Not Available","","","","293106"
"CAA20060655","TERRY MANOR APTS","3100 S VERMONT AVE","LOS ANGELES","CA","90007","Los Angeles County","34.026384","-118.29134","44000","170","167","2006","2005","For-Profit Sponsor","70% Present Value Credit","Status Not Available","Status Not Available","Status Not Available","Status Not Available","","","","1084866"
"CAA20060660","SOUTH BAY VILLA APTS","13111 S SAN PEDRO ST","LOS ANGELES","CA","90061","Los Angeles County","33.913538","-118.269808","84780","80","79","2006","2005","For-Profit Sponsor","70% Present Value Credit","No","No","No","No","0","0","0","391515"
"CAA20060715","VILLA DEL SOL APTS","11971 ALLEGHENY ST","SUN VALLEY","CA","91352","Los Angeles County","34.236643","-118.394017","44000","103","101","2006","2005","For-Profit Sponsor","30% Present Value Credit","Status Not Available","Status Not Available","Status Not Available","Status Not Available","","","","501969"
"CAA20060730","LITTLE TOKYO DEVELOPMENT","375 E SECOND ST","LOS ANGELES","CA","90012","Los Angeles County","34.048214","-118.239762","44000","128","26","2006","2006","For-Profit Sponsor","30% Present Value Credit","Status Not Available","Status Not Available","Status Not Available","Status Not Available","","","","274504"
"CAA20060745","ALAMEDA TERRACE","11917 S FIGUEROA ST","LOS ANGELES","CA","90061","Los Angeles County","33.924556","-118.282778","44000","34","33","2006","2003","For-Profit Sponsor","70% Present Value Credit","No","No","Status Not Available","No","0","0","0","113572"
"CAA20060755","DECRO LONG BEACH","745 ALAMITOS AVE","LONG BEACH","CA","90813","Los Angeles County","33.776037","-118.180177","43000","321","307","2006","2006","For-Profit Sponsor","30% Present Value Credit","Status Not Available","Status Not Available","Status Not Available","Status Not Available","","","","1371007"
"CAA20060758","LA COLORADO TERRACE","2455 COLORADO BLVD","LOS ANGELES","CA","90041","Los Angeles County","34.141095","-118.220984","44000","70","42","2006","2003","For-Profit Sponsor","30% Present Value Credit","Status Not Available","Status Not Available","Status Not Available","Status Not Available","","","","578430"
"CAA20060772","WINDWARD APTS","230 W 88TH PL","LOS ANGELES","CA","90003","Los Angeles County","33.956291","-118.27699","44000","232","220","2006","2006","For-Profit Sponsor","30% Present Value Credit","Status Not Available","Status Not Available","Status Not Available","Status Not Available","","","","529934"
"CAA20070005","26TH & SANTA MONICA FAMILY HOUSING","1349 26TH ST","SANTA MONICA","CA","90404","Los Angeles County","34.034104","-118.474964","70000","44","43","2007","2004","Non-Profit Sponsor","70% Present Value Credit","Status Not Available","Status Not Available","Status Not Available","Status Not Available","","","","792734"
"CAA20070035","ARBOR COURT I","44958 TENTH ST W","LANCASTER","CA","93534","Los Angeles County","34.700213","-118.147916","40130","84","83","2007","2006","For-Profit Sponsor","30% Present Value Credit","Status Not Available","Status Not Available","Status Not Available","Status Not Available","","","","496647"
"CAA20070110","EAST LA COMMUNITY CORP","1074 S ROWAN AVE","LOS ANGELES","CA","90023","Los Angeles County","34.020706","-118.187161","20802","25","24","2007","2005","For-Profit Sponsor","30% Present Value Credit","Status Not Available","Status Not Available","Status Not Available","Status Not Available","","","","391250"
"CAA20070135","CENTRAL AVENUE VILLA","4051 S CENTRAL AVE","LOS ANGELES","CA","90011","Los Angeles County","34.010075","-118.256703","44000","20","20","2007","2006","For-Profit Sponsor","30% Present Value Credit","Status Not Available","Status Not Available","Status Not Available","Status Not Available","","","","134078"
"CAA20070185","CORONITA FAMILY APTS","204 LUCAS AVE","LOS ANGELES","CA","90026","Los Angeles County","34.060206","-118.260193","44000","21","20","2007","2005","For-Profit Sponsor","70% Present Value Credit","Status Not Available","Status Not Available","Status Not Available","Status Not Available","","","","447022"
"CAA20070236","ESSEX APTS","44916 TENTH ST W","LANCASTER","CA","93534","Los Angeles County","34.699586","-118.147903","40130","150","149","2007","2007","Non-Profit Sponsor","70% Present Value Credit","No","No","Status Not Available","No","0","0","0","1554566"
"CAA20070270","HART VILLAGE","6941 OWENSMOUTH AVE","CANOGA PARK","CA","91303","Los Angeles County","34.196812","-118.601743","44000","47","46","2007","2005","Non-Profit Sponsor","70% Present Value Credit","Status Not Available","Status Not Available","Status Not Available","Status Not Available","","","","1106574"
"CAA20070285","HOJAS DE PLATA APTS","1515 N ORANGE AVE","LA PUENTE","CA","91744","Los Angeles County","34.056453","-117.96002","84774","53","52","2007","2006","For-Profit Sponsor","30% Present Value Credit","Status Not Available","Status Not Available","Status Not Available","Status Not Available","","","","288269"
"CAA20070315","LAGUNA SENIOR APTS","4201 W SUNSET BLVD","LOS ANGELES","CA","90029","Los Angeles County","34.094007","-118.281831","44000","64","63","2007","2005","For-Profit Sponsor","30% Present Value Credit","Status Not Available","Status Not Available","Status Not Available","Status Not Available","","","","625607"
"CAA20070320","LAS BRISAS II","2400 CALIFORNIA AVE","SIGNAL HILL","CA","90755","Los Angeles County","33.800759","-118.18048","71876","60","59","2007","2005","Non-Profit Sponsor","70% Present Value Credit","Status Not Available","Status Not Available","Status Not Available","Status Not Available","","","","1085982"
"CAA20070330","LAUREL CREST APTS","45114 BEECH AVE","LANCASTER","CA","","Los Angeles County","34.70226","-118.138713","40130","72","71","2007","2005","For-Profit Sponsor","30% Present Value Credit","Status Not Available","Status Not Available","Status Not Available","Status Not Available","","","","685808"
"CAA20070365","MAYWOOD VILLAS","5601 ATLANTIC BLVD","MAYWOOD","CA","90270","Los Angeles County","33.989446","-118.185501","46492","54","53","2007","2005","For-Profit Sponsor","70% Present Value Credit","Status Not Available","Status Not Available","Status Not Available","Status Not Available","","","","529539"
"CAA20070370","METROPOLITAN CITY LIGHTS","1760 GARDENA AVE","GLENDALE","CA","91204","Los Angeles County","34.122701","-118.256699","30000","65","64","2007","2004","For-Profit Sponsor","70% Present Value Credit","Status Not Available","Status Not Available","Status Not Available","Status Not Available","","","","1395389"
"CAA20070415","PACIFIC CITY LIGHTS","1643 PACIFIC AVE","LONG BEACH","CA","90813","Los Angeles County","33.787527","-118.193922","43000","42","41","2007","2004","For-Profit Sponsor","70% Present Value Credit","Status Not Available","Status Not Available","Status Not Available","Status Not Available","","","","860247"
"CAA20070420","PACIFIC COURT","2209 MAIN ST","SANTA MONICA","CA","90405","Los Angeles County","34.005367","-118.486836","70000","44","44","2007","2004","For-Profit Sponsor","30% Present Value Credit","Status Not Available","Status Not Available","Status Not Available","Status Not Available","","","","526045"
"CAA20070426","PANORAMA PRESERVATION LP","9248 VAN NUYS BLVD","PANORAMA CITY","CA","91402","Los Angeles County","34.238093","-118.450053","44000","87","86","2007","2007","Non-Profit Sponsor","70% Present Value Credit","No","No","Status Not Available","No","0","0","0","879667"
"CAA20070435","PARK VIEW TERRACE SENIOR APTS","6722 CLARA ST","BELL GARDENS","CA","90201","Los Angeles County","33.960918","-118.146143","4996","72","71","2007","2004","For-Profit Sponsor","30% Present Value Credit","Status Not Available","Status Not Available","Status Not Available","Status Not Available","","","","595832"
"CAA20070455","PASCUAL REYES TOWNHOMES","1413 CONNECTICUT ST","LOS ANGELES","CA","90015","Los Angeles County","34.047017","-118.271855","44000","13","13","2007","2005","For-Profit Sponsor","70% Present Value Credit","Status Not Available","Status Not Available","Status Not Available","Status Not Available","","","","310726"
"CAA20070465","PICO/GRAMERCY FAMILY APTS","3201 W PICO BLVD","LOS ANGELES","CA","90019","Los Angeles County","34.047344","-118.311611","44000","71","70","2007","2004","For-Profit Sponsor","30% Present Value Credit","Status Not Available","Status Not Available","Status Not Available","Status Not Available","","","","670910"
"CAA20070471","QUEEN APTS","451 LUCAS AVE","LOS ANGELES","CA","90017","Los Angeles County","34.056145","-118.263124","44000","96","94","2007","2007","Non-Profit Sponsor","30% Present Value Credit","No","No","Status Not Available","No","0","0","0","604306"
"CAA20070521","SECOND AVENUE APTS","1309 SECOND AVE","LOS ANGELES","CA","90019","Los Angeles County","34.045927","-118.318722","44000","20","19","2007","2006","For-Profit Sponsor","70% Present Value Credit","No","No","Status Not Available","No","0","0","0","218211"
"CAA20070540","SIERRA VISTA APTS","70 ESPERANZA AVE","SIERRA MADRE","CA","91024","Los Angeles County","34.159943","-118.054058","71806","43","45","2007","2004","For-Profit Sponsor","30% Present Value Credit","Status Not Available","Status Not Available","Status Not Available","Status Not Available","","","","404678"
"CAA20070570","STEVENSON MANOR","1230 COLE AVE","LOS ANGELES","CA","90038","Los Angeles County","34.093547","-118.329694","44000","61","60","2007","2006","For-Profit Sponsor","30% Present Value Credit","Status Not Available","Status Not Available","Status Not Available","Status Not Available","","","","402284"
"CAA20070650","TRIANGLE SQUARE APTS","1602 IVAR AVE","LOS ANGELES","CA","90028","Los Angeles County","34.099858","-118.327992","44000","104","103","2007","2004","For-Profit Sponsor","30% Present Value Credit","Status Not Available","Status Not Available","Status Not Available","Status Not Available","","","","822220"
"CAA20070675","VALLEY VIEW (NORTH HILLS)","9015 ORION AVE","NORTH HILLS","CA","91343","Los Angeles County","34.234363","-118.472169","44000","21","20","2007","2004","For-Profit Sponsor","70% Present Value Credit","Status Not Available","Status Not Available","Status Not Available","Status Not Available","","","","450430"
"CAA20070680","VICTOR CLOTHING APTS","242 S BROADWAY","LOS ANGELES","CA","90012","Los Angeles County","34.051265","-118.247462","44000","38","36","2007","2002","Non-Profit Sponsor","30% Present Value Credit","Status Not Available","Status Not Available","Status Not Available","Status Not Available","","","","175205"
"CAA20070730","VISTA MONTEREY","4651 HUNTINGTON DR N","LOS ANGELES","CA","90032","Los Angeles County","34.086464","-118.185341","44000","48","47","2007","2003","For-Profit Sponsor","30% Present Value Credit","Status Not Available","Status Not Available","Status Not Available","Status Not Available","","","","358346"
"CAA20070732","WESTMINSTER PARK PLAZA APTS","9300 MAIE AVE","LOS ANGELES","CA","90002","Los Angeles County","33.951834","-118.244462","44000","130","100","2007","2007","Non-Profit Sponsor","30% Present Value Credit","Status Not Available","Status Not Available","Status Not Available","Status Not Available","","","","536092"
"CAA20070740","WILLOWS (COMPTON)","12612 S WILMINGTON AVE","COMPTON","CA","90222","Los Angeles County","33.917927","-118.238813","85614","24","23","2007","2005","Non-Profit Sponsor","70% Present Value Credit","Status Not Available","Status Not Available","Status Not Available","Status Not Available","","","","394921"
"CAA20070755","WILSHIRE VERMONT STATION","3183 WILSHIRE BLVD","LOS ANGELES","CA","90010","Los Angeles County","34.061955","-118.291232","44000","449","90","2007","2004","For-Profit Sponsor","30% Present Value Credit","Status Not Available","Status Not Available","Status Not Available","Status Not Available","","","","679084"
"CAA20070760","WITMER HEIGHTS APT HOMES","116 WITMER ST","LOS ANGELES","CA","90026","Los Angeles County","34.061755","-118.260781","44000","49","48","2007","2005","For-Profit Sponsor","70% Present Value Credit","Status Not Available","Status Not Available","Status Not Available","Status Not Available","","","","915860"
"CAA20070770","WOODLAND TERRACE","15532 NORDHOFF ST","NORTH HILLS","CA","91343","Los Angeles County","34.235391","-118.470996","44000","31","30","2007","2005","For-Profit Sponsor","30% Present Value Credit","Status Not Available","Status Not Available","Status Not Available","Status Not Available","","","","480741"
"CAA20070836","SANTA MONICA BERKELEY","3031 SANTA MONICA BLVD","SANTA MONICA","CA","90404","Los Angeles County","34.036967","-118.470041","70000","47","46","2007","2005","Non-Profit Sponsor","70% Present Value Credit","No","No","Status Not Available","No","0","0","0","951735"
"CAA20070838","HDR PORTFOLIOS","2747 NEWELL ST","LOS ANGELES","CA","90039","Los Angeles County","34.100798","-118.245313","44000","125","118","2007","2007","Non-Profit Sponsor","30% Present Value Credit","No","No","Status Not Available","No","0","0","0","437982"
"CAA20079841","WILSHIRE COURT APARTMENTS","1050 WILSHIRE BLVD","LOS ANGELES","CA","90017","Los Angeles County","34.051935","-118.262856","44000","41","40","2007","2006","Status Not Available","Information Not Available","Status Not Available","Status Not Available","Status Not Available","Status Not Available","","","",""
"CAA20080010","MACARTHUR PARK TOWERS","450 S GRAND VIEW ST","LOS ANGELES","CA","90057","Los Angeles County","34.061703","-118.275922","44000","183","182","2008","2007","Status Not Available","30% Present Value Credit","No","No","No","No","0","0","0","813110"
"CAA20080055","ABBEY APTS","605 S SAN PEDRO ST","LOS ANGELES","CA","90014","Los Angeles County","34.042262","-118.245482","44000","115","113","2008","2006","Status Not Available","30% Present Value Credit","No","No","No","No","0","0","0","903281"
"CAA20080095","BARBIZON HOTEL APTS","1927 W SIXTH ST","LOS ANGELES","CA","90057","Los Angeles County","34.058949","-118.273154","44000","51","50","2008","2004","Status Not Available","30% Present Value Credit","Yes","Yes","No","No","1485580","2207657","0","504696"
"CAA20080135","BRONSON COURTS","1227 N BRONSON AVE","LOS ANGELES","CA","90038","Los Angeles County","34.093439","-118.318135","44000","32","31","2008","2006","Non-Profit Sponsor","70% Present Value Credit","No","No","No","No","0","0","0","752334"
"CAA20080155","CARONDELET COURT APT HOMES","816 S CARONDELET ST","LOS ANGELES","CA","90057","Los Angeles County","34.056423","-118.282061","44000","33","32","2008","2006","For-Profit Sponsor","70% Present Value Credit","No","No","No","No","0","0","0","771924"
"CAA20080160","CASA DE ANGELES","4900 S FIGUEROA ST","LOS ANGELES","CA","90037","Los Angeles County","33.998007","-118.282485","44000","49","48","2008","2006","For-Profit Sponsor","70% Present Value Credit","No","No","No","No","0","0","0","1092617"
"CAA20080165","CASA DE LAS HERMANITAS","2801 E SECOND ST","LOS ANGELES","CA","90033","Los Angeles County","34.040152","-118.205864","44000","88","87","2008","2007","Status Not Available","30% Present Value Credit","No","No","No","No","0","0","0","305612"
"CAA20080200","CIELO AZUL","38040 27TH ST E","PALMDALE","CA","93550","Los Angeles County","34.573951","-118.080895","55156","81","80","2008","2006","For-Profit Sponsor","70% Present Value Credit","No","No","No","No","0","0","0","743570"
"CAA20080205","CLINTON FAMILY APTS - LOS ANGELES","2114 CLINTON ST","LOS ANGELES","CA","90026","Los Angeles County","34.073833","-118.266769","44000","36","35","2008","2006","For-Profit Sponsor","70% Present Value Credit","No","No","No","No","0","0","0","849750"
"CAA20080235","CORTEZ CITY LIGHTS","1612 CORTEZ ST","LOS ANGELES","CA","90026","Los Angeles County","34.067232","-118.261306","44000","21","20","2008","2005","For-Profit Sponsor","70% Present Value Credit","No","No","No","No","0","0","0","620375"
"CAA20080270","DESERT SENIOR LIVING","38780 ORCHID VIEW PL","PALMDALE","CA","93550","Los Angeles County","34.586925","-118.105978","55156","62","61","2008","2005","For-Profit Sponsor","70% Present Value Credit","No","No","No","No","0","0","0","988383"
"CAA20080285","EL DORADO FAMILY APTS","12129 EL DORADO AVE","SYLMAR","CA","91342","Los Angeles County","34.289679","-118.451122","44000","60","59","2008","2006","For-Profit Sponsor","70% Present Value Credit","Yes","No","No","No","5800000","0","0","1392416"
"CAA20080290","ELM AVENUE APTS","530 ELM AVE","LONG BEACH","CA","90802","Los Angeles County","33.773506","-118.187474","43000","17","16","2008","2006","Non-Profit Sponsor","70% Present Value Credit","Yes","No","No","No","1907257","0","0","243449"
"CAA20080300","ELWOOD FAMILY APTS","635 ELWOOD AVE","GLENDORA","CA","91740","Los Angeles County","34.127637","-117.850861","30014","87","86","2008","2006","For-Profit Sponsor","70% Present Value Credit","No","No","No","No","0","0","0","1847670"
"CAA20080370","HARBOR TOWER","340 S MESA ST","SAN PEDRO","CA","90731","Los Angeles County","33.740847","-118.285499","44000","180","178","2008","2007","Status Not Available","30% Present Value Credit","No","No","No","No","0","0","0","824169"
"CAA20080425","INGLEWOOD MEADOWS","1 S LOCUST ST","INGLEWOOD","CA","90301","Los Angeles County","33.962968","-118.350573","36546","199","198","2008","2008","For-Profit Sponsor","30% Present Value Credit","No","No","No","No","0","0","0","912744"
"CAA20080430","JAMES WOOD APTS","1405 JAMES M WOOD BLVD","LOS ANGELES","CA","90015","Los Angeles County","34.049562","-118.269803","44000","61","60","2008","2005","Status Not Available","30% Present Value Credit","No","No","No","No","0","0","0","808477"
"CAA20080485","LYNDON HOTEL","413 E SEVENTH ST","LOS ANGELES","CA","90014","Los Angeles County","34.041993","-118.248223","44000","53","52","2008","2006","Non-Profit Sponsor","70% Present Value Credit","Yes","No","No","No","2035070","0","0","517947"
"CAA20080491","MAGNOLIA ON LAKE","2220 W SECOND ST","LOS ANGELES","CA","90057","Los Angeles County","34.066386","-118.272666","44000","46","45","2008","2005","Non-Profit Sponsor","70% Present Value Credit","No","No","Status Not Available","No","0","0","0","969828"
"CAA20080515","METRO LOMA","328 MIRA LOMA AVE","GLENDALE","CA","91204","Los Angeles County","34.123691","-118.256766","30000","44","43","2008","2006","For-Profit Sponsor","70% Present Value Credit","No","No","No","No","0","0","0","1050340"
"CAA20080525","MIMMIM TOWN HOMES","5417 S FIGUEROA ST","LOS ANGELES","CA","90037","Los Angeles County","33.992731","-118.282881","44000","21","20","2008","2006","For-Profit Sponsor","70% Present Value Credit","Yes","No","No","No","945683","0","0","479377"
"CAA20080540","MORGAN PLACE","7301 CRENSHAW BLVD","LOS ANGELES","CA","90043","Los Angeles County","33.97367","-118.331064","44000","55","54","2008","2007","Status Not Available","30% Present Value Credit","Yes","No","No","No","5281147","0","0","712384"
"CAA20080555","NEW DANA STRAND TOWN HOMES","450 KING AVE","WILMINGTON","CA","90744","Los Angeles County","33.773718","-118.275158","44000","116","114","2008","2005","Status Not Available","30% Present Value Credit","Yes","No","No","No","2904285","0","0","1739269"
"CAA20080565","NORTHWEST GATEWAY APTS","1304 W SECOND ST","LOS ANGELES","CA","90026","Los Angeles County","34.060822","-118.258734","44000","263","55","2008","2003","Status Not Available","30% Present Value Credit","No","No","No","No","0","0","0","425579"
"CAA20080595","OSBORNE GARDENS APTS","12360 OSBORNE ST","PACOIMA","CA","91331","Los Angeles County","34.261557","-118.402294","44000","51","50","2008","2006","Status Not Available","30% Present Value Credit","No","No","No","No","0","0","0","657683"
"CAA20080655","POMONA INTERGENERATIONAL HOUSING","1737 W HOLT AVE","POMONA","CA","91768","Los Angeles County","34.061797","-117.77999","58072","90","89","2008","2006","For-Profit Sponsor","70% Present Value Credit","No","No","No","No","0","0","0","1589751"
"CAA20080660","ARBOR FIELDS","530 W JACKMAN ST","LANCASTER","CA","93534","Los Angeles County","34.701697","-118.138682","40130","100","99","2008","2006","Status Not Available","30% Present Value Credit","No","No","No","No","0","0","0","957797"
"CAA20080665","PUERTO DEL SOL APTS","745 W THIRD ST","LONG BEACH","CA","90802","Los Angeles County","33.770685","-118.201588","43000","64","63","2008","2004","Status Not Available","30% Present Value Credit","No","No","No","No","0","0","0","1012284"
"CAA20080675","REGENT PLAZA","201 W REGENT ST","INGLEWOOD","CA","90301","Los Angeles County","33.964553","-118.357856","36546","107","104","2008","2008","Status Not Available","30% Present Value Credit","No","No","No","No","0","0","0","489296"
"CAA20080705","RUNNYMEDE SPRINGS","20422 COHASSET ST","WINNETKA","CA","91306","Los Angeles County","34.206949","-118.578397","44000","38","37","2008","2005","For-Profit Sponsor","70% Present Value Credit","No","No","No","No","0","0","0","833195"
"CAA20080745","SICHEL FAMILY APTS","1805 SICHEL ST","LOS ANGELES","CA","90031","Los Angeles County","34.064038","-118.212996","44000","37","36","2008","2006","For-Profit Sponsor","70% Present Value Credit","No","No","No","No","0","0","0","855162"
"CAA20080755","ST ANDREWS ARMS APTS","1511 S ST ANDREWS PL","LOS ANGELES","CA","90019","Los Angeles County","34.045177","-118.311789","44000","43","44","2008","2007","For-Profit Sponsor","70% Present Value Credit","No","No","No","No","0","0","0","529152"
"CAA20080760","STEP UP ON FIFTH APTS","1548 FIFTH ST","SANTA MONICA","CA","90401","Los Angeles County","34.014716","-118.491592","70000","46","44","2008","2006","Non-Profit Sponsor","70% Present Value Credit","Yes","No","No","No","1300000","0","0","761245"
"CAA20080777","THE TAHITI","2423 CENTINELA AVE","SANTA MONICA","CA","90405","Los Angeles County","34.025618","-118.450903","44000","36","36","2008","2006","Non-Profit Sponsor","30% Present Value Credit","No","No","Status Not Available","No","0","0","0","527133"
"CAA20080785","THE ALEXANDRIA HOTEL","501 S SPRING ST","LOS ANGELES","CA","90013","Los Angeles County","34.047339","-118.249934","44000","463","461","2008","2006","Status Not Available","30% Present Value Credit","No","No","No","No","0","0","0","1817693"
"CAA20080790","FAMILY COMMONS AT CABRILLO","2111 W WILLIAMS ST","LONG BEACH","CA","90810","Los Angeles County","33.793158","-118.222473","43000","81","80","2008","2006","Non-Profit Sponsor","70% Present Value Credit","No","No","No","No","0","0","0","1636459"
"CAA20080800","THE HOBART","924 S HOBART BLVD","LOS ANGELES","CA","90006","Los Angeles County","34.055052","-118.305131","44000","49","48","2008","2006","For-Profit Sponsor","70% Present Value Credit","No","No","No","No","0","0","0","1078227"
"CAA20080853","TRES LOMAS GARDEN APTS","4343 TOLAND WAY","LOS ANGELES","CA","90041","Los Angeles County","34.121826","-118.22118","44000","46","45","2008","2008","Non-Profit Sponsor","30% Present Value Credit","Yes","No","No","No","2225251","0","0","205943"
"CAA20080865","TWIN PALMS APTS","1105 E AVE Q","PALMDALE","CA","","Los Angeles County","34.587489","-118.109614","55156","48","47","2008","2005","For-Profit Sponsor","70% Present Value Credit","No","No","No","No","0","0","0","880857"
"CAA20080880","UNION POINT APTS","420 UNION DR","LOS ANGELES","CA","90017","Los Angeles County","34.058593","-118.267574","44000","21","20","2008","2005","For-Profit Sponsor","70% Present Value Credit","Yes","No","No","No","2334000","0","0","457172"
"CAA20080935","VILLAS DEL LAGO","456 S LAKE ST","LOS ANGELES","CA","90057","Los Angeles County","34.061395","-118.274912","44000","74","73","2008","2006","For-Profit Sponsor","70% Present Value Credit","No","No","No","No","0","0","0","1266771"
"CAA20080940","VILLAS LAS AMERICAS","9618 VAN NUYS BLVD","PANORAMA CITY","CA","91402","Los Angeles County","34.245047","-118.45003","44000","55","54","2008","2006","For-Profit Sponsor","70% Present Value Credit","No","No","No","No","0","0","0","995148"
"CAA20080965","WHISPERING PALMS APTS","38250 NINTH ST E","PALMDALE","CA","93550","Los Angeles County","34.576611","-118.114013","55156","75","74","2008","2005","Status Not Available","30% Present Value Credit","Yes","No","No","No","2850000","0","0","471666"
"CAA20080981","BRICKER","1671 N WESTERN AVE","LOS ANGELES","CA","90027","Los Angeles County","34.101223","-118.309483","44000","16","15","2008","2006","For-Profit Sponsor","70% Present Value Credit","No","No","No","No","0","0","0","329770"
"CAA20080983","CASA DE LOS AMIGOS","123 S CATALINA AVE","REDONDO BEACH","CA","90277","Los Angeles County","33.840751","-118.38851","60018","136","133","2008","2006","Status Not Available","30% Present Value Credit","No","No","No","No","0","0","0","477016"
"CAA20080985","YALE TERRACE APTS","716 YALE ST","LOS ANGELES","CA","90012","Los Angeles County","34.06195","-118.241677","44000","55","54","2008","2005","For-Profit Sponsor","70% Present Value Credit","Yes","No","No","No","1450000","0","0","1425439"
"CAA20090030","ACADEMY HALL","12010 S VERMONT AVE","LOS ANGELES","CA","90044","Los Angeles County","33.923546","-118.291345","44000","46","45","2009","2008","For-Profit Sponsor","30% Present Value Credit","No","No","No","No","0","0","0","269579"
"CAA20090035","ALEXANDRIA HOUSE APTS","510 S ALEXANDRIA AVE","LOS ANGELES","CA","90020","Los Angeles County","34.065093","-118.297735","44000","16","15","2009","2008","Status Not Available","30% Present Value Credit","No","No","No","No","0","0","0","142527"
"CAA20090040","ARBOR LOFTS","665 W LANCASTER BLVD","LANCASTER","CA","93534","Los Angeles County","34.698134","-118.14143","40130","21","20","2009","2009","For-Profit Sponsor","Information Not Available","No","No","No","No","0","0","0",""
"CAA20090055","ARROW PLAZA","20644 E ARROW HWY","COVINA","CA","91724","Los Angeles County","34.10644","-117.851462","12734","64","63","2009","2008","For-Profit Sponsor","30% Present Value Credit","No","No","No","No","0","0","0","333151"
"CAA20090065","ASTURIAS SENIOR APTS","9628 VAN NUYS BLVD","PANORAMA CITY","CA","91402","Los Angeles County","34.245066","-118.450028","44000","69","68","2009","2007","For-Profit Sponsor","70% Present Value Credit","Yes","No","No","No","6437840","0","0","1507843"
"CAA20090100","BURNS MANOR","8155 FOOTHILL BLVD","SUNLAND","CA","91040","Los Angeles County","34.259839","-118.310947","44000","82","81","2009","2007","Status Not Available","30% Present Value Credit","No","No","No","No","0","0","0","508360"
"CAA20090110","CANTABRIA SENIOR APTS","9640 VAN NUYS BLVD","PANORAMA CITY","CA","91402","Los Angeles County","34.245157","-118.450413","44000","81","80","2009","2007","For-Profit Sponsor","70% Present Value Credit","Yes","No","No","No","7561160","0","0","1709417"
"CAA20090115","CASA DOMINGUEZ","1571 S ATLANTIC DR","EAST RANCHO DOMINGUEZ","CA","90221","Los Angeles County","33.884307","-118.192785","15044","70","69","2009","2008","Non-Profit Sponsor","70% Present Value Credit","Yes","Yes","No","No","5959411","1685000","0","1754750"
"CAA20090125","CASA LUCERNA","1025 S KERN AVE","LOS ANGELES","CA","90022","Los Angeles County","34.020095","-118.166565","20802","75","74","2009","2008","For-Profit Sponsor","30% Present Value Credit","No","No","No","No","0","0","0","302669"
"CAA20090130","CHERRYLEE GARDENS","11620 CHERRYLEE DR","EL MONTE","CA","91732","Los Angeles County","34.094916","-118.011972","22230","78","77","2009","2008","Status Not Available","30% Present Value Credit","No","No","No","No","0","0","0","527201"
"CAA20090140","COLUMBUS SQUARE APTS","8613 COLUMBUS AVE","NORTH HILLS","CA","91343","Los Angeles County","34.226963","-118.465641","44000","64","63","2009","2008","For-Profit Sponsor","30% Present Value Credit","Yes","No","No","No","2350000","0","0","374145"
"CAA20090165","DRAKE MANOR","200 DRAKE ST","POMONA","CA","91767","Los Angeles County","34.105918","-117.751123","58072","109","108","2009","2008","For-Profit Sponsor","30% Present Value Credit","No","No","No","No","0","0","0","408166"
"CAA20090225","JAMES WOOD APTS","506 SAN JULIAN ST","LOS ANGELES","CA","90013","Los Angeles County","34.044334","-118.244911","44000","53","52","2009","2007","Non-Profit Sponsor","70% Present Value Credit","Yes","No","No","No","6117000","0","0","803179"
"CAA20090260","MANITOU VISTAS I","3414 MANITOU AVE","LOS ANGELES","CA","90031","Los Angeles County","34.071855","-118.204516","44000","48","47","2009","2006","For-Profit Sponsor","70% Present Value Credit","No","No","No","No","0","0","0","1456739"
"CAA20090270","MARIPOSA PLACE APTS","5030 SANTA MONICA BLVD","LOS ANGELES","CA","90029","Los Angeles County","34.090664","-118.299148","44000","58","57","2009","2007","Status Not Available","30% Present Value Credit","No","No","No","No","0","0","0","1019804"
"CAA20090305","ORION GARDENS APTS","8955 ORION AVE","NORTH HILLS","CA","91343","Los Angeles County","34.233116","-118.472176","44000","32","31","2009","2007","For-Profit Sponsor","70% Present Value Credit","Yes","No","No","No","3125520","0","0","814384"
"CAA20090345","RAYEN APTS","15320 RAYEN ST","NORTH HILLS","CA","91343","Los Angeles County","34.231731","-118.466167","44000","49","48","2009","2007","Non-Profit Sponsor","70% Present Value Credit","Yes","No","No","No","4547648","0","0","1074122"
"CAA20090365","SAN PEDRO APTS","235 S SAN PEDRO ST","LOS ANGELES","CA","90012","Los Angeles County","34.048678","-118.242196","44000","230","46","2009","2007","Status Not Available","30% Present Value Credit","No","No","No","No","0","0","0","530322"
"CAA20090390","SEVEN MAPLES","2618 W SEVENTH ST","LOS ANGELES","CA","90057","Los Angeles County","34.058983","-118.282838","44000","57","56","2009","2007","Non-Profit Sponsor","70% Present Value Credit","Yes","No","No","No","4124520","0","0","928866"
"CAA20090465","THE ARDMORE","959 S ARDMORE AVE","LOS ANGELES","CA","90006","Los Angeles County","34.05391","-118.302278","44000","48","47","2009","2007","For-Profit Sponsor","70% Present Value Credit","No","No","No","No","0","0","0","1174072"
"CAA20090490","VILLA SERENA APTS","3929 E FIRST ST","LOS ANGELES","CA","90063","Los Angeles County","34.03598","-118.180716","20802","85","83","2009","2006","Status Not Available","30% Present Value Credit","Yes","No","No","No","4438658","0","0","1229236"
"CAA20090520","CENTRAL VILLAGE APTS","1315 E 21ST ST","LOS ANGELES","CA","90011","Los Angeles County","34.022531","-118.252313","44000","85","84","2009","2006","Status Not Available","30% Present Value Credit","No","No","No","No","0","0","0","971033"
"CAA20090550","IMANI FE EAST & WEST","10424 S CENTRAL AVE","LOS ANGELES","CA","90002","Los Angeles County","33.941664","-118.25394","44000","92","90","2009","2006","For-Profit Sponsor","70% Present Value Credit","No","No","No","No","0","0","0","1666926"
"CAA20090610","PALO VERDE APTS (PALMDALE)","38235 TENTH ST E","PALMDALE","CA","93550","Los Angeles County","34.576647","-118.112016","55156","78","77","2009","2008","For-Profit Sponsor","70% Present Value Credit","Yes","No","No","No","1000000","0","0","647057"
"CAA20090635","RITTENHOUSE SQUARE","1100 E 33RD ST","LOS ANGELES","CA","90011","Los Angeles County","34.013436","-118.256506","44000","100","99","2009","2007","For-Profit Sponsor","70% Present Value Credit","Yes","No","No","No","5483872","0","0","1124904"
"CAA20090640","ROSEWOOD GARDENS APTS","504 N BERENDO ST","LOS ANGELES","CA","90004","Los Angeles County","34.079962","-118.293849","44000","54","53","2009","2007","Non-Profit Sponsor","70% Present Value Credit","No","No","No","No","0","0","0","1105795"
"CAA20090660","SUMMER TERRACE","38530 TIERRA SUBIDA AVE","PALMDALE","CA","93551","Los Angeles County","34.582277","-118.147295","55156","80","79","2009","2007","Non-Profit Sponsor","70% Present Value Credit","Yes","No","No","No","750000","0","0","816171"
"CAA20090670","ROSSLYN LOFTS","101 W FIFTH ST","LOS ANGELES","CA","90013","Los Angeles County","34.047186","-118.249287","44000","259","259","2009","2007","Status Not Available","30% Present Value Credit","No","No","No","No","0","0","0","1739071"
"CAA20090800","NEW CARVER APTS","1624 S HOPE ST","LOS ANGELES","CA","90015","Los Angeles County","34.035727","-118.267802","44000","97","95","2009","2009","Non-Profit Sponsor","Information Not Available","Yes","No","Status Not Available","No","7000000","0","0",""
"CAA20090801","OCEAN BREEZE APTS","1458 14TH ST","SANTA MONICA","CA","90404","Los Angeles County","34.022834","-118.484522","70000","20","19","2009","2009","Non-Profit Sponsor","Information Not Available","Status Not Available","Status Not Available","Status Not Available","Status Not Available","","","",""
"CAA20090802","LEFFINGWELL MANOR","11410 SANTA GERTRUDES AVE","WHITTIER","CA","90604","Los Angeles County","33.930718","-117.993137","21292","89","88","2009","2008","Non-Profit Sponsor","30% Present Value Credit","Status Not Available","Status Not Available","Status Not Available","Status Not Available","","","","414088"
"CAA20090804","HARVARD CIRCLE","952 N HARVARD BLVD","LOS ANGELES","CA","90029","Los Angeles County","34.088268","-118.303828","44000","39","39","2009","2007","Non-Profit Sponsor","70% Present Value Credit","Status Not Available","Status Not Available","Status Not Available","Status Not Available","","","","1143022"
"CAA20099805","MANITOU VISTAS II","3414 MANITOU AVE","LOS ANGELES","CA","90031","Los Angeles County","34.071855","-118.204516","44000","21","20","2009","2007","Status Not Available","Information Not Available","Status Not Available","Status Not Available","Status Not Available","Status Not Available","","","",""
"CAA20100003","OLIVE STREET DEVELOPMENT","740 S OLIVE ST","LOS ANGELES","CA","90014","Los Angeles County","34.046033","-118.256296","44000","309","308","2010","2009","Status Not Available","30% Present Value Credit","No","No","No","No","0","0","0","2200350"
"CAA20100005","ADAMS & CENTRAL MIXED USE DEVELOPMENT","1011 E ADAMS BLVD","LOS ANGELES","CA","90011","Los Angeles County","34.019191","-118.255522","44000","80","79","2010","2008","For-Profit Sponsor","30% Present Value Credit","No","Yes","No","No","0","2500000","0","1122637"
"CAA20100007","ALDEA VILLAGE COMMUNITY","2003 S RESERVOIR ST","POMONA","CA","91766","Los Angeles County","34.035417","-117.732017","58072","19","19","2010","2010","For-Profit Sponsor","70% Present Value Credit","No","No","No","No","0","0","0","540634"
"CAA20100013","ANDALUCIA HEIGHTS","458 HARTFORD AVE","LOS ANGELES","CA","90017","Los Angeles County","34.056849","-118.263416","44000","75","74","2010","2008","For-Profit Sponsor","70% Present Value Credit","No","No","No","No","0","0","0","1333951"
"CAA20100015","ANDALUCIA SENIOR APTS","8101 SEPULVEDA BLVD","PANORAMA CITY","CA","91402","Los Angeles County","34.218362","-118.466836","44000","94","93","2010","2008","For-Profit Sponsor","70% Present Value Credit","No","No","No","No","0","0","0","1459318"
"CAA20100020","ANGELUS PLAZA NORTH","200 S OLIVE ST","LOS ANGELES","CA","90012","Los Angeles County","34.05339","-118.248916","44000","332","330","2010","2008","Non-Profit Sponsor","30% Present Value Credit","No","No","No","No","0","0","0","1695169"
"CAA20100025","ARBOR ON DATE","44927 DATE AVE","LANCASTER","CA","93534","Los Angeles County","34.698513","-118.141056","40130","40","39","2010","2008","Non-Profit Sponsor","30% Present Value Credit","Yes","No","No","No","3950000","0","0","426239"
"CAA20100040","BONNIE BRAE APT HOMES","505 S BONNIE BRAE ST","LOS ANGELES","CA","90057","Los Angeles County","34.05914","-118.27219","44000","53","52","2010","2008","For-Profit Sponsor","30% Present Value Credit","No","No","No","No","0","0","0","915768"
"CAA20100045","BONNIE BRAE VILLAGE","208 S BONNIE BRAE ST","LOS ANGELES","CA","90057","Los Angeles County","34.064078","-118.268523","44000","92","91","2010","2008","Status Not Available","30% Present Value Credit","Yes","No","No","No","10342829","0","0","1232883"
"CAA20100050","BROADWAY PLAZA APTS","901 S BROADWAY","LOS ANGELES","CA","90015","Los Angeles County","34.042079","-118.25655","44000","82","16","2010","2001","Status Not Available","30% Present Value Credit","No","Yes","No","No","0","2100617","0","66253"
"CAA20100060","CHARLES COBB APTS","521 S SAN PEDRO ST","LOS ANGELES","CA","90013","Los Angeles County","34.043557","-118.244555","44000","76","74","2010","2008","Non-Profit Sponsor","30% Present Value Credit","Yes","No","No","No","3772148","0","0","763505"
"CAA20100105","GARDENS ON GARFIELD","303 E GARFIELD AVE","GLENDALE","CA","91205","Los Angeles County","34.136025","-118.252578","30000","30","29","2010","2008","For-Profit Sponsor","70% Present Value Credit","Yes","No","No","No","4421891","0","0","554341"
"CAA20100115","HOLLYDALE SENIOR APTS","12222 GARFIELD AVE","SOUTH GATE","CA","90280","Los Angeles County","33.915621","-118.168673","73080","101","100","2010","2008","For-Profit Sponsor","70% Present Value Credit","No","No","No","No","0","0","0","1998601"
"CAA20100120","HOLLYWOOD BUNGALOW COURTS","1721 N KINGSLEY DR","LOS ANGELES","CA","90027","Los Angeles County","34.10258","-118.303706","44000","42","41","2010","2008","Non-Profit Sponsor","30% Present Value Credit","No","No","No","No","0","0","0","393737"
"CAA20100127","LAS MARGARITAS APTS","115 N SOTO ST","LOS ANGELES","CA","90033","Los Angeles County","34.044235","-118.209647","44000","41","41","2010","2009","Non-Profit Sponsor","Information Not Available","No","No","No","No","0","0","0","1176038"
"CAA20100140","LONG BEACH BURNETT APTS","2355 LONG BEACH BLVD","LONG BEACH","CA","90806","Los Angeles County","33.800005","-118.189686","43000","46","36","2010","2008","For-Profit Sponsor","70% Present Value Credit","No","No","No","No","0","0","0","777642"
"CAA20100147","MCCOY PLAZA A","9315 FIRTH BLVD","LOS ANGELES","CA","90002","Los Angeles County","33.951709","-118.247745","44000","64","63","2010","2009","Non-Profit Sponsor","70% Present Value Credit","Yes","No","No","No","5985000","0","0","1770868"
"CAA20100149","MENLO PARK","831 W 70TH ST","LOS ANGELES","CA","90044","Los Angeles County","33.976541","-118.288283","44000","48","48","2010","2008","For-Profit Sponsor","70% Present Value Credit","No","No","No","No","0","0","0","1091698"
"CAA20100150","MIRAMAR VILLAGE","240 S WESTLAKE AVE","LOS ANGELES","CA","90057","Los Angeles County","34.064024","-118.269869","44000","114","113","2010","2008","For-Profit Sponsor","70% Present Value Credit","Yes","No","No","No","11354040","0","0","1999951"
"CAA20100155","MIRANDELA SENIOR APTS","5555 CRESTRIDGE RD","RANCHO PALOS VERDES","CA","90275","Los Angeles County","33.767761","-118.37299","59514","34","33","2010","2009","For-Profit Sponsor","70% Present Value Credit","No","No","No","No","0","0","0","688959"
"CAA20100210","REGENCY TOWERS","151 N LOCUST ST","INGLEWOOD","CA","90301","Los Angeles County","33.964046","-118.350594","36546","104","103","2010","2009","For-Profit Sponsor","30% Present Value Credit","No","No","No","No","0","0","0","756019"
"CAA20100215","RENATO APTS","531 SAN JULIAN ST","LOS ANGELES","CA","90013","Los Angeles County","34.043814","-118.245674","44000","96","95","2010","2008","Non-Profit Sponsor","70% Present Value Credit","No","No","No","No","0","0","0","1432532"
"CAA20100235","ROSA PARKS VILLAS","2507 S BRONSON AVE","LOS ANGELES","CA","90018","Los Angeles County","34.0342","-118.333032","44000","60","59","2010","2007","Non-Profit Sponsor","70% Present Value Credit","Yes","No","No","No","5005267","0","0","1008162"
"CAA20100250","SIERRA BONITA APTS","7530 SANTA MONICA BLVD","WEST HOLLYWOOD","CA","90046","Los Angeles County","34.090622","-118.354025","84410","42","41","2010","2008","Non-Profit Sponsor","30% Present Value Credit","No","No","No","No","0","0","0","678496"
"CAA20100298","COURTYARDS IN LONG BEACH","1027 REDONDO AVE","LONG BEACH","CA","90804","Los Angeles County","33.779591","-118.152619","43000","46","44","2010","2009","Non-Profit Sponsor","Information Not Available","No","No","No","No","0","0","0",""
"CAA20100304","VAN NUYS APTS","210 W SEVENTH ST","LOS ANGELES","CA","90014","Los Angeles County","34.044627","-118.252794","44000","299","297","2010","2009","Status Not Available","Information Not Available","No","No","No","No","0","0","0","1647246"
"CAA20100307","VASSAR CITY LIGHTS","3685 SAN FERNANDO RD","GLENDALE","CA","91204","Los Angeles County","34.123058","-118.254446","30000","70","70","2010","2008","For-Profit Sponsor","70% Present Value Credit","No","No","No","No","0","0","0","1565633"
"CAA20100803","HOLLYWOOD & VINE APTS","1600 VINE ST","LOS ANGELES","CA","90028","Los Angeles County","34.099799","-118.326475","44000","75","78","2010","2008","Non-Profit Sponsor","30% Present Value Credit","Status Not Available","Status Not Available","Status Not Available","Status Not Available","","","","1229736"
"CAA20100804","IVY TERRACE","13751 SHERMAN WAY","VAN NUYS","CA","91405","Los Angeles County","34.201371","-118.432095","44000","52","51","2010","2008","Non-Profit Sponsor","30% Present Value Credit","Status Not Available","Status Not Available","Status Not Available","Status Not Available","","","","895103"
"CAA20100805","ANGELUS PLAZA","255 S HILL ST","LOS ANGELES","CA","90012","Los Angeles County","34.051762","-118.249241","44000","761","757","2010","2008","Non-Profit Sponsor","30% Present Value Credit","No","No","Status Not Available","No","0","0","0","3609355"
"CAA20100807","GLENDALE CITY LIGHTS","3673 SAN FERNANDO RD","GLENDALE","CA","91204","Los Angeles County","34.122529","-118.253891","30000","67","67","2010","2007","Non-Profit Sponsor","70% Present Value Credit","No","No","Status Not Available","No","0","0","0","1800119"
"CAA20110030","BIXEL HOUSE APTS","625 S BIXEL ST","LOS ANGELES","CA","90017","Los Angeles County","34.053328","-118.262823","44000","77","76","2011","2009","For-Profit Sponsor","Information Not Available","No","No","No","No","0","0","0",""
"CAA20110060","CANYON CREEK SENIOR HOUSING","4803 EL CANON AVE","CALABASAS","CA","91302","Los Angeles County","34.156649","-118.637734","44000","75","74","2011","2009","For-Profit Sponsor","70% Present Value Credit","Yes","No","No","No","2500000","0","0","1228861"
"CAA20110065","CARSON CITY CENTER SENIOR HOUSING","720 E CARSON ST","CARSON","CA","90745","Los Angeles County","33.831435","-118.26297","11530","86","85","2011","2009","For-Profit Sponsor","Information Not Available","No","No","No","No","0","0","0","1200500"
"CAA20110092","CORONADO PLAZA","2614 W SEVENTH ST","LOS ANGELES","CA","90057","Los Angeles County","34.058938","-118.282743","44000","67","67","2011","2009","Non-Profit Sponsor","70% Present Value Credit","No","No","No","No","0","0","0","2414724"
"CAA20110093","COURIER PLACE APTS","111 S COLLEGE AVE","CLAREMONT","CA","91711","Los Angeles County","34.093896","-117.715137","13756","74","75","2011","2010","Non-Profit Sponsor","70% Present Value Credit","No","No","No","No","0","0","0","1592333"
"CAA20110110","DANA STRAND SENIOR APTS","410 HAWAIIAN AVE","WILMINGTON","CA","90744","Los Angeles County","33.773681","-118.276126","44000","100","99","2011","2009","Status Not Available","30% Present Value Credit","No","No","Yes","No","0","0","0","950112"
"CAA20110145","FORD APTS","1000 E SEVENTH ST","LOS ANGELES","CA","90021","Los Angeles County","34.038445","-118.243787","44000","151","150","2011","2009","Non-Profit Sponsor","Information Not Available","No","No","No","No","0","0","0","1609446"
"CAA20110160","GLASSELL PARK COMMUNITY HOUSING","3000 VERDUGO RD","LOS ANGELES","CA","90065","Los Angeles County","34.105281","-118.237414","44000","50","49","2011","2009","Non-Profit Sponsor","Information Not Available","Yes","No","No","No","2640475","0","0","1626341"
"CAA20110167","GLENOAKS GARDENS","8925 GLENOAKS BLVD","SUN VALLEY","CA","91352","Los Angeles County","34.230893","-118.367762","44000","60","60","2011","2010","Non-Profit Sponsor","70% Present Value Credit","Yes","No","No","No","4130649","0","0",""
"CAA20110205","JUANITA VILLAS","335 N JUANITA AVE","LOS ANGELES","CA","90004","Los Angeles County","34.077147","-118.290699","44000","49","48","2011","2010","For-Profit Sponsor","70% Present Value Credit","Yes","No","No","No","2464945","0","0","651751"
"CAA20110265","LORENA APTS","3327 SABINA ST","LOS ANGELES","CA","90023","Los Angeles County","34.030175","-118.200091","44000","112","111","2011","2009","For-Profit Sponsor","70% Present Value Credit","No","No","No","No","0","0","0","2478400"
"CAA20110290","MAYA TOWN HOMES","306 W 120TH ST","LOS ANGELES","CA","90061","Los Angeles County","33.92356","-118.278488","44000","21","20","2011","2009","For-Profit Sponsor","70% Present Value Credit","No","No","No","No","0","0","0",""
"CAA20110308","MONTECITO TERRACES","14655 BLYTHE ST","PANORAMA CITY","CA","91402","Los Angeles County","34.215368","-118.452601","44000","96","96","2011","2009","For-Profit Sponsor","70% Present Value Credit","Yes","Yes","No","No","1047797","848384","0","1339138"
"CAA20110310","MOSAIC APTS","1521 W PICO BLVD","LOS ANGELES","CA","90015","Los Angeles County","34.044417","-118.27601","44000","56","55","2011","2009","For-Profit Sponsor","Information Not Available","No","No","No","No","0","0","0","1369978"
"CAA20110343","PALACE HOTEL","2640 E ANAHEIM ST","LONG BEACH","CA","90804","Los Angeles County","33.782434","-118.16106","43000","13","13","2011","2009","Non-Profit Sponsor","Information Not Available","No","No","No","No","0","0","0",""
"CAA20110365","PATH VILLAS OSAGE APTS","812 S OSAGE AVE","INGLEWOOD","CA","90301","Los Angeles County","33.953987","-118.345201","36546","20","19","2011","2009","For-Profit Sponsor","70% Present Value Credit","Yes","No","No","No","2202010","0","0","591291"
"CAA20110370","PROFESSIONAL HOUSING & DEVELOPMENT APTS","1020 S KINGSLEY DR","LOS ANGELES","CA","90006","Los Angeles County","34.052061","-118.302927","44000","83","82","2011","2009","Non-Profit Sponsor","Mix of 30% and 70% Present Value Credit","Yes","No","No","No","4575000","0","0",""
"CAA20110375","PROVIDENCE GARDENS","1011 PINE AVE","LONG BEACH","CA","90813","Los Angeles County","33.779582","-118.192585","43000","200","198","2011","2010","Status Not Available","30% Present Value Credit","No","No","No","No","0","0","0","645399"
"CAA20110435","SEASONS AT COMPTON","15810 S FRAILEY AVE","COMPTON","CA","90221","Los Angeles County","33.889376","-118.190574","21034","84","83","2011","2009","Non-Profit Sponsor","Information Not Available","Yes","No","No","No","3398313","0","0","1318793"
"CAA20110480","THE CROSSINGS AT NORTH HILLS","9333 SEPULVEDA BLVD","NORTH HILLS","CA","91343","Los Angeles County","34.239904","-118.467892","44000","38","37","2011","2009","For-Profit Sponsor","Information Not Available","No","No","No","No","0","0","0","1123676"
"CAA20110482","CROSSINGS ON 29TH STREET","828 E 29TH ST","LOS ANGELES","CA","90011","Los Angeles County","34.017579","-118.260598","44000","33","33","2011","2009","For-Profit Sponsor","Information Not Available","No","No","No","No","0","0","0","1188476"
"CAA20110484","CUATRO VIENTOS","5331 HUNTINGTON DR N","LOS ANGELES","CA","90032","Los Angeles County","34.091256","-118.164663","44000","24","24","2011","2009","Non-Profit Sponsor","Information Not Available","No","No","No","No","0","0","0","762545"
"CAA20110522","VENDOME PALMS APTS","975 N VENDOME ST","LOS ANGELES","CA","90026","Los Angeles County","34.083992","-118.274677","44000","35","35","2011","2010","Non-Profit Sponsor","30% Present Value Credit","No","No","No","No","0","0","0","452304"
"CAA20110605","LA PRO APTS","249 N JUANITA AVE","LOS ANGELES","CA","90004","Los Angeles County","34.075649","-118.290646","44000","124","119","2011","2010","For-Profit Sponsor","30% Present Value Credit","No","No","No","No","0","0","0","668184"
"CAA20110663","WADSWORTH PARK APTS","1033 E 43RD ST","LOS ANGELES","CA","90011","Los Angeles County","34.005903","-118.257469","44000","21","20","2011","2010","For-Profit Sponsor","Mix of 30% and 70% Present Value Credit","No","No","No","No","0","0","0","333668"
"CAA20110819","TOBERMAN VILLAGE","142 W SANTA CRUZ ST","SAN PEDRO","CA","90731","Los Angeles County","33.744337","-118.280869","44000","49","48","2011","2010","Non-Profit Sponsor","Information Not Available","Status Not Available","Status Not Available","Status Not Available","Status Not Available","","","","641003"
"CAA20110826","ENCANTO COURT","1345 W 105TH ST","LOS ANGELES","CA","90044","Los Angeles County","33.9414","-118.299576","84592","62","61","2011","2009","Non-Profit Sponsor","30% Present Value Credit","Yes","No","Status Not Available","No","5600000","0","0","656283"
"CAA20110829","YOUNG BURLINGTON APTS","820 S BURLINGTON AVE","LOS ANGELES","CA","90057","Los Angeles County","34.052768","-118.274645","44000","21","20","2011","2009","Non-Profit Sponsor","70% Present Value Credit","Yes","No","Status Not Available","No","1845000","0","0",""
"CAA20110830","36TH ST & BROADWAY APTS","4775 S BROADWAY","LOS ANGELES","CA","90037","Los Angeles County","33.999623","-118.278527","44000","27","25","2011","2009","Non-Profit Sponsor","30% Present Value Credit","Yes","No","Status Not Available","No","2938772","0","0",""
"CAA20110834","WESTSIDE II","725 HINDRY AVE","INGLEWOOD","CA","90301","Los Angeles County","33.954588","-118.373755","36546","196","196","2011","2009","For-Profit Sponsor","Information Not Available","Status Not Available","Status Not Available","Status Not Available","Status Not Available","","","",""
"CAA20110835","THE SAGEBRUSH OF DOWNTOWN II","725 W MILLING ST","LANCASTER","CA","93534","Los Angeles County","34.696073","-118.142696","40130","40","39","2011","2009","Non-Profit Sponsor","Information Not Available","No","No","Status Not Available","No","0","0","0",""
"CAA20110836","MY TOWN HOMES","12015 S FIGUEROA ST","LOS ANGELES","CA","90061","Los Angeles County","33.923264","-118.282857","44000","21","20","2011","2009","Non-Profit Sponsor","70% Present Value Credit","Yes","No","Status Not Available","No","1800000","0","0",""
"CAA20110838","SAGEBRUSH OF DOWNTOWN","44825 ELM AVE","LANCASTER","CA","93534","Los Angeles County","34.696534","-118.142026","40130","21","20","2011","2009","Non-Profit Sponsor","Information Not Available","No","No","Status Not Available","No","0","0","0",""
"CAA20110841","THE VILLAS AT GOWER","1726 N GOWER ST","LOS ANGELES","CA","90028","Los Angeles County","34.102388","-118.322172","44000","70","69","2011","2009","Non-Profit Sponsor","70% Present Value Credit","No","No","Status Not Available","Status Not Available","0","0","","1843479"
"CAA20120020","CAMPUS COMMONS","16 CAMPUS DR","ARCADIA","CA","91007","Los Angeles County","34.13064","-118.031793","2462","42","42","2012","2010","For-Profit Sponsor","30% Present Value Credit","No","No","No","No","0","0","0","383390"
"CAA20120050","EAST CARSON HOUSING","425 E CARSON ST","CARSON","CA","90745","Los Angeles County","33.831858","-118.269257","11530","64","64","2012","2010","For-Profit Sponsor","70% Present Value Credit","No","No","No","No","0","0","0","1204499"
"CAA20120060","EPWORTH APTS","6525 S NORMANDIE AVE","LOS ANGELES","CA","90044","Los Angeles County","33.980238","-118.300473","44000","19","19","2012","2010","Non-Profit Sponsor","70% Present Value Credit","No","No","No","No","0","0","0","584584"
"CAA20120085","HAYWORTH HOUSE","1234 N HAYWORTH AVE","WEST HOLLYWOOD","CA","90046","Los Angeles County","34.092643","-118.362789","84410","47","47","2012","2010","Non-Profit Sponsor","70% Present Value Credit","No","No","No","No","0","0","0","777816"
"CAA20120095","MARKET PARK APTS","601 N MARKET ST","INGLEWOOD","CA","90302","Los Angeles County","33.971519","-118.355839","36546","49","49","2012","2011","For-Profit Sponsor","30% Present Value Credit","No","No","No","No","0","0","0","278596"
"CAA20120110","MILAN TOWN HOMES","10006 S BROADWAY","LOS ANGELES","CA","90003","Los Angeles County","33.945492","-118.27793","44000","15","15","2012","2009","For-Profit Sponsor","Information Not Available","No","No","No","No","0","0","0","674434"
"CAA20120150","SUNRISE APTS","5125 S MAIN ST","LOS ANGELES","CA","90037","Los Angeles County","33.995885","-118.274146","44000","45","45","2012","2010","For-Profit Sponsor","70% Present Value Credit","No","No","No","No","0","0","0","601910"
"CAA20120845","OAKRIDGE FAMILY HOMES","15455 GLENOAKS BLVD","SYLMAR","CA","91342","Los Angeles County","34.324273","-118.469786","44000","59","59","2012","2012","Non-Profit Sponsor","30% Present Value Credit","No","Yes","No","No","0","4500000","0","432897"
"CAA20120852","PALMDALIA","38028 11TH ST E","PALMDALE","CA","93550","Los Angeles County","34.57349","-118.109316","55156","64","63","2012","2011","Non-Profit Sponsor","30% Present Value Credit","No","No","No","No","0","0","0","287389"
"CAA20120871","EVERGREEN APTS","1528 FREEMAN AVE","LONG BEACH","CA","90804","Los Angeles County","33.786494","-118.155473","43000","78","78","2012","2011","Non-Profit Sponsor","30% Present Value Credit","Yes","No","No","No","1788742","0","0","716638"
"CAA20120885","HIGH PLACE WEST","2345 VIRGINIA AVE","SANTA MONICA","CA","90404","Los Angeles County","34.023893","-118.466774","70000","46","46","2012","2011","Non-Profit Sponsor","30% Present Value Credit","No","No","Status Not Available","No","0","0","0","818946"
"CAA20120889","MONTECITO APTS","6650 FRANKLIN AVE","LOS ANGELES","CA","90028","Los Angeles County","34.105019","-118.334787","44000","116","115","2012","2011","Non-Profit Sponsor","30% Present Value Credit","No","No","No","No","0","0","0","414876"
"CAA20120894","NOHO SENIOR VILLAS","5539 KLUMP AVE","NORTH HOLLYWOOD","CA","91601","Los Angeles County","34.170823","-118.375398","44000","49","48","2012","2011","Non-Profit Sponsor","30% Present Value Credit","Yes","No","Status Not Available","No","4567846","0","0","601455"
"CAA20120897","MISSION PLAZA FAMILY APTS","2250 PARKSIDE AVE","LOS ANGELES","CA","90031","Los Angeles County","34.071603","-118.199926","44000","130","130","2012","2011","Non-Profit Sponsor","70% Present Value Credit","No","Yes","No","No","0","1230728","0","1399865"
"CAA20120914","MOSAIC GARDENS AT WHITTIER","12524 PHILADELPHIA ST","WHITTIER","CA","90601","Los Angeles County","33.978946","-118.042945","85292","21","20","2012","2011","Non-Profit Sponsor","70% Present Value Credit","Yes","No","No","No","2291746","0","0","413565"
"CAA20120922","STEP UP ON VINE","1057 VINE ST","LOS ANGELES","CA","90038","Los Angeles County","34.090089","-118.326827","44000","34","32","2012","2011","Non-Profit Sponsor","70% Present Value Credit","No","Yes","No","No","0","334951","0","812957"
"CAA20120926","LONG BEACH SENIOR ARTISTS COLONY","200 E ANAHEIM ST","LONG BEACH","CA","90813","Los Angeles County","33.782435","-118.191134","43000","161","160","2012","2010","Non-Profit Sponsor","30% Present Value Credit","No","No","Status Not Available","No","0","0","0","1930596"
"CAA20120927","NOHO SENIOR ARTISTS COLONY","10747 MAGNOLIA BLVD","N HOLLYWOOD","CA","91601","Los Angeles County","34.165075","-118.365355","44000","126","27","2012","2010","Non-Profit Sponsor","30% Present Value Credit","No","No","Status Not Available","No","0","0","0","308297"
"CAA20120931","NEW HOPE HOME","1150 E NEW YORK ST","LONG BEACH","CA","90813","Los Angeles County","33.784699","-118.178123","43000","140","139","2012","2010","Non-Profit Sponsor","30% Present Value Credit","No","No","Status Not Available","No","0","0","0","726207"
"CAA20120933","GARVEY COURT","10127 GARVEY AVE","EL MONTE","CA","91733","Los Angeles County","34.062895","-118.048163","22230","68","67","2012","2010","Non-Profit Sponsor","30% Present Value Credit","No","No","Status Not Available","No","0","0","0","808498"
"CAA20120934","BUCKINGHAM SENIOR APTS","4020 BUCKINGHAM RD","LOS ANGELES","CA","90008","Los Angeles County","34.013727","-118.342236","44000","70","69","2012","2010","Non-Profit Sponsor","30% Present Value Credit","No","No","Status Not Available","No","0","0","0","942394"
"CAA20120935","HUDSON OAKS","1267 N HUDSON AVE","PASADENA","CA","91104","Los Angeles County","34.167725","-118.134184","56000","45","44","2012","2010","Non-Profit Sponsor","Information Not Available","Yes","No","Status Not Available","No","1249058","0","0",""
"CAA20120940","OSBORNE PLACE APTS","12232 OSBORNE PL","PACOIMA","CA","91331","Los Angeles County","34.261016","-118.399821","44000","64","62","2012","2010","Non-Profit Sponsor","70% Present Value Credit","Yes","No","Status Not Available","No","747276","0","0","1740877"
"CAA20120942","WILLIS AVENUE APTS","14731 RAYEN ST","PANORAMA CITY","CA","91402","Los Angeles County","34.231969","-118.454126","44000","42","41","2012","2010","Non-Profit Sponsor","70% Present Value Credit","No","No","Status Not Available","No","0","0","0","893145"
"CAA20120943","28TH ST YMCA RESIDENCES","1006 E 28TH ST","LOS ANGELES","CA","90011","Los Angeles County","34.017305","-118.257417","44000","49","48","2012","2010","Non-Profit Sponsor","70% Present Value Credit","Yes","Yes","Status Not Available","No","2719266","450000","0","1129047"
"CAA20120944","LONG BEACH & ANAHEIM","225 E 12TH ST","LONG BEACH","CA","90813","Los Angeles County","33.781572","-118.190424","43000","39","38","2012","2010","Non-Profit Sponsor","70% Present Value Credit","No","No","Status Not Available","No","0","0","0","464711"
"CAA20120947","WOODS FAMILY","5051 E THIRD ST","LOS ANGELES","CA","90022","Los Angeles County","34.033633","-118.156785","20802","60","59","2012","2010","Non-Profit Sponsor","70% Present Value Credit","Yes","Yes","Status Not Available","No","2047376","1000000","0","1535493"
"CAA20120950","SHERMAN VILLAGE APTS","7135 WILBUR AVE","RESEDA","CA","91335","Los Angeles County","34.200153","-118.544981","44000","73","72","2012","2010","Non-Profit Sponsor","70% Present Value Credit","Yes","No","Status Not Available","No","2295346","0","0","1276454"
"CAA20120958","2602 BROADWAY","2602 BROADWAY","SANTA MONICA","CA","90404","Los Angeles County","34.032188","-118.472189","70000","33","33","2012","2010","Non-Profit Sponsor","70% Present Value Credit","No","No","Status Not Available","No","0","0","0","1241402"
"CAA20120959","BOYLE HOTEL APTS","1781 E FIRST ST","LOS ANGELES","CA","90033","Los Angeles County","34.047363","-118.219843","44000","51","50","2012","2010","Non-Profit Sponsor","70% Present Value Credit","No","No","Status Not Available","No","0","0","0","1431539"
"CAA20120964","VERMONT AVENUE APTS","4915 S VERMONT AVE","LOS ANGELES","CA","90037","Los Angeles County","33.99815","-118.291722","44000","49","48","2012","2010","Non-Profit Sponsor","70% Present Value Credit","Yes","No","Status Not Available","No","3017456","0","0","1187743"
"CAA20120965","NORMANDIE TERRACE","540 S NORMANDIE AVE","LOS ANGELES","CA","90020","Los Angeles County","34.064122","-118.300164","44000","66","65","2012","2010","Non-Profit Sponsor","70% Present Value Credit","No","No","Status Not Available","No","0","0","0","1662502"
"CAA20120971","MACARTHUR PARK APTS PHASE A","681 S BONNIE BRAE ST","LOS ANGELES","CA","90057","Los Angeles County","34.056326","-118.274186","44000","90","89","2012","2009","Non-Profit Sponsor","30% Present Value Credit","Yes","No","Status Not Available","No","10935748","0","0","1274801"
"CAA20120972","NEW GENESIS APTS","458 S MAIN ST","LOS ANGELES","CA","90013","Los Angeles County","34.04695","-118.248031","44000","106","104","2012","2009","Non-Profit Sponsor","Information Not Available","Yes","No","Status Not Available","No","5153160","0","0",""
"CAA20130002","2802 PICO","2802 PICO BLVD","SANTA MONICA","CA","90405","Los Angeles County","34.024135","-118.460301","70000","33","33","2013","2011","Non-Profit Sponsor","70% Present Value Credit","No","No","Status Not Available","No","0","0","0","987005"
"CAA20130003","430 PICO","430 PICO BLVD","SANTA MONICA","CA","90405","Los Angeles County","34.009905","-118.486482","70000","31","31","2013","2011","Non-Profit Sponsor","70% Present Value Credit","No","No","No","No","0","0","0","698929"
"CAA20130011","CANBY WOODS","7248 CANBY AVE","RESEDA","CA","91335","Los Angeles County","34.202168","-118.534558","44000","98","97","2013","2011","Non-Profit Sponsor","30% Present Value Credit","No","No","Status Not Available","No","0","0","0","837402"
"CAA20130013","CASA DE LA PALOMA - GLENDALE","133 S KENWOOD ST","GLENDALE","CA","91205","Los Angeles County","34.145333","-118.251551","30000","167","165","2013","2012","Non-Profit Sponsor","30% Present Value Credit","No","No","No","No","0","0","0","1116082"
"CAA20130017","CHINATOWN METRO APTS","808 N SPRING ST","LOS ANGELES","CA","90012","Los Angeles County","34.06203","-118.236611","44000","123","122","2013","2011","Non-Profit Sponsor","30% Present Value Credit","No","No","No","No","0","0","0","1406419"
"CAA20130019","CORAL WOOD COURT","8039 RESEDA BLVD","RESEDA","CA","91335","Los Angeles County","34.216769","-118.536276","44000","106","105","2013","2013","Non-Profit Sponsor","30% Present Value Credit","No","No","No","No","0","0","0","830626"
"CAA20130022","DEL REY SQUARE SENIOR HOUSING","11976 CULVER BLVD","LOS ANGELES","CA","90066","Los Angeles County","33.995045","-118.417383","44000","124","123","2013","2011","Non-Profit Sponsor","30% Present Value Credit","No","No","Status Not Available","No","0","0","0","1026123"
"CAA20130028","DUNBAR VILLAGE","4225 S CENTRAL AVE","LOS ANGELES","CA","90011","Los Angeles County","34.007108","-118.256697","44000","83","81","2013","2011","Non-Profit Sponsor","30% Present Value Credit","No","No","No","No","0","0","0","900160"
"CAA20130030","FICKETT TOWERS","14801 SHERMAN WAY","VAN NUYS","CA","91405","Los Angeles County","34.201423","-118.455201","44000","198","198","2013","2012","Non-Profit Sponsor","30% Present Value Credit","No","No","No","No","0","0","0","707160"
"CAA20130031","FIGUEROA SENIOR HOUSING","7621 S FIGUEROA ST","LOS ANGELES","CA","90003","Los Angeles County","33.970582","-118.282882","44000","35","34","2013","2011","Non-Profit Sponsor","30% Present Value Credit","No","No","No","No","0","0","0","430257"
"CAA20130039","HUNTINGTON PLAZA APTS","6330 RUGBY AVE","HUNTINGTON PARK","CA","90255","Los Angeles County","33.982453","-118.226329","36056","182","182","2013","2013","Non-Profit Sponsor","30% Present Value Credit","No","No","No","No","0","0","0","606652"
"CAA20130042","JEFFERSON PARK TERRACE","3023 S WESTERN AVE","LOS ANGELES","CA","90018","Los Angeles County","34.027093","-118.309097","44000","59","59","2013","2011","Non-Profit Sponsor","70% Present Value Credit","No","Yes","No","No","0","1074176","0","783666"
"CAA20130045","LA CORUNA SENIOR APTS","15301 LANARK ST","VAN NUYS","CA","91406","Los Angeles County","34.218174","-118.466591","44000","87","86","2013","2011","Non-Profit Sponsor","30% Present Value Credit","Yes","No","Status Not Available","No","2123930","0","0","942943"
"CAA20130046","LINDA VISTA SENIOR APTS","630 S ST LOUIS ST","LOS ANGELES","CA","90023","Los Angeles County","34.038587","-118.217454","44000","22","22","2013","2011","Non-Profit Sponsor","30% Present Value Credit","No","No","No","No","0","0","0","244715"
"CAA20130055","MENLO FAMILY HOUSING","1230 MENLO AVE","LOS ANGELES","CA","90006","Los Angeles County","34.048482","-118.290508","44000","60","59","2013","2011","Non-Profit Sponsor","30% Present Value Credit","Yes","Status Not Available","No","No","6309887","","0","872697"
"CAA20130056","METRO AT HOLLYWOOD","5555 HOLLYWOOD BLVD","LOS ANGELES","CA","90028","Los Angeles County","34.101883","-118.310894","44000","120","119","2013","2011","Non-Profit Sponsor","30% Present Value Credit","No","No","Status Not Available","No","0","0","0","1385580"
"CAA20130057","MID CELIS APTS","1422 SAN FERNANDO RD","SAN FERNANDO","CA","91340","Los Angeles County","34.286644","-118.445838","66140","19","19","2013","2011","Non-Profit Sponsor","30% Present Value Credit","Yes","No","No","No","3460000","0","0","321654"
"CAA20130058","MIJA TOWNHOMES","4501 S FIGUEROA ST","LOS ANGELES","CA","90037","Los Angeles County","34.002766","-118.282897","44000","21","20","2013","2011","Non-Profit Sponsor","70% Present Value Credit","No","No","No","No","0","0","0","550290"
"CAA20130060","MOSAIC GARDENS AT HUNTINGTON PARK","6337 MIDDLETON ST","HUNTINGTON PARK","CA","90255","Los Angeles County","33.982312","-118.229199","36056","23","23","2013","2012","Non-Profit Sponsor","70% Present Value Credit","Yes","No","No","No","1500000","0","0","496226"
"CAA20130062","ND SEPULVEDA I","16000 LASSEN ST","NORTH HILLS","CA","91343","Los Angeles County","34.249965","-118.481447","44000","72","72","2013","2011","Non-Profit Sponsor","70% Present Value Credit","No","No","No","No","0","0","0","1074180"
"CAA20130066","ORANGEWOOD COURT","5050 SEPULVEDA BLVD","SHERMAN OAKS","CA","91403","Los Angeles County","34.162158","-118.465972","44000","92","91","2013","2013","Non-Profit Sponsor","30% Present Value Credit","No","No","No","No","0","0","0","611348"
"CAA20130069","PARADISE ARMS","5200 S BROADWAY","LOS ANGELES","CA","90037","Los Angeles County","33.995537","-118.278112","44000","43","42","2013","2012","Non-Profit Sponsor","30% Present Value Credit","No","No","No","No","0","0","0","403468"
"CAA20130071","PARK PLACE APTS","12225 ATLANTIC AVE","LYNWOOD","CA","90262","Los Angeles County","33.911208","-118.191868","44574","99","98","2013","2011","Non-Profit Sponsor","70% Present Value Credit","Yes","No","No","No","191711","0","0","786969"
"CAA20130079","REGENT SQUARE","527 W REGENT ST","INGLEWOOD","CA","90301","Los Angeles County","33.964474","-118.365019","36546","145","143","2013","2011","Non-Profit Sponsor","30% Present Value Credit","Yes","No","No","No","4000000","0","0",""
"CAA20130093","TERRA BELLA","5720 CLARA ST","BELL GARDENS","CA","90201","Los Angeles County","33.962909","-118.16455","4996","65","64","2013","2011","Non-Profit Sponsor","30% Present Value Credit","Yes","No","No","No","3000000","0","0","705045"
"CAA20130096","COURTYARD AT LA BREA","1151 N LA BREA AVE","WEST HOLLYWOOD","CA","90038","Los Angeles County","34.092281","-118.34427","84410","31","31","2013","2011","Non-Profit Sponsor","30% Present Value Credit","Yes","No","No","No","3700000","0","0","538247"
"CAA20130098","THE GORDON","1555 GORDON ST","LOS ANGELES","CA","90028","Los Angeles County","34.099447","-118.319411","44000","20","20","2013","2011","Non-Profit Sponsor","70% Present Value Credit","No","No","No","No","0","0","0","416427"
"CAA20130102","THE SERRANO","979 S SERRANO AVE","LOS ANGELES","CA","90006","Los Angeles County","34.053095","-118.306519","44000","43","43","2013","2011","Non-Profit Sponsor","70% Present Value Credit","No","No","No","No","0","0","0","1065127"
"CAA20130103","TILDEN TERRACE","11048 WASHINGTON BLVD","CULVER CITY","CA","90232","Los Angeles County","34.010143","-118.411044","17568","32","20","2013","2011","Non-Profit Sponsor","70% Present Value Credit","No","No","Status Not Available","No","0","0","0","700020"
"CAA20130110","VINELAND AVENUE SENIOR HOUSING","4900 VINELAND AVE","N HOLLYWOOD","CA","91601","Los Angeles County","34.159559","-118.370048","44000","82","81","2013","2011","Non-Profit Sponsor","30% Present Value Credit","No","No","No","No","0","0","0","719209"
"CAA20130113","VISTA ANGELINA FAMILY APTS","418 E EDGEWARE RD","LOS ANGELES","CA","90026","Los Angeles County","34.065856","-118.254932","44000","108","106","2013","2012","Non-Profit Sponsor","30% Present Value Credit","Yes","No","No","No","8725000","0","0","768316"
"CAA20130116","VOORHIS VILLAGE APTS","653 E JUANITA AVE","SAN DIMAS","CA","91773","Los Angeles County","34.110461","-117.794554","66070","65","64","2013","2013","For-Profit Sponsor","30% Present Value Credit","No","No","No","No","0","0","0","443096"
"CAA20130300","BANNING VILLA APTS","1100 N BANNING BLVD","WILMINGTON","CA","90744","Los Angeles County","33.785008","-118.258093","44000","90","89","2013","2013","For-Profit Sponsor","30% Present Value Credit","No","No","No","No","0","0","0","685792"
"CAA20130306","BELWOOD ARMS APTS","6301 ATLANTIC AVE","LONG BEACH","CA","90805","Los Angeles County","33.868932","-118.185921","43000","34","33","2013","2013","For-Profit Sponsor","30% Present Value Credit","No","No","No","No","0","0","0","278989"
"CAA20130329","CORONADO PLACE APTS","671 S CORONADO ST","LOS ANGELES","CA","90057","Los Angeles County","34.059866","-118.282034","44000","41","40","2013","2012","Non-Profit Sponsor","30% Present Value Credit","No","No","No","No","0","0","0","362002"
"CAA20130348","FOOTHILL TERRACE","13751 HUBBARD ST","SYLMAR","CA","91342","Los Angeles County","34.305708","-118.432517","44000","40","39","2013","2012","For-Profit Sponsor","Mix of 30% and 70% Present Value Credit","No","No","No","No","0","0","0","468995"
"CAA20130351","FREEMAN VILLA APTS","1229 S WESTMORELAND AVE","LOS ANGELES","CA","90006","Los Angeles County","34.047345","-118.288927","44000","41","40","2013","2012","For-Profit Sponsor","30% Present Value Credit","No","No","No","No","0","0","0","216626"
"CAA20130354","GATEWAYS APTS (LOS ANGELES)","505 S SAN PEDRO ST","LOS ANGELES","CA","90013","Los Angeles County","34.04385","-118.244348","44000","108","107","2013","2011","Non-Profit Sponsor","70% Present Value Credit","Yes","No","No","No","7215511","0","0","1149323"
"CAA20130358","HAMLIN ESTATES","11735 HAMLIN ST","NORTH HOLLYWOOD","CA","91606","Los Angeles County","34.188922","-118.388756","44000","30","29","2013","2012","For-Profit Sponsor","30% Present Value Credit","No","No","No","No","0","0","0","161403"
"CAA20130366","JEFFERSON BOULEVARD & FIFTH AVENUE APTS","2401 W JEFFERSON BLVD","LOS ANGELES","CA","90018","Los Angeles County","34.025733","-118.321491","44000","40","39","2013","2011","For-Profit Sponsor","70% Present Value Credit","Yes","No","No","No","3250000","0","0","674261"
"CAA20130372","LA PRO II APTS","10311 S WESTERN AVE","LOS ANGELES","CA","90047","Los Angeles County","33.943007","-118.309218","44000","123","119","2013","2011","For-Profit Sponsor","70% Present Value Credit","Yes","No","No","No","2000000","0","0","1675096"
"CAA20130376","LOGAN'S PLAZA","2019 E 122ND ST","COMPTON","CA","90222","Los Angeles County","33.921853","-118.236659","85614","61","60","2013","2012","Non-Profit Sponsor","30% Present Value Credit","No","No","No","No","0","0","0","397585"
"CAA20130379","LOTUS GARDEN","719 YALE ST","LOS ANGELES","CA","90012","Los Angeles County","34.061626","-118.241409","44000","60","59","2013","2010","For-Profit Sponsor","70% Present Value Credit","Yes","No","No","No","0","0","0","1403200"
"CAA20130400","ND SEPULVEDA II","9700 WOODLEY AVE","NORTH HILLS","CA","91343","Los Angeles County","34.246376","-118.484751","44000","76","75","2013","2011","Non-Profit Sponsor","70% Present Value Credit","No","No","No","No","0","0","0","1093173"
"CAA20130402","NORWALK CHRISTIAN TOWER APTS","14141 CLARKDALE AVE","NORWALK","CA","90650","Los Angeles County","33.902453","-118.079762","52526","185","183","2013","2012","For-Profit Sponsor","Mix of 30% and 70% Present Value Credit","No","No","No","No","0","0","0","2050837"
"CAA20130421","PWC FAMILY HOUSING","153 GLENDALE BLVD","LOS ANGELES","CA","90026","Los Angeles County","34.063079","-118.259983","44000","45","44","2013","2011","Non-Profit Sponsor","70% Present Value Credit","Yes","No","No","No","3406936","0","0","774191"
"CAA20130441","SEVEN PALMS APTS","12831 SAN FERNANDO RD","SYLMAR","CA","91342","Los Angeles County","34.302679","-118.464023","44000","68","64","2013","2012","For-Profit Sponsor","30% Present Value Credit","No","No","No","No","0","0","0","287418"
"CAA20130447","STAR APTS","240 E SIXTH ST","LOS ANGELES","CA","90014","Los Angeles County","34.043773","-118.247954","44000","102","100","2013","2011","Non-Profit Sponsor","70% Present Value Credit","Yes","No","No","No","3000000","0","0","1877131"
"CAA20130458","THE WHITTIER","3555 WHITTIER BLVD","LOS ANGELES","CA","90023","Los Angeles County","34.026067","-118.196661","44000","60","59","2013","2011","Non-Profit Sponsor","70% Present Value Credit","Yes","No","No","No","4907400","0","0","1073251"
"CAA20130460","TOBIAS TERRACE APTS","9247 VAN NUYS BLVD","PANORAMA CITY","CA","91402","Los Angeles County","34.238058","-118.45045","44000","56","55","2013","2011","For-Profit Sponsor","70% Present Value Credit","Yes","No","No","No","4856000","0","0","768012"
"CAA20130465","TYLER COURT","3348 TYLER AVE","EL MONTE","CA","91731","Los Angeles County","34.06958","-118.035782","22230","20","19","2013","2012","For-Profit Sponsor","70% Present Value Credit","Yes","No","No","No","811830","0","0","361503"
"CAA20130483","WARWICK TERRACE","14921 S STANFORD AVE","COMPTON","CA","90220","Los Angeles County","33.89715","-118.261025","84780","108","102","2013","2012","For-Profit Sponsor","Mix of 30% and 70% Present Value Credit","No","No","No","No","0","0","0","1315493"
"CAA20132004","SAN FERNANDO COMMUNITY HOUSING","133 PARK AVENUE","SAN FERNANDO","CA","91340","Los Angeles County","34.28027","-118.436007","66140","62","61","2013","2011","For-Profit Sponsor","30% Present Value Credit","Yes","No","No","No","4200000","0","0","513910"
"CAA20138490","SAN FERNANDO COMMUNITY HOUSING","133 PARK AVE","SAN FERNANDO","CA","91340","Los Angeles County","34.28027","-118.436007","66140","62","61","2013","2011","Status Not Available","Information Not Available","Status Not Available","Status Not Available","Status Not Available","Status Not Available","","","",""
"CAA20140373","ARBOR GREEN","21227 FIGUEROA ST","CARSON","CA","90745","Los Angeles County","33.836239","-118.286322","11530","40","39","2014","2012","For-Profit Sponsor","70% Present Value Credit","No","No","No","No","0","0","0","574561"
"CAA20140374","ARGYLE APTS","1600 N WESTERN AVE","LOS ANGELES","CA","90027","Los Angeles County","34.099987","-118.309063","44000","40","39","2014","2012","For-Profit Sponsor","70% Present Value Credit","No","No","No","No","0","0","0","782852"
"CAA20140376","AZUSA APTS","805 S CERRITOS AVE","AZUSA","CA","91702","Los Angeles County","34.115195","-117.899666","3386","88","87","2014","2013","Non-Profit Sponsor","70% Present Value Credit","No","No","No","No","0","0","0","1008390"
"CAA20140377","BELMAR APTS","1725 OCEAN AVE","SANTA MONICA","CA","90401","Los Angeles County","34.009446","-118.492218","70000","160","158","2014","2011","For-Profit Sponsor","30% Present Value Credit","No","No","No","No","0","0","0","2715960"
"CAA20140395","CYPRESS SENIOR LIVING","311 E CYPRESS ST","GLENDALE","CA","91205","Los Angeles County","34.130024","-118.251811","30000","18","17","2014","2013","For-Profit Sponsor","Mix of 30% and 70% Present Value Credit","Yes","No","No","No","1447523","0","0","300783"
"CAA20140396","DAY STREET APTS","7639 DAY ST","TUJUNGA","CA","91042","Los Angeles County","34.254732","-118.298668","44000","46","45","2014","2012","Non-Profit Sponsor","70% Present Value Credit","Yes","No","No","No","1683167","0","0","797550"
"CAA20140397","DENNY PLACE & WILLOW WOOD APTS","5620 DENNY AVE","NORTH HOLLYWOOD","CA","91601","Los Angeles County","34.172772","-118.36465","44000","36","36","2014","2012","For-Profit Sponsor","30% Present Value Credit","No","No","No","No","0","0","0","266483"
"CAA20140398","EL MONTE VETERANS VILLAGE","11240 RAMONA BLVD","EL MONTE","CA","91731","Los Angeles County","34.073089","-118.029119","22230","41","40","2014","2012","Non-Profit Sponsor","70% Present Value Credit","Yes","No","No","No","400000","0","0","764595"
"CAA20140400","FAME SANTA MONICA SENIOR APTS","1753 18TH ST","SANTA MONICA","CA","90404","Los Angeles County","34.021824","-118.475411","70000","49","47","2014","2011","For-Profit Sponsor","30% Present Value Credit","No","No","No","No","0","0","0","536892"
"CAA20140406","HAZELTINE & WYANDOTTE APTS","7250 HAZELTINE AVE","VAN NUYS","CA","91405","Los Angeles County","34.202677","-118.439826","44000","108","106","2014","2013","For-Profit Sponsor","30% Present Value Credit","No","No","No","No","0","0","0","562029"
"CAA20140407","HFL SEQUOIA APTS","14402 HAMLIN ST","VAN NUYS","CA","91401","Los Angeles County","34.188502","-118.446593","44000","25","24","2014","2012","Non-Profit Sponsor","70% Present Value Credit","No","No","No","No","0","0","0","488243"
"CAA20140408","HIGH PLACE EAST","2401 VIRGINIA AVE","SANTA MONICA","CA","90404","Los Angeles County","34.024229","-118.466347","70000","44","43","2014","2012","Non-Profit Sponsor","30% Present Value Credit","No","No","No","No","0","0","0","798500"
"CAA20140409","HOLLYWOODLAND APTS","977 N WILTON PL","LOS ANGELES","CA","90038","Los Angeles County","34.088053","-118.313744","44000","83","82","2014","2013","For-Profit Sponsor","30% Present Value Credit","No","No","No","No","0","0","0","467498"
"CAA20140415","KNOB HILL APTS","2403 W FOURTH ST","LOS ANGELES","CA","90057","Los Angeles County","34.064089","-118.276509","44000","39","38","2014","2012","For-Profit Sponsor","70% Present Value Credit","Yes","No","No","No","1100000","0","0","969406"
"CAA20140427","NAOMI GARDENS","655 W NAOMI AVE","ARCADIA","CA","91007","Los Angeles County","34.124356","-118.053386","2462","101","100","2014","2013","Non-Profit Sponsor","30% Present Value Credit","No","No","No","No","0","0","0","586396"
"CAA20140435","RAMONA PARK SENIOR","3290 E ARTESIA BLVD","LONG BEACH","CA","90805","Los Angeles County","33.874472","-118.153656","43000","61","60","2014","2011","For-Profit Sponsor","30% Present Value Credit","No","No","No","No","0","0","0","708940"
"CAA20140439","REGENCY COURT APTS","720 FIFTH AVE CT","MONROVIA","CA","91016","Los Angeles County","34.143715","-118.019917","48648","115","114","2014","2014","For-Profit Sponsor","30% Present Value Credit","Yes","No","No","No","898986","0","0","414888"
"CAA20140441","RIVERWALK AT RESEDA","18425 KITTRIDGE ST","RESEDA","CA","91335","Los Angeles County","34.190407","-118.534791","44000","77","76","2014","2012","Non-Profit Sponsor","70% Present Value Credit","Yes","No","No","No","0","0","0","1338577"
"CAA20140443","SLAUSON STATION APTS","1717 E 61ST ST","LOS ANGELES","CA","90001","Los Angeles County","33.984909","-118.242634","24477","30","29","2014","2011","For-Profit Sponsor","30% Present Value Credit","Yes","No","No","No","2400000","0","0","545111"
"CAA20140450","TERRACINA APTS","1226 W IMPERIAL HWY","LOS ANGELES","CA","90044","Los Angeles County","33.930746","-118.29691","84116","72","71","2014","2012","For-Profit Sponsor","70% Present Value Credit","Yes","No","No","No","5788000","0","0","1117187"
"CAA20140458","VISTAS","15211 SHERMAN WAY","VAN NUYS","CA","91405","Los Angeles County","34.201522","-118.464402","44000","84","83","2014","2013","For-Profit Sponsor","30% Present Value Credit","No","No","No","No","0","0","0","562621"
"CAA20140461","WEST VALLEY TOWERS","14650 SHERMAN WAY","VAN NUYS","CA","91405","Los Angeles County","34.201036","-118.452373","44000","97","96","2014","2013","For-Profit Sponsor","30% Present Value Credit","No","No","No","No","0","0","0","652782"
"CAA20140463","WHITTIER SENIOR HOUSING","7215 BRIGHT AVE","WHITTIER","CA","90602","Los Angeles County","33.97626","-118.036354","85292","156","155","2014","2013","Non-Profit Sponsor","Mix of 30% and 70% Present Value Credit","Yes","No","No","No","300000","0","0","1246666"
"CAA20140465","WRIGHT BROTHERS COURT","38832 FOURTH ST E","PALMDALE","CA","93550","Los Angeles County","34.588903","-118.122925","55156","156","154","2014","2010","For-Profit Sponsor","30% Present Value Credit","Yes","No","No","No","1275000","0","0","1798987"
"CAA20141003","615 MANHATTAN APARTMENTS","615 S. MANHATTAN PLACE","LOS ANGELES","CA","90005","Los Angeles County","34.063228","-118.310541","44000","156","154","2014","2014","Non-Profit Sponsor","30% Present Value Credit","No","No","No","No","0","0","0","1016145"
"CAA20141005","AVALON APARTMENTS","13218 AVALON BLVD.","LOS ANGELES","CA","90061","Los Angeles County","33.91257","-118.265089","84780","55","54","2014","2012","Non-Profit Sponsor","70% Present Value Credit","No","No","No","No","0","0","0","1057193"
"CAA20141008","BESWICK SENIOR APARTMENTS","3553 BESWICK STREET","LOS ANGELES","CA","90023","Los Angeles County","34.022347","-118.199396","44000","33","32","2014","2012","Non-Profit Sponsor","70% Present Value Credit","No","No","No","No","0","0","0","817843"
"CAA20141009","BROADWAY VILLAS","9413 S. SPRING STREET","LOS ANGELES","CA","90003","Los Angeles County","33.950497","-118.276826","44000","49","48","2014","2011","For-Profit Sponsor","30% Present Value Credit","No","No","No","No","0","0","0","453947"
"CAA20141010","BROADWOOD TERRACE","5005 S. MAIN STREET","LOS ANGELES","CA","90037","Los Angeles County","33.997379","-118.274151","44000","89","88","2014","2012","Non-Profit Sponsor","70% Present Value Credit","No","No","No","No","0","0","0","1496471"
"CAA20141011","BURLINGTON FAMILY APARTMENTS","415 S. BURLINGTON AVENUE","LOS ANGELES","CA","90057","Los Angeles County","34.06016","-118.269884","44000","30","29","2014","2012","Non-Profit Sponsor","70% Present Value Credit","No","No","No","No","0","0","0","822413"
"CAA20141018","CASA GRIFFIN APARTMENTS","2669 N. GRIFFIN AVENUE","LOS ANGELES","CA","90031","Los Angeles County","34.077934","-118.212049","44000","40","39","2014","2011","Non-Profit Sponsor","30% Present Value Credit","No","No","No","No","0","0","0","439991"
"CAA20141022","COLLEGE PARK APARTMENTS","43331 30TH STREET WEST","LANCASTER","CA","93536","Los Angeles County","34.670561","-118.183761","40130","61","60","2014","2013","Non-Profit Sponsor","30% Present Value Credit","No","No","No","No","0","0","0","314457"
"CAA20141023","COMPTON SENIOR APARTMENTS","302 N. TAMARIND AVENUE","COMPTON","CA","90220","Los Angeles County","33.89834","-118.22203","15044","75","74","2014","2013","For-Profit Sponsor","70% Present Value Credit","No","No","No","No","0","0","0","924724"
"CAA20141025","COVENANT MANOR","600 E. 4TH STREET","LONG BEACH","CA","90802","Los Angeles County","33.771545","-118.18463","43000","100","99","2014","2013","Non-Profit Sponsor","30% Present Value Credit","No","No","No","No","0","0","0","708024"
"CAA20141026","DOWNEY VIEW","8314 2ND STREET","DOWNEY","CA","90241","Los Angeles County","33.940548","-118.131959","19766","50","49","2014","2012","Non-Profit Sponsor","70% Present Value Credit","Yes","No","No","No","450000","0","0","888792"
"CAA20141028","EAST CARSON II HOUSING","401 WEST CARSON STREET","CARSON","CA","90745","Los Angeles County","33.831829","-118.282957","11530","40","40","2014","2013","For-Profit Sponsor","70% Present Value Credit","No","No","No","No","0","0","0","1008977"
"CAA20141032","EUCALYPTUS PARK","811 N. EUCALYPTUS AVENUE","INGLEWOOD","CA","90302","Los Angeles County","33.973052","-118.359567","36546","93","92","2014","2013","For-Profit Sponsor","70% Present Value Credit","Yes","No","No","No","1800000","0","0","1016314"
"CAA20141034","FERNWOOD SENIOR APARTMENTS","45151 FERN AVENUE","LANCASTER","CA","93534","Los Angeles County","34.702726","-118.145578","40130","76","75","2014","2013","Non-Profit Sponsor","30% Present Value Credit","No","No","No","No","0","0","0","278711"
"CAA20141039","HARBOR VILLAGE APARTMENTS","981 HARBOR VILLAGE DRIVE","HARBOR CITY","CA","90710","Los Angeles County","33.792717","-118.292517","44000","400","398","2014","2013","For-Profit Sponsor","30% Present Value Credit","No","No","No","No","0","0","0","2112648"
"CAA20141043","JUANITA TATE LEGACY TOWERS","4827 SOUTH CENTRAL AVENUE","LOS ANGELES","CA","90011","Los Angeles County","33.999751","-118.25667","44000","118","117","2014","2014","Non-Profit Sponsor","30% Present Value Credit","No","Yes","No","No","0","2670564","0","889807"
"CAA20141046","LAS ALTURAS","3535 WHITTIER BLVD.","LOS ANGELES","CA","90023","Los Angeles County","34.026334","-118.197261","44000","78","77","2014","2012","Non-Profit Sponsor","70% Present Value Credit","No","No","No","No","0","0","0","1340523"
"CAA20141054","NEW HAMPSHIRE FAMILY HOUSING","1053 SOUTH NEW HAMPSHIRE AVENUE","LOS ANGELES","CA","90006","Los Angeles County","34.051565","-118.292855","44000","52","51","2014","2012","Non-Profit Sponsor","70% Present Value Credit","No","No","No","No","0","0","0","957867"
"CAA20141055","NEW PERSHING APARTMENTS","108 E 5TH STREET","LOS ANGELES","CA","90013","Los Angeles County","34.046242","-118.248184","44000","69","67","2014","2012","Non-Profit Sponsor","70% Present Value Credit","Yes","No","No","No","3500000","0","0","1531471"
"CAA20141057","ONE SANTA FE","100 SOUTH SANTA FE AVENUE","LOS ANGELES","CA","90012","Los Angeles County","34.04795","-118.232425","44000","88","88","2014","2011","For-Profit Sponsor","30% Present Value Credit","No","No","No","No","0","0","0","850438"
"CAA20141059","PACIFIC AVENUE ARTS COLONY","303 SOUTH PACIFIC AVENUE","SAN PEDRO","CA","90731","Los Angeles County","33.740758","-118.288101","44000","49","48","2014","2012","For-Profit Sponsor","70% Present Value Credit","No","No","No","No","0","0","0","1152248"
"CAA20141061","PARCEL M-GRAND AVENUE APARTMENTS","225 SOUTH GRAND AVENUE","LOS ANGELES","CA","90012","Los Angeles County","34.054346","-118.250233","44000","56","55","2014","2012","For-Profit Sponsor","30% Present Value Credit","No","No","No","No","0","0","0","865467"
"CAA20141062","PARK VILLAGE APARTMENTS (AKA JASMINE GARDEN)","600 WEST CORREGIDOR","COMPTON","CA","90220","Los Angeles County","33.889216","-118.232807","15044","164","162","2014","2012","For-Profit Sponsor","30% Present Value Credit","No","No","No","No","0","0","0","1122076"
"CAA20141065","RAMONA ESTATES","1935 E. 122ND STREET","COMPTON","CA","90222","Los Angeles County","33.921858","-118.237518","85614","60","59","2014","2013","Non-Profit Sponsor","30% Present Value Credit","No","No","No","No","0","0","0","386938"
"CAA20141069","RIO VISTA APARTMENTS","1515 N. SAN FERNANDO ROAD","LOS ANGELES","CA","90065","Los Angeles County","34.096957","-118.23293","44000","87","86","2014","2012","For-Profit Sponsor","70% Present Value Credit","Yes","No","No","No","2542354","0","0","1403719"
"CAA20141072","ROSSLYN HOTEL APARTMENTS","112 W 5TH STREET","LOS ANGELES","CA","90013","Los Angeles County","34.046848","-118.249121","44000","264","262","2014","2012","Non-Profit Sponsor","70% Present Value Credit","Yes","No","No","No","8138435","0","0","1251432"
"CAA20141073","SAGE PARK","1301 WEST 177TH STREET","GARDENA","CA","90248","Los Angeles County","33.870701","-118.296574","28168","90","89","2014","2012","Non-Profit Sponsor","70% Present Value Credit","Yes","No","No","No","3473070","0","0","1884099"
"CAA20141077","SIERRA VILLA EAST","621 EAST AVENUE I","LANCASTER","CA","93535","Los Angeles County","34.704276","-118.119029","40130","91","90","2014","2013","Non-Profit Sponsor","30% Present Value Credit","No","No","No","No","0","0","0","404569"
"CAA20141079","SILVERLAKE APARTMENTS","3740 EVANS STREET","LOS ANGELES","CA","90027","Los Angeles County","34.106027","-118.273586","44000","88","79","2014","2013","Non-Profit Sponsor","30% Present Value Credit","No","No","No","No","0","0","0","678281"
"CAA20141080","SOL Y LUNA APARTMENTS","2917 E. 1ST STREET","LOS ANGELES","CA","90033","Los Angeles County","34.040944","-118.203132","44000","53","51","2014","2012","Non-Profit Sponsor","70% Present Value Credit","No","No","No","No","0","0","0","1390540"
"CAA20141085","TAYLOR YARD APARTMENTS","1311 N. SAN FERNANDO ROAD","LOS ANGELES","CA","90065","Los Angeles County","34.095461","-118.231674","44000","68","67","2014","2011","For-Profit Sponsor","30% Present Value Credit","Yes","No","No","No","3860064","0","0","775186"
"CAA20141087","THE DYLAN","7111 SANTA MONICA BLVD.","WEST HOLLYWOOD","CA","90038","Los Angeles County","34.090861","-118.344275","84410","37","37","2014","2011","For-Profit Sponsor","30% Present Value Credit","No","No","No","No","0","0","0","476352"
"CAA20141088","THE HUXLEY","1234 N. LA BREA AVE.","WEST HOLLYWOOD","CA","90038","Los Angeles County","34.093507","-118.343889","84410","38","38","2014","2011","For-Profit Sponsor","30% Present Value Credit","No","No","No","No","0","0","0","494146"
"CAA20141090","TURNER APARTMENTS","7000 S. HOOVER STREET","LOS ANGELES","CA","90044","Los Angeles County","33.976066","-118.286881","44000","31","30","2014","2013","For-Profit Sponsor","70% Present Value Credit","No","No","No","No","0","0","0","548266"
"CAA20141093","VILLA NUEVA","658 S. FERRIS AVENUE","LOS ANGELES","CA","90022","Los Angeles County","34.024835","-118.162198","20802","21","20","2014","2014","Non-Profit Sponsor","30% Present Value Credit","Yes","No","No","No","1200000","0","0","138174"
"CAA20147467","AVALON APTS (LOS ANGELES)","13218 AVALON BLVD","LOS ANGELES","CA","90061","Los Angeles County","33.91257","-118.265089","84780","55","54","2014","2012","Status Not Available","Information Not Available","Status Not Available","Status Not Available","Status Not Available","Status Not Available","","","",""
"CAA20147470","BESWICK SENIOR APTS","3553 BESWICK ST","LOS ANGELES","CA","90023","Los Angeles County","34.022347","-118.199396","44000","33","32","2014","2012","Status Not Available","Information Not Available","Status Not Available","Status Not Available","Status Not Available","Status Not Available","","","",""
"CAA20147471","BURLINGTON FAMILY APTS","409 S BURLINGTON AVE","LOS ANGELES","CA","90057","Los Angeles County","34.060313","-118.269784","44000","18","29","2014","2012","Status Not Available","Information Not Available","Status Not Available","Status Not Available","Status Not Available","Status Not Available","","","",""
"CAA20147475","COLLEGE PARK APTS (LANCASTER)","43331 30TH ST W","LANCASTER","CA","93536","Los Angeles County","34.670561","-118.183761","40130","61","60","2014","2013","Status Not Available","Information Not Available","Status Not Available","Status Not Available","Status Not Available","Status Not Available","","","",""
"CAA20147478","FERNWOOD SENIOR APARTMENTS","45151 FERN AVE","LANCASTER","CA","93534","Los Angeles County","34.702726","-118.145578","40130","76","75","2014","2013","Status Not Available","Information Not Available","Status Not Available","Status Not Available","Status Not Available","Status Not Available","","","",""
"CAA20147483","HARBOR VILLAGE APTS I (A)","981 HARBOR VILLAGE DR","HARBOR CITY","CA","90710","Los Angeles County","33.792717","-118.292517","44000","400","398","2014","2013","Status Not Available","Information Not Available","Status Not Available","Status Not Available","Status Not Available","Status Not Available","","","",""
"CAA20147486","JASMINE GARDEN","601 W CORREGIDOR ST","COMPTON","CA","90220","Los Angeles County","33.889544","-118.232807","15044","164","162","2014","2012","Status Not Available","Information Not Available","Status Not Available","Status Not Available","Status Not Available","Status Not Available","","","",""
"CAA20147487","JUANITA TATE LEGACY TOWERS","4827 S CENTRAL AVE","LOS ANGELES","CA","90011","Los Angeles County","33.999751","-118.25667","44000","118","117","2014","2014","Status Not Available","Information Not Available","Status Not Available","Status Not Available","Status Not Available","Status Not Available","","","",""
"CAA20147499","RAMONA ESTATES","1935 E 122ND ST","COMPTON","CA","90222","Los Angeles County","33.921858","-118.237518","85614","57","59","2014","2013","Status Not Available","Information Not Available","Status Not Available","Status Not Available","Status Not Available","Status Not Available","","","",""
"CAA20147500","RIO VISTA APTS (LOS ANGELES)","1515 N SAN FERNANDO RD","LOS ANGELES","CA","90065","Los Angeles County","34.096957","-118.23293","44000","87","86","2014","2012","Status Not Available","Information Not Available","Status Not Available","Status Not Available","Status Not Available","Status Not Available","","","",""
"CAA20147505","SILVERLAKE APARTMENTS","3740 EVANS ST","LOS ANGELES","CA","90027","Los Angeles County","34.106027","-118.273586","44000","88","79","2014","2013","Status Not Available","Information Not Available","Status Not Available","Status Not Available","Status Not Available","Status Not Available","","","",""
"CAA20147506","SOL Y LUNA APTS","2917 E FIRST ST","LOS ANGELES","CA","90033","Los Angeles County","34.040944","-118.203132","44000","53","51","2014","2012","Status Not Available","Information Not Available","Status Not Available","Status Not Available","Status Not Available","Status Not Available","","","",""
"CAA20147510","VILLA NUEVA APTS (LOS ANGELES)","658 676 S FERRIS AVE","LOS ANGELES","CA","","Los Angeles County","34.0217","-118.152","20802","21","20","2014","2014","Status Not Available","Information Not Available","Status Not Available","Status Not Available","Status Not Available","Status Not Available","","","",""
"CAA20150004","ANDRES DUARTE TERRACE II","1700 HUNTINGTON DRIVE","DUARTE","CA","91010","Los Angeles County","34.139446","-117.968504","19990","43","42","2015","2013","Non-Profit Sponsor","30% Present Value Credit","No","No","No","No","0","0","0","476306"
"CAA20150010","AVENIDA CROSSING APARTMENTS","2317 WEST AVENUE J8","LANCASTER","CA","93536","Los Angeles County","34.68236","-118.170051","40130","77","76","2015","2015","For-Profit Sponsor","30% Present Value Credit","No","No","No","No","0","0","0","375884"
"CAA20150015","CABRILLO FAMILY APARTMENTS","1640 CABRILLO AVE.","TORRANCE","CA","90501","Los Angeles County","33.832491","-118.314114","80000","44","43","2015","2013","For-Profit Sponsor","70% Present Value Credit","No","No","No","No","0","0","0","1150048"
"CAA20150016","CABRILLO GATEWAY","2000 SAN GABRIEL AVENUE","LONG BEACH","CA","90810","Los Angeles County","33.79371","-118.223823","43000","81","80","2015","2013","Non-Profit Sponsor","70% Present Value Credit","No","No","No","No","0","0","0","2319442"
"CAA20150017","CALDEN COURT APARTMENTS","8901 CALDEN AVENUE","SOUTH GATE","CA","90280","Los Angeles County","33.954552","-118.228806","73080","216","214","2015","2013","For-Profit Sponsor","30% Present Value Credit","No","No","No","No","0","0","0","3408569"
"CAA20150020","CENTRAL AVENUE VILLAGE SQUARE","1060 EAST 53RD STREET","LOS ANGELES","CA","90011","Los Angeles County","33.994131","-118.257034","44000","45","44","2015","2014","Non-Profit Sponsor","30% Present Value Credit","No","No","No","No","0","0","0","394599"
"CAA20150026","FIGUEROA SENIOR HOUSING","5503 SOUTH FIGUEROA STREET","LOS ANGELES","CA","90037","Los Angeles County","33.992024","-118.282878","44000","66","65","2015","2014","Non-Profit Sponsor","30% Present Value Credit","No","Yes","No","No","0","4221258","0","258679"
"CAA20150033","HOLLENBECK TERRACE APARTMENTS","610 S. ST. LOUIS STREET","LOS ANGELES","CA","90023","Los Angeles County","34.03885","-118.217284","44000","97","96","2015","2013","For-Profit Sponsor","70% Present Value Credit","No","No","No","No","0","0","0","1153937"
"CAA20150035","JEFFERSON TOWNHOMES / CUNNINGHAM VILLAGE","1693 WEST JEFFERSON BLVD.","LOS ANGELES","CA","90016","Los Angeles County","34.025677","-118.30595","44000","65","64","2015","2014","For-Profit Sponsor","30% Present Value Credit","No","No","No","No","0","0","0","655208"
"CAA20150039","LAS BRISAS APARTMENTS","4339 ELIZABETH STREET","CUDAHY","CA","90201","Los Angeles County","33.963943","-118.191531","17498","100","99","2015","2014","For-Profit Sponsor","30% Present Value Credit","No","No","No","No","0","0","0","530777"
"CAA20150042","LAUREL VILLAGE","9700 LAUREL CANYON BOULEVARD","LOS ANGELES","CA","91331","Los Angeles County","34.245562","-118.417878","44000","80","79","2015","2013","Non-Profit Sponsor","30% Present Value Credit","No","No","No","No","0","0","0","602978"
"CAA20150044","LONG BEACH + 21ST APARTMENTS","2114 LONG BEACH BOULEVARD","LONG BEACH","CA","90806","Los Angeles County","33.795609","-118.189073","43000","41","40","2015","2013","For-Profit Sponsor","70% Present Value Credit","No","No","No","No","0","0","0","1192699"
"CAA20150051","NAVY VILLAGE (AKA BLUE BUTTERFLY VILLAGE)","2213 BLUE BUTTERFLY WAY","LOS ANGELES","CA","90732","Los Angeles County","33.77723","-118.301052","44000","74","73","2015","2013","Non-Profit Sponsor","70% Present Value Credit","Yes","No","No","No","2673764","0","0","1765267"
"CAA20150053","NORTHWEST MANOR I","985 N. RAYMOND AVENUE","PASADENA","CA","91103","Los Angeles County","34.162788","-118.149247","56000","44","44","2015","2014","For-Profit Sponsor","30% Present Value Credit","No","No","No","No","0","0","0","361621"
"CAA20150056","ONE WILKINS PLACE APARTMENTS","1071 EAST 48TH STREET","LOS ANGELES","CA","90011","Los Angeles County","34.000438","-118.256877","44000","18","17","2015","2014","Non-Profit Sponsor","30% Present Value Credit","No","Yes","No","No","0","1499461","0","182727"
"CAA20150059","PATH VILLAS AT DEL REY (AKA COURTLEIGH VILLAS)","11738 COURTLEIGH DRIVE","LOS ANGELES","CA","90066","Los Angeles County","33.998673","-118.417469","44000","23","22","2015","2013","For-Profit Sponsor","70% Present Value Credit","Yes","No","No","No","270000","0","0","541447"
"CAA20150064","ROBERTA STEPHENS VILLAS I + II","1035 EAST 27TH STREET","LOS ANGELES","CA","90011","Los Angeles County","34.018078","-118.255693","44000","40","39","2015","2014","Non-Profit Sponsor","30% Present Value Credit","No","Yes","No","No","0","1723388","0","328709"
"CAA20150066","ROYAL VISTA TERRACE","1310 ROYAL OAKS DRIVE","DUARTE","CA","91010","Los Angeles County","34.143095","-117.976872","19990","75","74","2015","2014","For-Profit Sponsor","30% Present Value Credit","No","No","No","No","0","0","0","403863"
"CAA20150075","STEP UP ON COLORADO","520 COLORADO AVENUE","SANTA MONICA","CA","90401","Los Angeles County","34.014515","-118.490683","70000","34","32","2015","2013","Non-Profit Sponsor","70% Present Value Credit","No","No","No","No","0","0","0","677983"
"CAA20150081","TEAGUE TERRACE (AKA EAGLE VISTA)","4260 EAGLE ROCK BLVD.","LOS ANGELES","CA","90065","Los Angeles County","34.122253","-118.223754","44000","56","55","2015","2013","Non-Profit Sponsor","30% Present Value Credit","Yes","No","No","No","1773961","0","0","598125"
"CAA20150083","THE EXCHANGE AT GATEWAY APARTMENTS","10562 SANTA FE DRIVE","EL MONTE","CA","91731","Los Angeles County","34.073235","-118.044338","22230","132","131","2015","2013","Non-Profit Sponsor","70% Present Value Credit","Yes","No","No","No","2500000","0","0","2091546"
"CAA20150085","THE SIX (AKA CARONDELET APARTMENTS)","811 S. CARONDELET STREET","LOS ANGELES","CA","90057","Los Angeles County","34.056363","-118.282547","44000","52","50","2015","2013","Non-Profit Sponsor","70% Present Value Credit","No","No","No","No","0","0","0","1089512"
"CAA20150091","VERMONT MANZANITA","1225 S. VERMONT AVENUE","LOS ANGELES","CA","90006","Los Angeles County","34.048661","-118.291806","44000","40","39","2015","2013","Non-Profit Sponsor","70% Present Value Credit","No","No","No","No","0","0","0","882370"
"CAA20150092","VERMONT VILLAS","16304 S. VERMONT AVENUE","LOS ANGELES","CA","90247","Los Angeles County","33.883354","-118.291125","44000","79","80","2015","2013","For-Profit Sponsor","70% Present Value Credit","No","No","No","No","0","0","0","1250427"
"CAA20150100","WHITTIER PLACE HOUSING","4125 WHITTIER BLVD.","LOS ANGELES","CA","90023","Los Angeles County","34.024094","-118.181831","20802","25","24","2015","2013","Non-Profit Sponsor","70% Present Value Credit","Yes","No","No","No","1165425","0","0","764973"
"CAA20150101","WILLIAM PENN MANOR","7025 FRIENDS AVENUE","WHITTIER","CA","90602","Los Angeles County","33.978091","-118.034063","85292","75","74","2015","2014","Non-Profit Sponsor","30% Present Value Credit","No","No","No","No","0","0","0","403585"
"CAA20151009","CRENSHAW FAMILY APARTMENTS","5110 CRENSHAW BLVD.","LOS ANGELES","CA","90043","Los Angeles County","33.996284","-118.330379","44000","32","31","2015","2013","Non-Profit Sponsor","70% Present Value Credit","No","Status Not Available","No","No","0","0","0","775066"
"CAA20151025","PLAYA SENIOR AFFORDABLE HOUSING","12481 W. FIELDING CIRCLE","LOS ANGELES","CA","90094","Los Angeles County","33.978791","-118.411838","44000","83","82","2015","2013","For-Profit Sponsor","70% Present Value Credit","No","Status Not Available","No","No","0","0","0","1628616"
"CAA20151028","SEA MIST TOWERS","1451 ATLANTIC AVENUE","LONG BEACH","CA","90813","Los Angeles County","33.784723","-118.185224","43000","75","74","2015","2014","For-Profit Sponsor","30% Present Value Credit","No","No","No","No","0","0","0","574599"
"CAA20151029","THE BERENDOS","226 BERENDO STREET","LOS ANGELES","CA","90004","Los Angeles County","34.069969","-118.293964","44000","72","70","2015","2014","Non-Profit Sponsor","30% Present Value Credit","No","No","No","No","0","0","0","544510"
"CAA20151030","THE PARK PLAZA","960 W. 62ND PLACE","LOS ANGELES","CA","90044","Los Angeles County","33.982621","-118.290886","44000","79","78","2015","2014","For-Profit Sponsor","30% Present Value Credit","No","No","No","No","0","0","0","475301"
"CAA20151034","VERNON FAMILY APARTMENTS","4675 EAST 52ND DRIVE","VERNON","CA","90058","Los Angeles County","33.991197","-118.179824","82422","45","44","2015","2013","For-Profit Sponsor","70% Present Value Credit","No","No","No","No","0","0","0","807053"
"CAA20151035","VETERAN VILLAGE OF GLENDALE","327 SALEM STREET","GLENDALE","CA","91203","Los Angeles County","34.149113","-118.259201","30000","44","43","2015","2013","For-Profit Sponsor","70% Present Value Credit","Yes","Status Not Available","No","No","0","0","0","1248348"
"CAA20152003","BALDWIN PARK TRANSIT CENTER APARTMENTS","14332 EAST RAMONA BOULEVARD","BALDWIN PARK","CA","91706","Los Angeles County","34.086051","-117.96148","3666","70","69","2015","2014","For-Profit Sponsor","70% Present Value Credit","Yes","Status Not Available","No","No","1900000","0","0","1522725"
"CAA20152011","MARTHA BRYANT MANOR","8300 SOUTH HOOVE STREET MAIL BOX 309","LOS ANGELES","CA","90044","Los Angeles County","34.0997","-118.3313","","77","76","2015","2014","For-Profit Sponsor","30% Present Value Credit","No","Status Not Available","No","No","0","0","0","587320"
"CAA20152016","WILSHIRE MANOR","616 SOUTH NORMANDIE AVENUE","LOS ANGELES","CA","90005","Los Angeles County","34.062635","-118.300155","44000","283","280","2015","2014","Non-Profit Sponsor","30% Present Value Credit","No","Status Not Available","No","No","0","0","0","2118869"
"CAA20156273","EXCHANGE AT GATEWAY APARTMENTS","10562 SANTA FE DR","EL MONTE","CA","91731","Los Angeles County","34.073235","-118.044338","22230","132","131","2015","2013","Status Not Available","Information Not Available","Status Not Available","Status Not Available","Status Not Available","Status Not Available","","","",""
"CAA20156275","HARDING AVE APTS","124 HARDING AVE","SAN FERNANDO","CA","91340","Los Angeles County","34.287368","-118.442015","66140","29","28","2015","2013","Status Not Available","Information Not Available","Status Not Available","Status Not Available","Status Not Available","Status Not Available","","","",""
"CAA20156277","LONG BEACH & 21ST APTS","2114 LONG BEACH BLVD","LONG BEACH","CA","90806","Los Angeles County","33.795609","-118.189073","43000","41","40","2015","2013","Status Not Available","Information Not Available","Status Not Available","Status Not Available","Status Not Available","Status Not Available","","","",""
"CAA20156280","PATH VILLAS AT DEL REY","11734 COURTLEIGH DR","LOS ANGELES","CA","90066","Los Angeles County","33.998701","-118.417447","44000","23","22","2015","2013","Status Not Available","Information Not Available","Status Not Available","Status Not Available","Status Not Available","Status Not Available","","","",""
"CAA20156283","THE SIX","811 S CARONDELET ST","LOS ANGELES","CA","90057","Los Angeles County","34.056363","-118.282547","44000","52","50","2015","2013","Status Not Available","Information Not Available","Status Not Available","Status Not Available","Status Not Available","Status Not Available","","","",""
"CAA20156286","VERMONT VILLAS","16304 S VERMONT AVE","GARDENA","CA","90247","Los Angeles County","33.883354","-118.291125","44000","79","78","2015","2013","Status Not Available","Information Not Available","Status Not Available","Status Not Available","Status Not Available","Status Not Available","","","",""
"CAA20156287","WHITTIER PLACE HOUSING (SITE A)","4125 WHITTIER BLVD","LOS ANGELES","CA","90023","Los Angeles County","34.024094","-118.181831","20802","25","24","2015","2013","Status Not Available","Information Not Available","Status Not Available","Status Not Available","Status Not Available","Status Not Available","","","",""
"CAA20156288","WILLIAM PENN MANOR","7025 FRIENDS AVE","WHITTIER","CA","90602","Los Angeles County","33.978091","-118.034063","85292","75","74","2015","2014","Status Not Available","Information Not Available","Status Not Available","Status Not Available","Status Not Available","Status Not Available","","","",""
"CAA20160005","BELLFLOWER FRIENDSHIP MANOR","9550 OAK STREET","BELLFLOWER","CA","90706","Los Angeles County","33.884481","-118.129895","4982","144","143","2016","2015","For-Profit Sponsor","30% Present Value Credit","No","No","No","No","0","0","0","1032050"
"CAA20160022","GATEWAY APARTMENTS","13368 BEACH AVENUE","LOS ANGELES","CA","90292","Los Angeles County","33.991532","-118.44345","44000","21","20","2016","2014","Non-Profit Sponsor","70% Present Value Credit","Yes","No","No","No","1071261","0","0","573269"
"CAA20160029","HOLT + HAMILTON FAMILY APARTMENTS","934 W. HOLT AVENUE","POMONA","CA","91768","Los Angeles County","34.061842","-117.765454","58072","62","61","2016","2014","For-Profit Sponsor","70% Present Value Credit","No","No","No","No","0","0","0","1557010"
"CAA20160033","LDK SENIOR APARTMENTS","900 CRENSHAW BLVD.","LOS ANGELES","CA","90019","Los Angeles County","34.056294","-118.321854","44000","67","65","2016","2014","Non-Profit Sponsor","30% Present Value Credit","Yes","No","No","No","7687337","0","0","859346"
"CAA20160057","PALOMA TERRACE","5000 S. MAIN STREET","LOS ANGELES","CA","90037","Los Angeles County","33.997414","-118.273756","44000","59","58","2016","2014","Non-Profit Sponsor","70% Present Value Credit","No","No","No","No","0","0","0","1741073"
"CAA20160078","THE GROVES","700 EAST MOUNTAIN STREET","PASADENA","CA","91104","Los Angeles County","34.161401","-118.136188","56000","44","42","2016","2015","Non-Profit Sponsor","30% Present Value Credit","No","No","No","No","0","0","0","477490"
"CAA20160085","WINNETKA SENIOR APARTMENTS","20750 SHERMAN WAY","WINNETKA","CA","91306","Los Angeles County","34.200817","-118.585537","44000","95","94","2016","2014","For-Profit Sponsor","30% Present Value Credit","No","No","No","No","0","0","0","947682"
"CAA20161009","BEVERLY PARK SENIOR APARTMENTS","1071 S. LA CIENEGA BLVD.","LOS ANGELES","CA","90035","Los Angeles County","34.057411","-118.376372","44000","49","48","2016","2015","For-Profit Sponsor","30% Present Value Credit","No","Status Not Available","No","No","0","0","0","648474"
"CAA20161012","CEDAR SPRINGS APARTMENTS","1319 PALOMARES AVE","LA VERNE","CA","91750","Los Angeles County","34.102374","-117.787272","40830","35","34","2016","2014","Non-Profit Sponsor","70% Present Value Credit","Yes","Status Not Available","No","No","2227876","0","0","963114"
"CAA20161013","CITYVIEW APARTMENTS (FKA BRETHREN MANOR)","3333 PACIFIC PLACE","LONG BEACH","CA","90806","Los Angeles County","33.817724","-118.195367","43000","296","279","2016","2015","Non-Profit Sponsor","30% Present Value Credit","No","Status Not Available","No","No","0","0","0","931835"
"CAA20161017","DUARTE MANOR APARTMENTS","1235 NORTH HIGHLAND AVENUE","DUARTE","CA","90266","Los Angeles County","34.138633","-117.966816","19990","42","40","2016","2015","For-Profit Sponsor","30% Present Value Credit","No","Status Not Available","No","No","0","0","0","347021"
"CAA20161018","E VICTOR VILLA","555 WEST 92ND STREET","LOS ANGELES","CA","90040","Los Angeles County","33.95298","-118.284295","44000","46","45","2016","2015","Non-Profit Sponsor","30% Present Value Credit","No","Status Not Available","No","No","0","0","0","295084"
"CAA20161023","HCHC RECAP I","1924 N. ARGYLE STREET","LOS ANGELES","CA","90068","Los Angeles County","34.1126","-118.3284","44000","68","65","2016","2015","Non-Profit Sponsor","30% Present Value Credit","Yes","Status Not Available","No","No","1996000","0","0","410744"
"CAA20161024","HANCOCK GARDENS","303 SOUTH VAN NESS AVENUE","LOS ANGELES","CA","90020","Los Angeles County","34.068489","-118.315356","44000","66","65","2016","2015","Non-Profit Sponsor","30% Present Value Credit","No","Status Not Available","No","No","0","0","0","868523"
"CAA20161025","HERITAGE SQUARE","762 N. FAIR OAKS AVENUE","PASADENA","CA","91103","Los Angeles County","34.159008","-118.150392","56000","70","69","2016","2014","For-Profit Sponsor","70% Present Value Credit","Yes","Status Not Available","No","No","1400000","0","0","1476589"
"CAA20161026","IMMANUEL PLACE (FKA IMMANUEL SENIOR HOUSING)","3215 EAST 3RD STREET","LONG BEACH","CA","90814","Los Angeles County","33.768241","-118.154347","43000","25","24","2016","2014","Non-Profit Sponsor","70% Present Value Credit","Yes","Status Not Available","No","No","1650000","0","0","617482"
"CAA20161034","MARMION WAY APARTMENTS","3500 MARMION WAY","LOS ANGELES","CA","90065","Los Angeles County","34.086744","-118.214348","44000","49","48","2016","2014","Non-Profit Sponsor","70% Present Value Credit","Yes","Status Not Available","No","No","5157260","0","0","781693"
"CAA20161037","MOSAIC GARDENS AT MONTEREY PARK","534 N. CHANDLER AVE.","MONTEREY PARK","CA","91754","Los Angeles County","34.068265","-118.131923","48914","31","30","2016","2014","For-Profit Sponsor","70% Present Value Credit","Yes","Status Not Available","No","No","834833","0","0","623052"
"CAA20161038","MOSAIC GARDENS AT WILLOWBROOK","2213 EAST EL SEGUNDO BLVD","COMPTON","CA","90222","Los Angeles County","33.916439","-118.233395","85614","61","60","2016","2015","For-Profit Sponsor","70% Present Value Credit","Yes","Status Not Available","No","No","5162340","0","0","837327"
"CAA20161048","REGENCY COURT APARTMENTS","720 FIFTH AVENUE COURT","MONROVIA","CA","91016","Los Angeles County","34.143715","-118.019917","48648","115","114","2016","2014","Non-Profit Sponsor","30% Present Value Credit","Yes","Status Not Available","No","No","898986","0","0","411888"
"CAA20161051","SANTA CECILIA APARTMENTS","117 S. BOYLE AVENUE","LOS ANGELES","CA","90033","Los Angeles County","34.046538","-118.220025","44000","79","78","2016","2014","For-Profit Sponsor","70% Present Value Credit","No","Status Not Available","No","No","0","0","0","2164784"
"CAA20161054","SELMA COMMUNITY HOUSING","1605 N CHEROKEE AVENUE","LOS ANGELES","CA","90028","Los Angeles County","34.099828","-118.335227","44000","66","65","2016","2014","For-Profit Sponsor","70% Present Value Credit","No","Status Not Available","No","No","0","0","0","1892212"
"CAA20161055","SILVER STAR APARTMENTS (FKA WEST VILLAS)","6558 WEST BOULEVARD","LOS ANGELES","CA","90043","Los Angeles County","33.979641","-118.335007","44000","49","48","2016","2015","Non-Profit Sponsor","70% Present Value Credit","Yes","Status Not Available","No","No","10000","0","0","1050836"
"CAA20161061","THE PASEO AT CALIFORNIAN","1901 W. 6TH STREET","LOS ANGELES","CA","90057","Los Angeles County","34.058591","-118.27234","44000","53","52","2016","2014","For-Profit Sponsor","30% Present Value Credit","Yes","Status Not Available","No","No","2600000","0","0","726467"
"CAA20161063","THREE OAKS FKA NEWHALL AVENUE APARTMENTS","23610 NEWHALL AVENUE","SANTA CLARITA","CA","91321","Los Angeles County","34.369506","-118.512349","69088","30","29","2016","2015","Non-Profit Sponsor","70% Present Value Credit","No","Status Not Available","No","No","0","0","0","959368"
"CAA20161064","TIKI APARTMENTS","7306 SANTA FE AVENUE","HUNTINGTON PARK","CA","90255","Los Angeles County","33.973805","-118.230038","83402","36","35","2016","2015","Non-Profit Sponsor","70% Present Value Credit","No","Status Not Available","No","No","0","0","0","2043080"
"CAA20165371","BLOSSOM PLAZA","900 N BROADWAY","LOS ANGELES","CA","90012","Los Angeles County","34.063948","-118.237296","44000","54","53","2016","2013","Status Not Available","Information Not Available","Status Not Available","Status Not Available","Status Not Available","Status Not Available","","","",""
"CAA20170004","5400 HOLLYWOOD FAMILY APARTMENTS","5400 HOLLYWOOD BOULEVARD","LOS ANGELES","CA","90027","Los Angeles County","34.101576","-118.307208","44000","40","39","2017","2014","Non-Profit Sponsor","70% Present Value Credit","Yes","Status Not Available","No","No","1950000","0","0","1325087"
"CAA20170010","AMERICAN GOLD STAR MANOR","3080 GOLD STAR DR.","LONG BEACH","CA","90810","Los Angeles County","33.813552","-118.215621","43000","348","337","2017","2015","Non-Profit Sponsor","30% Present Value Credit","No","Status Not Available","No","No","0","0","0","3146547"
"CAA20170012","ANTELOPE VALLEY APARTMENTS","43460 32ND STREET WEST","LANCASTER","CA","93536","Los Angeles County","34.67223","-118.187883","40130","121","120","2017","2015","For-Profit Sponsor","30% Present Value Credit","No","Status Not Available","No","No","0","0","0","694453"
"CAA20170034","ICON ON ROSECRANS","14135 CERISE AVENUE","HAWTHORNE","CA","90250","Los Angeles County","33.902697","-118.333216","32548","127","126","2017","2014","For-Profit Sponsor","30% Present Value Credit","No","Status Not Available","No","No","0","0","0","1877038"
"CAA20170037","MIRAGE TOWN HOMES","5221 SOUTH WESTERN AVENUE","LOS ANGELES","CA","90062","Los Angeles County","33.994569","-118.309133","44000","21","20","2017","2015","For-Profit Sponsor","70% Present Value Credit","No","Status Not Available","No","No","0","0","0","494479"
"CAA20170041","OLIVERA SENIOR APARTMENT (FKA DUDLEY ST SENIOR APTS)","600 S. DUDLEY STREET","POMONA","CA","91766","Los Angeles County","34.053343","-117.773031","58072","84","83","2017","2015","For-Profit Sponsor","70% Present Value Credit","No","Status Not Available","No","No","0","0","0","1349474"
"CAA20170045","PANAMA HOTEL APARTMENTS","403 E 5TH STREET","LOS ANGELES","CA","90013","Los Angeles County","34.044634","-118.244616","44000","72","71","2017","2015","Non-Profit Sponsor","70% Present Value Credit","Yes","Status Not Available","No","No","4479380","0","0","993299"
"CAA20170047","PILGRIM TOWER APARTMENTS","1207 SOUTH VERMONT AVENUE","LOS ANGELES","CA","90006","Los Angeles County","34.048966","-118.29181","44000","111","108","2017","2015","For-Profit Sponsor","30% Present Value Credit","No","Status Not Available","No","No","0","0","0","1079216"
"CAA20170050","SEASONS II SENIOR APARTMENTS","21309 BLOOMFIELD AVENUE","LAKEWOOD","CA","90715","Los Angeles County","33.835546","-118.06363","39892","85","83","2017","2015","Non-Profit Sponsor","30% Present Value Credit","No","No","No","No","0","0","0","551750"
"CAA20172002","E. BOYD ESTERS MANOR","1101 NORTH CENTRAL AVE","COMPTON","CA","90220","Los Angeles County","33.9048","-118.2483","15044","50","49","2017","2017","Non-Profit Sponsor","30% Present Value Credit","Yes","No","No","No","0","0","0","422559"
"CAA20173001","COSTA AZUL SENIOR APARTMENTS","10829 FULTON WELLS AVE.","SANTA FE SPRINGS","CA","90670","Los Angeles County","33.93405","-118.076406","69154","280","56","2017","2017","Non-Profit Sponsor","30% Present Value Credit","No","No","No","No","0","0","0","211798"
"CAA20180005","LA VILLA PUENTE APARTMENTS","17351 MAIN STREET","LA PUENTE","CA","91744","Los Angeles County","34.013577","-117.924778","40340","121","120","2018","2017","For-Profit Sponsor","30% Present Value Credit","No","No","No","No","0","0","0","1782787"
"CAA20181002","127TH STREET APARTMENTS","550 WEST 127TH STREET","LOS ANGELES","CA","90044","Los Angeles County","33.917449","-118.284531","44000","85","84","2018","2016","For-Profit Sponsor","30% Present Value Credit","No","No","No","No","0","0","0","827405"
"CAA20181008","ATHENS VISTAS","1300 W. 105TH STREET","LOS ANGELES","CA","90044","Los Angeles County","33.941077","-118.298641","84592","74","73","2018","2017","For-Profit Sponsor","70% Present Value Credit","Yes","No","No","No","0","0","0","1506424"
"CAA20181011","BEACHWOOD APARTMENTS","475 WEST 5TH STREET AND 505 WEST 6TH STREET","LONG BEACH","CA","90802","Los Angeles County","33.77308","-118.197812","43000","45","44","2018","2017","Non-Profit Sponsor","30% Present Value Credit","Yes","No","No","No","0","0","0","564950"
"CAA20181013","BLUE HIBISCUS","1125 NORTH DETROIT STREET","WEST HOLLYWOOD","CA","90046","Los Angeles County","34.091653","-118.345353","84410","22","21","2018","2016","Non-Profit Sponsor","70% Present Value Credit","No","No","No","No","0","0","0","641758"
"CAA20181014","BOYLE APARTMENTS AND JEWEL TERRACE APARTMENTS","2950 VAN BUREN PLACE","LOS ANGELES","CA","90007","Los Angeles County","34.027929","-118.296781","44000","67","64","2018","2017","Non-Profit Sponsor","30% Present Value Credit","No","No","No","No","0","0","0","570637"
"CAA20181015","CAMINO DEL MAR","1015 WEST E. STREET","WILMINGTON","CA","90744","Los Angeles County","33.7733","-118.2766","44000","88","87","2018","2016","Non-Profit Sponsor","30% Present Value Credit","No","No","No","No","0","0","0","1279354"
"CAA20181018","CASA PAREDES","501 NORTH. SOTO STREET","LOS ANGELES","CA","90033","Los Angeles County","34.04865","-118.206835","44000","10","10","2018","2017","For-Profit Sponsor","Mix of 30% and 70% Present Value Credit","No","No","No","No","0","0","0","258127"
"CAA20181025","COURSON ARTS COLONY EAST","939 EAST AVENUE Q12","PALMDALE","CA","93550","Los Angeles County","34.575486","-118.113243","55156","81","80","2018","2016","For-Profit Sponsor","70% Present Value Credit","No","No","No","No","0","0","0","1819070"
"CAA20181026","CRENSHAW VILLAS","2645 CRENSHAW BOULEVARD","LOS ANGELES","CA","90016","Los Angeles County","34.03176","-118.33529","44000","50","49","2018","2016","For-Profit Sponsor","70% Present Value Credit","No","No","No","No","0","0","0","1457750"
"CAA20181033","EL SEGUNDO BOULEVARD APARTMENTS","535-611 W. EL SEGUNDO BLVD.","LOS ANGELES","CA","90064","Los Angeles County","33.916585","-118.283917","44000","75","74","2018","2016","For-Profit Sponsor","30% Present Value Credit","No","No","No","No","0","0","0","915592"
"CAA20181035","GOOD SHEPHERD HOMES","510 AND 512 CENTINELA AVE","INGLEWOOD","CA","90302","Los Angeles County","33.9711","-118.3527","36546","70","69","2018","2018","Non-Profit Sponsor","30% Present Value Credit","No","No","No","No","0","0","0","602036"
"CAA20181045","KING 1101","1101 MARTIN LUTHER KING, JR. BLVD","LOS ANGELES","CA","90037","Los Angeles County","34.011024","-118.294129","44000","26","25","2018","2016","Non-Profit Sponsor","70% Present Value Credit","No","No","No","No","0","0","0","736560"
"CAA20181057","MIDDLETON PLACE","6700 MIDDLETON STREET","HUNTINGTON PARK","CA","90255","Los Angeles County","33.978478","-118.228796","36056","20","19","2018","2016","For-Profit Sponsor","70% Present Value Credit","No","No","No","No","0","0","0","528823"
"CAA20181064","MOSAIC GARDENS AT WESTLAKE","111 S. LUCAS AVENUE","LOS ANGELES","CA","90026","Los Angeles County","34.061393","-118.259527","44000","125","123","2018","2016","Non-Profit Sponsor","70% Present Value Credit","Yes","Yes","No","No","0","0","0","2240144"
"CAA20181067","PATH METRO VILLAS","345 N. WESTMORELAND AVE.","LOS ANGELES","CA","90004","Los Angeles County","34.076912","-118.288168","44000","65","64","2018","2016","For-Profit Sponsor","30% Present Value Credit","Yes","No","No","No","0","0","0","1049633"
"CAA20181068","PATH VILLAS EUCALYPTUS","240 W. LIME STREET","INGLEWOOD","CA","90301","Los Angeles County","33.957632","-118.358928","36546","40","39","2018","2016","For-Profit Sponsor","70% Present Value Credit","No","No","No","No","0","0","0","908500"
"CAA20181070","PALO VERDE APARTMENTS","4704 PECK ROAD","EL MONTE","CA","91732","Los Angeles County","34.089135","-118.015078","22230","49","48","2018","2016","Non-Profit Sponsor","70% Present Value Credit","No","No","No","No","0","0","0","1385751"
"CAA20181074","PARK PASEO","123 SOUTH ISABEL STREET","GLENDALE","CA","91205","Los Angeles County","34.145409","-118.249026","30000","97","96","2018","2017","For-Profit Sponsor","30% Present Value Credit","No","No","No","No","0","0","0","963747"
"CAA20181080","PREMIER APARTMENTS","961 W. 93RD ST.","LOS ANGELES","CA","90037","Los Angeles County","33.9997","-118.2839","44000","120","116","2018","2017","Non-Profit Sponsor","30% Present Value Credit","No","No","No","No","0","0","0","1028646"
"CAA20181081","RHF CRENSHAW GARDENS","3411 CRENSHAW BOULEVARD","LOS ANGELES","CA","90016","Los Angeles County","34.0255","-118.335294","44000","49","48","2018","2016","Non-Profit Sponsor","70% Present Value Credit","No","No","No","No","0","0","0","1376976"
"CAA20181094","THE ARROYO","1626 LINCOLN BOULEVARD","SANTA MONICA","CA","90404","Los Angeles County","34.016251","-118.487857","70000","64","63","2018","2016","Non-Profit Sponsor","70% Present Value Credit","No","No","No","No","0","0","0","2201778"
"CAA20181101","VISTA TOWER","3000 LEEWARD AVENUE","LOS ANGELES","CA","90005","Los Angeles County","34.058525","-118.289263","44000","230","228","2018","2017","Non-Profit Sponsor","30% Present Value Credit","No","No","No","No","0","0","0","1543461"
"CAA20182006","FLORENCE MOREHOUSE","1750 W. MARTIN LUTHUR KING JR. BLVD.","LOS ANGELES","CA","90062","Los Angeles County","34.010693","-118.31078","44000","61","59","2018","2017","For-Profit Sponsor","30% Present Value Credit","No","No","No","No","0","0","0","881961"
"CAA20182015","PIONEER GARDENS APARTMENTS","11011 CULTURA STREET","SANTA FE SPRINGS","CA","90670","Los Angeles County","33.961329","-118.083163","69154","141","140","2018","2018","Non-Profit Sponsor","30% Present Value Credit","No","No","No","No","0","0","0","2459320"
"CAA20182018","THE SALVATION ARMY BELL OASIS APARTMENTS","5502 K STREET","BELL","CA","90201","Los Angeles County","33.989737","-118.171806","4870","65","64","2018","2017","Non-Profit Sponsor","30% Present Value Credit","No","No","No","No","0","0","0","857897"
"CAA20183002","BANA AT TUJUNGA (FKA SAMOA AVENUE APARTMENTS)","10046 NORTH SAMOA AVENUE","TUJUNGA","CA","91042","Los Angeles County","34.251335","-118.287143","44000","48","47","2018","2015","Non-Profit Sponsor","30% Present Value Credit","No","No","No","No","0","0","0","616278"
"CAA20183003","CRESCENT VILLAGES","1721 W. 8TH STREET AND 1315 W. 7TH STREET","LOS ANGELES","CA","90017","Los Angeles County","34.053345","-118.274043","44000","144","142","2018","2016","Non-Profit Sponsor","30% Present Value Credit","No","No","No","No","0","0","0","1082023"
"CAA20183004","WEST ANGELES HOMES","4056-4100 SOUTH VERMONT AVE","LOS ANGELES","CA","90037","Los Angeles County","34.009858","-118.291346","44000","44","43","2018","2016","Non-Profit Sponsor","30% Present Value Credit","No","No","No","No","0","0","0","373309"
"CAA20190005","BEACON PLACE","1201 LONG BEACH BOULEVARD","LONG BEACH","CA","90813","Los Angeles County","33.781405","-118.189684","43000","39","38","2019","2017","Non-Profit Sponsor","70% Present Value Credit","No","No","No","No","0","0","0","992237"
"CAA20190007","CORONEL APARTMENTS","1600-1608 N. SERRANO AVE. AND 1601 N. HOBART BLVD.","LOS ANGELES","CA","90027","Los Angeles County","34.100183","-118.306891","44000","54","53","2019","2017","Non-Profit Sponsor","Mix of 30% and 70% Present Value Credit","No","No","No","No","0","0","0","1408000"
"CAA20190013","HARMONY GATES","5220 HARMONY AVENUE","LOS ANGELES","CA","91601","Los Angeles County","34.165563","-118.366247","44000","70","70","2019","2018","For-Profit Sponsor","30% Present Value Credit","No","No","No","No","0","0","0","588646"
"CAA20190014","KENSINGTON CAMPUS","45244 32ND STREET WEST","LANCASTER","CA","93536","Los Angeles County","34.7623","-118.1917","40130","50","50","2019","2018","For-Profit Sponsor","30% Present Value Credit","No","No","No","No","0","0","0","782160"
"CAA20190020","PAUL WILLIAMS APARTMENTS","1010 E. JEFFERSON BLVD","LOS ANGELES","CA","90011","Los Angeles County","34.01203","-118.257969","44000","41","40","2019","2017","Non-Profit Sponsor","Mix of 30% and 70% Present Value Credit","No","No","No","No","0","0","0","1342642"
"CAA20191003","6218 COMPTON AVENUE","6218 COMPTON AVENUE","LOS ANGELES","CA","90001","Los Angeles County","33.98342","-118.24752","24477","30","29","2019","2017","Non-Profit Sponsor","70% Present Value Credit","Yes","No","No","No","0","0","0","951131"
"CAA20191004","7TH AND WITMER APARTMENTS","697 S. WITMER STREET","LOS ANGELES","CA","90017","Los Angeles County","34.05235","-118.268001","44000","76","75","2019","2017","Non-Profit Sponsor","70% Present Value Credit","No","No","No","No","0","0","0","1964119"
"CAA20191005","88TH AND VERMONT","8740-8750 S VERMONT AVENUE; 957 W 88TH STREET","LOS ANGELES","CA","90044","Los Angeles County","33.958543","-118.291303","44000","62","60","2019","2017","Non-Profit Sponsor","70% Present Value Credit","Yes","No","No","No","0","0","0","1682610"
"CAA20191010","BALDWIN ROSE FAMILY VETERAN HOUSING","9953 ROSE AVENUE","EL MONTE","CA","91731","Los Angeles County","34.081464","-118.052346","22230","55","54","2019","2017","Non-Profit Sponsor","70% Present Value Credit","No","No","No","No","0","0","0","2212170"
"CAA20191012","BEACON POINTE","1235 LONG BEACH BOULEVARD","LONG BEACH","CA","90813","Los Angeles County","33.782007","-118.189697","43000","121","120","2019","2017","Non-Profit Sponsor","70% Present Value Credit","No","No","No","No","0","0","0","2500000"
"CAA20191026","CARSON COLONY","21205 MAIN STREET","CARSON","CA","90745","Los Angeles County","33.836373","-118.279527","11530","46","45","2019","2017","Non-Profit Sponsor","70% Present Value Credit","No","No","No","No","0","0","0","1475371"
"CAA20191032","CIELITO LINDO APARTMENTS - PHASE II","2423 E 1ST STREET","LOS ANGELES","CA","90033","Los Angeles County","34.043561","-118.209024","44000","29","28","2019","2017","Non-Profit Sponsor","70% Present Value Credit","No","No","No","No","0","0","0","3554832"
"CAA20191042","COURSON ARTS COLONY WEST (CAC WEST)","931 E. AVENUE, Q-12","PALMDALE","CA","93550","Los Angeles County","34.575482","-118.113439","55156","80","79","2019","2017","Non-Profit Sponsor","30% Present Value Credit","No","Yes","No","No","0","0","0","1619057"
"CAA20191051","FEDERATION TOWER APARTMENTS","3799 EAST WILLOW STREET","LONG BEACH","CA","90815","Los Angeles County","33.804546","-118.148807","43000","50","49","2019","2019","Non-Profit Sponsor","30% Present Value Credit","Yes","No","No","No","0","0","0","653591"
"CAA20191063","JORDAN DOWNS PHASE 1A","2179 EAST CENTURY BOULEVARD","LOS ANGELES","CA","90002","Los Angeles County","33.9481","-118.2296","44000","115","113","2019","2017","Non-Profit Sponsor","30% Present Value Credit","No","No","No","Yes","0","0","0","2472153"
"CAA20191066","LA78","1951 W 22ND STREET","LOS ANGELES","CA","90018","Los Angeles County","34.036505","-118.303899","44000","78","78","2019","2018","Non-Profit Sponsor","30% Present Value Credit","No","No","No","No","0","0","0","755372"
"CAA20191074","METRO @ WESTERN","3671 S. WESTERN AVENUE","LOS ANGELES","CA","90018","Los Angeles County","34.02132","-118.30909","44000","33","32","2019","2017","Non-Profit Sponsor","70% Present Value Credit","No","No","No","No","0","0","0","4861408"
"CAA20191084","PALMDALE PARK APARTMENTS","38002 15TH ST E","PALMDALE","CA","93550","Los Angeles County","34.573056","-118.102645","55156","58","57","2019","2018","Non-Profit Sponsor","30% Present Value Credit","No","No","No","No","0","0","0","442374"
"CAA20191096","ROLLAND CURTIS EAST","1077 WEST 38TH STREET","LOS ANGELES","CA","90037","Los Angeles County","34.017468","-118.29382","44000","70","69","2019","2016","Non-Profit Sponsor","70% Present Value Credit","No","No","No","No","0","0","0","2004992"
"CAA20191097","ROLLAND CURTIS WEST","1077 W. 38TH STREET","LOS ANGELES","CA","90037","Los Angeles County","34.017468","-118.29382","44000","70","69","2019","2017","Non-Profit Sponsor","30% Present Value Credit","No","No","No","No","0","0","0","1246515"
"CAA20191117","VETERANS VILLAGE OF CARSON","21711 FIGUEROA STREET","CARSON","CA","90745","Los Angeles County","33.831435","-118.286332","11530","51","50","2019","2017","Non-Profit Sponsor","70% Present Value Credit","No","No","No","No","0","0","0","1600927"
"CAA20191123","VISTA GRANDE COURT (FKA 5TH AND SONORA APARTMENTS)","1416 5TH STREET; 1116 SONORA AVENUE","GLENDALE","CA","91201","Los Angeles County","34.168513","-118.283589","30000","66","65","2019","2017","Non-Profit Sponsor","70% Present Value Credit","Yes","No","No","No","0","0","0","1347840"
"CAA20191126","WEST ANGELES CITY PLACE SENIOR APARTMENTS","5414 CRENSHAW BOULEVARD","LOS ANGELES","CA","90043","Los Angeles County","33.992783","-118.330385","44000","70","69","2019","2017","Non-Profit Sponsor","70% Present Value Credit","No","No","No","No","0","0","0","7624161"
"CAA20191127","WHITTIER AND DOWNEY SE","4200-4224 WHITTIER BLVD.","LOS ANGELES","CA","90023","Los Angeles County","34.023775","-118.179642","20802","71","70","2019","2017","Non-Profit Sponsor","70% Present Value Credit","No","No","No","No","0","0","0","2500000"
"CAA20191128","YBARRA VILLAGE (FKA NEW DIRECTIONS WEST ADAMS)","3015 - 3031 SOUTH WEST VIEW STREET","LOS ANGELES","CA","90016","Los Angeles County","34.026401","-118.353126","44000","64","63","2019","2017","Non-Profit Sponsor","70% Present Value Credit","No","No","No","No","0","0","0","2376620"
"CAA20192003","ANTELOPE VALLEY VETERANS AND FAMILIES","43517 E. SAHUAYO STREET","LANCASTER","CA","93535","Los Angeles County","34.6861","-118.0992","40130","75","74","2019","2017","Non-Profit Sponsor","70% Present Value Credit","No","No","No","No","0","0","0","1783030"
"CAA20192005","CASA CARMEN","1800 W. 11TH ST.","LOS ANGELES","CA","90006","Los Angeles County","34.048838","-118.278019","44000","25","24","2019","2017","Non-Profit Sponsor","30% Present Value Credit","No","No","No","No","0","0","0","437429"
"CAA20194001","SIMPSON ARBOR APARTMENTS","7507 SIMPSON AVENUE","LOS ANGELES","CA","91605","Los Angeles County","34.206549","-118.389174","44000","83","82","2019","2019","Non-Profit Sponsor","30% Present Value Credit","No","No","No","No","0","0","0","1243608"
"CAA20194002","WHITFIELD MANOR","12600 S. COMPTON AVE.","COMPTON","CA","90222","Los Angeles County","33.918463","-118.246014","85614","45","44","2019","2019","Non-Profit Sponsor","30% Present Value Credit","No","No","No","No","0","0","0","475815"
"CAA20200010","CASA DEL SOL","10966 W RATNER STREET","LOS ANGELES","CA","91352","Los Angeles County","34.216784","-118.369351","44000","44","43","2020","2018","Non-Profit Sponsor","30% Present Value Credit","No","No","No","No","0","0","0","784429"
"CAA20200029","KENSINGTON II","45348 32ND STREET WEST","LANCASTER","CA","93536","Los Angeles County","34.7623","-118.1917","40130","51","50","2020","2018","Non-Profit Sponsor","30% Present Value Credit","No","No","No","No","0","0","0","658279"
"CAA20200031","LAKEVIEW TERRACE APARTMENTS","12500 FILMORE STREET","LOS ANGELES (PACOIMA)","CA","91331","Los Angeles County","34.283507","-118.405414","44000","128","126","2020","2019","Non-Profit Sponsor","30% Present Value Credit","No","No","No","No","0","0","0","1187943"
"CAA20200036","METRO @ BUCKINGHAM","4018 BUCKINGHAM ROAD","LOS ANGELES","CA","90008","Los Angeles County","34.013694","-118.34224","44000","103","102","2020","2018","Non-Profit Sponsor","70% Present Value Credit","No","No","No","No","0","0","0","10499003"
"CAA20200057","STANFORD AVENUE APARTMENTS","5020 SANTA MONICA BOULEVARD","LOS ANGELES","CA","90029","Los Angeles County","34.090664","-118.298878","44000","85","83","2020","2018","Non-Profit Sponsor","70% Present Value Credit","Yes","No","No","No","0","0","0","2177350"
"CAA20200069","WESTMONT VISTA","1755 W IMPERIAL HWY","LOS ANGELES","CA","90047","Los Angeles County","33.931195","-118.307974","84592","39","38","2020","2018","Non-Profit Sponsor","70% Present Value Credit","No","No","No","No","0","0","0","1354063"
"CAA20201003","ARIA (FKA CAMBRIA APARTMENTS)","1532 CAMBRIA STREET","LOS ANGELES","CA","90017","Los Angeles County","34.052509","-118.270787","44000","57","56","2020","2018","Non-Profit Sponsor","30% Present Value Credit","No","No","No","No","0","0","0","965703"
"CAA20201018","ETHEL ARNOLD APARTMENTS","7850 S. NORMANDIE AVENUE","LOS ANGELES","CA","90044","Los Angeles County","33.967664","-118.300062","44000","81","80","2020","2019","Non-Profit Sponsor","30% Present Value Credit","No","No","No","No","0","0","0","1720135"
"CAA20201025","JORDAN DOWNS PHASE 1B","2212 E. CENTURY BOULEVARD","LOS ANGELES","CA","90002","Los Angeles County","33.9487","-118.2461","44000","135","133","2020","2018","Non-Profit Sponsor","30% Present Value Credit","No","No","No","No","0","0","0","2507709"
"CAA20201035","METAMORPHOSIS ON FOOTHILLL","13570 FOOTHILL BLVD.","SYLMAR","CA","91342","Los Angeles County","34.30619","-118.429233","44000","48","47","2020","2019","Non-Profit Sponsor","30% Present Value Credit","No","No","No","No","0","0","0","1031268"
"CAA20201040","PATH METRO VILLAS - PHASE 2","320 N. MADISON AVENUE AND 333 N. WESTMORELAND AVENUE","LOS ANGELES","CA","90004","Los Angeles County","34.07696","-118.288969","44000","122","120","2020","2017","Non-Profit Sponsor","30% Present Value Credit","Yes","No","No","No","0","0","0","1517456"
"CAA20201043","PARK WESTERN APARTMENTS","1301 W PARK WESTERN DRIVE","LOS ANGELES","CA","90732","Los Angeles County","33.753869","-118.304745","44000","216","214","2020","2019","Non-Profit Sponsor","30% Present Value Credit","No","No","No","No","0","0","0","3012723"
"CAA20201046","PICO ROBERTSON SENIOR COMMUNITY","8862 WEST PICO BOULEVARD","LOS ANGELES","CA","90035","Los Angeles County","34.054874","-118.385152","44000","48","47","2020","2018","Non-Profit Sponsor","70% Present Value Credit","Yes","No","No","No","0","0","0","1736616"
"CAA20201049","RAMPART MINT","252 S RAMPART BLVD","LOS ANGELES","CA","90057","Los Angeles County","34.06703","-118.278157","44000","23","22","2020","2017","Non-Profit Sponsor","30% Present Value Credit","Yes","No","No","No","0","0","0","622627"
"CAA20201050","RESIDENCES ON MAIN","6901 S. MAIN STREET","LOS ANGELES","CA","90003","Los Angeles County","33.977376","-118.274128","44000","50","49","2020","2019","Non-Profit Sponsor","30% Present Value Credit","No","No","No","No","0","0","0","1057622"
"CAA20201052","ROBERT FARRELL + WESTERN GARDENS APARTMENTS","1818 W. 71ST STREET + 1742 W. 84TH PLACE","LOS ANGELES","CA","90047","Los Angeles County","33.975215","-118.310032","44000","70","68","2020","2019","Non-Profit Sponsor","30% Present Value Credit","No","No","No","No","0","0","0","1621995"
"CAA20201055","STEP UP ON SECOND","1328 SECOND STREET","SANTA MONICA","CA","90401","Los Angeles County","34.015453","-118.497999","70000","36","35","2020","2019","Non-Profit Sponsor","30% Present Value Credit","No","No","No","No","0","0","0","493983"
"CAA20201058","SUN VALLEY SENIOR VETERANS APARTMENTS","9041 LAUREL CANYON BOULEVARD","LOS ANGELES","CA","91352","Los Angeles County","34.233018","-118.405072","44000","96","94","2020","2018","Non-Profit Sponsor","30% Present Value Credit","No","No","No","No","0","0","0","1080216"
"CAA20201059","SWANSEA PARK SENIOR APARTMENTS PHASE 2","5151 W. ROMAINE STREET","LOS ANGELES","CA","90029","Los Angeles County","34.088683","-118.303964","44000","76","75","2020","2017","Non-Profit Sponsor","30% Present Value Credit","No","No","No","No","0","0","0","1005230"
"CAA20201065","VILLA RAINTREE","11905 FERRIS ROAD","EL MONTE","CA","91732","Los Angeles County","34.071234","-118.016737","22230","70","69","2020","2019","Non-Profit Sponsor","70% Present Value Credit","No","No","No","No","0","0","0","1310786"
"CAA20201066","VILLA VALLEY APARTMENTS","15950 SHERMAN WAY","VAN NUYS","CA","91406","Los Angeles County","34.200952","-118.480329","44000","146","145","2020","2019","Non-Profit Sponsor","30% Present Value Credit","No","No","No","No","0","0","0","2066769"
"CAA20202038","PAVILION COURT APARTMENTS","8371 + 8405 TELEGRAPH ROAD","PICO RIVERA","CA","90660","Los Angeles County","33.9949","-118.0966","56924","132","130","2020","2020","Non-Profit Sponsor","30% Present Value Credit","No","No","No","No","0","0","0","1305792"
"CAA20202045","ROYALS I + II APARTMENTS","717 + 721 WEST EL SEGUNDO BOULEVARD","LOS ANGELES","CA","90044","Los Angeles County","33.9199","-118.2736","44000","115","111","2020","2020","Non-Profit Sponsor","30% Present Value Credit","No","No","No","No","0","0","0","1683362"
"CAA20204002","SENATOR APARTMENTS","729 S MAIN STREET","LOS ANGELES","CA","90014","Los Angeles County","34.043439","-118.252434","44000","98","97","2020","2018","Non-Profit Sponsor","30% Present Value Credit","No","No","No","No","0","0","0","781931"
"CAA20204004","WESTMORE LINDEN","1250 S. WESTMORELAND AVE.","LOS ANGELES","CA","94612","Los Angeles County","34.047254","-118.288963","44000","93","92","2020","2018","Non-Profit Sponsor","70% Present Value Credit","No","No","No","No","0","0","0","2064980"
"CAA20210002","FLORENCE MILLS APARTMENTS","3501 S. CENTRAL AVENUE","LOS ANGELES","CA","90011","Los Angeles County","34.011611","-118.256703","44000","74","73","2021","2018","Non-Profit Sponsor","70% Present Value Credit","No","No","No","No","0","0","0","2500000"
"CAA20210003","GREENWAY MEADOWS","1820 14TH STREET","SANTA MONICA","CA","90404","Los Angeles County","34.017896","-118.478742","70000","39","38","2021","2018","Non-Profit Sponsor","70% Present Value Credit","No","No","No","No","0","0","0","1570739"
"CAA20210008","VISTAS DEL PUERTO APARTMENTS","1836 LOCUST AVE","LONG BEACH","CA","90806","Los Angeles County","33.790675","-118.190888","43000","48","47","2021","2018","Non-Profit Sponsor","70% Present Value Credit","No","No","No","No","0","0","0","1911237"
"CAA20210011","ARBOLEDA APARTMENTS","1040 N UNRUH AVENUE","LA PUENTE","CA","91744","Los Angeles County","34.040171","-117.951474","40340","74","73","2021","2019","Non-Profit Sponsor","70% Present Value Credit","No","No","No","No","0","0","0","2080552"
"CAA20210012","ARMINTA SQUARE APARTMENTS","11050 ARMINTA STREET","LOS ANGELES","CA","91352","Los Angeles County","34.213714","-118.371753","44000","110","109","2021","2019","Non-Profit Sponsor","70% Present Value Credit","No","No","No","No","0","0","0","2500000"
"CAA20210028","ELDEN ELMS","1255 S ELDEN AVENUE","LOS ANGELES","CA","90006","Los Angeles County","34.047369","-118.28788","44000","93","92","2021","2019","Non-Profit Sponsor","70% Present Value Credit","No","No","No","No","0","0","0","2500000"
"CAA20210030","FIRESTONE PHOENIX","7321 MIRAMONTE BOULEVARD","UNINCORPORATED LA CTY","CA","90001","Los Angeles County","33.973055","-118.245709","24477","44","43","2021","2019","For-Profit Sponsor","30% Present Value Credit","Yes","No","No","No","0","0","0","762130"
"CAA20210032","GRAMERCY PLACE APARTMENTS","1856 S. WILTON PLACE","LOS ANGELES","CA","90019","Los Angeles County","34.040333","-118.314255","44000","64","62","2021","2019","Non-Profit Sponsor","30% Present Value Credit","No","No","No","No","0","0","0","1648119"
"CAA20210035","HOBART GARDENS","1344 N HOBART BLVD","LOS ANGELES","CA","90027","Los Angeles County","34.095743","-118.305408","44000","142","141","2021","2020","Non-Profit Sponsor","30% Present Value Credit","No","No","No","No","0","0","0","2133289"
"CAA20210040","KENSINGTON HOMES","45258, 45248 32ND STREET WEST","LANCASTER","CA","93536","Los Angeles County","34.7623","-118.1917","40130","51","50","2021","2020","Non-Profit Sponsor","30% Present Value Credit","No","No","No","No","0","0","0","547707"
"CAA20210041","KERNWOOD TERRACE APARTMENTS","337 N. MEDNIK AVENUE","EAST LOS ANGELES","CA","90022","Los Angeles County","34.040145","-118.162072","20802","51","50","2021","2020","Non-Profit Sponsor","Mix of 30% and 70% Present Value Credit","No","No","No","No","0","0","0","807132"
"CAA20210045","MAGNOLIA VILLAS","1435 10TH STREET","SANTA MONICA","CA","90404","Los Angeles County","34.020676","-118.488801","70000","40","39","2021","2019","Non-Profit Sponsor","70% Present Value Credit","No","No","No","No","0","0","0","1243298"
"CAA20210051","MIRAMAR TOWER","2000 MIRAMAR ST.","LOS ANGELES","CA","90057","Los Angeles County","34.063222","-118.270568","44000","157","156","2021","2019","Non-Profit Sponsor","30% Present Value Credit","No","No","No","No","0","0","0","1638897"
"CAA20210062","PARQUE VISTA APARTMENTS","2581 E. CHAUCER STREET","LOS ANGELES","CA","90065","Los Angeles County","34.1129","-118.2293","44000","42","41","2021","2019","Non-Profit Sponsor","70% Present Value Credit","Yes","No","No","No","0","0","0","1708553"
"CAA20210064","RISE APARTMENTS","4050 SOUTH FIGUEROA STREET","LOS ANGELES","CA","90037","Los Angeles County","34.009997","-118.282536","44000","57","56","2021","2018","Non-Profit Sponsor","30% Present Value Credit","No","No","No","No","0","0","0","917604"
"CAA20210067","ROSA DE CASTILLA APARTMENTS","4208 E. HUNTINGTON DRIVE SOUTH","LOS ANGELES","CA","90032","Los Angeles County","34.078887","-118.193316","44000","85","83","2021","2018","Non-Profit Sponsor","70% Present Value Credit","No","No","No","No","0","0","0","2191276"
"CAA20210071","SPRINGHAVEN (FKA WILLOWBROOK 2)","11815 WILMINGTON AVENUE","LOS ANGELES","CA","90059","Los Angeles County","33.925458","-118.239342","85614","100","99","2021","2019","Non-Profit Sponsor","30% Present Value Credit","No","No","No","No","0","0","0","1482611"
"CAA20210076","THE SPARK AT MIDTOWN","1900 LONG BEACH BOULEVARD","LONG BEACH","CA","90806","Los Angeles County","33.791722","-118.189081","43000","95","94","2021","2019","Non-Profit Sponsor","70% Present Value Credit","No","No","No","No","0","0","0","2467049"
"CAA20210080","VETERANS PARK APARTMENTS","444 W. COMMERCIAL STREET","POMONA","CA","91768","Los Angeles County","34.059352","-117.755535","58072","61","60","2021","2019","Non-Profit Sponsor","70% Present Value Credit","No","No","No","No","0","0","0","1839851"
"CAA20210089","WOODBRIDGE APARTMENTS","1117 ELM AVENUE","LONG BEACH","CA","90813","Los Angeles County","33.781106","-118.188205","43000","49","47","2021","2020","Non-Profit Sponsor","30% Present Value Credit","Yes","No","No","No","0","0","0","664986"
"CAA20211012","ASHLEY WILLOWBROOK","11739 HOLMES AVENUE","LOS ANGELES","CA","90059","Los Angeles County","33.926716","-118.240904","85614","61","60","2021","2019","Non-Profit Sponsor","30% Present Value Credit","No","No","No","No","0","0","0","649178"
"CAA20211014","BLOOM AT MAGNOLIA","1770 MAGNOLIA AVENUE","LONG BEACH","CA","90813","Los Angeles County","33.789107","-118.197879","43000","40","39","2021","2020","For-Profit Sponsor","30% Present Value Credit","No","No","No","No","0","0","0","817687"
"CAA20211020","DORIE MILLER MANOR","947 E. 120TH STREET","LOS ANGELES","CA","90059","Los Angeles County","33.923881","-118.257141","44000","36","35","2021","2020","Non-Profit Sponsor","70% Present Value Credit","No","No","No","No","0","0","0","1072978"
"CAA20211023","EMERSON APARTMENTS","4760 MELROSE AVENUE","LOS ANGELES","CA","90029","Los Angeles County","34.083375","-118.303888","44000","39","38","2021","2019","Non-Profit Sponsor","30% Present Value Credit","No","No","No","No","0","0","0","742536"
"CAA20211025","FLORENCE APARTMENTS","1600 E. FLORENCE AVENUE","LOS ANGELES","CA","90001","Los Angeles County","33.974595","-118.245523","24477","109","108","2021","2019","Non-Profit Sponsor","30% Present Value Credit","Yes","No","No","No","0","0","0","1813990"
"CAA20211030","HARTFORD VILLA APARTMENTS","459 S. HARTFORD AVENUE","LOS ANGELES","CA","90017","Los Angeles County","34.056965","-118.263799","44000","101","100","2021","2019","Non-Profit Sponsor","70% Present Value Credit","Yes","Yes","No","No","0","0","0","2500000"
"CAA20211033","LA PAZ APARTMENTS (FKA WHITTIER + DOWNEY NW)","4165 WHITTIER BLVD.","LOS ANGELES","CA","90023","Los Angeles County","34.024099","-118.180515","20802","42","41","2021","2019","Non-Profit Sponsor","30% Present Value Credit","No","No","No","No","0","0","0","953874"
"CAA20211041","MCCADDEN CAMPUS SENIOR HOUSING","1127 N LAS PALMAS AVE","LOS ANGELES","CA","90038","Los Angeles County","34.091607","-118.336494","44000","98","97","2021","2018","Non-Profit Sponsor","30% Present Value Credit","No","Yes","No","No","0","0","0","1988322"
"CAA20211042","MCCADDEN PLAZA YOUTH HOUSING","1119 N. MCCADDEN PLACE","LOS ANGELES","CA","90038","Los Angeles County","34.091255","-118.337646","44000","26","25","2021","2018","Non-Profit Sponsor","30% Present Value Credit","Yes","No","No","No","0","0","0","430426"
"CAA20211049","PACIFIC COAST VILLA","630 EAST PACIFIC COAST HIGHWAY","LONG BEACH","CA","90806","Los Angeles County","33.789687","-118.183399","43000","50","49","2021","2020","Non-Profit Sponsor","70% Present Value Credit","No","No","No","No","0","0","0","1272768"
"CAA20211050","PLAZA DE CABRILLO","2111 W. WILLIAMS STREET","LONG BEACH","CA","90810","Los Angeles County","33.793158","-118.222473","43000","204","200","2021","2020","Non-Profit Sponsor","30% Present Value Credit","Yes","No","No","No","0","0","0","1124966"
"CAA20211054","THE HOPE ON ALVARADO APARTMENTS","166 S ALVARADO","LOS ANGELES","CA","90057","Los Angeles County","34.06492","-118.271206","44000","84","83","2021","2018","Non-Profit Sponsor","30% Present Value Credit","No","No","No","No","0","0","0","992904"
"CAA20211055","THE POINTE ON VERMONT","950 WEST 76TH STREET","LOS ANGELES","CA","90044","Los Angeles County","33.970556","-118.290863","44000","50","49","2021","2019","Non-Profit Sponsor","30% Present Value Credit","Yes","No","No","No","0","0","0","850918"
"CAA20212001","649 LOFTS","649 WALL ST","LOS ANGELES","CA","90014","Los Angeles County","34.04249","-118.247717","44000","55","54","2021","2017","Non-Profit Sponsor","30% Present Value Credit","No","No","No","No","0","0","0","969440"
"CAA20212008","FLOR 401 LOFTS","401 E 7TH STREET","LOS ANGELES","CA","90014","Los Angeles County","34.042089","-118.248356","44000","99","98","2021","2018","Non-Profit Sponsor","30% Present Value Credit","Yes","No","No","No","0","0","0","1836123"
"CAA20212015","PATH VILLAS SOUTH GATE","5610 IMPERIAL HIGHWAY","SOUTH GATE","CA","90280","Los Angeles County","33.930035","-118.171791","73080","60","59","2021","2019","Non-Profit Sponsor","70% Present Value Credit","No","No","No","No","0","0","0","2291150"
"CAA20212016","SP7","519 EAST 7TH STREET","LOS ANGELES","CA","90014","Los Angeles County","34.041185","-118.247084","44000","100","99","2021","2018","Non-Profit Sponsor","30% Present Value Credit","No","No","No","No","0","0","0","1868677"
"CAA20212020","VERMONT CORRIDOR APARTMENT (F.K.A 433 VERMONT APARTMENTS)","1900 LONG BEACH BLVD","LONG BEACH","CA","90806","Los Angeles County","33.791722","-118.189081","43000","95","94","2021","2019","Non-Profit Sponsor","70% Present Value Credit","No","No","No","No","0","0","0","2467049"
"CAA20212022","WOODMAN ARLETA APARTMENTS","9135 WOODMAN AVE","PANORAMA CITY","CA","91402","Los Angeles County","34.2247","-118.4512","44000","104","102","2021","2020","Non-Profit Sponsor","70% Present Value Credit","No","No","No","No","0","0","0","2295626"
"CAA20212102","VILLA RAYMOND APARTMENTS","455 N RAYMOND AVENUE","PASADENA","CA","91103","Los Angeles County","34.153711","-118.149142","56000","61","60","2021","2020","Non-Profit Sponsor","30% Present Value Credit","No","No","No","No","0","0","0","940033"
"CAA20220001","EL MONTE METRO","10945 VALLEY BLVD.","EL MONTE","CA","91731","Los Angeles County","34.075405","-118.035555","22230","25","24","2022","2019","Non-Profit Sponsor","70% Present Value Credit","Yes","No","No","No","0","0","0","1447020"
"CAA20220002","FAIRVIEW HEIGHTS APARTMENTS","940-960 E. REDONDO BOULEVARD","INGLEWOOD","CA","90301","Los Angeles County","33.97478","-118.337379","36546","101","100","2022","2019","Non-Profit Sponsor","70% Present Value Credit","No","No","No","No","0","0","0","2500000"
"CAA20220003","JORDAN DOWNS AREA H (PHASE II)","2062 E. 99TH PLACE","LOS ANGELES","CA","90002","Los Angeles County","33.946954","-118.235561","44000","80","77","2022","2019","For-Profit Sponsor","70% Present Value Credit","No","No","No","No","0","0","0","2500000"
"CAA20220006","VISTA BALLONA","3960 S GRAND VIEW BOULEVARD","LOS ANGELES","CA","90066","Los Angeles County","34.001861","-118.428663","44000","50","49","2022","2020","Non-Profit Sponsor","70% Present Value Credit","No","No","No","No","0","0","0","2500000"
"CAA20220012","CADENCE (FKA: 11408 S CENTRAL AVENUE)","11408 S CENTRAL AVENUE","LOS ANGELES","CA","90059","Los Angeles County","33.930907","-118.254061","44000","64","63","2022","2020","Non-Profit Sponsor","30% Present Value Credit","No","No","No","No","0","0","0","1171308"
"CAA20220013","CASA DE ROSAS","2600 HOOVER BOULEVARD","LOS ANGELES","CA","90007","Los Angeles County","34.0305","-118.2864","44000","37","36","2022","2018","Non-Profit Sponsor","30% Present Value Credit","No","No","No","No","0","0","0","508352"
"CAA20220015","DAHLIA APARTMENTS","12003 S. MAIN ST","LOS ANGELES","CA","90061","Los Angeles County","33.923674","-118.274119","44000","56","55","2022","2020","Non-Profit Sponsor","30% Present Value Credit","No","No","No","No","0","0","0","993278"
"CAA20220020","JORDAN DOWNS PHASE S3","2101 EAST 101ST STREET","LOS ANGELES","CA","90002","Los Angeles County","33.945053","-118.234223","44000","92","91","2022","2019","Non-Profit Sponsor","70% Present Value Credit","No","No","No","No","0","0","0","2500000"
"CAA20220021","LAMP LODGE","660 S. STANFORD AVE","LOS ANGELES","CA","90021","Los Angeles County","34.039742","-118.243484","44000","82","81","2022","2020","Non-Profit Sponsor","70% Present Value Credit","Yes","No","No","No","0","0","0","2500000"
"CAA20220022","MISSOURI PLACE","11998 W MISSOURI AVENUE","LOS ANGELES","CA","90025","Los Angeles County","34.035645","-118.45604","44000","74","73","2022","2019","Non-Profit Sponsor","30% Present Value Credit","No","No","No","No","0","0","0","1827851"
"CAA20220026","PACIFIC LANDING","2120 LINCOLN BOULEVARD","SANTA MONICA","CA","90405","Los Angeles County","34.010371","-118.480879","70000","37","36","2022","2022","Non-Profit Sponsor","70% Present Value Credit","No","No","No","No","0","0","0","1914956"
"CAA20220028","ROSE APARTMENTS","720 ROSE AVENUE","VENICE","CA","90291","Los Angeles County","34.000588","-118.468926","44000","35","34","2022","2020","Non-Profit Sponsor","30% Present Value Credit","No","No","No","No","0","0","0","648345"
"CAA20220029","SOUTH LIBRARY","14433 LEFFINGWELL ROAD","SOUTH WHITTIER","CA","90604","Los Angeles County","33.924239","-118.024062","73430","27","26","2022","2020","Non-Profit Sponsor","70% Present Value Credit","No","No","No","No","0","0","0","1027684"
"CAA20220035","WASHINGTON VIEW APARTMENTS","720 W. WASHINGTON BOULEVARD","LOS ANGELES","CA","90015","Los Angeles County","34.035466","-118.274807","44000","122","121","2022","2019","Non-Profit Sponsor","70% Present Value Credit","No","No","No","No","0","0","0","2490089"
"CAA20221004","ADAMS TERRACE","4314 AND 4347 W. ADAMS BLVD","LOS ANGELES","CA","90018","Los Angeles County","34.0279","-118.3132","44000","86","84","2022","2020","Non-Profit Sponsor","30% Present Value Credit","No","No","No","No","0","0","0","2090220"
"CAA20221006","AMANI APARTMENTS","4200 W. PICO BLVD.","LOS ANGELES","CA","90019","Los Angeles County","34.04767","-118.326852","44000","54","53","2022","2020","Non-Profit Sponsor","30% Present Value Credit","No","No","No","No","0","0","0","859341"
"CAA20221010","BEACH PARK APARTMENTS","716 W BEACH AVE.","INGLEWOOD","CA","90302","Los Angeles County","33.971029","-118.36264","36546","42","41","2022","2020","Non-Profit Sponsor","70% Present Value Credit","No","No","No","No","0","0","0","1663096"
"CAA20221011","BELL CREEK APARTMENTS","6940 N OWENSMOUTH AVENUE","LOS ANGELES","CA","91303","Los Angeles County","34.196812","-118.601346","44000","80","79","2022","2020","Non-Profit Sponsor","30% Present Value Credit","No","No","No","No","0","0","0","1748558"
"CAA20221012","BERENDO SAGE","1035 S BERENDO STREET","LOS ANGELES","CA","90006","Los Angeles County","34.05187","-118.293902","44000","42","41","2022","2020","Non-Profit Sponsor","30% Present Value Credit","No","No","No","No","0","0","0","751559"
"CAA20221019","CASTLE ARGYLE","1919 NORTH ARGYLE AVENUE","LOS ANGELES","CA","90068","Los Angeles County","34.105869","-118.32541","44000","96","95","2022","2019","For-Profit Sponsor","30% Present Value Credit","No","No","No","No","0","0","0","2577859"
"CAA20221022","CHESTERFIELD APARTMENTS","4723 S. NORMANDIE AVENUE","LOS ANGELES","CA","90037","Los Angeles County","34.000552","-118.30037","44000","43","42","2022","2020","For-Profit Sponsor","30% Present Value Credit","No","No","No","No","0","0","0","892081"
"CAA20221028","FIRMIN COURT","424 NORTH FIRMIN STREET","LOS ANGELES","CA","90026","Los Angeles County","34.064932","-118.254017","44000","64","63","2022","2019","Non-Profit Sponsor","30% Present Value Credit","No","No","No","No","0","0","0","1496744"
"CAA20221038","HIFI COLLECTIVE","3200 WEST TEMPLE STREET","LOS ANGELES","CA","90026","Los Angeles County","34.075127","-118.28127","44000","64","63","2022","2019","Non-Profit Sponsor","30% Present Value Credit","No","No","No","No","0","0","0","880211"
"CAA20221039","HOPE ON BROADWAY","5138 S BROADWAY","LOS ANGELES","CA","90037","Los Angeles County","33.995876","-118.278117","44000","49","48","2022","2020","Non-Profit Sponsor","30% Present Value Credit","No","No","No","No","0","0","0","1250872"
"CAA20221048","MAISON'S PALMDALE","6510-A NEIL DRIVE","PALMDALE","CA","93552","Los Angeles County","34.5727","-118.0382","55156","118","117","2022","2020","Non-Profit Sponsor","30% Present Value Credit","No","No","No","No","0","0","0","1989555"
"CAA20221060","PATH VILLAS MONTCLAIR - GRAMERCY","4220 MONT CLAIR ST","LOS ANGELES","CA","90018","Los Angeles County","34.0279","-118.3132","44000","63","61","2022","2019","Non-Profit Sponsor","30% Present Value Credit","Yes","Yes","No","No","0","0","0","1292141"
"CAA20221065","PLAZA ORTIZ I - VETERANS (HYBRID CA-19-131)","10950 RAILROAD STREET","EL MONTE","CA","91731","Los Angeles County","34.076074","-118.035736","22230","28","27","2022","2019","Non-Profit Sponsor","30% Present Value Credit","No","No","No","No","0","0","0","588655"
"CAA20221066","PLAZA ORTIZ II - FAMILY (FKA TYLER - VALLEY METRO HOUSING)","3643 TYLER AVENUE","EL MONTE","CA","91731","Los Angeles County","34.075232","-118.035099","22230","52","51","2022","2020","Non-Profit Sponsor","70% Present Value Credit","No","No","No","No","0","0","0","2199287"
"CAA20221068","RESEDA THEATER SENIOR HOUSING","7219 N. CANBY AVENUE","RESEDA","CA","91335","Los Angeles County","34.201735","-118.534951","44000","26","25","2022","2020","Non-Profit Sponsor","30% Present Value Credit","No","No","No","No","0","0","0","660178"
"CAA20221073","SILVA CROSSING","12663 N. SAN FERNANDO ROAD","LOS ANGELES","CA","91342","Los Angeles County","34.29926","-118.459605","44000","56","55","2022","2020","Non-Profit Sponsor","30% Present Value Credit","No","No","No","No","0","0","0","989933"
"CAA20221078","SUNNY GARDEN APARTMENTS","13712 SUNKIST DRIVE","LA PUENTE","CA","91746","Los Angeles County","34.054878","-117.976061","40340","95","94","2022","2020","Non-Profit Sponsor","30% Present Value Credit","No","No","No","No","0","0","0","1136555"
"CAA20221086","VILLA DEL SOL APARTMENTS","9158 TELFAIR AVENUE","LOS ANGELES","CA","91352","Los Angeles County","34.235956","-118.396068","44000","103","102","2022","2020","Non-Profit Sponsor","30% Present Value Credit","No","No","No","No","0","0","0","1463717"
"CAA20221091","WEST LA VA BUILDING 207","11301 WILSHIRE BLVD.","LOS ANGELES","CA","90073","Los Angeles County","34.053562","-118.457681","99999","60","59","2022","2020","For-Profit Sponsor","30% Present Value Credit","No","No","No","No","0","0","0","1320954"
"CAA20221114","PUEBLO DEL SOL PHASE I","1400 GABRIEL GARCIA MARQUEZ STREET","LOS ANGELES","CA","90033","Los Angeles County","34.050364","-118.225363","44000","201","200","2022","2020","Non-Profit Sponsor","30% Present Value Credit","No","No","No","No","0","0","0","2008055"
"CAA20221117","SOUTH WESTERN","11609 SOUTH WESTERN AVE","LOS ANGELES COUNTY","CA","90047","Los Angeles County","33.928784","-118.309328","84116","57","56","2022","2020","Non-Profit Sponsor","70% Present Value Credit","No","No","No","No","0","0","0","2036634"
"CAA20222006","WHITTIER PLACE APARTMENTS PHASE II","4111 WHITTIER BOULEVARD","LOS ANGELES","CA","90023","Los Angeles County","34.024094","-118.182304","20802","34","33","2022","2020","Non-Profit Sponsor","30% Present Value Credit","Yes","No","No","No","0","0","0","768774"
"CAA20230003","LAS FLORES APARTMENTS","1834 14TH STREET","SANTA MONICA","CA","90404","Los Angeles County","34.017592","-118.478387","70000","73","72","2023","2020","Non-Profit Sponsor","70% Present Value Credit","No","No","No","No","0","0","0","2500000"
"CAA20230007","11010 SANTA MONICA BOULEVARD","11010 W SANTA MONICA BOULEVARD","LOS ANGELES","CA","90025","Los Angeles County","34.048077","-118.441614","44000","51","50","2023","2020","Non-Profit Sponsor","30% Present Value Credit","No","No","No","No","0","0","0","1371940"
"CAA20230010","ALOSTA GARDENS","745 E 5TH ST.","AZUSA","CA","91702","Los Angeles County","34.130012","-117.89508","3386","61","60","2023","2022","Non-Profit Sponsor","30% Present Value Credit","No","No","No","No","0","0","0","2239575"
"CAA20230011","AMBROSE APARTMENTS","1611 W. MONTANA STREET","LOS ANGELES","CA","90026","Los Angeles County","34.078201","-118.257114","44000","64","63","2023","2020","Non-Profit Sponsor","70% Present Value Credit","No","No","No","No","0","0","0","1931397"
"CAA20230013","APPLE TREE VILLAGE","9229 N. SEPULVEDA BLVD","NORTH HILLS","CA","91343","Los Angeles County","34.238461","-118.467908","44000","125","122","2023","2019","Non-Profit Sponsor","30% Present Value Credit","No","No","No","No","0","0","0","2279202"
"CAA20230014","ASANTE","11001 S. BROADWAY","LOS ANGELES","CA","90061","Los Angeles County","33.935629","-118.278566","44000","55","54","2023","2020","Non-Profit Sponsor","30% Present Value Credit","No","No","No","No","0","0","0","1292017"
"CAA20230021","CANTERBURY VILLAGE","23420 AVENIDA ROTELLA","SANTA CLARITA","CA","91355","Los Angeles County","34.381991","-118.543513","69088","64","62","2023","2021","Non-Profit Sponsor","30% Present Value Credit","No","No","No","No","0","0","0","1003940"
"CAA20230029","EQUA (FKA AVOCADO HEIGHTS)","162 S. 3RD AVE","LA PUENTE","CA","91746","Los Angeles County","34.043232","-117.989874","3344","81","80","2023","2019","Non-Profit Sponsor","70% Present Value Credit","No","No","No","No","0","0","0","2500000"
"CAA20230030","ESSEX TOWER","44948 10TH STREET WEST","LANCASTER","CA","93534","Los Angeles County","34.700061","-118.147915","40130","70","69","2023","2020","Non-Profit Sponsor","30% Present Value Credit","No","No","No","No","0","0","0","826339"
"CAA20230037","HOLLYWOOD ARTS COLLECTIVE","1630 N. SCHRADER BOULEVARD","LOS ANGELES","CA","90028","Los Angeles County","34.10073","-118.332273","44000","152","151","2023","2020","Non-Profit Sponsor","30% Present Value Credit","No","No","No","No","0","0","0","3329974"
"CAA20230038","HOPE ON AVALON","12227 S AVALON BLVD","LOS ANGELES","CA","90061","Los Angeles County","33.920945","-118.26541","84780","87","86","2023","2020","Non-Profit Sponsor","30% Present Value Credit","No","No","No","No","0","0","0","2153901"
"CAA20230039","HOPE ON HYDE PARK F.K.A. HOPE ON HYDE","6501 CRENSHAW BLVD","LOS ANGELES","CA","90043","Los Angeles County","33.980616","-118.331061","44000","98","97","2023","2020","For-Profit Sponsor","30% Present Value Credit","No","No","No","No","0","0","0","2367499"
"CAA20230048","MARIPOSA LILY","1055 S MARIPOSA AVE","LOS ANGELES","CA","90006","Los Angeles County","34.051694","-118.299136","44000","41","40","2023","2020","Non-Profit Sponsor","30% Present Value Credit","No","No","No","No","0","0","0","1271579"
"CAA20230052","MISSION GATEWAY APARTMENTS F.K.A SEPULVEDA APARTMENTS","8811 N SEPULVEDA BLVD","NORTH HILLS","CA","91343","Los Angeles County","34.230367","-118.467913","44000","356","352","2023","2020","Non-Profit Sponsor","30% Present Value Credit","No","No","No","No","0","0","0","5525867"
"CAA20230058","PATH VILLAS HOLLYWOOD","5627 WEST FERNWOOD AVENUE","LOS ANGELES","CA","90028","Los Angeles County","34.096469","-118.312139","44000","60","59","2023","2019","Non-Profit Sponsor","30% Present Value Credit","No","No","No","No","0","0","0","1558675"
"CAA20230062","PASADENA STUDIOS","282 N. OAKLAND AVENUE","PASADENA","CA","91101","Los Angeles County","34.150667","-118.139738","56000","181","179","2023","2021","Non-Profit Sponsor","30% Present Value Credit","No","No","No","No","0","0","0","2039340"
"CAA20230063","POINTE ON LA BREA","849 N. LA BREA AVE","LOS ANGELES","CA","90038","Los Angeles County","34.086622","-118.344268","44000","50","49","2023","2021","Non-Profit Sponsor","30% Present Value Credit","No","No","No","No","0","0","0","1281035"
"CAA20230065","PUEBLO DEL SOL PHASE II","1300 PLAZA DEL SOL E","LOS ANGELES","CA","90033","Los Angeles County","34.04857","-118.22578","44000","176","175","2023","2020","Non-Profit Sponsor","30% Present Value Credit","No","No","No","No","0","0","0","2160460"
"CAA20230074","SUMMIT VIEW APARTMENTS","11800 W. KAGEL CANYON STREET","SYLMAR","CA","91342","Los Angeles County","34.274103","-118.388638","44000","49","48","2023","2019","Non-Profit Sponsor","30% Present Value Credit","No","Yes","No","No","0","0","0","2086478"
"CAA20230075","SUN COMMONS","6329 N CLYBOURN AVE","LOS ANGELES","CA","91606","Los Angeles County","34.185714","-118.360064","44000","103","101","2023","2020","Non-Profit Sponsor","70% Present Value Credit","No","No","No","No","0","0","0","2500000"
"CAA20230078","TALISA APARTMENTS","9502 VAN NUYS BLVD","LOS ANGELES","CA","91402","Los Angeles County","34.242734","-118.450048","44000","49","48","2023","2020","Non-Profit Sponsor","30% Present Value Credit","No","No","No","No","0","0","0","1087442"
"CAA20230080","THE GARDENS","333 MONTEREY ROAD","GLENDALE","CA","91206","Los Angeles County","34.157622","-118.252277","30000","75","74","2023","2021","Non-Profit Sponsor","30% Present Value Credit","No","No","No","No","0","0","0","1327965"
"CAA20230084","THE SALVATION ARMY PASADENA HOPE CENTER APARTMENTS","1000 E. WALNUT STREET","PASADENA","CA","91106","Los Angeles County","34.149443","-118.129884","56000","66","65","2023","2021","Non-Profit Sponsor","30% Present Value Credit","No","No","No","No","0","0","0","1677849"
"CAA20230089","VILLA ESPERANZA (FKA WEST MISSION APARTMENTS)","508 AND 510 WEST MISSION BOULEVARD","POMONA","CA","91766","Los Angeles County","34.0475","-117.7608","58072","57","56","2023","2020","Non-Profit Sponsor","70% Present Value Credit","No","No","No","No","0","0","0","1373503"
"CAA20230091","VILLA VERDE","9800 JERSEY AVENUE","SANTA FE SPRINGS","CA","90670","Los Angeles County","33.949236","-118.084487","69154","34","33","2023","2022","Non-Profit Sponsor","30% Present Value Credit","No","No","No","No","0","0","0","669487"
"CAA20230093","WEST TERRACE","6575 S. WEST BLVD.","LOS ANGELES","CA","90043","Los Angeles County","33.9872","-118.3277","44000","64","63","2023","2020","Non-Profit Sponsor","30% Present Value Credit","No","No","No","No","0","0","0","1398050"
"CAA20230097","1819 PICO BLVD","1819 PICO BLVD","SANTA MONICA","CA","90405","Los Angeles County","34.01879","-118.471163","70000","48","47","2023","2020","Non-Profit Sponsor","70% Present Value Credit","No","No","No","No","0","0","0","2500000"
"CAA20230100","DEPOT AT HYDE PARK","6527 S CRENSHAW BLVD.","LOS ANGELES","CA","90043","Los Angeles County","33.980093","-118.33106","44000","43","42","2023","2020","Non-Profit Sponsor","70% Present Value Credit","No","No","No","No","0","0","0","1684791"
"CAA20231001","26 POINT 2","3590 E PACIFIC COAST HWY","LONG BEACH","CA","90804","Los Angeles County","33.789684","-118.150541","71876","77","76","2023","2022","Non-Profit Sponsor","30% Present Value Credit","No","No","No","No","0","0","0","1550533"
"CAA20231003","6TH STREET PLACE (F.K.A. 6TH AND SAN JULIAN)","401 E 6TH ST","LOS ANGELES","CA","90014","Los Angeles County","34.04295","-118.246045","44000","94","93","2023","2021","Non-Profit Sponsor","30% Present Value Credit","No","No","No","No","0","0","0","2856331"
"CAA20231016","BEACON LANDING","319 N. BEACON STREET","SAN PEDRO","CA","90731","Los Angeles County","33.745494","-118.280611","44000","89","88","2023","2022","Non-Profit Sponsor","30% Present Value Credit","No","No","No","No","0","0","0","2021865"
"CAA20231037","COLORADO EAST","2451 W COLORADO BLVD","LOS ANGELES","CA","90041","Los Angeles County","34.141103","-118.220456","44000","41","40","2023","2019","Non-Profit Sponsor","30% Present Value Credit","No","No","No","No","0","0","0","962952"
"CAA20231047","HARVARD ADAMS APARTMENTS","4230 W. ADAMS BLVD AND 1938 S. HARVARD BLVD.","LOS ANGELES","CA","90018","Los Angeles County","34.032418","-118.331945","44000","48","47","2023","2022","Non-Profit Sponsor","30% Present Value Credit","No","No","No","No","0","0","0","1056795"
"CAA20231051","IMAGINE VILLAGE II","43445 SAHUAYO STREET","LANCASTER","CA","93535","Los Angeles County","34.672821","-118.128136","40130","80","78","2023","2021","Non-Profit Sponsor","30% Present Value Credit","No","Yes","No","No","0","0","0","2526551"
"CAA20231053","LAKE HOUSE APARTMENTS","437 S WESTLAKE AVENUE","LOS ANGELES","CA","90057","Los Angeles County","34.060484","-118.272911","44000","63","62","2023","2021","Non-Profit Sponsor","30% Present Value Credit","No","No","No","No","0","0","0","1570582"
"CAA20231055","LITTLE TOKYO TOWERS","455 E 3RD STREET","LOS ANGELES","CA","90013","Los Angeles County","34.04682","-118.240865","44000","301","298","2023","2021","Non-Profit Sponsor","30% Present Value Credit","No","No","No","No","0","0","0","4562047"
"CAA20231060","LUCENA ON COURT","1919 W COURT STREET","LOS ANGELES","CA","90026","Los Angeles County","34.068631","-118.266726","44000","46","45","2023","2021","Non-Profit Sponsor","70% Present Value Credit","No","No","No","No","0","0","0","2069100"
"CAA20231061","MAISONS VILLAGE I","5204 LILAC DRIVE","PALMDALE","CA","93552","Los Angeles County","34.5727","-118.0382","55156","170","168","2023","2021","Non-Profit Sponsor","30% Present Value Credit","No","No","No","No","0","0","0","2631466"
"CAA20231067","MY ANGEL","8547 N. SEPULVEDA BLVD","NORTH HILLS","CA","91343","Los Angeles County","34.225487","-118.46789","44000","54","53","2023","2022","Non-Profit Sponsor","30% Present Value Credit","No","No","No","No","0","0","0","1406363"
"CAA20231073","PALM VISTA APARTMENTS","20120 W SHERMAN WAY","LOS ANGELES","CA","91306","Los Angeles County","34.200838","-118.572129","44000","91","89","2023","2021","Non-Profit Sponsor","30% Present Value Credit","No","No","No","No","0","0","0","1615318"
"CAA20231080","ROSE HILL COURTS PHASE I","4466 FLORIZEL STREET","LOS ANGELES","CA","90032","Los Angeles County","34.08693","-118.191334","44000","89","84","2023","2021","Non-Profit Sponsor","30% Present Value Credit","No","No","No","No","0","0","0","1816054"
"CAA20231081","SAGEPOINTE","1435 NORTH EUBANK AVENUE","LOS ANGELES","CA","90744","Los Angeles County","33.792574","-118.256487","44000","56","55","2023","2021","Non-Profit Sponsor","30% Present Value Credit","No","No","No","No","0","0","0","1060509"
"CAA20231086","SERENITY APARTMENTS","923 S KENMORE AVENUE","LOS ANGELES","CA","90006","Los Angeles County","34.0551","-118.296728","44000","75","74","2023","2021","Non-Profit Sponsor","30% Present Value Credit","No","No","No","No","0","0","0","1930889"
"CAA20231087","SHERMAN OAKS SENIOR HOUSING","14536 W. BURBANK BOULEVARD","SHERMAN OAKS","CA","91411","Los Angeles County","34.171951","-118.450069","44000","55","54","2023","2021","Non-Profit Sponsor","30% Present Value Credit","No","No","No","No","0","0","0","1065294"
"CAA20231091","SUN KING APARTMENTS","9190 N. TELFAIR AVENUE","LOS ANGELES","CA","91352","Los Angeles County","34.236673","-118.396823","44000","26","25","2023","2021","Non-Profit Sponsor","30% Present Value Credit","No","No","No","No","0","0","0","928971"
"CAA20231096","THE QUINCY","2652 W PICO BLVD.","LOS ANGELES","CA","90006","Los Angeles County","34.047063","-118.296074","44000","54","53","2023","2021","Non-Profit Sponsor","30% Present Value Credit","No","No","No","No","0","0","0","1013158"
"CAA20231097","THE REMI","1216 NADEAU STREET","LOS ANGELES","CA","90001","Los Angeles County","33.967299","-118.25373","24477","92","90","2023","2021","Non-Profit Sponsor","30% Present Value Credit","No","No","No","No","0","0","0","2500000"
"CAA20231107","WELLSPRING","1500 EAST ANAHEIM STREET","LONG BEACH","CA","90813","Los Angeles County","33.782436","-118.172841","43000","88","87","2023","2021","Non-Profit Sponsor","30% Present Value Credit","Yes","No","No","No","0","0","0","2789563"
"CAA20231108","WEST THIRD APARTMENTS","1900 W. THIRD STREET","LOS ANGELES","CA","90057","Los Angeles County","34.061719","-118.27029","44000","137","136","2023","2018","Non-Profit Sponsor","70% Present Value Credit","No","No","No","No","0","0","0","2185854"
"CAA20231109","WESTLAKE APARTMENTS FKA 619 WESTLAKE","619 SOUTH WESTLAKE AVENUE","LOS ANGELES","CA","90057","Los Angeles County","34.058288","-118.274329","44000","78","77","2023","2021","Non-Profit Sponsor","30% Present Value Credit","No","No","No","No","0","0","0","2639545"
"CAA20240012","AVALON 1355","1355 N. AVALON BLVD.","LOS ANGELES","CA","90744","Los Angeles County","33.790126","-118.263426","44000","54","53","2024","2021","Non-Profit Sponsor","30% Present Value Credit","No","No","No","No","0","0","0","1358683"
"CAA20240017","BRYSON LEGACY","2721 W. WILSHIRE BLVD","LOS ANGELES","CA","90057","Los Angeles County","34.061511","-118.283242","44000","64","63","2024","2020","Non-Profit Sponsor","70% Present Value Credit","No","No","No","No","0","0","0","1914575"
"CAA20240018","CANOGA PARK APARTMENTS","6824 WINNETKA AVENUE","LOS ANGELES","CA","91306","Los Angeles County","34.194602","-118.570786","44000","14","14","2024","2022","Non-Profit Sponsor","70% Present Value Credit","No","No","No","No","0","0","0","614200"
"CAA20240022","CHAPEL AVENUE APARTMENTS","103 NORTH CHAPEL AVENUE","ALHAMBRA","CA","91801","Los Angeles County","34.097632","-118.124588","884","44","43","2024","2022","Non-Profit Sponsor","70% Present Value Credit","No","No","No","No","0","0","0","2191271"
"CAA20240024","CITRUS CROSSING","900 E BROADWAY","GLENDALE","CA","91205","Los Angeles County","34.146098","-118.244021","30000","127","126","2024","2022","Non-Profit Sponsor","30% Present Value Credit","Yes","No","No","No","0","0","0","2795521"
"CAA20240028","CORAZON DEL VALLE","14545 LANARK STREET","PANORAMA CITY","CA","91402","Los Angeles County","34.218107","-118.450536","44000","90","88","2024","2021","Non-Profit Sponsor","30% Present Value Credit","No","No","No","No","0","0","0","2437894"
"CAA20240029","CORAZON DEL VALLE (CDV) II","14533 LANARK STREET","PANORAMA CITY","CA","91402","Los Angeles County","34.218107","-118.450299","44000","90","88","2024","2022","Non-Profit Sponsor","30% Present Value Credit","No","No","No","No","0","0","0","2332269"
"CAA20240037","EL NUEVO AMANECER APARTMENTS","111 NORTH ROWAN AVE.","LOS ANGELES","CA","90063","Los Angeles County","34.036322","-118.187191","20802","61","59","2024","2021","Non-Profit Sponsor","70% Present Value Credit","Yes","No","No","No","0","0","0","2172058"
"CAA20240045","GOLDFINCH APARTMENTS (FKA 11604 VANOWEN APARTMENTS)","11604 VANOWEN STREET","NORTH HOLLYWOOD","CA","91606","Los Angeles County","34.193771","-118.384628","44000","49","48","2024","2020","Non-Profit Sponsor","70% Present Value Credit","No","No","No","No","0","0","0","597241"
"CAA20240049","HERITAGE GARDENS","941 E. PACIFIC COAST HIGHWAY","LONG BEACH","CA","90806","Los Angeles County","33.790018","-118.181038","43000","68","67","2024","2022","Non-Profit Sponsor","30% Present Value Credit","Yes","No","No","No","0","0","0","1889987"
"CAA20240051","HERITAGE SQUARE SOUTH","710 N FAIR OAKS AVENUE","PASADENA","CA","91103","Los Angeles County","34.158054","-118.150376","56000","70","69","2024","2021","Non-Profit Sponsor","70% Present Value Credit","No","No","No","No","0","0","0","2006825"
"CAA20240052","ISLA DE LOS ANGELES","283 W IMPERIAL HWY.","LOS ANGELES","CA","90061","Los Angeles County","33.931176","-118.278131","44000","54","53","2024","2020","Non-Profit Sponsor","30% Present Value Credit","No","No","No","No","0","0","0","1271199"
"CAA20240054","JUNIPER GROVE APARTMENTS","150 E. AVENUE R","PALMDALE","CA","93550","Los Angeles County","34.572337","-118.128743","55156","101","99","2024","2020","Non-Profit Sponsor","30% Present Value Credit","Yes","Yes","No","No","0","0","0","2213162"
"CAA20240059","LAS DAHLIAS","4655 E 3RD STREET","LOS ANGELES","CA","90022","Los Angeles County","34.033523","-118.165065","20802","78","77","2024","2021","Non-Profit Sponsor","30% Present Value Credit","No","No","No","No","0","0","0","2582078"
"CAA20240064","LINCOLN APARTMENTS","2471 LINCOLN BLVD","LOS ANGELES","CA","90291","Los Angeles County","33.992781","-118.450534","44000","40","39","2024","2022","Non-Profit Sponsor","30% Present Value Credit","No","No","No","No","0","0","0","1213632"
"CAA20240066","LOS LIRIOS APARTMENTS","111 S. SOTO STREET","LOS ANGELES","CA","90033","Los Angeles County","34.04351","-118.210119","44000","64","63","2024","2021","Non-Profit Sponsor","70% Present Value Credit","Yes","No","No","No","0","0","0","2500000"
"CAA20240067","LUMINA","10243 N. TOPANGA CANYON BLVD.","LOS ANGELES","CA","91311","Los Angeles County","34.256627","-118.606268","44000","55","54","2024","2021","Non-Profit Sponsor","30% Present Value Credit","No","No","No","No","0","0","0","1433921"
"CAA20240071","MARCELLA GARDENS","6714 S MAIN STREET","LOS ANGELES","CA","90003","Los Angeles County","33.978653","-118.273731","44000","60","59","2024","2020","Non-Profit Sponsor","30% Present Value Credit","No","No","No","No","0","0","0","1688464"
"CAA20240072","MIRADOR (F.K.A LINCOLN AVENUE SENIOR HOUSING)","2439 LINCOLN AVENUE","ALTADENA","CA","91001","Los Angeles County","34.187861","-118.159483","1290","71","70","2024","2022","Non-Profit Sponsor","70% Present Value Credit","No","No","No","No","0","0","0","2500000"
"CAA20240077","NOHO 5050 APARTMENTS","5050 BAKMAN AVENUE","NORTH HOLLYWOOD","CA","91601","Los Angeles County","34.161904","-118.377202","44000","40","39","2024","2021","Non-Profit Sponsor","30% Present Value Credit","No","No","No","No","0","0","0","1106897"
"CAA20240079","NORWALK VETERANS HOUSING","13601 SAN ANTONIO DRIVE","NORWALK","CA","90650","Los Angeles County","33.907518","-118.07734","52526","60","59","2024","2022","Non-Profit Sponsor","70% Present Value Credit","No","No","No","No","0","0","0","2043423"
"CAA20240080","OAK APARTMENTS","2745-2759 FRANCIS AVENUE","LOS ANGELES","CA","90005","Los Angeles County","34.056988","-118.285351","44000","64","63","2024","2022","Non-Profit Sponsor","30% Present Value Credit","No","No","No","No","0","0","0","1490063"
"CAA20240084","PALMDALE TERRACE APARTMENTS","2650 E AVENUE Q12","PALMDALE","CA","93550","Los Angeles County","34.587296","-118.08192","55156","151","149","2024","2020","Non-Profit Sponsor","70% Present Value Credit","No","No","No","No","0","0","0","4180450"
"CAA20240085","PALMER PARK MANOR","617 E PALMER AVENUE","GLENDALE","CA","91205","Los Angeles County","34.132811","-118.247352","30000","12","12","2024","2022","Non-Profit Sponsor","70% Present Value Credit","No","No","No","No","0","0","0","393886"
"CAA20240095","RAMONA METRO POINT","11016 RAMONA BLVD","EL MONTE","CA","91731","Los Angeles County","34.071949","-118.03531","22230","51","50","2024","2022","Non-Profit Sponsor","30% Present Value Credit","No","No","No","No","0","0","0","1209066"
"CAA20240103","RUTH TEAGUE HOMES (FORMERLY 67TH AND MAIN)","6706 S MAIN STREET","LOS ANGELES","CA","90003","Los Angeles County","33.978723","-118.273731","44000","52","51","2024","2020","Non-Profit Sponsor","70% Present Value Credit","No","No","No","No","0","0","0","1727062"
"CAA20240111","SOLARIS APARTMENTS","1141 CRENSHAW BLVD","LOS ANGELES","CA","90019","Los Angeles County","34.051733","-118.32481","44000","43","42","2024","2021","Non-Profit Sponsor","30% Present Value Credit","No","No","No","No","0","0","0","1276374"
"CAA20240121","THATCHER YARD HOUSING","3311 S THATCHER AVE","LOS ANGELES","CA","90292","Los Angeles County","33.98512","-118.447278","44000","98","97","2024","2021","Non-Profit Sponsor","30% Present Value Credit","No","No","No","No","0","0","0","2979575"
"CAA20240124","THE BANNING","841 AND 843 N. BANNING BLVD.","WILMINGTON","CA","90744","Los Angeles County","33.7872","-118.2583","44000","64","63","2024","2022","Non-Profit Sponsor","30% Present Value Credit","No","No","No","No","0","0","0","1779997"
"CAA20240125","THE COVE F.K.A THE COVE (CVC PHASE VI)","2121 W WILLIAMS STREET","LONG BEACH","CA","90810","Los Angeles County","33.793158","-118.222445","43000","90","89","2024","2021","Non-Profit Sponsor","70% Present Value Credit","No","No","No","No","0","0","0","2500000"
"CAA20240127","THE EMERALD","2720 W. AVENUE K-12","LANCASTER","CA","93536","Los Angeles County","34.674742","-118.179434","40130","72","71","2024","2021","Non-Profit Sponsor","30% Present Value Credit","No","No","No","No","0","0","0","2500000"
"CAA20240129","THE LAUREL","1413 MICHIGAN AVENUE","SANTA MONICA","CA","90404","Los Angeles County","34.018633","-118.479098","70000","58","57","2024","2021","Non-Profit Sponsor","70% Present Value Credit","No","No","No","No","0","0","0","2008656"
"CAA20240137","VINTAGE AT WOODMAN","7700 WOODMAN AVENUE","PANORAMA CITY","CA","91402","Los Angeles County","34.210403","-118.43071","44000","239","237","2024","2024","Non-Profit Sponsor","30% Present Value Credit","No","No","No","No","0","0","0","2111591"
"CAA20240142","VISTA DE JJ RODRIGUEZ APARTMENTS (F.K.A 6TH STREET GRAND)","128 S. 6TH STREET","MONTEBELLO","CA","90640","Los Angeles County","34.008626","-118.106152","48816","63","62","2024","2022","Non-Profit Sponsor","70% Present Value Credit","No","No","No","No","0","0","0","2500000"
"CAA20240146","WASHINGTON CROSSING F.K.A WASHINGTON ARTS COLLECTIVE","4601 W WASHINGTON BLVD","LOS ANGELES","CA","90016","Los Angeles County","34.04005","-118.339868","44000","56","55","2024","2021","Non-Profit Sponsor","30% Present Value Credit","No","No","No","No","0","0","0","1749850"
"CAA20240147","WEINGART TOWER I","555 S. CROCKER STREET","LOS ANGELES","CA","90013","Los Angeles County","34.042335","-118.244063","44000","134","133","2024","2021","Non-Profit Sponsor","30% Present Value Credit","No","No","No","No","0","0","0","3924284"
"CAA20240148","WEINGART TOWER II","555 S. CROCKER STREET","LOS ANGELES","CA","90013","Los Angeles County","34.042335","-118.244063","44000","144","142","2024","2021","Non-Profit Sponsor","30% Present Value Credit","No","No","No","No","0","0","0","4226781"
"CAA20240149","WEST CARSON VILLAS","22905 S. VERMONT AVE.","TORRANCE","CA","90502","Los Angeles County","33.817848","-118.290541","84144","111","110","2024","2021","Non-Profit Sponsor","30% Present Value Credit","No","No","No","No","0","0","0","2778085"
"CAA20240152","WHITTIER HHH","3552 WHITTIER BLVD","LOS ANGELES","CA","90023","Los Angeles County","34.025853","-118.197018","44000","64","63","2024","2022","Non-Profit Sponsor","30% Present Value Credit","No","No","No","No","0","0","0","1637883"
"CAA20250004","LORENA PLAZA","116 N. LORENA STREET AND 3401-3415 E. 1ST STREET","LOS ANGELES","CA","90063","Los Angeles County","34.03731","-118.194708","44000","49","48","2025","2021","Non-Profit Sponsor","70% Present Value Credit","No","No","No","No","0","0","0",""
"CAA20250007","MONTECITO II SENIOR HOUSING","6658 FRANKLIN AVE","LOS ANGELES","CA","90028","Los Angeles County","34.105017","-118.335329","44000","64","63","2025","2022","Non-Profit Sponsor","30% Present Value Credit","Yes","No","No","No","0","0","0","2040271"
"CAA20250008","MONTESQUIEU MANOR PSH","318 N. JUANITA AVENUE","LOS ANGELES","CA","90004","Los Angeles County","34.076912","-118.290307","44000","53","52","2025","2022","Non-Profit Sponsor","30% Present Value Credit","No","No","No","No","0","0","0","1254809"
"CAA20250015","ROUSSEAU RESIDENCES PSH","316 N. JUANITA AVENUE","LOS ANGELES","CA","90004","Los Angeles County","34.076885","-118.290307","44000","53","52","2025","2022","Non-Profit Sponsor","30% Present Value Credit","No","No","No","No","0","0","0","1254809"
"CAA20250016","SANTA MONICA AND VERMONT APARTMENTS","1021 N VERMONT AVENUE","LOS ANGELES","CA","90029","Los Angeles County","34.090075","-118.291934","44000","187","185","2025","2022","Non-Profit Sponsor","30% Present Value Credit","No","No","No","No","0","0","0","3248134"