"HUD ID Number","Project Name","Project Address","Project City","Project State","Project ZIP Code","County","Total Number of Units","Total Low-Income Units","Compliance Monitoring Status"
"CAA00000133","MACARTHUR PARK APTS PHASE B","676 S ALVARADO ST","LOS ANGELES","CA","90057","Los Angeles County","82","81","Not Indicated"
"CAA19870090","HDR FUND APTS I","1040-1042 W. 43RD ST.; 1733 W. 58TH ST; 2375 SCARFF ST; 2747 NEWELL","LOS ANGELES","CA","","Los Angeles County","76","76","Not Indicated"
"CAA19879241","9414 S CENTRAL AVE","9414 S CENTRAL AVE","LOS ANGELES","CA","90002","Los Angeles County","3","3","Not Indicated"
"CAA19879242","9418 S CENTRAL AVE","9418 S CENTRAL AVE","LOS ANGELES","CA","90002","Los Angeles County","3","3","Not Indicated"
"CAA19879243","NEWEHALL TERRACE","24377 NEWHALL AVE","SANTA CLARITA","CA","91321","Los Angeles County","66","66","Not Indicated"
"CAA19879245","SUNOL TERRACE","159 S SUNOL DR","LOS ANGELES","CA","90063","Los Angeles County","14","14","Not Indicated"
"CAA19880085","ARMINTA NORTH & SOUTH","11038 ARMINTA ST","SUN VALLEY","CA","91352","Los Angeles County","60","12","Not Indicated"
"CAA19880185","FLAMINGO GARDEN SENIOR","3711 COGSWELL RD","EL MONTE","CA","91732","Los Angeles County","58","58","Not Indicated"
"CAA19880215","HDR FUND APTS II","1040-1042 W. 43RD ST.; 1733 W. 58TH ST; 2375 SCARFF ST; 2747 NEWELL","LOS ANGELES","CA","","Los Angeles County","49","49","Not Indicated"
"CAA19880265","MIDCITIES","835 S OXFORD AVE","LOS ANGELES","CA","90005","Los Angeles County","59","59","Not Indicated"
"CAA19880385","VIRGINIA AVENUE","5623 VIRGINIA AVE","LOS ANGELES","CA","90038","Los Angeles County","28","20","Not Indicated"
"CAA19889687","NORMANDIE APTS","1516 N NORMANDIE AVE","LOS ANGELES","CA","90027","Los Angeles County","33","40","Not Indicated"
"CAA19889688","WILLOWBROOK (LOS ANGELES)","1653 E 117TH ST","LOS ANGELES","CA","90059","Los Angeles County","2","2","Not Indicated"
"CAA19890005","1513 W PICO BLVD","1513 W PICO BLVD","LOS ANGELES","CA","90015","Los Angeles County","32","32","Not Indicated"
"CAA19890110","FLORES APTS","1507 W PICO BLVD","LOS ANGELES","CA","90015","Los Angeles County","26","26","Not Indicated"
"CAA19890200","MARENGO STREET APTS","2649 MARENGO ST","LOS ANGELES","CA","90033","Los Angeles County","24","24","Not Indicated"
"CAA19890230","PERSHING HOTEL","502 S MAIN ST","LOS ANGELES","CA","90013","Los Angeles County","65","65","Not Indicated"
"CAA19890310","VILLA PARKE HOMES","422 N RAYMOND AVE","PASADENA","CA","91103","Los Angeles County","9","9","Not Indicated"
"CAA19900055","SUNFLOWER NORTON APTS","1242 S NORTON AVE","LOS ANGELES","CA","90019","Los Angeles County","10","10","Not Indicated"
"CAA19900066","2020 2030 CLOVERFIELD 2030","2020 CLOVERFIELD BLVD","SANTA MONICA","CA","90404","Los Angeles County","32","32","Not Indicated"
"CAA19900078","CASA GUADALUPE","5127 HUNTINGTON DR N","LOS ANGELES","CA","90032","Los Angeles County","22","22","Not Indicated"
"CAA19900079","CENTENNIAL PLACE","235 E HOLLY ST","PASADENA","CA","91101","Los Angeles County","144","144","Not Indicated"
"CAA19900085","DUANE HEIGHTS","2271 DUANE ST","LOS ANGELES","CA","90039","Los Angeles County","14","14","Not Indicated"
"CAA19900090","GRANDVIEW APTS","428 S GRAND VIEW ST","LOS ANGELES","CA","90057","Los Angeles County","27","27","Not Indicated"
"CAA19900093","HARPER AVENUE PARTNERS","1276 N HARPER AVE","WEST HOLLYWOOD","CA","90046","Los Angeles County","17","17","Not Indicated"
"CAA19900100","KINGSWOOD APTS","5173 HOLLYWOOD BLVD","LOS ANGELES","CA","90027","Los Angeles County","43","43","Not Indicated"
"CAA19909813","1723-1725 W 9TH ST","1723 W NINTH ST","LOS ANGELES","CA","90015","Los Angeles County","63","63","Not Indicated"
"CAA19909819","3715 W FIRST ST","3715 W FIRST ST","LOS ANGELES","CA","90004","Los Angeles County","55","55","Not Indicated"
"CAA19909821","728 S BERENDO ST","728 S BERENDO ST","LOS ANGELES","CA","90005","Los Angeles County","40","40","Not Indicated"
"CAA19909825","ALOHA APTS","6731 LELAND WAY","LOS ANGELES","CA","90028","Los Angeles County","74","74","Not Indicated"
"CAA19909826","APPLETON APTS","738 S NEW HAMPSHIRE AVE","LOS ANGELES","CA","90005","Los Angeles County","48","48","Not Indicated"
"CAA19909829","NEW HAMPSHIRE APTS","716 S BERENDO ST","LOS ANGELES","CA","90005","Los Angeles County","70","70","Not Indicated"
"CAA19909836","S NORTON AVENUE","1121 S NORTON AVE","LOS ANGELES","CA","90019","Los Angeles County","20","20","Not Indicated"
"CAA19910030","GREENVIEW VILLAGE APTS","825 GREEN AVE","LOS ANGELES","CA","90017","Los Angeles County","48","48","Not Indicated"
"CAA19910075","SHAHEEN/SHEHAB","8209 S BROADWAY","LOS ANGELES","CA","90003","Los Angeles County","10","10","Not Indicated"
"CAA19910125","GILBERT LINDSAY MANOR","601 W 40TH PL","LOS ANGELES","CA","90037","Los Angeles County","137","137","Not Indicated"
"CAA19910141","PRENTICE APTS","1014 E SEVENTH ST","LOS ANGELES","CA","90021","Los Angeles County","45","45","Not Indicated"
"CAA19910144","SAN PEDRO FIRM BUILDING","112 JUDGE JOHN AISO ST","LOS ANGELES","CA","90012","Los Angeles County","42","42","Not Indicated"
"CAA19910154","WARD VILLAS","1177 W ADAMS BLVD","LOS ANGELES","CA","90007","Los Angeles County","120","120","Not Indicated"
"CAA19920030","CASA ESPERANZA","206 E 23RD ST","LOS ANGELES","CA","90011","Los Angeles County","10","10","Not Indicated"
"CAA19920060","CRESCENT HOTEL","617 E FIFTH ST","LOS ANGELES","CA","90013","Los Angeles County","55","55","Not Indicated"
"CAA19920080","DUNNING APTS","5552 CARLTON WAY","LOS ANGELES","CA","90028","Los Angeles County","26","24","Not Indicated"
"CAA19920105","HARMONY GATE","5220 HARMONY AVE","NORTH HOLLYWOOD","CA","91601","Los Angeles County","70","70","Not Indicated"
"CAA19920110","HARPER COMMUNITY APTS","1260 N HARPER AVE","WEST HOLLYWOOD","CA","90046","Los Angeles County","22","22","Not Indicated"
"CAA19920155","LEONIDE APTS","512 S MAIN ST","LOS ANGELES","CA","90013","Los Angeles County","66","66","Not Indicated"
"CAA19920175","OSAGE APTS","11128 S OSAGE AVE","LENNOX","CA","90304","Los Angeles County","21","21","Not Indicated"
"CAA19920180","PACIFIC COURT APTS","250 PACIFIC AVE","LONG BEACH","CA","90802","Los Angeles County","142","29","Not Indicated"
"CAA19920185","PALMER HOUSE","555 E PALMER AVE","GLENDALE","CA","91205","Los Angeles County","21","21","Not Indicated"
"CAA19920205","ROBERTA STEVENS VILLAS","1035 E 27TH ST","LOS ANGELES","CA","90011","Los Angeles County","40","40","Not Indicated"
"CAA19920245","SIMONE HOTEL","520 SAN JULIAN ST","LOS ANGELES","CA","90013","Los Angeles County","123","123","Not Indicated"
"CAA19920250","ST MARK'S HOTEL","611 E FIFTH ST","LOS ANGELES","CA","90013","Los Angeles County","91","91","Not Indicated"
"CAA19920285","HART HOTEL","508 E FOURTH ST","LOS ANGELES","CA","90013","Los Angeles County","39","39","Not Indicated"
"CAA19920290","LAS AMERICAS HOTEL","1205 E SIXTH ST","LOS ANGELES","CA","90021","Los Angeles County","60","60","Not Indicated"
"CAA19920305","THE SANBORN HOTEL","526 S MAIN ST","LOS ANGELES","CA","90013","Los Angeles County","46","46","Not Indicated"
"CAA19920325","VILLA LOS ROBLES","473 N LOS ROBLES AVE","PASADENA","CA","91101","Los Angeles County","8","8","Not Indicated"
"CAA19929367","4TH STREET APTS","1562 W FOURTH ST","LOS ANGELES","CA","90017","Los Angeles County","44","44","Not Indicated"
"CAA19930015","ARLINGTON RODEO APTS","3804 ARLINGTON AVE","LOS ANGELES","CA","90008","Los Angeles County","29","29","Not Indicated"
"CAA19930030","CASA GLORIA","1450 W TEMPLE ST","LOS ANGELES","CA","90026","Los Angeles County","46","46","Not Indicated"
"CAA19930035","CASA LOMA APTS","379 LOMA DR","LOS ANGELES","CA","90017","Los Angeles County","110","110","Not Indicated"
"CAA19930090","ELEVENTH AVENUE APTS","6726 11TH AVE","LOS ANGELES","CA","90043","Los Angeles County","22","22","Not Indicated"
"CAA19930095","EUCALYPTUS GARDEN APTS","PO BOX 2229","AVALON","CA","90704","Los Angeles County","80","38","Not Indicated"
"CAA19930105","GREENWOOD-17TH STREET","1828 17TH ST","SANTA MONICA","CA","90404","Los Angeles County","7","5","Not Indicated"
"CAA19930110","GREENWOOD/15TH STREET","1747 15TH ST","SANTA MONICA","CA","90404","Los Angeles County","9","8","Not Indicated"
"CAA19930115","GARCIA APTS","1968 19TH ST","SANTA MONICA","CA","90404","Los Angeles County","7","6","Not Indicated"
"CAA19930120","GREENWOOD BERKELEY","1544 BERKELEY ST","SANTA MONICA","CA","90404","Los Angeles County","7","5","Not Indicated"
"CAA19930135","HENDERSON HOMES","3804 WISCONSIN ST","LOS ANGELES","CA","90037","Los Angeles County","11","11","Not Indicated"
"CAA19930140","KOREAN YOUTH CENTER APTS","3987 W SEVENTH ST","LOS ANGELES","CA","90005","Los Angeles County","19","19","Not Indicated"
"CAA19930185","OLYMPIA HOTEL","1201 E SEVENTH ST","LOS ANGELES","CA","90021","Los Angeles County","48","48","Not Indicated"
"CAA19930220","ROBINSON VILLA","3845 WISCONSIN ST","LOS ANGELES","CA","90037","Los Angeles County","12","12","Not Indicated"
"CAA19930230","SAN FELIPE HOMES","690 N HERBERT AVE","LOS ANGELES","CA","90063","Los Angeles County","20","20","Not Indicated"
"CAA19930265","LONGHORN PAVILION","36523 25TH ST E","PALMDALE","CA","93550","Los Angeles County","304","304","Not Indicated"
"CAA19930325","VIRGINIA VILLAGE","2425 VIRGINIA AVE","SANTA MONICA","CA","90404","Los Angeles County","13","12","Not Indicated"
"CAA19930341","CLAREMONT VILLAS SENIOR","100 S INDIAN HILL BLVD","CLAREMONT","CA","91711","Los Angeles County","154","153","Not Indicated"
"CAA19930346","MARINA POINTE APTS","13603 MARINA POINTE DR","MARINA DEL REY","CA","90292","Los Angeles County","583","117","Not Indicated"
"CAA19940040","BEECHWOOD TERRACE","1117 ELM AVE","LONG BEACH","CA","90813","Los Angeles County","25","25","Not Indicated"
"CAA19940045","BEVERLY CITY LIGHTS","107 S CARONDELET ST","LOS ANGELES","CA","90057","Los Angeles County","40","40","Not Indicated"
"CAA19940060","CASA BERENDO","1240 N BERENDO ST","LOS ANGELES","CA","90029","Los Angeles County","20","20","Not Indicated"
"CAA19940080","COLDEN OAKS","225 E COLDEN AVE","LOS ANGELES","CA","90003","Los Angeles County","38","38","Not Indicated"
"CAA19940090","CRESCENT COURT","1412 W 12TH ST","LOS ANGELES","CA","90015","Los Angeles County","32","32","Not Indicated"
"CAA19940095","CURRY TEMPLE SENIOR APTS","1001 N HICKORY AVE","COMPTON","CA","90220","Los Angeles County","48","48","Not Indicated"
"CAA19940160","HILLVIEW VILLAGE","12408 VAN NUYS BLVD","PACOIMA","CA","91331","Los Angeles County","50","49","Not Indicated"
"CAA19940165","HOPE WEST APTS","1231 W BLVD","LOS ANGELES","CA","90019","Los Angeles County","17","17","Not Indicated"
"CAA19940190","LAS BRISAS","200 N BIXEL ST","LOS ANGELES","CA","90026","Los Angeles County","30","30","Not Indicated"
"CAA19940200","LAUREL NORTON INTER GENERATIONAL COMMUNITY APARTME","1217 N LAUREL AVE","WEST HOLLYWOOD","CA","90046","Los Angeles County","41","40","Not Indicated"
"CAA19940215","LUCAS STUDIOS PROJECT","1203 W SEVENTH ST","LOS ANGELES","CA","90017","Los Angeles County","218","218","Not Indicated"
"CAA19940220","MARION HOTEL","642 CROCKER ST","LOS ANGELES","CA","90021","Los Angeles County","44","44","Not Indicated"
"CAA19940225","MARY ANDREWS CLARK RESIDENCE","306 LOMA DR","LOS ANGELES","CA","90017","Los Angeles County","152","152","Not Indicated"
"CAA19940240","MONTE VISTA APTS (GLENDALE)","714 E ELK AVE","GLENDALE","CA","91205","Los Angeles County","9","9","Not Indicated"
"CAA19940250","NAVY BLUE APTS","102 NAVY ST","VENICE","CA","90291","Los Angeles County","14","14","Not Indicated"
"CAA19940275","PALM GARDEN APTS","10130 VALLEY BLVD","EL MONTE","CA","91731","Los Angeles County","90","89","Not Indicated"
"CAA19940285","PARKE LOS ROBLES","626 N LOS ROBLES AVE","PASADENA","CA","91101","Los Angeles County","12","12","Not Indicated"
"CAA19940290","PARKVIEW APTS (LOS ANGELES)","622 S ALVARADO ST","LOS ANGELES","CA","90057","Los Angeles County","198","198","Not Indicated"
"CAA19940315","PRODUCE PLACE","676 S CENTRAL AVE","LOS ANGELES","CA","90021","Los Angeles County","95","95","Not Indicated"
"CAA19940320","REGENCY 50","14540 BLYTHE ST","PANORAMA CITY","CA","91402","Los Angeles County","50","50","Not Indicated"
"CAA19940325","ROHIT VILLAS","122 E 120TH ST","LOS ANGELES","CA","90061","Los Angeles County","16","7","Not Indicated"
"CAA19940330","ROSAMEL APTS","1240 ELDEN AVE","LOS ANGELES","CA","90006","Los Angeles County","9","9","Not Indicated"
"CAA19940350","SECOND STREET CENTER","1423 SECOND ST","SANTA MONICA","CA","90401","Los Angeles County","44","44","Not Indicated"
"CAA19940410","THE CARLTON APTS","5425 CARLTON WAY","LOS ANGELES","CA","90027","Los Angeles County","24","24","Not Indicated"
"CAA19940450","VILLA ESPERANZA","255 E 28TH ST","LOS ANGELES","CA","90011","Los Angeles County","33","33","Not Indicated"
"CAA19940490","WITMER CITY LIGHTS","319 WITMER ST","LOS ANGELES","CA","90017","Los Angeles County","16","16","Not Indicated"
"CAA19940494","CAMBRIDGE PLACE","421 W 33RD ST","LONG BEACH","CA","90806","Los Angeles County","24","24","Not Indicated"
"CAA19940497","HOLLY STREET VILLAGE","151 E HOLLY ST","PASADENA","CA","91103","Los Angeles County","374","75","Not Indicated"
"CAA19940498","HOLLYWOOD EL CENTRO APTS","6211 DE LONGPRE AVE","LOS ANGELES","CA","90028","Los Angeles County","88","88","Not Indicated"
"CAA19940502","PARKER HOTEL","725 WITMER ST","LOS ANGELES","CA","90017","Los Angeles County","32","31","Not Indicated"
"CAA19950015","VISTA VALLE TOWNHOMES","670 W SAN JOSE AVE","CLAREMONT","CA","91711","Los Angeles County","48","47","Not Indicated"
"CAA19950016","COURTLAND HOTEL","520 WALL ST","LOS ANGELES","CA","90013","Los Angeles County","97","97","Not Indicated"
"CAA19950018","COMMUNITY OF SANTA MONICA","815 ASHLAND AVE","SANTA MONICA","CA","90405","Los Angeles County","45","45","Not Indicated"
"CAA19950020","ALTADENA VISTAS APTS","815 E CALAVERAS ST","ALTADENA","CA","91001","Los Angeles County","22","22","Not Indicated"
"CAA19950023","AVALON COURTYARD","22121 AVALON BLVD","CARSON","CA","90745","Los Angeles County","91","91","Not Indicated"
"CAA19950024","AVENIDA TERRACE APTS","245 S AVE 54","HIGHLAND PARK","CA","90042","Los Angeles County","8","8","Not Indicated"
"CAA19950030","CANAAN GARDENS","641 E 27TH ST","LOS ANGELES","CA","90011","Los Angeles County","7","7","Not Indicated"
"CAA19950032","CASA HEIWA","231 E THIRD ST","LOS ANGELES","CA","90013","Los Angeles County","100","99","Not Indicated"
"CAA19950033","CASA RITA","6508 RITA AVE","HUNTINGTON PARK","CA","90255","Los Angeles County","103","102","Not Indicated"
"CAA19950044","CRESCENT ARMS","1709 W EIGHTH ST","LOS ANGELES","CA","90017","Los Angeles County","186","184","Not Indicated"
"CAA19950049","EDWARD HOTEL","713 E FIFTH ST","LOS ANGELES","CA","90013","Los Angeles County","47","46","Not Indicated"
"CAA19950053","FAME MANOR","3210 W ADAMS BLVD","LOS ANGELES","CA","90018","Los Angeles County","56","56","Not Indicated"
"CAA19950057","FUMBAH MANOR","832 S LAKE ST","LOS ANGELES","CA","90057","Los Angeles County","18","18","Not Indicated"
"CAA19950064","LA BREA/FRANKLIN APTS","1801 N LA BREA AVE","LOS ANGELES","CA","90046","Los Angeles County","40","40","Not Indicated"
"CAA19950067","LA MIRADA SENIOR APTS","15811 ALICANTE RD","LA MIRADA","CA","90638","Los Angeles County","100","100","Not Indicated"
"CAA19950068","LA POSADA","375 COLUMBIA AVE","LOS ANGELES","CA","90017","Los Angeles County","61","61","Not Indicated"
"CAA19950069","LA VILLA MARIPOSA","345 COLUMBIA AVE","LOS ANGELES","CA","90017","Los Angeles County","115","115","Not Indicated"
"CAA19950072","LAS PALOMAS HOTEL","2201 E FIRST ST","LOS ANGELES","CA","90033","Los Angeles County","65","65","Not Indicated"
"CAA19950074","MANILA TERRACE APTS","2328 W TEMPLE ST","LOS ANGELES","CA","90026","Los Angeles County","30","29","Not Indicated"
"CAA19950076","MARINA APTS","722 S CORONADO ST","LOS ANGELES","CA","90057","Los Angeles County","64","63","Not Indicated"
"CAA19950079","MERCEDES APTS","727 S CARONDELET ST","LOS ANGELES","CA","90057","Los Angeles County","47","46","Not Indicated"
"CAA19950081","MIDTOWN GARDENS","400 N VERMONT AVE","LOS ANGELES","CA","90004","Los Angeles County","205","141","Not Indicated"
"CAA19950085","NORBO HOTEL DEVELOPMENT","526 E SIXTH ST","LOS ANGELES","CA","90021","Los Angeles County","57","57","Not Indicated"
"CAA19950090","PARK PLACE APTS","2500 W FOURTH ST","LOS ANGELES","CA","90057","Los Angeles County","49","49","Not Indicated"
"CAA19950100","SEA GATE VILLAGE","1450 LOCUST AVE","LONG BEACH","CA","90813","Los Angeles County","44","44","Not Indicated"
"CAA19950104","ST ANDREWS BUNGALOW COURT","1514 N ST ANDREWS PL","LOS ANGELES","CA","90028","Los Angeles County","16","16","Not Indicated"
"CAA19950111","VALLEY VILLAGE APTS","12111 CHANDLER BLVD","VALLEY VILLAGE","CA","91607","Los Angeles County","188","188","Not Indicated"
"CAA19950112","VILLA DEL PUEBLO","1441 S HOPE ST","LOS ANGELES","CA","90015","Los Angeles County","81","81","Not Indicated"
"CAA19950113","VILLA FLORENTINA","4576 FLORENCE AVE","BELL","CA","90201","Los Angeles County","13","13","Not Indicated"
"CAA19950117","VINELAND PLACE","7843 VINELAND AVE","SUN VALLEY","CA","91352","Los Angeles County","18","18","Not Indicated"
"CAA19950118","WASHINGTON VILLA APTS","264 E WASHINGTON BLVD","PASADENA","CA","91104","Los Angeles County","21","21","Not Indicated"
"CAA19950119","WELDON HOTEL","507 MAPLE AVE","LOS ANGELES","CA","90013","Los Angeles County","58","58","Not Indicated"
"CAA19950120","WERNER ILLING HOUSE","1924 ARGYLE AVE","HOLLYWOOD","CA","90068","Los Angeles County","21","20","Not Indicated"
"CAA19950122","YOUNG APTS","1621 S GRAND AVE","LOS ANGELES","CA","90015","Los Angeles County","66","65","Not Indicated"
"CAA19960005","ALABAMA COURT","7440 ALABAMA AVE","CANOGA PARK","CA","91303","Los Angeles County","42","42","Not Indicated"
"CAA19960020","ASHWOOD COURT","19201 NORDHOFF ST","NORTHRIDGE","CA","91324","Los Angeles County","72","72","Not Indicated"
"CAA19960100","ROSSMORE HOTEL","905 E SIXTH ST","LOS ANGELES","CA","90021","Los Angeles County","60","60","Not Indicated"
"CAA19960135","VILLA METROPOLITANO","1328 S HOPE ST","LOS ANGELES","CA","90015","Los Angeles County","53","52","Not Indicated"
"CAA19960156","RIO VISTA VILLAGE","1310 RIO VISTA AVE","LOS ANGELES","CA","90023","Los Angeles County","75","74","Not Indicated"
"CAA19960157","SOPHIA RIDGE APTS","9601 RESEDA BLVD","NORTHRIDGE","CA","91324","Los Angeles County","112","45","Not Indicated"
"CAA19960158","WOODBRIDGE PARK APTS","11220 MOORPARK ST","NORTH HOLLYWOOD","CA","91602","Los Angeles County","77","31","Not Indicated"
"CAA19960160","4334-4346 MATILIJA APTS","4334 MATILIJA AVE","SHERMAN OAKS","CA","91423","Los Angeles County","54","11","Not Indicated"
"CAA19960161","WILLIS APTS","4553 WILLIS AVE","SHERMAN OAKS","CA","91403","Los Angeles County","21","10","Not Indicated"
"CAA19960162","WILLIS APTS","4573 WILLIS AVE","SHERMAN OAKS","CA","91403","Los Angeles County","23","5","Not Indicated"
"CAA19960163","NATICK APTS","4701 NATICK AVE","SHERMAN OAKS","CA","91403","Los Angeles County","121","25","Not Indicated"
"CAA19960164","ADAMS-CONGRESS APTS","1801 W ADAMS BLVD","LOS ANGELES","CA","90018","Los Angeles County","46","46","Not Indicated"
"CAA19960168","ATHENS GLEN APTS","11515 S BUDLONG AVE","LOS ANGELES","CA","90044","Los Angeles County","51","51","Not Indicated"
"CAA19960170","BRYNVIEW TERRACE","6603 BRYNHURST AVE","LOS ANGELES","CA","90043","Los Angeles County","8","8","Not Indicated"
"CAA19960172","CASA CARONDELET","130 S CARONDELET ST","LOS ANGELES","CA","90057","Los Angeles County","18","18","Not Indicated"
"CAA19960180","CRESCENT VILLAGE","731 BEACON AVE","LOS ANGELES","CA","90017","Los Angeles County","112","111","Not Indicated"
"CAA19960186","EVERGREEN VILLAGE","420 N EVERGREEN AVE","LOS ANGELES","CA","90033","Los Angeles County","52","52","Not Indicated"
"CAA19960189","HARMONY COURT APTS","4502 186TH ST","REDONDO BEACH","CA","90278","Los Angeles County","187","187","Not Indicated"
"CAA19960192","HUNTINGTON HACIENDA APTS","4648 HUNTINGTON DR S","LOS ANGELES","CA","90032","Los Angeles County","117","116","Not Indicated"
"CAA19960197","LOS ANGELES CITY LIGHTS","1315 W SEVENTH ST","LOS ANGELES","CA","90017","Los Angeles County","32","32","Not Indicated"
"CAA19960198","LUISA APTS","2209 MICHIGAN AVE","LOS ANGELES","CA","90033","Los Angeles County","56","55","Not Indicated"
"CAA19960211","P & P HOME FOR THE ELDERLY","1030 W 85TH ST","LOS ANGELES","CA","90044","Los Angeles County","106","106","Not Indicated"
"CAA19960214","PLAZA VERMONT","939 W GAGE AVE","LOS ANGELES","CA","90044","Los Angeles County","79","79","Not Indicated"
"CAA19960221","SOMERVILE APTS PHASES I & II","1068 E 42ND PL","LOS ANGELES","CA","90011","Los Angeles County","41","41","Not Indicated"
"CAA19960224","TABOR COURTS","345 FOURTH AVE","VENICE","CA","90291","Los Angeles County","25","24","Not Indicated"
"CAA19960227","THE BOYD HOTEL","224 BOYD ST","LOS ANGELES","CA","90013","Los Angeles County","61","61","Not Indicated"
"CAA19960231","NEW YORKER APTS","13951 MOORPARK ST","SHERMAN OAKS","CA","91423","Los Angeles County","34","8","Not Indicated"
"CAA19960237","UMOJA APTS","101 W 74TH ST","LOS ANGELES","CA","90003","Los Angeles County","30","30","Not Indicated"
"CAA19960241","VISTA DEL MONTE APTS","4621 VISTA DEL MONTE AVE","SHERMAN OAKS","CA","91403","Los Angeles County","24","6","Not Indicated"
"CAA19960244","WHITE OAK-LASSEN APTS","9907 WHITE OAK AVE","NORTHRIDGE","CA","91325","Los Angeles County","80","80","Not Indicated"
"CAA19960245","WYANDOTTE APTS","14630 WYANDOTTE ST","VAN NUYS","CA","91405","Los Angeles County","73","72","Not Indicated"
"CAA19970005","14955 DICKENS CT EAST","14955 DICKENS ST","SHERMAN OAKS","CA","91403","Los Angeles County","18","4","Not Indicated"
"CAA19970015","ROSCOE APTS","20234 ROSCOE BLVD","WINNETKA","CA","91306","Los Angeles County","25","24","Not Indicated"
"CAA19970020","235 BERENDO APTS","235 S BERENDO ST","LOS ANGELES","CA","90004","Los Angeles County","24","23","Not Indicated"
"CAA19970030","ASTORIA PLACE TOWNHOMES","13230 BROMONT AVE","SYLMAR","CA","91342","Los Angeles County","18","18","Not Indicated"
"CAA19970035","BALBOA PLACE APTS","16915 NAPA ST","NORTHRIDGE","CA","91343","Los Angeles County","151","31","Not Indicated"
"CAA19970040","BLESSED ROCK OF EL MONTE","4111 TYLER AVE","EL MONTE","CA","91731","Los Angeles County","137","137","Not Indicated"
"CAA19970065","BUDLONG AVENUE APTS","2727 S BUDLONG AVE","LOS ANGELES","CA","90007","Los Angeles County","12","11","Not Indicated"
"CAA19970080","CASA SEVILLE/MEMORY PARK","8750 MEMORY PARK AVE","NORTH HILLS","CA","91343","Los Angeles County","53","52","Not Indicated"
"CAA19970105","DECRO NORDHOFF APTS","15543 NORDHOFF ST","NORTH HILLS","CA","91343","Los Angeles County","38","38","Not Indicated"
"CAA19970110","ELIZABETH COURT","5225 ELIZABETH ST","CUDAHY","CA","90201","Los Angeles County","26","25","Not Indicated"
"CAA19970150","GOWER STREET APTS","1140 N GOWER ST","LOS ANGELES","CA","90038","Los Angeles County","55","55","Not Indicated"
"CAA19970155","HALIFAX APTS","6376 YUCCA ST","LOS ANGELES","CA","90028","Los Angeles County","46","46","Not Indicated"
"CAA19970180","HARMONY GARDENS","5239 HARMONY AVE","NORTH HOLLYWOOD","CA","91601","Los Angeles County","14","14","Not Indicated"
"CAA19970200","HERITAGE PARK SENIOR APTS","915 HIGHLAND AVE","DUARTE","CA","91010","Los Angeles County","120","118","Not Indicated"
"CAA19970215","HYDE PARK PLACE APTS","6323 TENTH AVE","LOS ANGELES","CA","90043","Los Angeles County","29","28","Not Indicated"
"CAA19970230","KITTRIDGE PARK VILLA","18303 KITTRIDGE ST","RESEDA","CA","91335","Los Angeles County","39","39","Not Indicated"
"CAA19970235","LA TOWN HOMES","2557 S BRONSON AVE","LOS ANGELES","CA","90018","Los Angeles County","7","7","Not Indicated"
"CAA19970290","NOBLE PINES APTS","21611 SATICOY ST","CANOGA PARK","CA","91304","Los Angeles County","68","67","Not Indicated"
"CAA19970295","NORMANDIE SENIOR HOUSING","6301 S NORMANDIE AVE","LOS ANGELES","CA","90044","Los Angeles County","75","75","Not Indicated"
"CAA19970300","NORMONT TERRACE PHASE I","981 HARBOR VILLAGE DR","HARBOR CITY","CA","90710","Los Angeles County","200","200","No Longer Monitored"
"CAA19970325","OXNARD VILLA","14045 OXNARD ST","VAN NUYS","CA","91401","Los Angeles County","40","40","Not Indicated"
"CAA19970335","PARKSIDE APTS","400 W NINTH ST","LOS ANGELES","CA","90015","Los Angeles County","79","78","Not Indicated"
"CAA19970340","PARTHENIA COURT","14825 PARTHENIA ST","PANORAMA CITY","CA","91402","Los Angeles County","25","25","Not Indicated"
"CAA19970385","RESEDA VILLAGE","7939 RESEDA BLVD","RESEDA","CA","91335","Los Angeles County","42","42","Not Indicated"
"CAA19970425","SERRANO APTS","1536 N SERRANO AVE","LOS ANGELES","CA","90027","Los Angeles County","42","41","Not Indicated"
"CAA19970430","SHERMAN OAKS GARDENS & VILLAS","5415 SEPULVEDA BLVD","SHERMAN OAKS","CA","91411","Los Angeles County","76","31","Not Indicated"
"CAA19970490","UNIVERSITY PARK APTS","1221 W 29TH ST","LOS ANGELES","CA","90007","Los Angeles County","20","19","Not Indicated"
"CAA19970495","VANOWEN GARDENS","11754 VANOWEN ST","NORTH HOLLYWOOD","CA","91605","Los Angeles County","15","15","Not Indicated"
"CAA19970530","WASHINGTON COURT","12525 WASHINGTON PL","LOS ANGELES","CA","90066","Los Angeles County","30","30","Not Indicated"
"CAA19970540","WILCOX APTS","1805 WILCOX AVE","HOLLYWOOD","CA","90028","Los Angeles County","23","23","Not Indicated"
"CAA19979556","HARBOR VILLAGE APTS I (B)","1011 BAYCREST LN","HARBOR CITY","CA","90710","Los Angeles County","200","200","Not Indicated"
"CAA19980005","39 WEST APTS","3885 S WESTERN AVE","LOS ANGELES","CA","90062","Los Angeles County","34","34","Not Indicated"
"CAA19980010","5TH & WILSHIRE APTS","1144 FIFTH ST","SANTA MONICA","CA","90403","Los Angeles County","32","32","Not Indicated"
"CAA19980065","BROOKHOLLOW APTS","2600 S AZUSA AVE","WEST COVINA","CA","91792","Los Angeles County","188","85","Not Indicated"
"CAA19980070","CAMBRIA APTS","738 S UNION AVE","LOS ANGELES","CA","90017","Los Angeles County","40","39","Not Indicated"
"CAA19980080","CASANOVA GARDENS","433 CASANOVA ST","LOS ANGELES","CA","90012","Los Angeles County","27","27","Not Indicated"
"CAA19980085","CLARA COURT","5159 CLARA ST","CUDAHY","CA","90201","Los Angeles County","35","35","Not Indicated"
"CAA19980090","COCHRAN CITY LIGHTS","1315 S COCHRAN AVE","LOS ANGELES","CA","90019","Los Angeles County","25","25","Not Indicated"
"CAA19980140","SEGUNDO TERRACE","2242 E EL SEGUNDO BLVD","COMPTON","CA","90222","Los Angeles County","25","25","Not Indicated"
"CAA19980150","FIGUEROA COURT APTS","9130 S FIGUEROA ST","LOS ANGELES","CA","90003","Los Angeles County","40","39","Not Indicated"
"CAA19980165","GARLAND CITY LIGHTS","1209 W EIGHTH ST","LOS ANGELES","CA","90017","Los Angeles County","72","72","Not Indicated"
"CAA19980185","HAZELTINE APTS","7250 HAZELTINE AVE","VAN NUYS","CA","91405","Los Angeles County","35","34","Not Indicated"
"CAA19980215","LARK ELLEN VILLAGE","1350 E SAN BERNARDINO RD","WEST COVINA","CA","91791","Los Angeles County","121","121","Not Indicated"
"CAA19980240","LOS ALTOS APTS APTS","4121 WILSHIRE BLVD","LOS ANGELES","CA","90010","Los Angeles County","67","27","Not Indicated"
"CAA19980260","MISSION VILLAGE TERRACE","4001 N MISSION RD","LOS ANGELES","CA","90032","Los Angeles County","84","83","Not Indicated"
"CAA19980275","NORMANDIE VILLAGE","1747 N NORMANDIE AVE","LOS ANGELES","CA","90027","Los Angeles County","16","16","Not Indicated"
"CAA19980300","OROZCO VILLAS","8920 ORION AVE","NORTH HILLS","CA","91343","Los Angeles County","32","32","Not Indicated"
"CAA19980315","PALM VIEW APTS","980 PALM AVE","WEST HOLLYWOOD","CA","90069","Los Angeles County","40","39","Not Indicated"
"CAA19980320","PALM VILLAGE","1011 W 91ST ST","LOS ANGELES","CA","90044","Los Angeles County","30","30","Not Indicated"
"CAA19980330","PALMER HOUSE","538 WALL ST","LOS ANGELES","CA","90013","Los Angeles County","67","67","Not Indicated"
"CAA19980340","PARK RIDGE APTS","9555 RESEDA BLVD","NORTHRIDGE","CA","91324","Los Angeles County","158","64","Not Indicated"
"CAA19980365","PAZ VILLAS","14643 BLYTHE ST","VAN NUYS","CA","91402","Los Angeles County","13","13","Not Indicated"
"CAA19980375","PICO GRAMERCY FAMILY HOUSING","1303 S GRAMERCY PL","LOS ANGELES","CA","90019","Los Angeles County","49","48","Not Indicated"
"CAA19980395","REGENCY APTS","2317 W AVE J8","LANCASTER","CA","93536","Los Angeles County","77","77","Not Indicated"
"CAA19980425","RUGBY PLAZA","3660 RUGBY AVE","HUNTINGTON PARK","CA","","Los Angeles County","183","183","Not Indicated"
"CAA19980430","SAN PEDRO NEW HOPE COURTYARD","1124 S PALOS VERDES ST","SAN PEDRO","CA","90731","Los Angeles County","10","10","Not Indicated"
"CAA19980465","SIERRA RETIREMENT VILLAGE","43321 SIERRA HWY","LANCASTER","CA","93534","Los Angeles County","97","96","Not Indicated"
"CAA19980500","SUNSHINE TERRACE","10800 LAUREL AVE","WHITTIER","CA","90605","Los Angeles County","50","50","Not Indicated"
"CAA19980555","TRES PALMAS","269 LOMA DR","LOS ANGELES","CA","90026","Los Angeles County","19","19","Not Indicated"
"CAA19980615","WESTLAKE CITY LIGHTS","509 S WESTLAKE AVE","LOS ANGELES","CA","90057","Los Angeles County","32","32","Not Indicated"
"CAA19980627","EUCLID VILLA TRANSITION HOUSING","154 S EUCLID AVE","PASADENA","CA","91101","Los Angeles County","15","15","Not Indicated"
"CAA19990005","16TH ST APTS","1438 16TH ST","SANTA MONICA","CA","90404","Los Angeles County","17","17","Not Indicated"
"CAA19990010","ANGELINA APTS","1300 ANGELINA ST","LOS ANGELES","CA","90026","Los Angeles County","81","81","Not Indicated"
"CAA19990035","BLYTHE STREET APTS","14607 BLYTHE ST","PANORAMA CITY","CA","91402","Los Angeles County","31","31","Not Indicated"
"CAA19990040","BOUQUET CANYON SENIOR LIVING","26705 BOUQUET CANYON RD","SANTA CLARITA","CA","91350","Los Angeles County","264","264","Not Indicated"
"CAA19990050","BRYSON FAMILY APTS","2701 WILSHIRE BLVD","LOS ANGELES","CA","90057","Los Angeles County","81","80","Not Indicated"
"CAA19990060","CALIFORNIA HOTEL (SAN PEDRO)","1134 S PACIFIC AVE","SAN PEDRO","CA","90731","Los Angeles County","39","39","Not Indicated"
"CAA19990080","CASA MADRID","20721 VANOWEN ST","CANOGA PARK","CA","91306","Los Angeles County","28","28","Not Indicated"
"CAA19990150","CUDAHY GARDENS","4343 ELIZABETH ST","CUDAHY","CA","90201","Los Angeles County","99","99","Not Indicated"
"CAA19990170","EL CORAZON APTS","7006 ALABAMA AVE","CANOGA PARK","CA","91303","Los Angeles County","12","11","Not Indicated"
"CAA19990190","EMPRESS APTS","514 S WESTLAKE AVE","LOS ANGELES","CA","90057","Los Angeles County","14","14","Not Indicated"
"CAA19990200","FEDORA APTS","836 FEDORA ST","LOS ANGELES","CA","90005","Los Angeles County","23","23","Not Indicated"
"CAA19990205","FIGUEROA OAKS","10210 S FIGUEROA ST","LOS ANGELES","CA","90003","Los Angeles County","31","31","Not Indicated"
"CAA19990235","GWEN BOLDEN MANOR","1302 E 41ST ST","LOS ANGELES","CA","90011","Los Angeles County","24","23","Not Indicated"
"CAA19990240","HACIENDA SENIOR VILLAS","1901 S AZUSA AVE","HACIENDA HEIGHTS","CA","91745","Los Angeles County","151","150","Not Indicated"
"CAA19990250","ROSEWOOD PARK SENIOR APTS","2230 S EASTERN AVE","COMMERCE","CA","90040","Los Angeles County","94","93","Not Indicated"
"CAA19990335","MAIN STREET PLAZA","333 W MAIN ST","ALHAMBRA","CA","91801","Los Angeles County","110","109","Not Indicated"
"CAA19990355","MAYUR TOWN HOMES","5846 CARLTON WAY","LOS ANGELES","CA","90028","Los Angeles County","21","20","Not Indicated"
"CAA19990360","MEDIA VILLAGE SENIOR HOUSING PROJECT","325 N THIRD ST","BURBANK","CA","91502","Los Angeles County","147","146","Not Indicated"
"CAA19990405","PALMS APTS","1920 BATSON AVE","ROWLAND HEIGHTS","CA","91748","Los Angeles County","332","332","Not Indicated"
"CAA19990495","SHERATON TOWN HOUSE","2961 WILSHIRE BLVD","LOS ANGELES","CA","90010","Los Angeles County","142","141","Not Indicated"
"CAA19990515","SOMERSET GLEN APTS","13380 HILLSBOROUGH DR","LA MIRADA","CA","90638","Los Angeles County","160","160","Not Indicated"
"CAA19990530","SPRINGDALE WEST APTS","2095 W SPRING ST","LONG BEACH","CA","90810","Los Angeles County","410","406","Not Indicated"
"CAA19990555","SYCAMORE PARK APTS","250 S AVE 50","LOS ANGELES","CA","90042","Los Angeles County","59","58","Not Indicated"
"CAA19990590","DON SENIOR APTS","105 E I ST","WILMINGTON","CA","90744","Los Angeles County","56","56","Not Indicated"
"CAA19990600","PROMENADE","1333 W GARVEY AVE N","WEST COVINA","CA","91790","Los Angeles County","124","124","Not Indicated"
"CAA19990605","SALVATION ARMY WESTWOOD TRANSITIONAL VILLAGE","1341 S SEPULVEDA BLVD","LOS ANGELES","CA","90025","Los Angeles County","40","40","Not Indicated"
"CAA19990630","TOLTON COURT","2806 W BLVD","LOS ANGELES","CA","90016","Los Angeles County","10","10","Not Indicated"
"CAA19990685","VINTAGE GROVE SENIOR APTS","3625 WILLIAMS AVE","LA VERNE","CA","91750","Los Angeles County","110","109","Not Indicated"
"CAA19990695","VISTA NUEVA APTS","130 S LA FAYETTE PARK PL","LOS ANGELES","CA","90057","Los Angeles County","30","29","Not Indicated"
"CAA19990710","TOTLON/MONTCLAIR COURT","4200 MONTCLAIR ST","LOS ANGELES","CA","90018","Los Angeles County","16","15","Not Indicated"
"CAA19990747","BARNSDALL COURT APTS","1632 N NORMANDIE AVE","LOS ANGELES","CA","90027","Los Angeles County","38","37","Not Indicated"
"CAA19990752","CASA RAMPART APTS","401 S RAMPART BLVD","LOS ANGELES","CA","90057","Los Angeles County","68","67","Not Indicated"
"CAA19990754","CONCORD-HUNTINGTON PARK APTS","6900 SEVILLE AVE","HUNTINGTON PARK","CA","90255","Los Angeles County","162","160","Not Indicated"
"CAA19990765","NEW HARBOR VISTA","410 N WILMINGTON BLVD","WILMINGTON","CA","90744","Los Angeles County","132","130","Not Indicated"
"CAA19990769","PARK GRAND APTS","858 E GRAND AVE","POMONA","CA","91766","Los Angeles County","62","61","Not Indicated"
"CAA19990770","PRESERVATION I","1156 W ADAMS BLVD","LOS ANGELES","CA","90007","Los Angeles County","89","87","Not Indicated"
"CAA19990771","PRESERVATION IV","1045 W 18TH ST","LOS ANGELES","CA","90015","Los Angeles County","30","29","Not Indicated"
"CAA19990772","PRESERVATION V","833 S CARONDELET ST","LOS ANGELES","CA","90057","Los Angeles County","124","118","Not Indicated"
"CAA19990780","TM CHAMBERS MANORS","2620 MENLO AVE","LOS ANGELES","CA","90007","Los Angeles County","19","18","Not Indicated"
"CAA19990781","VAN NUYS PIERCE PARK APTS","12700 VAN NUYS BLVD","PACOIMA","CA","91331","Los Angeles County","430","426","Not Indicated"
"CAA20000010","ABAJO DEL SOL SENIOR APTS","1000 ABAJO DR","MONTEREY PARK","CA","91754","Los Angeles County","61","60","Not Indicated"
"CAA20000035","AVALON-EL SEGUNDO SENIOR APTS","13232 AVALON BLVD","LOS ANGELES","CA","90061","Los Angeles County","42","41","Not Indicated"
"CAA20000045","WATSON II","3939 URSULA AVE","LOS ANGELES","CA","90008","Los Angeles County","83","83","Not Indicated"
"CAA20000090","CASA VERDE APTS","1552 SCHRADER BLVD","LOS ANGELES","CA","90028","Los Angeles County","30","29","Not Indicated"
"CAA20000095","CASABLANCA APTS","4160 E AVE R","PALMDALE","CA","93552","Los Angeles County","200","198","Not Indicated"
"CAA20000110","CHESTNUT VILLAGE","5675 YORK BLVD","LOS ANGELES","CA","90042","Los Angeles County","3","3","Not Indicated"
"CAA20000150","COURTLAND CITY LIGHTS","1355 W CT ST","LOS ANGELES","CA","90026","Los Angeles County","92","91","Not Indicated"
"CAA20000185","FOX NORMANDIE APTS","849 S NORMANDIE AVE","LOS ANGELES","CA","90005","Los Angeles County","48","47","Not Indicated"
"CAA20000190","GRACE AVENUE HOUSING","555 E CARSON ST","CARSON","CA","90745","Los Angeles County","84","83","Not Indicated"
"CAA20000195","GRANDVIEW CITY LIGHTS","831 S GRAND VIEW ST","LOS ANGELES","CA","90057","Los Angeles County","32","31","Not Indicated"
"CAA20000200","HARBOR CITY LIGHTS","523 W 127TH ST","LOS ANGELES","CA","90044","Los Angeles County","56","55","Not Indicated"
"CAA20000235","HIGHLAND VILLAGE","245 S AVE 50","LOS ANGELES","CA","90042","Los Angeles County","91","89","Not Indicated"
"CAA20000240","IRIS GARDENS","385 N ROCKVALE AVE","AZUSA","CA","91702","Los Angeles County","120","118","Not Indicated"
"CAA20000255","KENMORE APTS","1726 N KENMORE AVE","LOS ANGELES","CA","90027","Los Angeles County","21","20","Not Indicated"
"CAA20000290","LIVE OAKS GARDEN","5203 LIVE OAK ST","BELL","CA","90201","Los Angeles County","40","32","Not Indicated"
"CAA20000315","MIRADA TERRACE APTS","5657 LA MIRADA AVE","HOLLYWOOD","CA","90038","Los Angeles County","30","29","Not Indicated"
"CAA20000340","MOUNTAIN VIEW MANOR APTS","12960 DRONFIELD AVE","SYLMAR","CA","91342","Los Angeles County","200","200","Not Indicated"
"CAA20000375","OAK TREE VILLAGE","15231 SHERMAN WAY","VAN NUYS","CA","91405","Los Angeles County","21","20","Not Indicated"
"CAA20000385","ORANGE GROVE APTS","626 ORANGE GROVE AVE","GLENDALE","CA","91205","Los Angeles County","24","23","Not Indicated"
"CAA20000425","PARK PLACE APTS","7970 WOODMAN AVE","VAN NUYS","CA","91402","Los Angeles County","142","141","Not Indicated"
"CAA20000430","PARK WILLIAM APTS","853 WILLIAM ST","POMONA","CA","91768","Los Angeles County","31","30","Not Indicated"
"CAA20000470","PRESERVATION II","300 E 51ST ST","LOS ANGELES","CA","90011","Los Angeles County","109","104","Not Indicated"
"CAA20000475","PRESERVATION III","6427 S HOOVER ST","LOS ANGELES","CA","90044","Los Angeles County","48","44","Not Indicated"
"CAA20000495","ROWLAND HEIGHTS APTS","1945 BATSON AVE","ROWLAND HEIGHTS","CA","91748","Los Angeles County","144","142","Not Indicated"
"CAA20000505","SAN ANTONIO GARDEN","13708 SAN ANTONIO DR","NORWALK","CA","90650","Los Angeles County","65","65","Not Indicated"
"CAA20000520","SENDEROS","2141 ESTRELLA AVE","LOS ANGELES","CA","90007","Los Angeles County","12","12","Not Indicated"
"CAA20000575","SYCAMORE VILLAGE","523 S RAMPART BLVD","LOS ANGELES","CA","90057","Los Angeles County","30","29","Not Indicated"
"CAA20000625","THE VILLAGGIO II","555 E CARSON ST","CARSON","CA","90745","Los Angeles County","65","64","Not Indicated"
"CAA20000640","TOWNE SQUARE","11650 TOWNE AVE","LOS ANGELES","CA","90061","Los Angeles County","51","50","Not Indicated"
"CAA20000650","UNIVERSITY GARDENS APTS","1250 W JEFFERSON BLVD","LOS ANGELES","CA","90007","Los Angeles County","113","111","Not Indicated"
"CAA20000665","VILLAGES AT CABRILLO","2001 RIVER AVE","LONG BEACH","CA","90810","Los Angeles County","196","196","Not Indicated"
"CAA20000680","VINTAGE GARDENS SENIOR APTS","1950 E BADILLO ST","WEST COVINA","CA","91791","Los Angeles County","188","186","Not Indicated"
"CAA20000715","WAVECREST APTS","708 PICO BLVD","SANTA MONICA","CA","90405","Los Angeles County","20","19","Not Indicated"
"CAA20000730","WILSHIRE COURTYARD","2848 SUNSET PL","LOS ANGELES","CA","90005","Los Angeles County","102","101","Not Indicated"
"CAA20000741","AURORA VILLAGE I","43862 15TH ST W","LANCASTER","CA","93534","Los Angeles County","132","129","Not Indicated"
"CAA20000745","CARLTON COURT APTS","5443 CARLTON WAY","LOS ANGELES","CA","90027","Los Angeles County","61","60","Not Indicated"
"CAA20000750","EUGENE THOMAS MANOR","2208 S WESTERN AVE","LOS ANGELES","CA","90018","Los Angeles County","38","37","Not Indicated"
"CAA20000753","HEAVENLY VISION SENIOR HOUSING LP","9500 S BROADWAY","LOS ANGELES","CA","90003","Los Angeles County","46","45","Not Indicated"
"CAA20000754","IROLO SENIOR HOUSING","770 IROLO ST","LOS ANGELES","CA","90005","Los Angeles County","47","46","Not Indicated"
"CAA20000757","KINGS VILLAGES","1141 N FAIR OAKS AVE","PASADENA","CA","91103","Los Angeles County","313","312","Not Indicated"
"CAA20000769","SIERRA VIEW GARDENS","37850 20TH ST E","PALMDALE","CA","93550","Los Angeles County","144","142","Not Indicated"
"CAA20000774","WASHINGTON COURT FAMILY","1717 E 103RD ST","LOS ANGELES","CA","90002","Los Angeles County","102","100","Not Indicated"
"CAA20010010","ADAMS CITY LIGHTS","4471 W ADAMS BLVD","LOS ANGELES","CA","90016","Los Angeles County","31","30","Not Indicated"
"CAA20010020","ALEGRIA","2737 W SUNSET BLVD","LOS ANGELES","CA","90026","Los Angeles County","45","44","Not Indicated"
"CAA20010025","AMISTAD","1953 ESTRELLA AVE","LOS ANGELES","CA","90007","Los Angeles County","23","23","Not Indicated"
"CAA20010030","ANGELS CITY LIGHTS","13915 OXNARD ST","VAN NUYS","CA","91401","Los Angeles County","49","39","Not Indicated"
"CAA20010040","AVALON TERRACE NICOLET","4027 NICOLET AVE","LOS ANGELES","CA","90008","Los Angeles County","38","31","Not Indicated"
"CAA20010045","BENTON GREEN APTS","528 N BENTON WAY","LOS ANGELES","CA","90026","Los Angeles County","38","37","Not Indicated"
"CAA20010060","BIRCHCREST APTS","8525 PARAMOUNT BLVD","DOWNEY","CA","90240","Los Angeles County","64","62","Not Indicated"
"CAA20010065","BRANDON APTS","735 HARTFORD AVE","LOS ANGELES","CA","90017","Los Angeles County","32","31","Not Indicated"
"CAA20010090","CARSON TERRACE","632 E 219TH ST","CARSON","CA","90745","Los Angeles County","62","61","Not Indicated"
"CAA20010095","CASA DE CANOGA APTS","20717 VANOWEN ST","CANOGA PARK","CA","91306","Los Angeles County","102","101","Not Indicated"
"CAA20010125","CLAREMONT VILLAGE APTS","965 W ARROW HWY","CLAREMONT","CA","91711","Los Angeles County","150","149","Not Indicated"
"CAA20010155","DETROIT STREET SENIOR HOUSING","1212 N DETROIT ST","WEST HOLLYWOOD","CA","90046","Los Angeles County","10","10","Not Indicated"
"CAA20010160","DEWEY HOTEL","721 S MAIN ST","LOS ANGELES","CA","90014","Los Angeles County","43","42","Not Indicated"
"CAA20010165","DON CARLOS APTS","5226 HOLLYWOOD BLVD","LOS ANGELES","CA","90027","Los Angeles County","30","23","Not Indicated"
"CAA20010170","DOWNEY SENIOR APTS","8133 THIRD ST","DOWNEY","CA","90241","Los Angeles County","31","29","Not Indicated"
"CAA20010235","HERITAGE PARK ON WOODMAN","7840 WOODMAN AVE","PANORAMA CITY","CA","91402","Los Angeles County","155","153","Not Indicated"
"CAA20010255","HOPE VILLAGE","1031 S HOPE ST","LOS ANGELES","CA","90015","Los Angeles County","67","65","Not Indicated"
"CAA20010280","LA PUENTE PARK APTS","14730 PRICHARD ST","LA PUENTE","CA","91744","Los Angeles County","132","131","Not Indicated"
"CAA20010290","LINCOLN HOTEL","549 CERES AVE","LOS ANGELES","CA","90013","Los Angeles County","41","40","Not Indicated"
"CAA20010295","MAGNOLIA CITY LIGHTS","2885 LEEWARD AVE","LOS ANGELES","CA","90005","Los Angeles County","54","53","Not Indicated"
"CAA20010310","MARYLAND APTS","1340 MARYLAND ST","LOS ANGELES","CA","90017","Los Angeles County","30","29","Not Indicated"
"CAA20010340","NOBLE SENIOR HOUSING","15100 MOORPARK ST","SHERMAN OAKS","CA","91403","Los Angeles County","85","84","Not Indicated"
"CAA20010365","ORANGE TREE VILLAGE","2418 E EL SEGUNDO BLVD","COMPTON","CA","90222","Los Angeles County","21","20","Not Indicated"
"CAA20010375","PARK PLAZA SENIOR APTS","6755 RHODES AVE","NORTH HOLLYWOOD","CA","91606","Los Angeles County","203","200","Not Indicated"
"CAA20010495","SIMPSON ARBOR APTS","7507 SIMPSON AVE","NORTH HOLLYWOOD","CA","91605","Los Angeles County","83","82","No Longer Monitored"
"CAA20010500","SONYA GARDENS APTS","8621 DENVER AVE","LOS ANGELES","CA","90044","Los Angeles County","60","59","Not Indicated"
"CAA20010505","SOUTHERN HOTEL","412 E FIFTH ST","LOS ANGELES","CA","90013","Los Angeles County","55","53","Not Indicated"
"CAA20010535","HOOVER HOTEL","7035 GREENLEAF AVE","WHITTIER","CA","90602","Los Angeles County","50","49","Not Indicated"
"CAA20010560","VICTORY GARDENS","13436 VICTORY BLVD","VAN NUYS","CA","91401","Los Angeles County","15","15","Not Indicated"
"CAA20010595","VILLAGE POINTE APTS","43732 CHALLENGER WAY","LANCASTER","CA","93535","Los Angeles County","200","199","Not Indicated"
"CAA20010655","WILLOW TREE VILLAGES","12000 FOOTHILL BLVD","SYLMAR","CA","91342","Los Angeles County","49","48","Not Indicated"
"CAA20010662","ADAMS SENIOR GARDENS","1755 W ADAMS BLVD","LOS ANGELES","CA","90018","Los Angeles County","38","36","Not Indicated"
"CAA20010663","BEVERLY TOWERS","1315 W BEVERLY BLVD","MONTEBELLO","CA","90640","Los Angeles County","189","189","Not Indicated"
"CAA20010667","DETROIT STREET FAMILY HOUSING","1155 N DETROIT ST","WEST HOLLYWOOD","CA","90046","Los Angeles County","10","9","Not Indicated"
"CAA20010671","LA BREA GARDENS","5120 EXPOSITION BLVD","LOS ANGELES","CA","90016","Los Angeles County","185","182","Not Indicated"
"CAA20010674","PARK LANE FAMILY APTS","4508 W MLK JR BLVD","LOS ANGELES","CA","","Los Angeles County","117","116","Not Indicated"
"CAA20010676","RICHARD N HOGAN MANOR","5506 S FIGUEROA ST","LOS ANGELES","CA","90037","Los Angeles County","51","50","Not Indicated"
"CAA20010684","VERDES DEL ORIENTE","360 W THIRD ST","SAN PEDRO","CA","90731","Los Angeles County","113","112","Not Indicated"
"CAA20010685","SWANSEA PARK SENIOR APTS","1015 N KINGSLEY DR","LOS ANGELES","CA","90029","Los Angeles County","82","81","Not Indicated"
"CAA20020015","AMISTAD APTS","2037 LINCOLN PARK AVE","LOS ANGELES","CA","90031","Los Angeles County","49","48","Not Indicated"
"CAA20020020","APPLE TREE VILLAGE","9229 SEPULV EWAY","LOS ANGELES","CA","90045","Los Angeles County","125","122","No Longer Monitored"
"CAA20020060","CAMERON PARK APTS","929 W CAMERON AVE","WEST COVINA","CA","91790","Los Angeles County","158","156","Not Indicated"
"CAA20020090","CIENEGA GARDENS APTS","1211 N LYMAN AVE","COVINA","CA","91724","Los Angeles County","180","178","Not Indicated"
"CAA20020105","COMPTON GARDEN","4243 E ALONDRA BLVD","COMPTON","CA","90221","Los Angeles County","18","18","Not Indicated"
"CAA20020120","CURTIS JOHNSON APTS","727 W 47TH ST","LOS ANGELES","CA","90037","Los Angeles County","48","47","Not Indicated"
"CAA20020165","GATEWAY CITY LIGHTS","523 1/2 W EL SEGUNDO BLVD","LOS ANGELES","CA","90061","Los Angeles County","72","56","Not Indicated"
"CAA20020175","GRANDVIEW NINE APTS","2300 JAMES M WOOD BLVD","LOS ANGELES","CA","90006","Los Angeles County","62","61","Not Indicated"
"CAA20020180","HALE-MORRIS-LEWIS SENIOR MANOR","1307 W 105TH ST","LOS ANGELES","CA","90044","Los Angeles County","41","40","Not Indicated"
"CAA20020185","HAPPY VALLEY CITY LIGHTS","2580 N SOTO ST","LOS ANGELES","CA","90032","Los Angeles County","70","56","Not Indicated"
"CAA20020195","HERITAGE PARK AT MONROVIA","630 W DUARTE RD","MONROVIA","CA","91016","Los Angeles County","78","77","Not Indicated"
"CAA20020275","MEERA TOWN HOMES","740 VALENCIA ST","LOS ANGELES","CA","90017","Los Angeles County","21","16","Not Indicated"
"CAA20020290","MISSION CITY LIGHTS","9121 SEPULVEDA BLVD","NORTH HILLS","CA","91343","Los Angeles County","46","36","Not Indicated"
"CAA20020300","MONTEREY PARK SENIOR VILLAGE","1935 POTRERO GRANDE DR","MONTEREY PARK","CA","91755","Los Angeles County","114","113","Not Indicated"
"CAA20020340","PARWOOD APTS","5441 N PARAMOUNT BLVD","LONG BEACH","CA","90805","Los Angeles County","528","526","Not Indicated"
"CAA20020380","SERENITY VILLAS","150 E BONITA AVE","POMONA","CA","91767","Los Angeles County","174","173","Not Indicated"
"CAA20020430","PIEDMONT APTS (NORTH HOLLYWOOD)","6750 WHITSETT AVE","NORTH HOLLYWOOD","CA","91606","Los Angeles County","198","42","Not Indicated"
"CAA20020480","VINTAGE CROSSING SENIOR APTS","6830 JORDAN AVE","CANOGA PARK","CA","91303","Los Angeles County","161","128","Not Indicated"
"CAA20020510","WILSHIRE CITY LIGHTS","716 S CARONDELET ST","LOS ANGELES","CA","90057","Los Angeles County","21","17","Not Indicated"
"CAA20020511","CENTER POINTE VILLAS","11856 ORANGE ST","NORWALK","CA","90650","Los Angeles County","240","236","Not Indicated"
"CAA20020513","AMISTAD PLAZA","6050 S WESTERN AVE","LOS ANGELES","CA","90047","Los Angeles County","56","55","Not Indicated"
"CAA20020515","BELLFLOWER TERRACE SENIOR APTS","9920 FLORA VISTA ST","BELLFLOWER","CA","90706","Los Angeles County","180","178","Not Indicated"
"CAA20020516","BREEZEWOOD VILLAGE APTS","16000 GRAYVILLE DR","LA MIRADA","CA","90638","Los Angeles County","122","120","Not Indicated"
"CAA20020521","EASTSIDE VILLAGE FAMILY APTS","2250 E 111TH ST","LOS ANGELES","CA","90059","Los Angeles County","78","77","Not Indicated"
"CAA20020522","EUGENE HOTEL","558 STANFORD AVE","LOS ANGELES","CA","90013","Los Angeles County","44","43","Not Indicated"
"CAA20020523","FAME WEST 25TH STREET","1940 W 25TH ST","LOS ANGELES","CA","90018","Los Angeles County","12","12","Not Indicated"
"CAA20020526","HOLLYVIEW SENIOR APTS","5411 HOLLYWOOD BLVD","LOS ANGELES","CA","90027","Los Angeles County","100","79","Not Indicated"
"CAA20020532","OSAGE SENIOR VILLAS","924 S OSAGE AVE","INGLEWOOD","CA","90301","Los Angeles County","91","72","Not Indicated"
"CAA20020533","PLAZA DE LEON APTS","630 S ALVARADO ST","LOS ANGELES","CA","90057","Los Angeles County","20","19","Not Indicated"
"CAA20020547","WISCONSIN III APTS","3790 WISCONSIN ST","LOS ANGELES","CA","90007","Los Angeles County","26","25","Not Indicated"
"CAA20030020","ARDMORE CITY LIGHTS","737 S ARDMORE AVE","LOS ANGELES","CA","90005","Los Angeles County","48","47","Not Indicated"
"CAA20030035","BALDWIN HILLS APTS","4063 NICOLET AVE","LOS ANGELES","CA","90008","Los Angeles County","58","57","Not Indicated"
"CAA20030050","BENTLEY CITY LIGHTS","420 WITMER ST","LOS ANGELES","CA","90017","Los Angeles County","36","35","Not Indicated"
"CAA20030060","BURLINGTON CITY LIGHTS","456 S BURLINGTON AVE","LOS ANGELES","CA","90057","Los Angeles County","40","39","Not Indicated"
"CAA20030100","CASA BONITA SENIOR APTS","6512 RUGBY AVE","HUNTINGTON PARK","CA","90255","Los Angeles County","80","79","Not Indicated"
"CAA20030110","CASTELAR APTS","601 N HILL ST","LOS ANGELES","CA","90012","Los Angeles County","101","100","Not Indicated"
"CAA20030135","COMMUNITY ARMS APTS","169 E ORANGE GROVE BLVD","PASADENA","CA","91103","Los Angeles County","133","131","Not Indicated"
"CAA20030140","CORNERSTONE APTS","14128 CALVERT ST","VAN NUYS","CA","91401","Los Angeles County","36","35","Not Indicated"
"CAA20030160","ELYSIAN CITY LIGHTS","1370 ALLISON AVE","LOS ANGELES","CA","90026","Los Angeles County","21","20","Not Indicated"
"CAA20030165","FAR EAST BUILDING","349 E FIRST ST","LOS ANGELES","CA","90012","Los Angeles County","16","15","Not Indicated"
"CAA20030215","HOLLYWOOD WESTERN APTS","1672 N WESTERN AVE","HOLLYWOOD","CA","90027","Los Angeles County","60","59","Not Indicated"
"CAA20030230","IMPERIAL HIGHWAY APTS","1651 E IMPERIAL HWY","LOS ANGELES","CA","90059","Los Angeles County","46","45","Not Indicated"
"CAA20030240","INNES HEIGHTS APTS","1245 INNES AVE","LOS ANGELES","CA","90026","Los Angeles County","19","18","Not Indicated"
"CAA20030265","LA PRIMAVERA APTS","1330 S OLIVE ST","LOS ANGELES","CA","90015","Los Angeles County","36","35","Not Indicated"
"CAA20030280","LAS BRISAS COMMUNITY HOUSING","2399 CALIFORNIA AVE","SIGNAL HILL","CA","90755","Los Angeles County","92","90","Not Indicated"
"CAA20030295","LITTLE LAKE VILLAGE APTS","10902 FULTON WELLS AVE","SANTA FE SPRINGS","CA","90670","Los Angeles County","144","142","Not Indicated"
"CAA20030320","MIRAMAR CITY LIGHTS","1417 W THIRD ST","LOS ANGELES","CA","90017","Los Angeles County","49","48","Not Indicated"
"CAA20030430","RIVERS HOTEL","1226 E SEVENTH ST","LOS ANGELES","CA","90021","Los Angeles County","76","74","Not Indicated"
"CAA20030455","SAN LUCAS SENIOR HOUSING","1221 W SEVENTH ST","LOS ANGELES","CA","90017","Los Angeles County","196","194","Not Indicated"
"CAA20030460","SANTA CRUZ TERRACE","201 N BEACON ST","SAN PEDRO","CA","90731","Los Angeles County","48","47","Not Indicated"
"CAA20030495","ST GEORGE HOTEL","115 E THIRD ST","LOS ANGELES","CA","90013","Los Angeles County","88","86","Not Indicated"
"CAA20030550","BROWNSTONE HOTEL","425 E FIFTH ST","LOS ANGELES","CA","90013","Los Angeles County","48","47","Not Indicated"
"CAA20030555","OAKS ON FLORENCE","4224 FLORENCE AVE","BELL","CA","90201","Los Angeles County","63","62","Not Indicated"
"CAA20030580","TRI-CITY HOUSING","511 S MARIPOSA AVE","LOS ANGELES","CA","90020","Los Angeles County","142","142","Not Indicated"
"CAA20030615","VILLAGE AT BEECHWOOD","44063 BEECH AVE","LANCASTER","CA","93534","Los Angeles County","100","99","Not Indicated"
"CAA20030658","CANYON COUNTRY SENIOR APTS","18701 FLYING TIGER DR","SANTA CLARITA","CA","91387","Los Angeles County","200","198","Not Indicated"
"CAA20030661","HAROLD WAY APTS","5521 HAROLD WAY","HOLLYWOOD","CA","90028","Los Angeles County","51","50","Not Indicated"
"CAA20030664","ML SHEPARD MANOR SENIOR HOUISNG","2330 SANTA ANA S","LOS ANGELES","CA","90059","Los Angeles County","90","89","Not Indicated"
"CAA20040015","ALEGRIA APTS","801 W 23RD ST","LOS ANGELES","CA","90007","Los Angeles County","15","14","Not Indicated"
"CAA20040040","BROADWAY VILLAGE APTS I","254 W 78TH ST","LOS ANGELES","CA","90003","Los Angeles County","16","16","Not Indicated"
"CAA20040045","BROADWAY VISTAS","9800 S BROADWAY","LOS ANGELES","CA","90003","Los Angeles County","21","20","Not Indicated"
"CAA20040075","CASA DE CABRILLO","2111 W WILLIAMS ST","LONG BEACH","CA","90810","Los Angeles County","204","200","Not Indicated"
"CAA20040080","CASA FIGUEROA APTS","7800 S FIGUEROA ST","LOS ANGELES","CA","90003","Los Angeles County","49","48","Not Indicated"
"CAA20040085","CASTAIC LAKE SENIOR APTS","31978 CASTAIC RD","CASTAIC","CA","91384","Los Angeles County","150","149","Not Indicated"
"CAA20040170","EL CENTRO LORETTO APTS","1021 N HOOVER ST","LOS ANGELES","CA","90029","Los Angeles County","76","75","Not Indicated"
"CAA20040185","EMERALD PARK","212 LUCAS AVE","LOS ANGELES","CA","90026","Los Angeles County","21","20","Not Indicated"
"CAA20040220","GRISHAM COMMUNITY HOUSING","11 W 49TH ST","LONG BEACH","CA","90805","Los Angeles County","96","94","Not Indicated"
"CAA20040235","HAVENHURST APTS","1435 HAVENHURST DR","WEST HOLLYWOOD","CA","90046","Los Angeles County","24","23","Not Indicated"
"CAA20040295","LOS GIRASOLES","952 S RECORD AVE","LOS ANGELES","CA","90023","Los Angeles County","11","11","Not Indicated"
"CAA20040310","MARYLAND HEIGHTS","1337 W FIFTH ST","LOS ANGELES","CA","90017","Los Angeles County","49","44","Not Indicated"
"CAA20040420","POTRERO SENIOR HOUSING","1301 POTRERO GRANDE DR","ROSEMEAD","CA","91770","Los Angeles County","53","52","Not Indicated"
"CAA20040470","SANTEE COURT ONE","700 S LOS ANGELES ST","LOS ANGELES","CA","90014","Los Angeles County","165","33","Not Indicated"
"CAA20040480","SINGING WOOD SENIOR HOUSING","10100 VALLEY BLVD","EL MONTE","CA","91731","Los Angeles County","110","109","Not Indicated"
"CAA20040490","SKYLINE VILLAGE","444 LUCAS AVE","LOS ANGELES","CA","90017","Los Angeles County","73","72","Not Indicated"
"CAA20040525","SUNSET CITY LIGHTS","2014 W SUNSET BLVD","LOS ANGELES","CA","90026","Los Angeles County","16","12","Not Indicated"
"CAA20040535","TEMPLE CITY LIGHTS","306 N ALVARADO ST","LOS ANGELES","CA","90026","Los Angeles County","34","33","Not Indicated"
"CAA20040600","VERMONT CITY LIGHTS","4215 S VERMONT AVE","LOS ANGELES","CA","90037","Los Angeles County","60","58","Not Indicated"
"CAA20040625","VILLA RAMONA","13030 RAMONA BLVD","BALDWIN PARK","CA","91706","Los Angeles County","71","70","Not Indicated"
"CAA20040665","WEST ANGELES VILLAS","6030 CRENSHAW BLVD","LOS ANGELES","CA","90043","Los Angeles County","150","149","Not Indicated"
"CAA20040680","WITMER/COLUMBIA PLACE","1304 W SEVENTH ST","LOS ANGELES","CA","90017","Los Angeles County","43","42","Not Indicated"
"CAA20040690","HAWAIIAN GARDENS APTS","11950 CENTRALIA RD","HAWAIIAN GARDENS","CA","90716","Los Angeles County","264","211","Not Indicated"
"CAA20040692","HERITAGE PARK AT ARCADIA","150 LAS TUNAS DR","ARCADIA","CA","91007","Los Angeles County","54","53","Not Indicated"
"CAA20040694","HERITAGE PARK AT GLENDALE","420 E HARVARD ST","GLENDALE","CA","91205","Los Angeles County","52","51","Not Indicated"
"CAA20040702","EADS APTS","421 S BIXEL ST","LOS ANGELES","CA","90017","Los Angeles County","36","35","Not Indicated"
"CAA20040705","WITMER MANOR PRESERVATION PROJECT","1501 MIRAMAR ST","LOS ANGELES","CA","90026","Los Angeles County","238","238","Not Indicated"
"CAA20040706","DOLORES FRANCES APTS","1809 W 11TH ST","LOS ANGELES","CA","90006","Los Angeles County","390","366","Not Indicated"
"CAA20049707","VERMONT CITY LIGHTS","4215 - 4225 S VERMONT AVE AND 1011 W 42ND PL","LOS ANGELES","CA","90017","Los Angeles County","60","58","Not Indicated"
"CAA20050005","AFTON PLACE APTS","6230 AFTON PL","LOS ANGELES","CA","90028","Los Angeles County","71","70","Not Indicated"
"CAA20050050","BROADWAY CITY LIGHTS","8000 S BROADWAY","LOS ANGELES","CA","90003","Los Angeles County","49","48","Not Indicated"
"CAA20050055","BURBANK SENIOR ARTIST COLONY","240 E VERDUGO AVE","BURBANK","CA","91502","Los Angeles County","141","43","Not Indicated"
"CAA20050100","COLONIA CORONA APTS","13036 SHERMAN WAY","NORTH HOLLYWOOD","CA","91605","Los Angeles County","100","99","Not Indicated"
"CAA20050135","COURT STREET APTS","1301 W CT ST","LOS ANGELES","CA","90026","Los Angeles County","24","23","Not Indicated"
"CAA20050155","DOUGLAS PARK APTS","145 W ROSECRANS AVE","COMPTON","CA","90222","Los Angeles County","72","71","Not Indicated"
"CAA20050195","GATEWAYS SRO HOUSING","444 N HOOVER ST","LOS ANGELES","CA","90004","Los Angeles County","30","29","Not Indicated"
"CAA20050210","GOLDEN WEST TOWER","3510 MARICOPA ST","TORRANCE","CA","90503","Los Angeles County","180","178","Not Indicated"
"CAA20050215","GRAND & VENICE FAMILY HOUSING","1500 S GRAND AVE","LOS ANGELES","CA","90015","Los Angeles County","62","61","Not Indicated"
"CAA20050240","HARMONY CREEK","15554 GALE AVE","HACIENDA HEIGHTS","CA","91745","Los Angeles County","75","74","Not Indicated"
"CAA20050250","HARVARD GLENMARY","8711 S HARVARD BLVD","LOS ANGELES","CA","90047","Los Angeles County","216","214","Not Indicated"
"CAA20050275","INGRAM PRESERVATION","234 N LAKE ST","LOS ANGELES","CA","90026","Los Angeles County","140","135","Not Indicated"
"CAA20050315","LEEWARD APTS","230 W 88TH PL","LOS ANGELES GARDENA","CA","","Los Angeles County","257","245","Not Indicated"
"CAA20050340","LUTHERAN GARDENS APTS","2431 E EL SEGUNDO BLVD","COMPTON","CA","90222","Los Angeles County","76","75","Not Indicated"
"CAA20050415","NEW TERMINAL HOTEL","901 E SEVENTH ST","LOS ANGELES","CA","90021","Los Angeles County","40","39","Not Indicated"
"CAA20050435","PACIFIC TOWERS SENIOR APTS","10450 VALLEY BLVD","EL MONTE","CA","91731","Los Angeles County","100","99","Not Indicated"
"CAA20050440","ARBOR AT PALMDALE","1000 E AVE Q","PALMDALE","CA","93550","Los Angeles County","91","90","Not Indicated"
"CAA20050450","PALOMAR APTS","5473 SANTA MONICA BLVD","LOS ANGELES","CA","90029","Los Angeles County","27","26","Not Indicated"
"CAA20050480","PLYMOUTH WEST APTS","240 CHESTNUT AVE","LONG BEACH","CA","90802","Los Angeles County","196","195","Not Indicated"
"CAA20050490","PORTOFINO VILLAS","121 W PHILLIPS BLVD","POMONA","CA","91766","Los Angeles County","174","172","Not Indicated"
"CAA20050540","ST ANNE'S TRANSITION HOUSING & CHILD CARE DEVELOPMENT","155 N OCCIDENTAL BLVD","LOS ANGELES","CA","90026","Los Angeles County","40","39","Not Indicated"
"CAA20050615","TIDES SENIOR APTS","623 S RAMPART BLVD","LOS ANGELES","CA","90057","Los Angeles County","36","35","Not Indicated"
"CAA20050620","TIERRA DEL SOL","7500 ALABAMA AVE","CANOGA PARK","CA","91303","Los Angeles County","119","118","Not Indicated"
"CAA20050660","VIEWS AT 270","1516 N WESTERN AVE","LOS ANGELES","CA","90027","Los Angeles County","56","55","Not Indicated"
"CAA20050725","YANKEE HOTEL","501 E SEVENTH ST","LOS ANGELES","CA","90014","Los Angeles County","80","78","Not Indicated"
"CAA20050727","ASBURY APTS","2500 W SIXTH ST","LOS ANGELES","CA","90057","Los Angeles County","97","58","Not Indicated"
"CAA20050728","AURORA VILLAGE II","43945 12TH ST W","LANCASTER","CA","93534","Los Angeles County","140","138","Not Indicated"
"CAA20050736","METROPOLITAN LOFTS","1040 S FLOWER ST","LOS ANGELES","CA","90015","Los Angeles County","264","53","Not Indicated"
"CAA20050738","PISGAH VILLAGE","6000 ECHO ST","LOS ANGELES","CA","90042","Los Angeles County","47","46","Not Indicated"
"CAA20050739","PLUMMER VILLAGE APTS","15450 PLUMMER ST","NORTH HILLS","CA","91343","Los Angeles County","75","74","Not Indicated"
"CAA20050743","SANTOS PLAZA APTS","3837 S WESTERN AVE","LOS ANGELES","CA","90062","Los Angeles County","37","36","Not Indicated"
"CAA20050744","TESORO DEL VALLE","2301 HUMBOLDT ST","LOS ANGELES","CA","90031","Los Angeles County","121","119","Not Indicated"
"CAA20050745","CHANCELLOR","3191 W SEVENTH ST","LOS ANGELES","CA","90005","Los Angeles County","101","100","Not Indicated"
"CAA20060005","SECURITY BUILDING LOFTS","510 S SPRING ST","LOS ANGELES","CA","90013","Los Angeles County","153","31","Not Indicated"
"CAA20060020","MAIN STREET VISTAS","5950 S MAIN ST","LOS ANGELES","CA","90003","Los Angeles County","49","48","Not Indicated"
"CAA20060025","FIGUEROA PLACE","1320 W SUNSET BLVD","LOS ANGELES","CA","90026","Los Angeles County","33","32","Not Indicated"
"CAA20060035","BROADWAY VILLAGE APTS II","5101 S BROADWAY","LOS ANGELES","CA","90037","Los Angeles County","50","49","Not Indicated"
"CAA20060065","FLORES DEL VALLE APTS","222 N AVE 23","LOS ANGELES","CA","90031","Los Angeles County","146","144","Not Indicated"
"CAA20060070","MANSI TOWN HOMES","4520 S FIGUEROA ST","LOS ANGELES","CA","90037","Los Angeles County","21","20","Not Indicated"
"CAA20060090","SATICOY GARDENS","14649 SATICOY ST","VAN NUYS","CA","91405","Los Angeles County","30","29","Not Indicated"
"CAA20060095","LORENA TERRACE APTS","611 S LORENA ST","LOS ANGELES","CA","90023","Los Angeles County","49","47","Not Indicated"
"CAA20060130","RAINBOW APTS","643 S SAN PEDRO ST","LOS ANGELES","CA","90014","Los Angeles County","89","87","Not Indicated"
"CAA20060145","1424 BROADWAY APTS","1424 BROADWAY","SANTA MONICA","CA","90404","Los Angeles County","41","41","Not Indicated"
"CAA20060160","ORANGE GROVE GARDENS","252 E ORANGE GROVE BLVD","PASADENA","CA","91104","Los Angeles County","38","37","Not Indicated"
"CAA20060210","LAS BRISAS APTS","115 E 88TH ST","LOS ANGELES","CA","90003","Los Angeles County","66","65","Not Indicated"
"CAA20060230","ARBOR GROVE","855 W JACKMAN ST","LANCASTER","CA","93534","Los Angeles County","150","150","Not Indicated"
"CAA20060235","HARVARD HEIGHTS APT HOMES","950 S HARVARD BLVD","LOS ANGELES","CA","90006","Los Angeles County","47","46","Not Indicated"
"CAA20060280","NEW DANA STRAND PHASE I GARDEN APTS","326 KING AVE","WILMINGTON","CA","90744","Los Angeles County","120","118","Not Indicated"
"CAA20060285","TEMPLE VILLAS","1421 W TEMPLE ST","LOS ANGELES","CA","90026","Los Angeles County","52","51","Not Indicated"
"CAA20060290","EMERALD TERRACE APTS","1345 EMERALD DR","LOS ANGELES","CA","90026","Los Angeles County","85","84","Not Indicated"
"CAA20060315","KERN VILLA APTS","200 N KERN AVE","LOS ANGELES","CA","90022","Los Angeles County","49","48","Not Indicated"
"CAA20060366","SAN FERNANDO SENIOR HOUSING","101 PARK AVE","SAN FERNANDO","CA","91340","Los Angeles County","98","96","Not Indicated"
"CAA20060390","CASA SHALOM","1308 S NEW HAMPSHIRE AVE","LOS ANGELES","CA","90006","Los Angeles County","30","29","Not Indicated"
"CAA20060405","PILGRIM TOWER NORTH APTS","560 E VILLA ST","PASADENA","CA","91101","Los Angeles County","258","255","Not Indicated"
"CAA20060436","CORONEL VILLAGE","935 S BOYLE AVE","LOS ANGELES","CA","90023","Los Angeles County","48","47","Not Indicated"
"CAA20060445","PROTOTYPES POMONA APTS","837 E ARROW HWY","POMONA","CA","91767","Los Angeles County","32","31","Not Indicated"
"CAA20060606","CENTRAL CITY FAMILY HOUSING","1810 W 12TH ST","LOS ANGELES","CA","90006","Los Angeles County","63","61","Not Indicated"
"CAA20060630","CLARA PARK COMMONS","4805 CLARA ST","CUDAHY","CA","90201","Los Angeles County","50","49","Not Indicated"
"CAA20060635","WYSONG VILLAGE APTS","111 N CHAPEL AVE","ALHAMBRA","CA","91801","Los Angeles County","95","94","Not Indicated"
"CAA20060655","TERRY MANOR APTS","3100 S VERMONT AVE","LOS ANGELES","CA","90007","Los Angeles County","170","167","Not Indicated"
"CAA20060660","SOUTH BAY VILLA APTS","13111 S SAN PEDRO ST","LOS ANGELES","CA","90061","Los Angeles County","80","79","Not Indicated"
"CAA20060715","VILLA DEL SOL APTS","11971 ALLEGHENY ST","SUN VALLEY","CA","91352","Los Angeles County","103","101","No Longer Monitored"
"CAA20060730","LITTLE TOKYO DEVELOPMENT","375 E SECOND ST","LOS ANGELES","CA","90012","Los Angeles County","128","26","Not Indicated"
"CAA20060745","ALAMEDA TERRACE","11917 S FIGUEROA ST","LOS ANGELES","CA","90061","Los Angeles County","34","33","Not Indicated"
"CAA20060755","DECRO LONG BEACH","745 ALAMITOS AVE","LONG BEACH","CA","90813","Los Angeles County","321","307","Not Indicated"
"CAA20060758","LA COLORADO TERRACE","2455 COLORADO BLVD","LOS ANGELES","CA","90041","Los Angeles County","70","42","Not Indicated"
"CAA20060772","WINDWARD APTS","230 W 88TH PL","LOS ANGELES","CA","90003","Los Angeles County","232","220","Not Indicated"
"CAA20070005","26TH & SANTA MONICA FAMILY HOUSING","1349 26TH ST","SANTA MONICA","CA","90404","Los Angeles County","44","43","Not Indicated"
"CAA20070035","ARBOR COURT I","44958 TENTH ST W","LANCASTER","CA","93534","Los Angeles County","84","83","Not Indicated"
"CAA20070110","EAST LA COMMUNITY CORP","1074 S ROWAN AVE","LOS ANGELES","CA","90023","Los Angeles County","25","24","Not Indicated"
"CAA20070135","CENTRAL AVENUE VILLA","4051 S CENTRAL AVE","LOS ANGELES","CA","90011","Los Angeles County","20","20","Not Indicated"
"CAA20070185","CORONITA FAMILY APTS","204 LUCAS AVE","LOS ANGELES","CA","90026","Los Angeles County","21","20","Not Indicated"
"CAA20070236","ESSEX APTS","44916 TENTH ST W","LANCASTER","CA","93534","Los Angeles County","150","149","Not Indicated"
"CAA20070270","HART VILLAGE","6941 OWENSMOUTH AVE","CANOGA PARK","CA","91303","Los Angeles County","47","46","Not Indicated"
"CAA20070285","HOJAS DE PLATA APTS","1515 N ORANGE AVE","LA PUENTE","CA","91744","Los Angeles County","53","52","Not Indicated"
"CAA20070315","LAGUNA SENIOR APTS","4201 W SUNSET BLVD","LOS ANGELES","CA","90029","Los Angeles County","64","63","Not Indicated"
"CAA20070320","LAS BRISAS II","2400 CALIFORNIA AVE","SIGNAL HILL","CA","90755","Los Angeles County","60","59","Not Indicated"
"CAA20070330","LAUREL CREST APTS","45114 BEECH AVE","LANCASTER","CA","","Los Angeles County","72","71","Not Indicated"
"CAA20070365","MAYWOOD VILLAS","5601 ATLANTIC BLVD","MAYWOOD","CA","90270","Los Angeles County","54","53","Not Indicated"
"CAA20070370","METROPOLITAN CITY LIGHTS","1760 GARDENA AVE","GLENDALE","CA","91204","Los Angeles County","65","64","Not Indicated"
"CAA20070415","PACIFIC CITY LIGHTS","1643 PACIFIC AVE","LONG BEACH","CA","90813","Los Angeles County","42","41","Not Indicated"
"CAA20070420","PACIFIC COURT","2209 MAIN ST","SANTA MONICA","CA","90405","Los Angeles County","44","44","Not Indicated"
"CAA20070426","PANORAMA PRESERVATION LP","9248 VAN NUYS BLVD","PANORAMA CITY","CA","91402","Los Angeles County","87","86","Not Indicated"
"CAA20070435","PARK VIEW TERRACE SENIOR APTS","6722 CLARA ST","BELL GARDENS","CA","90201","Los Angeles County","72","71","Not Indicated"
"CAA20070455","PASCUAL REYES TOWNHOMES","1413 CONNECTICUT ST","LOS ANGELES","CA","90015","Los Angeles County","13","13","Not Indicated"
"CAA20070465","PICO/GRAMERCY FAMILY APTS","3201 W PICO BLVD","LOS ANGELES","CA","90019","Los Angeles County","71","70","Not Indicated"
"CAA20070471","QUEEN APTS","451 LUCAS AVE","LOS ANGELES","CA","90017","Los Angeles County","96","94","Not Indicated"
"CAA20070521","SECOND AVENUE APTS","1309 SECOND AVE","LOS ANGELES","CA","90019","Los Angeles County","20","19","Not Indicated"
"CAA20070540","SIERRA VISTA APTS","70 ESPERANZA AVE","SIERRA MADRE","CA","91024","Los Angeles County","43","45","Not Indicated"
"CAA20070570","STEVENSON MANOR","1230 COLE AVE","LOS ANGELES","CA","90038","Los Angeles County","61","60","Not Indicated"
"CAA20070650","TRIANGLE SQUARE APTS","1602 IVAR AVE","LOS ANGELES","CA","90028","Los Angeles County","104","103","Not Indicated"
"CAA20070675","VALLEY VIEW (NORTH HILLS)","9015 ORION AVE","NORTH HILLS","CA","91343","Los Angeles County","21","20","Not Indicated"
"CAA20070680","VICTOR CLOTHING APTS","242 S BROADWAY","LOS ANGELES","CA","90012","Los Angeles County","38","36","Not Indicated"
"CAA20070730","VISTA MONTEREY","4651 HUNTINGTON DR N","LOS ANGELES","CA","90032","Los Angeles County","48","47","Not Indicated"
"CAA20070732","WESTMINSTER PARK PLAZA APTS","9300 MAIE AVE","LOS ANGELES","CA","90002","Los Angeles County","130","100","Not Indicated"
"CAA20070740","WILLOWS (COMPTON)","12612 S WILMINGTON AVE","COMPTON","CA","90222","Los Angeles County","24","23","Not Indicated"
"CAA20070755","WILSHIRE VERMONT STATION","3183 WILSHIRE BLVD","LOS ANGELES","CA","90010","Los Angeles County","449","90","Not Indicated"
"CAA20070760","WITMER HEIGHTS APT HOMES","116 WITMER ST","LOS ANGELES","CA","90026","Los Angeles County","49","48","Not Indicated"
"CAA20070770","WOODLAND TERRACE","15532 NORDHOFF ST","NORTH HILLS","CA","91343","Los Angeles County","31","30","Not Indicated"
"CAA20070836","SANTA MONICA BERKELEY","3031 SANTA MONICA BLVD","SANTA MONICA","CA","90404","Los Angeles County","47","46","Not Indicated"
"CAA20070838","HDR PORTFOLIOS","2747 NEWELL ST","LOS ANGELES","CA","90039","Los Angeles County","125","118","Not Indicated"
"CAA20079841","WILSHIRE COURT APARTMENTS","1050 WILSHIRE BLVD","LOS ANGELES","CA","90017","Los Angeles County","41","40","Not Indicated"
"CAA20080010","MACARTHUR PARK TOWERS","450 S GRAND VIEW ST","LOS ANGELES","CA","90057","Los Angeles County","183","182","Not Indicated"
"CAA20080055","ABBEY APTS","605 S SAN PEDRO ST","LOS ANGELES","CA","90014","Los Angeles County","115","113","Not Indicated"
"CAA20080095","BARBIZON HOTEL APTS","1927 W SIXTH ST","LOS ANGELES","CA","90057","Los Angeles County","51","50","Not Indicated"
"CAA20080135","BRONSON COURTS","1227 N BRONSON AVE","LOS ANGELES","CA","90038","Los Angeles County","32","31","Not Indicated"
"CAA20080155","CARONDELET COURT APT HOMES","816 S CARONDELET ST","LOS ANGELES","CA","90057","Los Angeles County","33","32","Not Indicated"
"CAA20080160","CASA DE ANGELES","4900 S FIGUEROA ST","LOS ANGELES","CA","90037","Los Angeles County","49","48","Not Indicated"
"CAA20080165","CASA DE LAS HERMANITAS","2801 E SECOND ST","LOS ANGELES","CA","90033","Los Angeles County","88","87","Not Indicated"
"CAA20080200","CIELO AZUL","38040 27TH ST E","PALMDALE","CA","93550","Los Angeles County","81","80","Not Indicated"
"CAA20080205","CLINTON FAMILY APTS - LOS ANGELES","2114 CLINTON ST","LOS ANGELES","CA","90026","Los Angeles County","36","35","Not Indicated"
"CAA20080235","CORTEZ CITY LIGHTS","1612 CORTEZ ST","LOS ANGELES","CA","90026","Los Angeles County","21","20","Not Indicated"
"CAA20080270","DESERT SENIOR LIVING","38780 ORCHID VIEW PL","PALMDALE","CA","93550","Los Angeles County","62","61","Not Indicated"
"CAA20080285","EL DORADO FAMILY APTS","12129 EL DORADO AVE","SYLMAR","CA","91342","Los Angeles County","60","59","Not Indicated"
"CAA20080290","ELM AVENUE APTS","530 ELM AVE","LONG BEACH","CA","90802","Los Angeles County","17","16","Not Indicated"
"CAA20080300","ELWOOD FAMILY APTS","635 ELWOOD AVE","GLENDORA","CA","91740","Los Angeles County","87","86","Not Indicated"
"CAA20080370","HARBOR TOWER","340 S MESA ST","SAN PEDRO","CA","90731","Los Angeles County","180","178","Not Indicated"
"CAA20080425","INGLEWOOD MEADOWS","1 S LOCUST ST","INGLEWOOD","CA","90301","Los Angeles County","199","198","Not Indicated"
"CAA20080430","JAMES WOOD APTS","1405 JAMES M WOOD BLVD","LOS ANGELES","CA","90015","Los Angeles County","61","60","Not Indicated"
"CAA20080485","LYNDON HOTEL","413 E SEVENTH ST","LOS ANGELES","CA","90014","Los Angeles County","53","52","Not Indicated"
"CAA20080491","MAGNOLIA ON LAKE","2220 W SECOND ST","LOS ANGELES","CA","90057","Los Angeles County","46","45","Not Indicated"
"CAA20080515","METRO LOMA","328 MIRA LOMA AVE","GLENDALE","CA","91204","Los Angeles County","44","43","Not Indicated"
"CAA20080525","MIMMIM TOWN HOMES","5417 S FIGUEROA ST","LOS ANGELES","CA","90037","Los Angeles County","21","20","Not Indicated"
"CAA20080540","MORGAN PLACE","7301 CRENSHAW BLVD","LOS ANGELES","CA","90043","Los Angeles County","55","54","Not Indicated"
"CAA20080555","NEW DANA STRAND TOWN HOMES","450 KING AVE","WILMINGTON","CA","90744","Los Angeles County","116","114","Not Indicated"
"CAA20080565","NORTHWEST GATEWAY APTS","1304 W SECOND ST","LOS ANGELES","CA","90026","Los Angeles County","263","55","Not Indicated"
"CAA20080595","OSBORNE GARDENS APTS","12360 OSBORNE ST","PACOIMA","CA","91331","Los Angeles County","51","50","Not Indicated"
"CAA20080655","POMONA INTERGENERATIONAL HOUSING","1737 W HOLT AVE","POMONA","CA","91768","Los Angeles County","90","89","Not Indicated"
"CAA20080660","ARBOR FIELDS","530 W JACKMAN ST","LANCASTER","CA","93534","Los Angeles County","100","99","Not Indicated"
"CAA20080665","PUERTO DEL SOL APTS","745 W THIRD ST","LONG BEACH","CA","90802","Los Angeles County","64","63","Not Indicated"
"CAA20080675","REGENT PLAZA","201 W REGENT ST","INGLEWOOD","CA","90301","Los Angeles County","107","104","Not Indicated"
"CAA20080705","RUNNYMEDE SPRINGS","20422 COHASSET ST","WINNETKA","CA","91306","Los Angeles County","38","37","Not Indicated"
"CAA20080745","SICHEL FAMILY APTS","1805 SICHEL ST","LOS ANGELES","CA","90031","Los Angeles County","37","36","Not Indicated"
"CAA20080755","ST ANDREWS ARMS APTS","1511 S ST ANDREWS PL","LOS ANGELES","CA","90019","Los Angeles County","43","44","Not Indicated"
"CAA20080760","STEP UP ON FIFTH APTS","1548 FIFTH ST","SANTA MONICA","CA","90401","Los Angeles County","46","44","Not Indicated"
"CAA20080777","THE TAHITI","2423 CENTINELA AVE","SANTA MONICA","CA","90405","Los Angeles County","36","36","Not Indicated"
"CAA20080785","THE ALEXANDRIA HOTEL","501 S SPRING ST","LOS ANGELES","CA","90013","Los Angeles County","463","461","Not Indicated"
"CAA20080790","FAMILY COMMONS AT CABRILLO","2111 W WILLIAMS ST","LONG BEACH","CA","90810","Los Angeles County","81","80","Not Indicated"
"CAA20080800","THE HOBART","924 S HOBART BLVD","LOS ANGELES","CA","90006","Los Angeles County","49","48","Not Indicated"
"CAA20080853","TRES LOMAS GARDEN APTS","4343 TOLAND WAY","LOS ANGELES","CA","90041","Los Angeles County","46","45","Not Indicated"
"CAA20080865","TWIN PALMS APTS","1105 E AVE Q","PALMDALE","CA","","Los Angeles County","48","47","Not Indicated"
"CAA20080880","UNION POINT APTS","420 UNION DR","LOS ANGELES","CA","90017","Los Angeles County","21","20","Not Indicated"
"CAA20080935","VILLAS DEL LAGO","456 S LAKE ST","LOS ANGELES","CA","90057","Los Angeles County","74","73","Not Indicated"
"CAA20080940","VILLAS LAS AMERICAS","9618 VAN NUYS BLVD","PANORAMA CITY","CA","91402","Los Angeles County","55","54","Not Indicated"
"CAA20080965","WHISPERING PALMS APTS","38250 NINTH ST E","PALMDALE","CA","93550","Los Angeles County","75","74","Not Indicated"
"CAA20080981","BRICKER","1671 N WESTERN AVE","LOS ANGELES","CA","90027","Los Angeles County","16","15","Not Indicated"
"CAA20080983","CASA DE LOS AMIGOS","123 S CATALINA AVE","REDONDO BEACH","CA","90277","Los Angeles County","136","133","Not Indicated"
"CAA20080985","YALE TERRACE APTS","716 YALE ST","LOS ANGELES","CA","90012","Los Angeles County","55","54","Not Indicated"
"CAA20090030","ACADEMY HALL","12010 S VERMONT AVE","LOS ANGELES","CA","90044","Los Angeles County","46","45","Not Indicated"
"CAA20090035","ALEXANDRIA HOUSE APTS","510 S ALEXANDRIA AVE","LOS ANGELES","CA","90020","Los Angeles County","16","15","Not Indicated"
"CAA20090040","ARBOR LOFTS","665 W LANCASTER BLVD","LANCASTER","CA","93534","Los Angeles County","21","20","Not Indicated"
"CAA20090055","ARROW PLAZA","20644 E ARROW HWY","COVINA","CA","91724","Los Angeles County","64","63","Not Indicated"
"CAA20090065","ASTURIAS SENIOR APTS","9628 VAN NUYS BLVD","PANORAMA CITY","CA","91402","Los Angeles County","69","68","Not Indicated"
"CAA20090100","BURNS MANOR","8155 FOOTHILL BLVD","SUNLAND","CA","91040","Los Angeles County","82","81","Not Indicated"
"CAA20090110","CANTABRIA SENIOR APTS","9640 VAN NUYS BLVD","PANORAMA CITY","CA","91402","Los Angeles County","81","80","Not Indicated"
"CAA20090115","CASA DOMINGUEZ","1571 S ATLANTIC DR","EAST RANCHO DOMINGUEZ","CA","90221","Los Angeles County","70","69","Not Indicated"
"CAA20090125","CASA LUCERNA","1025 S KERN AVE","LOS ANGELES","CA","90022","Los Angeles County","75","74","Not Indicated"
"CAA20090130","CHERRYLEE GARDENS","11620 CHERRYLEE DR","EL MONTE","CA","91732","Los Angeles County","78","77","Not Indicated"
"CAA20090140","COLUMBUS SQUARE APTS","8613 COLUMBUS AVE","NORTH HILLS","CA","91343","Los Angeles County","64","63","Not Indicated"
"CAA20090165","DRAKE MANOR","200 DRAKE ST","POMONA","CA","91767","Los Angeles County","109","108","Not Indicated"
"CAA20090225","JAMES WOOD APTS","506 SAN JULIAN ST","LOS ANGELES","CA","90013","Los Angeles County","53","52","Not Indicated"
"CAA20090260","MANITOU VISTAS I","3414 MANITOU AVE","LOS ANGELES","CA","90031","Los Angeles County","48","47","Not Indicated"
"CAA20090270","MARIPOSA PLACE APTS","5030 SANTA MONICA BLVD","LOS ANGELES","CA","90029","Los Angeles County","58","57","Not Indicated"
"CAA20090305","ORION GARDENS APTS","8955 ORION AVE","NORTH HILLS","CA","91343","Los Angeles County","32","31","Not Indicated"
"CAA20090345","RAYEN APTS","15320 RAYEN ST","NORTH HILLS","CA","91343","Los Angeles County","49","48","Not Indicated"
"CAA20090365","SAN PEDRO APTS","235 S SAN PEDRO ST","LOS ANGELES","CA","90012","Los Angeles County","230","46","Not Indicated"
"CAA20090390","SEVEN MAPLES","2618 W SEVENTH ST","LOS ANGELES","CA","90057","Los Angeles County","57","56","Not Indicated"
"CAA20090465","THE ARDMORE","959 S ARDMORE AVE","LOS ANGELES","CA","90006","Los Angeles County","48","47","Not Indicated"
"CAA20090490","VILLA SERENA APTS","3929 E FIRST ST","LOS ANGELES","CA","90063","Los Angeles County","85","83","Not Indicated"
"CAA20090520","CENTRAL VILLAGE APTS","1315 E 21ST ST","LOS ANGELES","CA","90011","Los Angeles County","85","84","Not Indicated"
"CAA20090550","IMANI FE EAST & WEST","10424 S CENTRAL AVE","LOS ANGELES","CA","90002","Los Angeles County","92","90","Not Indicated"
"CAA20090610","PALO VERDE APTS (PALMDALE)","38235 TENTH ST E","PALMDALE","CA","93550","Los Angeles County","78","77","Not Indicated"
"CAA20090635","RITTENHOUSE SQUARE","1100 E 33RD ST","LOS ANGELES","CA","90011","Los Angeles County","100","99","Not Indicated"
"CAA20090640","ROSEWOOD GARDENS APTS","504 N BERENDO ST","LOS ANGELES","CA","90004","Los Angeles County","54","53","Not Indicated"
"CAA20090660","SUMMER TERRACE","38530 TIERRA SUBIDA AVE","PALMDALE","CA","93551","Los Angeles County","80","79","Not Indicated"
"CAA20090670","ROSSLYN LOFTS","101 W FIFTH ST","LOS ANGELES","CA","90013","Los Angeles County","259","259","Not Indicated"
"CAA20090800","NEW CARVER APTS","1624 S HOPE ST","LOS ANGELES","CA","90015","Los Angeles County","97","95","Not Indicated"
"CAA20090801","OCEAN BREEZE APTS","1458 14TH ST","SANTA MONICA","CA","90404","Los Angeles County","20","19","Not Indicated"
"CAA20090802","LEFFINGWELL MANOR","11410 SANTA GERTRUDES AVE","WHITTIER","CA","90604","Los Angeles County","89","88","Not Indicated"
"CAA20090804","HARVARD CIRCLE","952 N HARVARD BLVD","LOS ANGELES","CA","90029","Los Angeles County","39","39","Not Indicated"
"CAA20099805","MANITOU VISTAS II","3414 MANITOU AVE","LOS ANGELES","CA","90031","Los Angeles County","21","20","Not Indicated"
"CAA20100003","OLIVE STREET DEVELOPMENT","740 S OLIVE ST","LOS ANGELES","CA","90014","Los Angeles County","309","308","Not Indicated"
"CAA20100005","ADAMS & CENTRAL MIXED USE DEVELOPMENT","1011 E ADAMS BLVD","LOS ANGELES","CA","90011","Los Angeles County","80","79","Not Indicated"
"CAA20100007","ALDEA VILLAGE COMMUNITY","2003 S RESERVOIR ST","POMONA","CA","91766","Los Angeles County","19","19","Not Indicated"
"CAA20100013","ANDALUCIA HEIGHTS","458 HARTFORD AVE","LOS ANGELES","CA","90017","Los Angeles County","75","74","Not Indicated"
"CAA20100015","ANDALUCIA SENIOR APTS","8101 SEPULVEDA BLVD","PANORAMA CITY","CA","91402","Los Angeles County","94","93","Not Indicated"
"CAA20100020","ANGELUS PLAZA NORTH","200 S OLIVE ST","LOS ANGELES","CA","90012","Los Angeles County","332","330","Not Indicated"
"CAA20100025","ARBOR ON DATE","44927 DATE AVE","LANCASTER","CA","93534","Los Angeles County","40","39","Not Indicated"
"CAA20100040","BONNIE BRAE APT HOMES","505 S BONNIE BRAE ST","LOS ANGELES","CA","90057","Los Angeles County","53","52","Not Indicated"
"CAA20100045","BONNIE BRAE VILLAGE","208 S BONNIE BRAE ST","LOS ANGELES","CA","90057","Los Angeles County","92","91","Not Indicated"
"CAA20100050","BROADWAY PLAZA APTS","901 S BROADWAY","LOS ANGELES","CA","90015","Los Angeles County","82","16","Not Indicated"
"CAA20100060","CHARLES COBB APTS","521 S SAN PEDRO ST","LOS ANGELES","CA","90013","Los Angeles County","76","74","Not Indicated"
"CAA20100105","GARDENS ON GARFIELD","303 E GARFIELD AVE","GLENDALE","CA","91205","Los Angeles County","30","29","Not Indicated"
"CAA20100115","HOLLYDALE SENIOR APTS","12222 GARFIELD AVE","SOUTH GATE","CA","90280","Los Angeles County","101","100","Not Indicated"
"CAA20100120","HOLLYWOOD BUNGALOW COURTS","1721 N KINGSLEY DR","LOS ANGELES","CA","90027","Los Angeles County","42","41","Not Indicated"
"CAA20100127","LAS MARGARITAS APTS","115 N SOTO ST","LOS ANGELES","CA","90033","Los Angeles County","41","41","Not Indicated"
"CAA20100140","LONG BEACH BURNETT APTS","2355 LONG BEACH BLVD","LONG BEACH","CA","90806","Los Angeles County","46","36","Not Indicated"
"CAA20100147","MCCOY PLAZA A","9315 FIRTH BLVD","LOS ANGELES","CA","90002","Los Angeles County","64","63","Not Indicated"
"CAA20100149","MENLO PARK","831 W 70TH ST","LOS ANGELES","CA","90044","Los Angeles County","48","48","Not Indicated"
"CAA20100150","MIRAMAR VILLAGE","240 S WESTLAKE AVE","LOS ANGELES","CA","90057","Los Angeles County","114","113","Not Indicated"
"CAA20100155","MIRANDELA SENIOR APTS","5555 CRESTRIDGE RD","RANCHO PALOS VERDES","CA","90275","Los Angeles County","34","33","Not Indicated"
"CAA20100210","REGENCY TOWERS","151 N LOCUST ST","INGLEWOOD","CA","90301","Los Angeles County","104","103","Not Indicated"
"CAA20100215","RENATO APTS","531 SAN JULIAN ST","LOS ANGELES","CA","90013","Los Angeles County","96","95","Not Indicated"
"CAA20100235","ROSA PARKS VILLAS","2507 S BRONSON AVE","LOS ANGELES","CA","90018","Los Angeles County","60","59","Not Indicated"
"CAA20100250","SIERRA BONITA APTS","7530 SANTA MONICA BLVD","WEST HOLLYWOOD","CA","90046","Los Angeles County","42","41","Not Indicated"
"CAA20100298","COURTYARDS IN LONG BEACH","1027 REDONDO AVE","LONG BEACH","CA","90804","Los Angeles County","46","44","Not Indicated"
"CAA20100304","VAN NUYS APTS","210 W SEVENTH ST","LOS ANGELES","CA","90014","Los Angeles County","299","297","Not Indicated"
"CAA20100307","VASSAR CITY LIGHTS","3685 SAN FERNANDO RD","GLENDALE","CA","91204","Los Angeles County","70","70","Not Indicated"
"CAA20100803","HOLLYWOOD & VINE APTS","1600 VINE ST","LOS ANGELES","CA","90028","Los Angeles County","75","78","Not Indicated"
"CAA20100804","IVY TERRACE","13751 SHERMAN WAY","VAN NUYS","CA","91405","Los Angeles County","52","51","Not Indicated"
"CAA20100805","ANGELUS PLAZA","255 S HILL ST","LOS ANGELES","CA","90012","Los Angeles County","761","757","Not Indicated"
"CAA20100807","GLENDALE CITY LIGHTS","3673 SAN FERNANDO RD","GLENDALE","CA","91204","Los Angeles County","67","67","Not Indicated"
"CAA20110030","BIXEL HOUSE APTS","625 S BIXEL ST","LOS ANGELES","CA","90017","Los Angeles County","77","76","Not Indicated"
"CAA20110060","CANYON CREEK SENIOR HOUSING","4803 EL CANON AVE","CALABASAS","CA","91302","Los Angeles County","75","74","Not Indicated"
"CAA20110065","CARSON CITY CENTER SENIOR HOUSING","720 E CARSON ST","CARSON","CA","90745","Los Angeles County","86","85","Not Indicated"
"CAA20110092","CORONADO PLAZA","2614 W SEVENTH ST","LOS ANGELES","CA","90057","Los Angeles County","67","67","Not Indicated"
"CAA20110093","COURIER PLACE APTS","111 S COLLEGE AVE","CLAREMONT","CA","91711","Los Angeles County","74","75","Not Indicated"
"CAA20110110","DANA STRAND SENIOR APTS","410 HAWAIIAN AVE","WILMINGTON","CA","90744","Los Angeles County","100","99","Not Indicated"
"CAA20110145","FORD APTS","1000 E SEVENTH ST","LOS ANGELES","CA","90021","Los Angeles County","151","150","Not Indicated"
"CAA20110160","GLASSELL PARK COMMUNITY HOUSING","3000 VERDUGO RD","LOS ANGELES","CA","90065","Los Angeles County","50","49","Not Indicated"
"CAA20110167","GLENOAKS GARDENS","8925 GLENOAKS BLVD","SUN VALLEY","CA","91352","Los Angeles County","60","60","Not Indicated"
"CAA20110205","JUANITA VILLAS","335 N JUANITA AVE","LOS ANGELES","CA","90004","Los Angeles County","49","48","Not Indicated"
"CAA20110265","LORENA APTS","3327 SABINA ST","LOS ANGELES","CA","90023","Los Angeles County","112","111","Not Indicated"
"CAA20110290","MAYA TOWN HOMES","306 W 120TH ST","LOS ANGELES","CA","90061","Los Angeles County","21","20","Not Indicated"
"CAA20110308","MONTECITO TERRACES","14655 BLYTHE ST","PANORAMA CITY","CA","91402","Los Angeles County","96","96","Not Indicated"
"CAA20110310","MOSAIC APTS","1521 W PICO BLVD","LOS ANGELES","CA","90015","Los Angeles County","56","55","Not Indicated"
"CAA20110343","PALACE HOTEL","2640 E ANAHEIM ST","LONG BEACH","CA","90804","Los Angeles County","13","13","Not Indicated"
"CAA20110365","PATH VILLAS OSAGE APTS","812 S OSAGE AVE","INGLEWOOD","CA","90301","Los Angeles County","20","19","Not Indicated"
"CAA20110370","PROFESSIONAL HOUSING & DEVELOPMENT APTS","1020 S KINGSLEY DR","LOS ANGELES","CA","90006","Los Angeles County","83","82","Not Indicated"
"CAA20110375","PROVIDENCE GARDENS","1011 PINE AVE","LONG BEACH","CA","90813","Los Angeles County","200","198","Not Indicated"
"CAA20110435","SEASONS AT COMPTON","15810 S FRAILEY AVE","COMPTON","CA","90221","Los Angeles County","84","83","Not Indicated"
"CAA20110480","THE CROSSINGS AT NORTH HILLS","9333 SEPULVEDA BLVD","NORTH HILLS","CA","91343","Los Angeles County","38","37","Not Indicated"
"CAA20110482","CROSSINGS ON 29TH STREET","828 E 29TH ST","LOS ANGELES","CA","90011","Los Angeles County","33","33","Not Indicated"
"CAA20110484","CUATRO VIENTOS","5331 HUNTINGTON DR N","LOS ANGELES","CA","90032","Los Angeles County","24","24","Not Indicated"
"CAA20110522","VENDOME PALMS APTS","975 N VENDOME ST","LOS ANGELES","CA","90026","Los Angeles County","35","35","Not Indicated"
"CAA20110605","LA PRO APTS","249 N JUANITA AVE","LOS ANGELES","CA","90004","Los Angeles County","124","119","Not Indicated"
"CAA20110663","WADSWORTH PARK APTS","1033 E 43RD ST","LOS ANGELES","CA","90011","Los Angeles County","21","20","Not Indicated"
"CAA20110819","TOBERMAN VILLAGE","142 W SANTA CRUZ ST","SAN PEDRO","CA","90731","Los Angeles County","49","48","Not Indicated"
"CAA20110826","ENCANTO COURT","1345 W 105TH ST","LOS ANGELES","CA","90044","Los Angeles County","62","61","Not Indicated"
"CAA20110829","YOUNG BURLINGTON APTS","820 S BURLINGTON AVE","LOS ANGELES","CA","90057","Los Angeles County","21","20","Not Indicated"
"CAA20110830","36TH ST & BROADWAY APTS","4775 S BROADWAY","LOS ANGELES","CA","90037","Los Angeles County","27","25","Not Indicated"
"CAA20110834","WESTSIDE II","725 HINDRY AVE","INGLEWOOD","CA","90301","Los Angeles County","196","196","Not Indicated"
"CAA20110835","THE SAGEBRUSH OF DOWNTOWN II","725 W MILLING ST","LANCASTER","CA","93534","Los Angeles County","40","39","Not Indicated"
"CAA20110836","MY TOWN HOMES","12015 S FIGUEROA ST","LOS ANGELES","CA","90061","Los Angeles County","21","20","Not Indicated"
"CAA20110838","SAGEBRUSH OF DOWNTOWN","44825 ELM AVE","LANCASTER","CA","93534","Los Angeles County","21","20","Not Indicated"
"CAA20110841","THE VILLAS AT GOWER","1726 N GOWER ST","LOS ANGELES","CA","90028","Los Angeles County","70","69","Not Indicated"
"CAA20120020","CAMPUS COMMONS","16 CAMPUS DR","ARCADIA","CA","91007","Los Angeles County","42","42","Not Indicated"
"CAA20120050","EAST CARSON HOUSING","425 E CARSON ST","CARSON","CA","90745","Los Angeles County","64","64","Not Indicated"
"CAA20120060","EPWORTH APTS","6525 S NORMANDIE AVE","LOS ANGELES","CA","90044","Los Angeles County","19","19","Not Indicated"
"CAA20120085","HAYWORTH HOUSE","1234 N HAYWORTH AVE","WEST HOLLYWOOD","CA","90046","Los Angeles County","47","47","Not Indicated"
"CAA20120095","MARKET PARK APTS","601 N MARKET ST","INGLEWOOD","CA","90302","Los Angeles County","49","49","Not Indicated"
"CAA20120110","MILAN TOWN HOMES","10006 S BROADWAY","LOS ANGELES","CA","90003","Los Angeles County","15","15","Not Indicated"
"CAA20120150","SUNRISE APTS","5125 S MAIN ST","LOS ANGELES","CA","90037","Los Angeles County","45","45","Not Indicated"
"CAA20120845","OAKRIDGE FAMILY HOMES","15455 GLENOAKS BLVD","SYLMAR","CA","91342","Los Angeles County","59","59","Not Indicated"
"CAA20120852","PALMDALIA","38028 11TH ST E","PALMDALE","CA","93550","Los Angeles County","64","63","Not Indicated"
"CAA20120871","EVERGREEN APTS","1528 FREEMAN AVE","LONG BEACH","CA","90804","Los Angeles County","78","78","Not Indicated"
"CAA20120885","HIGH PLACE WEST","2345 VIRGINIA AVE","SANTA MONICA","CA","90404","Los Angeles County","46","46","Not Indicated"
"CAA20120889","MONTECITO APTS","6650 FRANKLIN AVE","LOS ANGELES","CA","90028","Los Angeles County","116","115","Not Indicated"
"CAA20120894","NOHO SENIOR VILLAS","5539 KLUMP AVE","NORTH HOLLYWOOD","CA","91601","Los Angeles County","49","48","Not Indicated"
"CAA20120897","MISSION PLAZA FAMILY APTS","2250 PARKSIDE AVE","LOS ANGELES","CA","90031","Los Angeles County","130","130","Not Indicated"
"CAA20120914","MOSAIC GARDENS AT WHITTIER","12524 PHILADELPHIA ST","WHITTIER","CA","90601","Los Angeles County","21","20","Not Indicated"
"CAA20120922","STEP UP ON VINE","1057 VINE ST","LOS ANGELES","CA","90038","Los Angeles County","34","32","Not Indicated"
"CAA20120926","LONG BEACH SENIOR ARTISTS COLONY","200 E ANAHEIM ST","LONG BEACH","CA","90813","Los Angeles County","161","160","Not Indicated"
"CAA20120927","NOHO SENIOR ARTISTS COLONY","10747 MAGNOLIA BLVD","N HOLLYWOOD","CA","91601","Los Angeles County","126","27","Not Indicated"
"CAA20120931","NEW HOPE HOME","1150 E NEW YORK ST","LONG BEACH","CA","90813","Los Angeles County","140","139","Not Indicated"
"CAA20120933","GARVEY COURT","10127 GARVEY AVE","EL MONTE","CA","91733","Los Angeles County","68","67","Not Indicated"
"CAA20120934","BUCKINGHAM SENIOR APTS","4020 BUCKINGHAM RD","LOS ANGELES","CA","90008","Los Angeles County","70","69","Not Indicated"
"CAA20120935","HUDSON OAKS","1267 N HUDSON AVE","PASADENA","CA","91104","Los Angeles County","45","44","Not Indicated"
"CAA20120940","OSBORNE PLACE APTS","12232 OSBORNE PL","PACOIMA","CA","91331","Los Angeles County","64","62","Not Indicated"
"CAA20120942","WILLIS AVENUE APTS","14731 RAYEN ST","PANORAMA CITY","CA","91402","Los Angeles County","42","41","Not Indicated"
"CAA20120943","28TH ST YMCA RESIDENCES","1006 E 28TH ST","LOS ANGELES","CA","90011","Los Angeles County","49","48","Not Indicated"
"CAA20120944","LONG BEACH & ANAHEIM","225 E 12TH ST","LONG BEACH","CA","90813","Los Angeles County","39","38","Not Indicated"
"CAA20120947","WOODS FAMILY","5051 E THIRD ST","LOS ANGELES","CA","90022","Los Angeles County","60","59","Not Indicated"
"CAA20120950","SHERMAN VILLAGE APTS","7135 WILBUR AVE","RESEDA","CA","91335","Los Angeles County","73","72","Not Indicated"
"CAA20120958","2602 BROADWAY","2602 BROADWAY","SANTA MONICA","CA","90404","Los Angeles County","33","33","Not Indicated"
"CAA20120959","BOYLE HOTEL APTS","1781 E FIRST ST","LOS ANGELES","CA","90033","Los Angeles County","51","50","Not Indicated"
"CAA20120964","VERMONT AVENUE APTS","4915 S VERMONT AVE","LOS ANGELES","CA","90037","Los Angeles County","49","48","Not Indicated"
"CAA20120965","NORMANDIE TERRACE","540 S NORMANDIE AVE","LOS ANGELES","CA","90020","Los Angeles County","66","65","Not Indicated"
"CAA20120971","MACARTHUR PARK APTS PHASE A","681 S BONNIE BRAE ST","LOS ANGELES","CA","90057","Los Angeles County","90","89","Not Indicated"
"CAA20120972","NEW GENESIS APTS","458 S MAIN ST","LOS ANGELES","CA","90013","Los Angeles County","106","104","Not Indicated"
"CAA20130002","2802 PICO","2802 PICO BLVD","SANTA MONICA","CA","90405","Los Angeles County","33","33","Not Indicated"
"CAA20130003","430 PICO","430 PICO BLVD","SANTA MONICA","CA","90405","Los Angeles County","31","31","Not Indicated"
"CAA20130011","CANBY WOODS","7248 CANBY AVE","RESEDA","CA","91335","Los Angeles County","98","97","Not Indicated"
"CAA20130013","CASA DE LA PALOMA - GLENDALE","133 S KENWOOD ST","GLENDALE","CA","91205","Los Angeles County","167","165","Not Indicated"
"CAA20130017","CHINATOWN METRO APTS","808 N SPRING ST","LOS ANGELES","CA","90012","Los Angeles County","123","122","Not Indicated"
"CAA20130019","CORAL WOOD COURT","8039 RESEDA BLVD","RESEDA","CA","91335","Los Angeles County","106","105","Not Indicated"
"CAA20130022","DEL REY SQUARE SENIOR HOUSING","11976 CULVER BLVD","LOS ANGELES","CA","90066","Los Angeles County","124","123","Not Indicated"
"CAA20130028","DUNBAR VILLAGE","4225 S CENTRAL AVE","LOS ANGELES","CA","90011","Los Angeles County","83","81","Not Indicated"
"CAA20130030","FICKETT TOWERS","14801 SHERMAN WAY","VAN NUYS","CA","91405","Los Angeles County","198","198","Not Indicated"
"CAA20130031","FIGUEROA SENIOR HOUSING","7621 S FIGUEROA ST","LOS ANGELES","CA","90003","Los Angeles County","35","34","Not Indicated"
"CAA20130039","HUNTINGTON PLAZA APTS","6330 RUGBY AVE","HUNTINGTON PARK","CA","90255","Los Angeles County","182","182","Not Indicated"
"CAA20130042","JEFFERSON PARK TERRACE","3023 S WESTERN AVE","LOS ANGELES","CA","90018","Los Angeles County","59","59","Not Indicated"
"CAA20130045","LA CORUNA SENIOR APTS","15301 LANARK ST","VAN NUYS","CA","91406","Los Angeles County","87","86","Not Indicated"
"CAA20130046","LINDA VISTA SENIOR APTS","630 S ST LOUIS ST","LOS ANGELES","CA","90023","Los Angeles County","22","22","Not Indicated"
"CAA20130055","MENLO FAMILY HOUSING","1230 MENLO AVE","LOS ANGELES","CA","90006","Los Angeles County","60","59","Not Indicated"
"CAA20130056","METRO AT HOLLYWOOD","5555 HOLLYWOOD BLVD","LOS ANGELES","CA","90028","Los Angeles County","120","119","Not Indicated"
"CAA20130057","MID CELIS APTS","1422 SAN FERNANDO RD","SAN FERNANDO","CA","91340","Los Angeles County","19","19","Not Indicated"
"CAA20130058","MIJA TOWNHOMES","4501 S FIGUEROA ST","LOS ANGELES","CA","90037","Los Angeles County","21","20","Not Indicated"
"CAA20130060","MOSAIC GARDENS AT HUNTINGTON PARK","6337 MIDDLETON ST","HUNTINGTON PARK","CA","90255","Los Angeles County","23","23","Not Indicated"
"CAA20130062","ND SEPULVEDA I","16000 LASSEN ST","NORTH HILLS","CA","91343","Los Angeles County","72","72","Not Indicated"
"CAA20130066","ORANGEWOOD COURT","5050 SEPULVEDA BLVD","SHERMAN OAKS","CA","91403","Los Angeles County","92","91","Not Indicated"
"CAA20130069","PARADISE ARMS","5200 S BROADWAY","LOS ANGELES","CA","90037","Los Angeles County","43","42","Not Indicated"
"CAA20130071","PARK PLACE APTS","12225 ATLANTIC AVE","LYNWOOD","CA","90262","Los Angeles County","99","98","Not Indicated"
"CAA20130079","REGENT SQUARE","527 W REGENT ST","INGLEWOOD","CA","90301","Los Angeles County","145","143","Not Indicated"
"CAA20130093","TERRA BELLA","5720 CLARA ST","BELL GARDENS","CA","90201","Los Angeles County","65","64","Not Indicated"
"CAA20130096","COURTYARD AT LA BREA","1151 N LA BREA AVE","WEST HOLLYWOOD","CA","90038","Los Angeles County","31","31","Not Indicated"
"CAA20130098","THE GORDON","1555 GORDON ST","LOS ANGELES","CA","90028","Los Angeles County","20","20","Not Indicated"
"CAA20130102","THE SERRANO","979 S SERRANO AVE","LOS ANGELES","CA","90006","Los Angeles County","43","43","Not Indicated"
"CAA20130103","TILDEN TERRACE","11048 WASHINGTON BLVD","CULVER CITY","CA","90232","Los Angeles County","32","20","Not Indicated"
"CAA20130110","VINELAND AVENUE SENIOR HOUSING","4900 VINELAND AVE","N HOLLYWOOD","CA","91601","Los Angeles County","82","81","Not Indicated"
"CAA20130113","VISTA ANGELINA FAMILY APTS","418 E EDGEWARE RD","LOS ANGELES","CA","90026","Los Angeles County","108","106","Not Indicated"
"CAA20130116","VOORHIS VILLAGE APTS","653 E JUANITA AVE","SAN DIMAS","CA","91773","Los Angeles County","65","64","Not Indicated"
"CAA20130300","BANNING VILLA APTS","1100 N BANNING BLVD","WILMINGTON","CA","90744","Los Angeles County","90","89","Not Indicated"
"CAA20130306","BELWOOD ARMS APTS","6301 ATLANTIC AVE","LONG BEACH","CA","90805","Los Angeles County","34","33","Not Indicated"
"CAA20130329","CORONADO PLACE APTS","671 S CORONADO ST","LOS ANGELES","CA","90057","Los Angeles County","41","40","Not Indicated"
"CAA20130348","FOOTHILL TERRACE","13751 HUBBARD ST","SYLMAR","CA","91342","Los Angeles County","40","39","Not Indicated"
"CAA20130351","FREEMAN VILLA APTS","1229 S WESTMORELAND AVE","LOS ANGELES","CA","90006","Los Angeles County","41","40","Not Indicated"
"CAA20130354","GATEWAYS APTS (LOS ANGELES)","505 S SAN PEDRO ST","LOS ANGELES","CA","90013","Los Angeles County","108","107","Not Indicated"
"CAA20130358","HAMLIN ESTATES","11735 HAMLIN ST","NORTH HOLLYWOOD","CA","91606","Los Angeles County","30","29","Not Indicated"
"CAA20130366","JEFFERSON BOULEVARD & FIFTH AVENUE APTS","2401 W JEFFERSON BLVD","LOS ANGELES","CA","90018","Los Angeles County","40","39","Not Indicated"
"CAA20130372","LA PRO II APTS","10311 S WESTERN AVE","LOS ANGELES","CA","90047","Los Angeles County","123","119","Not Indicated"
"CAA20130376","LOGAN'S PLAZA","2019 E 122ND ST","COMPTON","CA","90222","Los Angeles County","61","60","Not Indicated"
"CAA20130379","LOTUS GARDEN","719 YALE ST","LOS ANGELES","CA","90012","Los Angeles County","60","59","Not Indicated"
"CAA20130400","ND SEPULVEDA II","9700 WOODLEY AVE","NORTH HILLS","CA","91343","Los Angeles County","76","75","Not Indicated"
"CAA20130402","NORWALK CHRISTIAN TOWER APTS","14141 CLARKDALE AVE","NORWALK","CA","90650","Los Angeles County","185","183","Not Indicated"
"CAA20130421","PWC FAMILY HOUSING","153 GLENDALE BLVD","LOS ANGELES","CA","90026","Los Angeles County","45","44","Not Indicated"
"CAA20130441","SEVEN PALMS APTS","12831 SAN FERNANDO RD","SYLMAR","CA","91342","Los Angeles County","68","64","Not Indicated"
"CAA20130447","STAR APTS","240 E SIXTH ST","LOS ANGELES","CA","90014","Los Angeles County","102","100","Not Indicated"
"CAA20130458","THE WHITTIER","3555 WHITTIER BLVD","LOS ANGELES","CA","90023","Los Angeles County","60","59","Not Indicated"
"CAA20130460","TOBIAS TERRACE APTS","9247 VAN NUYS BLVD","PANORAMA CITY","CA","91402","Los Angeles County","56","55","Not Indicated"
"CAA20130465","TYLER COURT","3348 TYLER AVE","EL MONTE","CA","91731","Los Angeles County","20","19","Not Indicated"
"CAA20130483","WARWICK TERRACE","14921 S STANFORD AVE","COMPTON","CA","90220","Los Angeles County","108","102","Not Indicated"
"CAA20132004","SAN FERNANDO COMMUNITY HOUSING","133 PARK AVENUE","SAN FERNANDO","CA","91340","Los Angeles County","62","61","Not Indicated"
"CAA20138490","SAN FERNANDO COMMUNITY HOUSING","133 PARK AVE","SAN FERNANDO","CA","91340","Los Angeles County","62","61","Not Indicated"
"CAA20140373","ARBOR GREEN","21227 FIGUEROA ST","CARSON","CA","90745","Los Angeles County","40","39","Not Indicated"
"CAA20140374","ARGYLE APTS","1600 N WESTERN AVE","LOS ANGELES","CA","90027","Los Angeles County","40","39","Not Indicated"
"CAA20140376","AZUSA APTS","805 S CERRITOS AVE","AZUSA","CA","91702","Los Angeles County","88","87","Not Indicated"
"CAA20140377","BELMAR APTS","1725 OCEAN AVE","SANTA MONICA","CA","90401","Los Angeles County","160","158","Not Indicated"
"CAA20140395","CYPRESS SENIOR LIVING","311 E CYPRESS ST","GLENDALE","CA","91205","Los Angeles County","18","17","Not Indicated"
"CAA20140396","DAY STREET APTS","7639 DAY ST","TUJUNGA","CA","91042","Los Angeles County","46","45","Not Indicated"
"CAA20140397","DENNY PLACE & WILLOW WOOD APTS","5620 DENNY AVE","NORTH HOLLYWOOD","CA","91601","Los Angeles County","36","36","Not Indicated"
"CAA20140398","EL MONTE VETERANS VILLAGE","11240 RAMONA BLVD","EL MONTE","CA","91731","Los Angeles County","41","40","Not Indicated"
"CAA20140400","FAME SANTA MONICA SENIOR APTS","1753 18TH ST","SANTA MONICA","CA","90404","Los Angeles County","49","47","Not Indicated"
"CAA20140406","HAZELTINE & WYANDOTTE APTS","7250 HAZELTINE AVE","VAN NUYS","CA","91405","Los Angeles County","108","106","Not Indicated"
"CAA20140407","HFL SEQUOIA APTS","14402 HAMLIN ST","VAN NUYS","CA","91401","Los Angeles County","25","24","Not Indicated"
"CAA20140408","HIGH PLACE EAST","2401 VIRGINIA AVE","SANTA MONICA","CA","90404","Los Angeles County","44","43","Not Indicated"
"CAA20140409","HOLLYWOODLAND APTS","977 N WILTON PL","LOS ANGELES","CA","90038","Los Angeles County","83","82","Not Indicated"
"CAA20140415","KNOB HILL APTS","2403 W FOURTH ST","LOS ANGELES","CA","90057","Los Angeles County","39","38","Not Indicated"
"CAA20140427","NAOMI GARDENS","655 W NAOMI AVE","ARCADIA","CA","91007","Los Angeles County","101","100","Not Indicated"
"CAA20140435","RAMONA PARK SENIOR","3290 E ARTESIA BLVD","LONG BEACH","CA","90805","Los Angeles County","61","60","Not Indicated"
"CAA20140439","REGENCY COURT APTS","720 FIFTH AVE CT","MONROVIA","CA","91016","Los Angeles County","115","114","Not Indicated"
"CAA20140441","RIVERWALK AT RESEDA","18425 KITTRIDGE ST","RESEDA","CA","91335","Los Angeles County","77","76","Not Indicated"
"CAA20140443","SLAUSON STATION APTS","1717 E 61ST ST","LOS ANGELES","CA","90001","Los Angeles County","30","29","Not Indicated"
"CAA20140450","TERRACINA APTS","1226 W IMPERIAL HWY","LOS ANGELES","CA","90044","Los Angeles County","72","71","Not Indicated"
"CAA20140458","VISTAS","15211 SHERMAN WAY","VAN NUYS","CA","91405","Los Angeles County","84","83","Not Indicated"
"CAA20140461","WEST VALLEY TOWERS","14650 SHERMAN WAY","VAN NUYS","CA","91405","Los Angeles County","97","96","Not Indicated"
"CAA20140463","WHITTIER SENIOR HOUSING","7215 BRIGHT AVE","WHITTIER","CA","90602","Los Angeles County","156","155","Not Indicated"
"CAA20140465","WRIGHT BROTHERS COURT","38832 FOURTH ST E","PALMDALE","CA","93550","Los Angeles County","156","154","Not Indicated"
"CAA20141003","615 MANHATTAN APARTMENTS","615 S. MANHATTAN PLACE","LOS ANGELES","CA","90005","Los Angeles County","156","154","Not Indicated"
"CAA20141005","AVALON APARTMENTS","13218 AVALON BLVD.","LOS ANGELES","CA","90061","Los Angeles County","55","54","Not Indicated"
"CAA20141008","BESWICK SENIOR APARTMENTS","3553 BESWICK STREET","LOS ANGELES","CA","90023","Los Angeles County","33","32","Not Indicated"
"CAA20141009","BROADWAY VILLAS","9413 S. SPRING STREET","LOS ANGELES","CA","90003","Los Angeles County","49","48","Not Indicated"
"CAA20141010","BROADWOOD TERRACE","5005 S. MAIN STREET","LOS ANGELES","CA","90037","Los Angeles County","89","88","Not Indicated"
"CAA20141011","BURLINGTON FAMILY APARTMENTS","415 S. BURLINGTON AVENUE","LOS ANGELES","CA","90057","Los Angeles County","30","29","Not Indicated"
"CAA20141018","CASA GRIFFIN APARTMENTS","2669 N. GRIFFIN AVENUE","LOS ANGELES","CA","90031","Los Angeles County","40","39","Not Indicated"
"CAA20141022","COLLEGE PARK APARTMENTS","43331 30TH STREET WEST","LANCASTER","CA","93536","Los Angeles County","61","60","Not Indicated"
"CAA20141023","COMPTON SENIOR APARTMENTS","302 N. TAMARIND AVENUE","COMPTON","CA","90220","Los Angeles County","75","74","Not Indicated"
"CAA20141025","COVENANT MANOR","600 E. 4TH STREET","LONG BEACH","CA","90802","Los Angeles County","100","99","Not Indicated"
"CAA20141026","DOWNEY VIEW","8314 2ND STREET","DOWNEY","CA","90241","Los Angeles County","50","49","Not Indicated"
"CAA20141028","EAST CARSON II HOUSING","401 WEST CARSON STREET","CARSON","CA","90745","Los Angeles County","40","40","Not Indicated"
"CAA20141032","EUCALYPTUS PARK","811 N. EUCALYPTUS AVENUE","INGLEWOOD","CA","90302","Los Angeles County","93","92","Not Indicated"
"CAA20141034","FERNWOOD SENIOR APARTMENTS","45151 FERN AVENUE","LANCASTER","CA","93534","Los Angeles County","76","75","Not Indicated"
"CAA20141039","HARBOR VILLAGE APARTMENTS","981 HARBOR VILLAGE DRIVE","HARBOR CITY","CA","90710","Los Angeles County","400","398","Not Indicated"
"CAA20141043","JUANITA TATE LEGACY TOWERS","4827 SOUTH CENTRAL AVENUE","LOS ANGELES","CA","90011","Los Angeles County","118","117","Not Indicated"
"CAA20141046","LAS ALTURAS","3535 WHITTIER BLVD.","LOS ANGELES","CA","90023","Los Angeles County","78","77","Not Indicated"
"CAA20141054","NEW HAMPSHIRE FAMILY HOUSING","1053 SOUTH NEW HAMPSHIRE AVENUE","LOS ANGELES","CA","90006","Los Angeles County","52","51","Not Indicated"
"CAA20141055","NEW PERSHING APARTMENTS","108 E 5TH STREET","LOS ANGELES","CA","90013","Los Angeles County","69","67","Not Indicated"
"CAA20141057","ONE SANTA FE","100 SOUTH SANTA FE AVENUE","LOS ANGELES","CA","90012","Los Angeles County","88","88","Not Indicated"
"CAA20141059","PACIFIC AVENUE ARTS COLONY","303 SOUTH PACIFIC AVENUE","SAN PEDRO","CA","90731","Los Angeles County","49","48","Not Indicated"
"CAA20141061","PARCEL M-GRAND AVENUE APARTMENTS","225 SOUTH GRAND AVENUE","LOS ANGELES","CA","90012","Los Angeles County","56","55","Not Indicated"
"CAA20141062","PARK VILLAGE APARTMENTS (AKA JASMINE GARDEN)","600 WEST CORREGIDOR","COMPTON","CA","90220","Los Angeles County","164","162","Not Indicated"
"CAA20141065","RAMONA ESTATES","1935 E. 122ND STREET","COMPTON","CA","90222","Los Angeles County","60","59","Not Indicated"
"CAA20141069","RIO VISTA APARTMENTS","1515 N. SAN FERNANDO ROAD","LOS ANGELES","CA","90065","Los Angeles County","87","86","Not Indicated"
"CAA20141072","ROSSLYN HOTEL APARTMENTS","112 W 5TH STREET","LOS ANGELES","CA","90013","Los Angeles County","264","262","Not Indicated"
"CAA20141073","SAGE PARK","1301 WEST 177TH STREET","GARDENA","CA","90248","Los Angeles County","90","89","Not Indicated"
"CAA20141077","SIERRA VILLA EAST","621 EAST AVENUE I","LANCASTER","CA","93535","Los Angeles County","91","90","Not Indicated"
"CAA20141079","SILVERLAKE APARTMENTS","3740 EVANS STREET","LOS ANGELES","CA","90027","Los Angeles County","88","79","Not Indicated"
"CAA20141080","SOL Y LUNA APARTMENTS","2917 E. 1ST STREET","LOS ANGELES","CA","90033","Los Angeles County","53","51","Not Indicated"
"CAA20141085","TAYLOR YARD APARTMENTS","1311 N. SAN FERNANDO ROAD","LOS ANGELES","CA","90065","Los Angeles County","68","67","Not Indicated"
"CAA20141087","THE DYLAN","7111 SANTA MONICA BLVD.","WEST HOLLYWOOD","CA","90038","Los Angeles County","37","37","Not Indicated"
"CAA20141088","THE HUXLEY","1234 N. LA BREA AVE.","WEST HOLLYWOOD","CA","90038","Los Angeles County","38","38","Not Indicated"
"CAA20141090","TURNER APARTMENTS","7000 S. HOOVER STREET","LOS ANGELES","CA","90044","Los Angeles County","31","30","Not Indicated"
"CAA20141093","VILLA NUEVA","658 S. FERRIS AVENUE","LOS ANGELES","CA","90022","Los Angeles County","21","20","Not Indicated"
"CAA20147467","AVALON APTS (LOS ANGELES)","13218 AVALON BLVD","LOS ANGELES","CA","90061","Los Angeles County","55","54","Not Indicated"
"CAA20147470","BESWICK SENIOR APTS","3553 BESWICK ST","LOS ANGELES","CA","90023","Los Angeles County","33","32","Not Indicated"
"CAA20147471","BURLINGTON FAMILY APTS","409 S BURLINGTON AVE","LOS ANGELES","CA","90057","Los Angeles County","18","29","Not Indicated"
"CAA20147475","COLLEGE PARK APTS (LANCASTER)","43331 30TH ST W","LANCASTER","CA","93536","Los Angeles County","61","60","Not Indicated"
"CAA20147478","FERNWOOD SENIOR APARTMENTS","45151 FERN AVE","LANCASTER","CA","93534","Los Angeles County","76","75","Not Indicated"
"CAA20147483","HARBOR VILLAGE APTS I (A)","981 HARBOR VILLAGE DR","HARBOR CITY","CA","90710","Los Angeles County","400","398","Not Indicated"
"CAA20147486","JASMINE GARDEN","601 W CORREGIDOR ST","COMPTON","CA","90220","Los Angeles County","164","162","Not Indicated"
"CAA20147487","JUANITA TATE LEGACY TOWERS","4827 S CENTRAL AVE","LOS ANGELES","CA","90011","Los Angeles County","118","117","Not Indicated"
"CAA20147499","RAMONA ESTATES","1935 E 122ND ST","COMPTON","CA","90222","Los Angeles County","57","59","Not Indicated"
"CAA20147500","RIO VISTA APTS (LOS ANGELES)","1515 N SAN FERNANDO RD","LOS ANGELES","CA","90065","Los Angeles County","87","86","Not Indicated"
"CAA20147505","SILVERLAKE APARTMENTS","3740 EVANS ST","LOS ANGELES","CA","90027","Los Angeles County","88","79","Not Indicated"
"CAA20147506","SOL Y LUNA APTS","2917 E FIRST ST","LOS ANGELES","CA","90033","Los Angeles County","53","51","Not Indicated"
"CAA20147510","VILLA NUEVA APTS (LOS ANGELES)","658 676 S FERRIS AVE","LOS ANGELES","CA","","Los Angeles County","21","20","Not Indicated"
"CAA20150004","ANDRES DUARTE TERRACE II","1700 HUNTINGTON DRIVE","DUARTE","CA","91010","Los Angeles County","43","42","Not Indicated"
"CAA20150010","AVENIDA CROSSING APARTMENTS","2317 WEST AVENUE J8","LANCASTER","CA","93536","Los Angeles County","77","76","Not Indicated"
"CAA20150015","CABRILLO FAMILY APARTMENTS","1640 CABRILLO AVE.","TORRANCE","CA","90501","Los Angeles County","44","43","Not Indicated"
"CAA20150016","CABRILLO GATEWAY","2000 SAN GABRIEL AVENUE","LONG BEACH","CA","90810","Los Angeles County","81","80","Not Indicated"
"CAA20150017","CALDEN COURT APARTMENTS","8901 CALDEN AVENUE","SOUTH GATE","CA","90280","Los Angeles County","216","214","Not Indicated"
"CAA20150020","CENTRAL AVENUE VILLAGE SQUARE","1060 EAST 53RD STREET","LOS ANGELES","CA","90011","Los Angeles County","45","44","Not Indicated"
"CAA20150026","FIGUEROA SENIOR HOUSING","5503 SOUTH FIGUEROA STREET","LOS ANGELES","CA","90037","Los Angeles County","66","65","Not Indicated"
"CAA20150033","HOLLENBECK TERRACE APARTMENTS","610 S. ST. LOUIS STREET","LOS ANGELES","CA","90023","Los Angeles County","97","96","Not Indicated"
"CAA20150035","JEFFERSON TOWNHOMES / CUNNINGHAM VILLAGE","1693 WEST JEFFERSON BLVD.","LOS ANGELES","CA","90016","Los Angeles County","65","64","Not Indicated"
"CAA20150039","LAS BRISAS APARTMENTS","4339 ELIZABETH STREET","CUDAHY","CA","90201","Los Angeles County","100","99","Not Indicated"
"CAA20150042","LAUREL VILLAGE","9700 LAUREL CANYON BOULEVARD","LOS ANGELES","CA","91331","Los Angeles County","80","79","Not Indicated"
"CAA20150044","LONG BEACH + 21ST APARTMENTS","2114 LONG BEACH BOULEVARD","LONG BEACH","CA","90806","Los Angeles County","41","40","Not Indicated"
"CAA20150051","NAVY VILLAGE (AKA BLUE BUTTERFLY VILLAGE)","2213 BLUE BUTTERFLY WAY","LOS ANGELES","CA","90732","Los Angeles County","74","73","Not Indicated"
"CAA20150053","NORTHWEST MANOR I","985 N. RAYMOND AVENUE","PASADENA","CA","91103","Los Angeles County","44","44","Not Indicated"
"CAA20150056","ONE WILKINS PLACE APARTMENTS","1071 EAST 48TH STREET","LOS ANGELES","CA","90011","Los Angeles County","18","17","Not Indicated"
"CAA20150059","PATH VILLAS AT DEL REY (AKA COURTLEIGH VILLAS)","11738 COURTLEIGH DRIVE","LOS ANGELES","CA","90066","Los Angeles County","23","22","Not Indicated"
"CAA20150064","ROBERTA STEPHENS VILLAS I + II","1035 EAST 27TH STREET","LOS ANGELES","CA","90011","Los Angeles County","40","39","Not Indicated"
"CAA20150066","ROYAL VISTA TERRACE","1310 ROYAL OAKS DRIVE","DUARTE","CA","91010","Los Angeles County","75","74","Not Indicated"
"CAA20150075","STEP UP ON COLORADO","520 COLORADO AVENUE","SANTA MONICA","CA","90401","Los Angeles County","34","32","Not Indicated"
"CAA20150081","TEAGUE TERRACE (AKA EAGLE VISTA)","4260 EAGLE ROCK BLVD.","LOS ANGELES","CA","90065","Los Angeles County","56","55","Not Indicated"
"CAA20150083","THE EXCHANGE AT GATEWAY APARTMENTS","10562 SANTA FE DRIVE","EL MONTE","CA","91731","Los Angeles County","132","131","Not Indicated"
"CAA20150085","THE SIX (AKA CARONDELET APARTMENTS)","811 S. CARONDELET STREET","LOS ANGELES","CA","90057","Los Angeles County","52","50","Not Indicated"
"CAA20150091","VERMONT MANZANITA","1225 S. VERMONT AVENUE","LOS ANGELES","CA","90006","Los Angeles County","40","39","Not Indicated"
"CAA20150092","VERMONT VILLAS","16304 S. VERMONT AVENUE","LOS ANGELES","CA","90247","Los Angeles County","79","80","Not Indicated"
"CAA20150100","WHITTIER PLACE HOUSING","4125 WHITTIER BLVD.","LOS ANGELES","CA","90023","Los Angeles County","25","24","Not Indicated"
"CAA20150101","WILLIAM PENN MANOR","7025 FRIENDS AVENUE","WHITTIER","CA","90602","Los Angeles County","75","74","Not Indicated"
"CAA20151009","CRENSHAW FAMILY APARTMENTS","5110 CRENSHAW BLVD.","LOS ANGELES","CA","90043","Los Angeles County","32","31","Not Indicated"
"CAA20151025","PLAYA SENIOR AFFORDABLE HOUSING","12481 W. FIELDING CIRCLE","LOS ANGELES","CA","90094","Los Angeles County","83","82","Not Indicated"
"CAA20151028","SEA MIST TOWERS","1451 ATLANTIC AVENUE","LONG BEACH","CA","90813","Los Angeles County","75","74","Not Indicated"
"CAA20151029","THE BERENDOS","226 BERENDO STREET","LOS ANGELES","CA","90004","Los Angeles County","72","70","Not Indicated"
"CAA20151030","THE PARK PLAZA","960 W. 62ND PLACE","LOS ANGELES","CA","90044","Los Angeles County","79","78","Not Indicated"
"CAA20151034","VERNON FAMILY APARTMENTS","4675 EAST 52ND DRIVE","VERNON","CA","90058","Los Angeles County","45","44","Not Indicated"
"CAA20151035","VETERAN VILLAGE OF GLENDALE","327 SALEM STREET","GLENDALE","CA","91203","Los Angeles County","44","43","Not Indicated"
"CAA20152003","BALDWIN PARK TRANSIT CENTER APARTMENTS","14332 EAST RAMONA BOULEVARD","BALDWIN PARK","CA","91706","Los Angeles County","70","69","Not Indicated"
"CAA20152011","MARTHA BRYANT MANOR","8300 SOUTH HOOVE STREET MAIL BOX 309","LOS ANGELES","CA","90044","Los Angeles County","77","76","Not Indicated"
"CAA20152016","WILSHIRE MANOR","616 SOUTH NORMANDIE AVENUE","LOS ANGELES","CA","90005","Los Angeles County","283","280","Not Indicated"
"CAA20156273","EXCHANGE AT GATEWAY APARTMENTS","10562 SANTA FE DR","EL MONTE","CA","91731","Los Angeles County","132","131","Not Indicated"
"CAA20156275","HARDING AVE APTS","124 HARDING AVE","SAN FERNANDO","CA","91340","Los Angeles County","29","28","Not Indicated"
"CAA20156277","LONG BEACH & 21ST APTS","2114 LONG BEACH BLVD","LONG BEACH","CA","90806","Los Angeles County","41","40","Not Indicated"
"CAA20156280","PATH VILLAS AT DEL REY","11734 COURTLEIGH DR","LOS ANGELES","CA","90066","Los Angeles County","23","22","Not Indicated"
"CAA20156283","THE SIX","811 S CARONDELET ST","LOS ANGELES","CA","90057","Los Angeles County","52","50","Not Indicated"
"CAA20156286","VERMONT VILLAS","16304 S VERMONT AVE","GARDENA","CA","90247","Los Angeles County","79","78","Not Indicated"
"CAA20156287","WHITTIER PLACE HOUSING (SITE A)","4125 WHITTIER BLVD","LOS ANGELES","CA","90023","Los Angeles County","25","24","Not Indicated"
"CAA20156288","WILLIAM PENN MANOR","7025 FRIENDS AVE","WHITTIER","CA","90602","Los Angeles County","75","74","Not Indicated"
"CAA20160005","BELLFLOWER FRIENDSHIP MANOR","9550 OAK STREET","BELLFLOWER","CA","90706","Los Angeles County","144","143","Not Indicated"
"CAA20160022","GATEWAY APARTMENTS","13368 BEACH AVENUE","LOS ANGELES","CA","90292","Los Angeles County","21","20","Not Indicated"
"CAA20160029","HOLT + HAMILTON FAMILY APARTMENTS","934 W. HOLT AVENUE","POMONA","CA","91768","Los Angeles County","62","61","Not Indicated"
"CAA20160033","LDK SENIOR APARTMENTS","900 CRENSHAW BLVD.","LOS ANGELES","CA","90019","Los Angeles County","67","65","Not Indicated"
"CAA20160057","PALOMA TERRACE","5000 S. MAIN STREET","LOS ANGELES","CA","90037","Los Angeles County","59","58","Not Indicated"
"CAA20160078","THE GROVES","700 EAST MOUNTAIN STREET","PASADENA","CA","91104","Los Angeles County","44","42","Not Indicated"
"CAA20160085","WINNETKA SENIOR APARTMENTS","20750 SHERMAN WAY","WINNETKA","CA","91306","Los Angeles County","95","94","Not Indicated"
"CAA20161009","BEVERLY PARK SENIOR APARTMENTS","1071 S. LA CIENEGA BLVD.","LOS ANGELES","CA","90035","Los Angeles County","49","48","Not Indicated"
"CAA20161012","CEDAR SPRINGS APARTMENTS","1319 PALOMARES AVE","LA VERNE","CA","91750","Los Angeles County","35","34","Not Indicated"
"CAA20161013","CITYVIEW APARTMENTS (FKA BRETHREN MANOR)","3333 PACIFIC PLACE","LONG BEACH","CA","90806","Los Angeles County","296","279","Not Indicated"
"CAA20161017","DUARTE MANOR APARTMENTS","1235 NORTH HIGHLAND AVENUE","DUARTE","CA","90266","Los Angeles County","42","40","Not Indicated"
"CAA20161018","E VICTOR VILLA","555 WEST 92ND STREET","LOS ANGELES","CA","90040","Los Angeles County","46","45","Not Indicated"
"CAA20161023","HCHC RECAP I","1924 N. ARGYLE STREET","LOS ANGELES","CA","90068","Los Angeles County","68","65","Not Indicated"
"CAA20161024","HANCOCK GARDENS","303 SOUTH VAN NESS AVENUE","LOS ANGELES","CA","90020","Los Angeles County","66","65","Not Indicated"
"CAA20161025","HERITAGE SQUARE","762 N. FAIR OAKS AVENUE","PASADENA","CA","91103","Los Angeles County","70","69","Not Indicated"
"CAA20161026","IMMANUEL PLACE (FKA IMMANUEL SENIOR HOUSING)","3215 EAST 3RD STREET","LONG BEACH","CA","90814","Los Angeles County","25","24","Not Indicated"
"CAA20161034","MARMION WAY APARTMENTS","3500 MARMION WAY","LOS ANGELES","CA","90065","Los Angeles County","49","48","Not Indicated"
"CAA20161037","MOSAIC GARDENS AT MONTEREY PARK","534 N. CHANDLER AVE.","MONTEREY PARK","CA","91754","Los Angeles County","31","30","Not Indicated"
"CAA20161038","MOSAIC GARDENS AT WILLOWBROOK","2213 EAST EL SEGUNDO BLVD","COMPTON","CA","90222","Los Angeles County","61","60","Not Indicated"
"CAA20161048","REGENCY COURT APARTMENTS","720 FIFTH AVENUE COURT","MONROVIA","CA","91016","Los Angeles County","115","114","Not Indicated"
"CAA20161051","SANTA CECILIA APARTMENTS","117 S. BOYLE AVENUE","LOS ANGELES","CA","90033","Los Angeles County","79","78","Not Indicated"
"CAA20161054","SELMA COMMUNITY HOUSING","1605 N CHEROKEE AVENUE","LOS ANGELES","CA","90028","Los Angeles County","66","65","Not Indicated"
"CAA20161055","SILVER STAR APARTMENTS (FKA WEST VILLAS)","6558 WEST BOULEVARD","LOS ANGELES","CA","90043","Los Angeles County","49","48","Not Indicated"
"CAA20161061","THE PASEO AT CALIFORNIAN","1901 W. 6TH STREET","LOS ANGELES","CA","90057","Los Angeles County","53","52","Not Indicated"
"CAA20161063","THREE OAKS FKA NEWHALL AVENUE APARTMENTS","23610 NEWHALL AVENUE","SANTA CLARITA","CA","91321","Los Angeles County","30","29","Not Indicated"
"CAA20161064","TIKI APARTMENTS","7306 SANTA FE AVENUE","HUNTINGTON PARK","CA","90255","Los Angeles County","36","35","Not Indicated"
"CAA20165371","BLOSSOM PLAZA","900 N BROADWAY","LOS ANGELES","CA","90012","Los Angeles County","54","53","Not Indicated"
"CAA20170004","5400 HOLLYWOOD FAMILY APARTMENTS","5400 HOLLYWOOD BOULEVARD","LOS ANGELES","CA","90027","Los Angeles County","40","39","Not Indicated"
"CAA20170010","AMERICAN GOLD STAR MANOR","3080 GOLD STAR DR.","LONG BEACH","CA","90810","Los Angeles County","348","337","Not Indicated"
"CAA20170012","ANTELOPE VALLEY APARTMENTS","43460 32ND STREET WEST","LANCASTER","CA","93536","Los Angeles County","121","120","Not Indicated"
"CAA20170034","ICON ON ROSECRANS","14135 CERISE AVENUE","HAWTHORNE","CA","90250","Los Angeles County","127","126","Not Indicated"
"CAA20170037","MIRAGE TOWN HOMES","5221 SOUTH WESTERN AVENUE","LOS ANGELES","CA","90062","Los Angeles County","21","20","Not Indicated"
"CAA20170041","OLIVERA SENIOR APARTMENT (FKA DUDLEY ST SENIOR APTS)","600 S. DUDLEY STREET","POMONA","CA","91766","Los Angeles County","84","83","Not Indicated"
"CAA20170045","PANAMA HOTEL APARTMENTS","403 E 5TH STREET","LOS ANGELES","CA","90013","Los Angeles County","72","71","Not Indicated"
"CAA20170047","PILGRIM TOWER APARTMENTS","1207 SOUTH VERMONT AVENUE","LOS ANGELES","CA","90006","Los Angeles County","111","108","Not Indicated"
"CAA20170050","SEASONS II SENIOR APARTMENTS","21309 BLOOMFIELD AVENUE","LAKEWOOD","CA","90715","Los Angeles County","85","83","Not Indicated"
"CAA20172002","E. BOYD ESTERS MANOR","1101 NORTH CENTRAL AVE","COMPTON","CA","90220","Los Angeles County","50","49","Not Indicated"
"CAA20173001","COSTA AZUL SENIOR APARTMENTS","10829 FULTON WELLS AVE.","SANTA FE SPRINGS","CA","90670","Los Angeles County","280","56","Not Indicated"
"CAA20180005","LA VILLA PUENTE APARTMENTS","17351 MAIN STREET","LA PUENTE","CA","91744","Los Angeles County","121","120","Not Indicated"
"CAA20181002","127TH STREET APARTMENTS","550 WEST 127TH STREET","LOS ANGELES","CA","90044","Los Angeles County","85","84","Not Indicated"
"CAA20181008","ATHENS VISTAS","1300 W. 105TH STREET","LOS ANGELES","CA","90044","Los Angeles County","74","73","Not Indicated"
"CAA20181011","BEACHWOOD APARTMENTS","475 WEST 5TH STREET AND 505 WEST 6TH STREET","LONG BEACH","CA","90802","Los Angeles County","45","44","Not Indicated"
"CAA20181013","BLUE HIBISCUS","1125 NORTH DETROIT STREET","WEST HOLLYWOOD","CA","90046","Los Angeles County","22","21","Not Indicated"
"CAA20181014","BOYLE APARTMENTS AND JEWEL TERRACE APARTMENTS","2950 VAN BUREN PLACE","LOS ANGELES","CA","90007","Los Angeles County","67","64","Not Indicated"
"CAA20181015","CAMINO DEL MAR","1015 WEST E. STREET","WILMINGTON","CA","90744","Los Angeles County","88","87","Not Indicated"
"CAA20181018","CASA PAREDES","501 NORTH. SOTO STREET","LOS ANGELES","CA","90033","Los Angeles County","10","10","Not Indicated"
"CAA20181025","COURSON ARTS COLONY EAST","939 EAST AVENUE Q12","PALMDALE","CA","93550","Los Angeles County","81","80","Not Indicated"
"CAA20181026","CRENSHAW VILLAS","2645 CRENSHAW BOULEVARD","LOS ANGELES","CA","90016","Los Angeles County","50","49","Not Indicated"
"CAA20181033","EL SEGUNDO BOULEVARD APARTMENTS","535-611 W. EL SEGUNDO BLVD.","LOS ANGELES","CA","90064","Los Angeles County","75","74","Not Indicated"
"CAA20181035","GOOD SHEPHERD HOMES","510 AND 512 CENTINELA AVE","INGLEWOOD","CA","90302","Los Angeles County","70","69","Not Indicated"
"CAA20181045","KING 1101","1101 MARTIN LUTHER KING, JR. BLVD","LOS ANGELES","CA","90037","Los Angeles County","26","25","Not Indicated"
"CAA20181057","MIDDLETON PLACE","6700 MIDDLETON STREET","HUNTINGTON PARK","CA","90255","Los Angeles County","20","19","Not Indicated"
"CAA20181064","MOSAIC GARDENS AT WESTLAKE","111 S. LUCAS AVENUE","LOS ANGELES","CA","90026","Los Angeles County","125","123","Not Indicated"
"CAA20181067","PATH METRO VILLAS","345 N. WESTMORELAND AVE.","LOS ANGELES","CA","90004","Los Angeles County","65","64","Not Indicated"
"CAA20181068","PATH VILLAS EUCALYPTUS","240 W. LIME STREET","INGLEWOOD","CA","90301","Los Angeles County","40","39","Not Indicated"
"CAA20181070","PALO VERDE APARTMENTS","4704 PECK ROAD","EL MONTE","CA","91732","Los Angeles County","49","48","Not Indicated"
"CAA20181074","PARK PASEO","123 SOUTH ISABEL STREET","GLENDALE","CA","91205","Los Angeles County","97","96","Not Indicated"
"CAA20181080","PREMIER APARTMENTS","961 W. 93RD ST.","LOS ANGELES","CA","90037","Los Angeles County","120","116","Not Indicated"
"CAA20181081","RHF CRENSHAW GARDENS","3411 CRENSHAW BOULEVARD","LOS ANGELES","CA","90016","Los Angeles County","49","48","Not Indicated"
"CAA20181094","THE ARROYO","1626 LINCOLN BOULEVARD","SANTA MONICA","CA","90404","Los Angeles County","64","63","Not Indicated"
"CAA20181101","VISTA TOWER","3000 LEEWARD AVENUE","LOS ANGELES","CA","90005","Los Angeles County","230","228","Not Indicated"
"CAA20182006","FLORENCE MOREHOUSE","1750 W. MARTIN LUTHUR KING JR. BLVD.","LOS ANGELES","CA","90062","Los Angeles County","61","59","Not Indicated"
"CAA20182015","PIONEER GARDENS APARTMENTS","11011 CULTURA STREET","SANTA FE SPRINGS","CA","90670","Los Angeles County","141","140","Not Indicated"
"CAA20182018","THE SALVATION ARMY BELL OASIS APARTMENTS","5502 K STREET","BELL","CA","90201","Los Angeles County","65","64","Not Indicated"
"CAA20183002","BANA AT TUJUNGA (FKA SAMOA AVENUE APARTMENTS)","10046 NORTH SAMOA AVENUE","TUJUNGA","CA","91042","Los Angeles County","48","47","Not Indicated"
"CAA20183003","CRESCENT VILLAGES","1721 W. 8TH STREET AND 1315 W. 7TH STREET","LOS ANGELES","CA","90017","Los Angeles County","144","142","Not Indicated"
"CAA20183004","WEST ANGELES HOMES","4056-4100 SOUTH VERMONT AVE","LOS ANGELES","CA","90037","Los Angeles County","44","43","Not Indicated"
"CAA20190005","BEACON PLACE","1201 LONG BEACH BOULEVARD","LONG BEACH","CA","90813","Los Angeles County","39","38","Not Indicated"
"CAA20190007","CORONEL APARTMENTS","1600-1608 N. SERRANO AVE. AND 1601 N. HOBART BLVD.","LOS ANGELES","CA","90027","Los Angeles County","54","53","Not Indicated"
"CAA20190013","HARMONY GATES","5220 HARMONY AVENUE","LOS ANGELES","CA","91601","Los Angeles County","70","70","Not Indicated"
"CAA20190014","KENSINGTON CAMPUS","45244 32ND STREET WEST","LANCASTER","CA","93536","Los Angeles County","50","50","Not Indicated"
"CAA20190020","PAUL WILLIAMS APARTMENTS","1010 E. JEFFERSON BLVD","LOS ANGELES","CA","90011","Los Angeles County","41","40","Not Indicated"
"CAA20191003","6218 COMPTON AVENUE","6218 COMPTON AVENUE","LOS ANGELES","CA","90001","Los Angeles County","30","29","Not Indicated"
"CAA20191004","7TH AND WITMER APARTMENTS","697 S. WITMER STREET","LOS ANGELES","CA","90017","Los Angeles County","76","75","Not Indicated"
"CAA20191005","88TH AND VERMONT","8740-8750 S VERMONT AVENUE; 957 W 88TH STREET","LOS ANGELES","CA","90044","Los Angeles County","62","60","Not Indicated"
"CAA20191010","BALDWIN ROSE FAMILY VETERAN HOUSING","9953 ROSE AVENUE","EL MONTE","CA","91731","Los Angeles County","55","54","Not Indicated"
"CAA20191012","BEACON POINTE","1235 LONG BEACH BOULEVARD","LONG BEACH","CA","90813","Los Angeles County","121","120","Not Indicated"
"CAA20191026","CARSON COLONY","21205 MAIN STREET","CARSON","CA","90745","Los Angeles County","46","45","Not Indicated"
"CAA20191032","CIELITO LINDO APARTMENTS - PHASE II","2423 E 1ST STREET","LOS ANGELES","CA","90033","Los Angeles County","29","28","Not Indicated"
"CAA20191042","COURSON ARTS COLONY WEST (CAC WEST)","931 E. AVENUE, Q-12","PALMDALE","CA","93550","Los Angeles County","80","79","Not Indicated"
"CAA20191051","FEDERATION TOWER APARTMENTS","3799 EAST WILLOW STREET","LONG BEACH","CA","90815","Los Angeles County","50","49","Not Indicated"
"CAA20191063","JORDAN DOWNS PHASE 1A","2179 EAST CENTURY BOULEVARD","LOS ANGELES","CA","90002","Los Angeles County","115","113","Not Indicated"
"CAA20191066","LA78","1951 W 22ND STREET","LOS ANGELES","CA","90018","Los Angeles County","78","78","Not Indicated"
"CAA20191074","METRO @ WESTERN","3671 S. WESTERN AVENUE","LOS ANGELES","CA","90018","Los Angeles County","33","32","Not Indicated"
"CAA20191084","PALMDALE PARK APARTMENTS","38002 15TH ST E","PALMDALE","CA","93550","Los Angeles County","58","57","Not Indicated"
"CAA20191096","ROLLAND CURTIS EAST","1077 WEST 38TH STREET","LOS ANGELES","CA","90037","Los Angeles County","70","69","Not Indicated"
"CAA20191097","ROLLAND CURTIS WEST","1077 W. 38TH STREET","LOS ANGELES","CA","90037","Los Angeles County","70","69","Not Indicated"
"CAA20191117","VETERANS VILLAGE OF CARSON","21711 FIGUEROA STREET","CARSON","CA","90745","Los Angeles County","51","50","Not Indicated"
"CAA20191123","VISTA GRANDE COURT (FKA 5TH AND SONORA APARTMENTS)","1416 5TH STREET; 1116 SONORA AVENUE","GLENDALE","CA","91201","Los Angeles County","66","65","Not Indicated"
"CAA20191126","WEST ANGELES CITY PLACE SENIOR APARTMENTS","5414 CRENSHAW BOULEVARD","LOS ANGELES","CA","90043","Los Angeles County","70","69","Not Indicated"
"CAA20191127","WHITTIER AND DOWNEY SE","4200-4224 WHITTIER BLVD.","LOS ANGELES","CA","90023","Los Angeles County","71","70","Not Indicated"
"CAA20191128","YBARRA VILLAGE (FKA NEW DIRECTIONS WEST ADAMS)","3015 - 3031 SOUTH WEST VIEW STREET","LOS ANGELES","CA","90016","Los Angeles County","64","63","Not Indicated"
"CAA20192003","ANTELOPE VALLEY VETERANS AND FAMILIES","43517 E. SAHUAYO STREET","LANCASTER","CA","93535","Los Angeles County","75","74","Not Indicated"
"CAA20192005","CASA CARMEN","1800 W. 11TH ST.","LOS ANGELES","CA","90006","Los Angeles County","25","24","Not Indicated"
"CAA20194001","SIMPSON ARBOR APARTMENTS","7507 SIMPSON AVENUE","LOS ANGELES","CA","91605","Los Angeles County","83","82","Not Indicated"
"CAA20194002","WHITFIELD MANOR","12600 S. COMPTON AVE.","COMPTON","CA","90222","Los Angeles County","45","44","Not Indicated"
"CAA20200010","CASA DEL SOL","10966 W RATNER STREET","LOS ANGELES","CA","91352","Los Angeles County","44","43","Not Indicated"
"CAA20200029","KENSINGTON II","45348 32ND STREET WEST","LANCASTER","CA","93536","Los Angeles County","51","50","Not Indicated"
"CAA20200031","LAKEVIEW TERRACE APARTMENTS","12500 FILMORE STREET","LOS ANGELES (PACOIMA)","CA","91331","Los Angeles County","128","126","Not Indicated"
"CAA20200036","METRO @ BUCKINGHAM","4018 BUCKINGHAM ROAD","LOS ANGELES","CA","90008","Los Angeles County","103","102","Not Indicated"
"CAA20200057","STANFORD AVENUE APARTMENTS","5020 SANTA MONICA BOULEVARD","LOS ANGELES","CA","90029","Los Angeles County","85","83","Not Indicated"
"CAA20200069","WESTMONT VISTA","1755 W IMPERIAL HWY","LOS ANGELES","CA","90047","Los Angeles County","39","38","Not Indicated"
"CAA20201003","ARIA (FKA CAMBRIA APARTMENTS)","1532 CAMBRIA STREET","LOS ANGELES","CA","90017","Los Angeles County","57","56","Not Indicated"
"CAA20201018","ETHEL ARNOLD APARTMENTS","7850 S. NORMANDIE AVENUE","LOS ANGELES","CA","90044","Los Angeles County","81","80","Not Indicated"
"CAA20201025","JORDAN DOWNS PHASE 1B","2212 E. CENTURY BOULEVARD","LOS ANGELES","CA","90002","Los Angeles County","135","133","Not Indicated"
"CAA20201035","METAMORPHOSIS ON FOOTHILLL","13570 FOOTHILL BLVD.","SYLMAR","CA","91342","Los Angeles County","48","47","Not Indicated"
"CAA20201040","PATH METRO VILLAS - PHASE 2","320 N. MADISON AVENUE AND 333 N. WESTMORELAND AVENUE","LOS ANGELES","CA","90004","Los Angeles County","122","120","Not Indicated"
"CAA20201043","PARK WESTERN APARTMENTS","1301 W PARK WESTERN DRIVE","LOS ANGELES","CA","90732","Los Angeles County","216","214","Not Indicated"
"CAA20201046","PICO ROBERTSON SENIOR COMMUNITY","8862 WEST PICO BOULEVARD","LOS ANGELES","CA","90035","Los Angeles County","48","47","Not Indicated"
"CAA20201049","RAMPART MINT","252 S RAMPART BLVD","LOS ANGELES","CA","90057","Los Angeles County","23","22","Not Indicated"
"CAA20201050","RESIDENCES ON MAIN","6901 S. MAIN STREET","LOS ANGELES","CA","90003","Los Angeles County","50","49","Not Indicated"
"CAA20201052","ROBERT FARRELL + WESTERN GARDENS APARTMENTS","1818 W. 71ST STREET + 1742 W. 84TH PLACE","LOS ANGELES","CA","90047","Los Angeles County","70","68","Not Indicated"
"CAA20201055","STEP UP ON SECOND","1328 SECOND STREET","SANTA MONICA","CA","90401","Los Angeles County","36","35","Not Indicated"
"CAA20201058","SUN VALLEY SENIOR VETERANS APARTMENTS","9041 LAUREL CANYON BOULEVARD","LOS ANGELES","CA","91352","Los Angeles County","96","94","Not Indicated"
"CAA20201059","SWANSEA PARK SENIOR APARTMENTS PHASE 2","5151 W. ROMAINE STREET","LOS ANGELES","CA","90029","Los Angeles County","76","75","Not Indicated"
"CAA20201065","VILLA RAINTREE","11905 FERRIS ROAD","EL MONTE","CA","91732","Los Angeles County","70","69","Not Indicated"
"CAA20201066","VILLA VALLEY APARTMENTS","15950 SHERMAN WAY","VAN NUYS","CA","91406","Los Angeles County","146","145","Not Indicated"
"CAA20202038","PAVILION COURT APARTMENTS","8371 + 8405 TELEGRAPH ROAD","PICO RIVERA","CA","90660","Los Angeles County","132","130","Not Indicated"
"CAA20202045","ROYALS I + II APARTMENTS","717 + 721 WEST EL SEGUNDO BOULEVARD","LOS ANGELES","CA","90044","Los Angeles County","115","111","Not Indicated"
"CAA20204002","SENATOR APARTMENTS","729 S MAIN STREET","LOS ANGELES","CA","90014","Los Angeles County","98","97","Not Indicated"
"CAA20204004","WESTMORE LINDEN","1250 S. WESTMORELAND AVE.","LOS ANGELES","CA","94612","Los Angeles County","93","92","Not Indicated"
"CAA20210002","FLORENCE MILLS APARTMENTS","3501 S. CENTRAL AVENUE","LOS ANGELES","CA","90011","Los Angeles County","74","73","Not Indicated"
"CAA20210003","GREENWAY MEADOWS","1820 14TH STREET","SANTA MONICA","CA","90404","Los Angeles County","39","38","Not Indicated"
"CAA20210008","VISTAS DEL PUERTO APARTMENTS","1836 LOCUST AVE","LONG BEACH","CA","90806","Los Angeles County","48","47","Not Indicated"
"CAA20210011","ARBOLEDA APARTMENTS","1040 N UNRUH AVENUE","LA PUENTE","CA","91744","Los Angeles County","74","73","Not Indicated"
"CAA20210012","ARMINTA SQUARE APARTMENTS","11050 ARMINTA STREET","LOS ANGELES","CA","91352","Los Angeles County","110","109","Not Indicated"
"CAA20210028","ELDEN ELMS","1255 S ELDEN AVENUE","LOS ANGELES","CA","90006","Los Angeles County","93","92","Not Indicated"
"CAA20210030","FIRESTONE PHOENIX","7321 MIRAMONTE BOULEVARD","UNINCORPORATED LA CTY","CA","90001","Los Angeles County","44","43","Not Indicated"
"CAA20210032","GRAMERCY PLACE APARTMENTS","1856 S. WILTON PLACE","LOS ANGELES","CA","90019","Los Angeles County","64","62","Not Indicated"
"CAA20210035","HOBART GARDENS","1344 N HOBART BLVD","LOS ANGELES","CA","90027","Los Angeles County","142","141","Not Indicated"
"CAA20210040","KENSINGTON HOMES","45258, 45248 32ND STREET WEST","LANCASTER","CA","93536","Los Angeles County","51","50","Not Indicated"
"CAA20210041","KERNWOOD TERRACE APARTMENTS","337 N. MEDNIK AVENUE","EAST LOS ANGELES","CA","90022","Los Angeles County","51","50","Not Indicated"
"CAA20210045","MAGNOLIA VILLAS","1435 10TH STREET","SANTA MONICA","CA","90404","Los Angeles County","40","39","Not Indicated"
"CAA20210051","MIRAMAR TOWER","2000 MIRAMAR ST.","LOS ANGELES","CA","90057","Los Angeles County","157","156","Not Indicated"
"CAA20210062","PARQUE VISTA APARTMENTS","2581 E. CHAUCER STREET","LOS ANGELES","CA","90065","Los Angeles County","42","41","Not Indicated"
"CAA20210064","RISE APARTMENTS","4050 SOUTH FIGUEROA STREET","LOS ANGELES","CA","90037","Los Angeles County","57","56","Not Indicated"
"CAA20210067","ROSA DE CASTILLA APARTMENTS","4208 E. HUNTINGTON DRIVE SOUTH","LOS ANGELES","CA","90032","Los Angeles County","85","83","Not Indicated"
"CAA20210071","SPRINGHAVEN (FKA WILLOWBROOK 2)","11815 WILMINGTON AVENUE","LOS ANGELES","CA","90059","Los Angeles County","100","99","Not Indicated"
"CAA20210076","THE SPARK AT MIDTOWN","1900 LONG BEACH BOULEVARD","LONG BEACH","CA","90806","Los Angeles County","95","94","Not Indicated"
"CAA20210080","VETERANS PARK APARTMENTS","444 W. COMMERCIAL STREET","POMONA","CA","91768","Los Angeles County","61","60","Not Indicated"
"CAA20210089","WOODBRIDGE APARTMENTS","1117 ELM AVENUE","LONG BEACH","CA","90813","Los Angeles County","49","47","Not Indicated"
"CAA20211012","ASHLEY WILLOWBROOK","11739 HOLMES AVENUE","LOS ANGELES","CA","90059","Los Angeles County","61","60","Not Indicated"
"CAA20211014","BLOOM AT MAGNOLIA","1770 MAGNOLIA AVENUE","LONG BEACH","CA","90813","Los Angeles County","40","39","Not Indicated"
"CAA20211020","DORIE MILLER MANOR","947 E. 120TH STREET","LOS ANGELES","CA","90059","Los Angeles County","36","35","Not Indicated"
"CAA20211023","EMERSON APARTMENTS","4760 MELROSE AVENUE","LOS ANGELES","CA","90029","Los Angeles County","39","38","Not Indicated"
"CAA20211025","FLORENCE APARTMENTS","1600 E. FLORENCE AVENUE","LOS ANGELES","CA","90001","Los Angeles County","109","108","Not Indicated"
"CAA20211030","HARTFORD VILLA APARTMENTS","459 S. HARTFORD AVENUE","LOS ANGELES","CA","90017","Los Angeles County","101","100","Not Indicated"
"CAA20211033","LA PAZ APARTMENTS (FKA WHITTIER + DOWNEY NW)","4165 WHITTIER BLVD.","LOS ANGELES","CA","90023","Los Angeles County","42","41","Not Indicated"
"CAA20211041","MCCADDEN CAMPUS SENIOR HOUSING","1127 N LAS PALMAS AVE","LOS ANGELES","CA","90038","Los Angeles County","98","97","Not Indicated"
"CAA20211042","MCCADDEN PLAZA YOUTH HOUSING","1119 N. MCCADDEN PLACE","LOS ANGELES","CA","90038","Los Angeles County","26","25","Not Indicated"
"CAA20211049","PACIFIC COAST VILLA","630 EAST PACIFIC COAST HIGHWAY","LONG BEACH","CA","90806","Los Angeles County","50","49","Not Indicated"
"CAA20211050","PLAZA DE CABRILLO","2111 W. WILLIAMS STREET","LONG BEACH","CA","90810","Los Angeles County","204","200","Not Indicated"
"CAA20211054","THE HOPE ON ALVARADO APARTMENTS","166 S ALVARADO","LOS ANGELES","CA","90057","Los Angeles County","84","83","Not Indicated"
"CAA20211055","THE POINTE ON VERMONT","950 WEST 76TH STREET","LOS ANGELES","CA","90044","Los Angeles County","50","49","Not Indicated"
"CAA20212001","649 LOFTS","649 WALL ST","LOS ANGELES","CA","90014","Los Angeles County","55","54","Not Indicated"
"CAA20212008","FLOR 401 LOFTS","401 E 7TH STREET","LOS ANGELES","CA","90014","Los Angeles County","99","98","Not Indicated"
"CAA20212015","PATH VILLAS SOUTH GATE","5610 IMPERIAL HIGHWAY","SOUTH GATE","CA","90280","Los Angeles County","60","59","Not Indicated"
"CAA20212016","SP7","519 EAST 7TH STREET","LOS ANGELES","CA","90014","Los Angeles County","100","99","Not Indicated"
"CAA20212020","VERMONT CORRIDOR APARTMENT (F.K.A 433 VERMONT APARTMENTS)","1900 LONG BEACH BLVD","LONG BEACH","CA","90806","Los Angeles County","95","94","Not Indicated"
"CAA20212022","WOODMAN ARLETA APARTMENTS","9135 WOODMAN AVE","PANORAMA CITY","CA","91402","Los Angeles County","104","102","Not Indicated"
"CAA20212102","VILLA RAYMOND APARTMENTS","455 N RAYMOND AVENUE","PASADENA","CA","91103","Los Angeles County","61","60","Not Indicated"
"CAA20220001","EL MONTE METRO","10945 VALLEY BLVD.","EL MONTE","CA","91731","Los Angeles County","25","24","Not Indicated"
"CAA20220002","FAIRVIEW HEIGHTS APARTMENTS","940-960 E. REDONDO BOULEVARD","INGLEWOOD","CA","90301","Los Angeles County","101","100","Not Indicated"
"CAA20220003","JORDAN DOWNS AREA H (PHASE II)","2062 E. 99TH PLACE","LOS ANGELES","CA","90002","Los Angeles County","80","77","Not Indicated"
"CAA20220006","VISTA BALLONA","3960 S GRAND VIEW BOULEVARD","LOS ANGELES","CA","90066","Los Angeles County","50","49","Not Indicated"
"CAA20220012","CADENCE (FKA: 11408 S CENTRAL AVENUE)","11408 S CENTRAL AVENUE","LOS ANGELES","CA","90059","Los Angeles County","64","63","Not Indicated"
"CAA20220013","CASA DE ROSAS","2600 HOOVER BOULEVARD","LOS ANGELES","CA","90007","Los Angeles County","37","36","Not Indicated"
"CAA20220015","DAHLIA APARTMENTS","12003 S. MAIN ST","LOS ANGELES","CA","90061","Los Angeles County","56","55","Not Indicated"
"CAA20220020","JORDAN DOWNS PHASE S3","2101 EAST 101ST STREET","LOS ANGELES","CA","90002","Los Angeles County","92","91","Not Indicated"
"CAA20220021","LAMP LODGE","660 S. STANFORD AVE","LOS ANGELES","CA","90021","Los Angeles County","82","81","Not Indicated"
"CAA20220022","MISSOURI PLACE","11998 W MISSOURI AVENUE","LOS ANGELES","CA","90025","Los Angeles County","74","73","Not Indicated"
"CAA20220026","PACIFIC LANDING","2120 LINCOLN BOULEVARD","SANTA MONICA","CA","90405","Los Angeles County","37","36","Not Indicated"
"CAA20220028","ROSE APARTMENTS","720 ROSE AVENUE","VENICE","CA","90291","Los Angeles County","35","34","Not Indicated"
"CAA20220029","SOUTH LIBRARY","14433 LEFFINGWELL ROAD","SOUTH WHITTIER","CA","90604","Los Angeles County","27","26","Not Indicated"
"CAA20220035","WASHINGTON VIEW APARTMENTS","720 W. WASHINGTON BOULEVARD","LOS ANGELES","CA","90015","Los Angeles County","122","121","Not Indicated"
"CAA20221004","ADAMS TERRACE","4314 AND 4347 W. ADAMS BLVD","LOS ANGELES","CA","90018","Los Angeles County","86","84","Not Indicated"
"CAA20221006","AMANI APARTMENTS","4200 W. PICO BLVD.","LOS ANGELES","CA","90019","Los Angeles County","54","53","Not Indicated"
"CAA20221010","BEACH PARK APARTMENTS","716 W BEACH AVE.","INGLEWOOD","CA","90302","Los Angeles County","42","41","Not Indicated"
"CAA20221011","BELL CREEK APARTMENTS","6940 N OWENSMOUTH AVENUE","LOS ANGELES","CA","91303","Los Angeles County","80","79","Not Indicated"
"CAA20221012","BERENDO SAGE","1035 S BERENDO STREET","LOS ANGELES","CA","90006","Los Angeles County","42","41","Not Indicated"
"CAA20221019","CASTLE ARGYLE","1919 NORTH ARGYLE AVENUE","LOS ANGELES","CA","90068","Los Angeles County","96","95","Not Indicated"
"CAA20221022","CHESTERFIELD APARTMENTS","4723 S. NORMANDIE AVENUE","LOS ANGELES","CA","90037","Los Angeles County","43","42","Not Indicated"
"CAA20221028","FIRMIN COURT","424 NORTH FIRMIN STREET","LOS ANGELES","CA","90026","Los Angeles County","64","63","Not Indicated"
"CAA20221038","HIFI COLLECTIVE","3200 WEST TEMPLE STREET","LOS ANGELES","CA","90026","Los Angeles County","64","63","Not Indicated"
"CAA20221039","HOPE ON BROADWAY","5138 S BROADWAY","LOS ANGELES","CA","90037","Los Angeles County","49","48","Not Indicated"
"CAA20221048","MAISON'S PALMDALE","6510-A NEIL DRIVE","PALMDALE","CA","93552","Los Angeles County","118","117","Not Indicated"
"CAA20221060","PATH VILLAS MONTCLAIR - GRAMERCY","4220 MONT CLAIR ST","LOS ANGELES","CA","90018","Los Angeles County","63","61","Not Indicated"
"CAA20221065","PLAZA ORTIZ I - VETERANS (HYBRID CA-19-131)","10950 RAILROAD STREET","EL MONTE","CA","91731","Los Angeles County","28","27","Not Indicated"
"CAA20221066","PLAZA ORTIZ II - FAMILY (FKA TYLER - VALLEY METRO HOUSING)","3643 TYLER AVENUE","EL MONTE","CA","91731","Los Angeles County","52","51","Not Indicated"
"CAA20221068","RESEDA THEATER SENIOR HOUSING","7219 N. CANBY AVENUE","RESEDA","CA","91335","Los Angeles County","26","25","Not Indicated"
"CAA20221073","SILVA CROSSING","12663 N. SAN FERNANDO ROAD","LOS ANGELES","CA","91342","Los Angeles County","56","55","Not Indicated"
"CAA20221078","SUNNY GARDEN APARTMENTS","13712 SUNKIST DRIVE","LA PUENTE","CA","91746","Los Angeles County","95","94","Not Indicated"
"CAA20221086","VILLA DEL SOL APARTMENTS","9158 TELFAIR AVENUE","LOS ANGELES","CA","91352","Los Angeles County","103","102","Not Indicated"
"CAA20221091","WEST LA VA BUILDING 207","11301 WILSHIRE BLVD.","LOS ANGELES","CA","90073","Los Angeles County","60","59","Not Indicated"
"CAA20221114","PUEBLO DEL SOL PHASE I","1400 GABRIEL GARCIA MARQUEZ STREET","LOS ANGELES","CA","90033","Los Angeles County","201","200","Not Indicated"
"CAA20221117","SOUTH WESTERN","11609 SOUTH WESTERN AVE","LOS ANGELES COUNTY","CA","90047","Los Angeles County","57","56","Not Indicated"
"CAA20222006","WHITTIER PLACE APARTMENTS PHASE II","4111 WHITTIER BOULEVARD","LOS ANGELES","CA","90023","Los Angeles County","34","33","Not Indicated"
"CAA20230003","LAS FLORES APARTMENTS","1834 14TH STREET","SANTA MONICA","CA","90404","Los Angeles County","73","72","Not Indicated"
"CAA20230007","11010 SANTA MONICA BOULEVARD","11010 W SANTA MONICA BOULEVARD","LOS ANGELES","CA","90025","Los Angeles County","51","50","Not Indicated"
"CAA20230010","ALOSTA GARDENS","745 E 5TH ST.","AZUSA","CA","91702","Los Angeles County","61","60","Not Indicated"
"CAA20230011","AMBROSE APARTMENTS","1611 W. MONTANA STREET","LOS ANGELES","CA","90026","Los Angeles County","64","63","Not Indicated"
"CAA20230013","APPLE TREE VILLAGE","9229 N. SEPULVEDA BLVD","NORTH HILLS","CA","91343","Los Angeles County","125","122","Not Indicated"
"CAA20230014","ASANTE","11001 S. BROADWAY","LOS ANGELES","CA","90061","Los Angeles County","55","54","Not Indicated"
"CAA20230021","CANTERBURY VILLAGE","23420 AVENIDA ROTELLA","SANTA CLARITA","CA","91355","Los Angeles County","64","62","Not Indicated"
"CAA20230029","EQUA (FKA AVOCADO HEIGHTS)","162 S. 3RD AVE","LA PUENTE","CA","91746","Los Angeles County","81","80","Not Indicated"
"CAA20230030","ESSEX TOWER","44948 10TH STREET WEST","LANCASTER","CA","93534","Los Angeles County","70","69","Not Indicated"
"CAA20230037","HOLLYWOOD ARTS COLLECTIVE","1630 N. SCHRADER BOULEVARD","LOS ANGELES","CA","90028","Los Angeles County","152","151","Not Indicated"
"CAA20230038","HOPE ON AVALON","12227 S AVALON BLVD","LOS ANGELES","CA","90061","Los Angeles County","87","86","Not Indicated"
"CAA20230039","HOPE ON HYDE PARK F.K.A. HOPE ON HYDE","6501 CRENSHAW BLVD","LOS ANGELES","CA","90043","Los Angeles County","98","97","Not Indicated"
"CAA20230048","MARIPOSA LILY","1055 S MARIPOSA AVE","LOS ANGELES","CA","90006","Los Angeles County","41","40","Not Indicated"
"CAA20230052","MISSION GATEWAY APARTMENTS F.K.A SEPULVEDA APARTMENTS","8811 N SEPULVEDA BLVD","NORTH HILLS","CA","91343","Los Angeles County","356","352","Not Indicated"
"CAA20230058","PATH VILLAS HOLLYWOOD","5627 WEST FERNWOOD AVENUE","LOS ANGELES","CA","90028","Los Angeles County","60","59","Not Indicated"
"CAA20230062","PASADENA STUDIOS","282 N. OAKLAND AVENUE","PASADENA","CA","91101","Los Angeles County","181","179","Not Indicated"
"CAA20230063","POINTE ON LA BREA","849 N. LA BREA AVE","LOS ANGELES","CA","90038","Los Angeles County","50","49","Not Indicated"
"CAA20230065","PUEBLO DEL SOL PHASE II","1300 PLAZA DEL SOL E","LOS ANGELES","CA","90033","Los Angeles County","176","175","Not Indicated"
"CAA20230074","SUMMIT VIEW APARTMENTS","11800 W. KAGEL CANYON STREET","SYLMAR","CA","91342","Los Angeles County","49","48","Not Indicated"
"CAA20230075","SUN COMMONS","6329 N CLYBOURN AVE","LOS ANGELES","CA","91606","Los Angeles County","103","101","Not Indicated"
"CAA20230078","TALISA APARTMENTS","9502 VAN NUYS BLVD","LOS ANGELES","CA","91402","Los Angeles County","49","48","Not Indicated"
"CAA20230080","THE GARDENS","333 MONTEREY ROAD","GLENDALE","CA","91206","Los Angeles County","75","74","Not Indicated"
"CAA20230084","THE SALVATION ARMY PASADENA HOPE CENTER APARTMENTS","1000 E. WALNUT STREET","PASADENA","CA","91106","Los Angeles County","66","65","Not Indicated"
"CAA20230089","VILLA ESPERANZA (FKA WEST MISSION APARTMENTS)","508 AND 510 WEST MISSION BOULEVARD","POMONA","CA","91766","Los Angeles County","57","56","Not Indicated"
"CAA20230091","VILLA VERDE","9800 JERSEY AVENUE","SANTA FE SPRINGS","CA","90670","Los Angeles County","34","33","Not Indicated"
"CAA20230093","WEST TERRACE","6575 S. WEST BLVD.","LOS ANGELES","CA","90043","Los Angeles County","64","63","Not Indicated"
"CAA20230097","1819 PICO BLVD","1819 PICO BLVD","SANTA MONICA","CA","90405","Los Angeles County","48","47","Not Indicated"
"CAA20230100","DEPOT AT HYDE PARK","6527 S CRENSHAW BLVD.","LOS ANGELES","CA","90043","Los Angeles County","43","42","Not Indicated"
"CAA20231001","26 POINT 2","3590 E PACIFIC COAST HWY","LONG BEACH","CA","90804","Los Angeles County","77","76","Not Indicated"
"CAA20231003","6TH STREET PLACE (F.K.A. 6TH AND SAN JULIAN)","401 E 6TH ST","LOS ANGELES","CA","90014","Los Angeles County","94","93","Not Indicated"
"CAA20231016","BEACON LANDING","319 N. BEACON STREET","SAN PEDRO","CA","90731","Los Angeles County","89","88","Not Indicated"
"CAA20231037","COLORADO EAST","2451 W COLORADO BLVD","LOS ANGELES","CA","90041","Los Angeles County","41","40","Not Indicated"
"CAA20231047","HARVARD ADAMS APARTMENTS","4230 W. ADAMS BLVD AND 1938 S. HARVARD BLVD.","LOS ANGELES","CA","90018","Los Angeles County","48","47","Not Indicated"
"CAA20231051","IMAGINE VILLAGE II","43445 SAHUAYO STREET","LANCASTER","CA","93535","Los Angeles County","80","78","Not Indicated"
"CAA20231053","LAKE HOUSE APARTMENTS","437 S WESTLAKE AVENUE","LOS ANGELES","CA","90057","Los Angeles County","63","62","Not Indicated"
"CAA20231055","LITTLE TOKYO TOWERS","455 E 3RD STREET","LOS ANGELES","CA","90013","Los Angeles County","301","298","Not Indicated"
"CAA20231060","LUCENA ON COURT","1919 W COURT STREET","LOS ANGELES","CA","90026","Los Angeles County","46","45","Not Indicated"
"CAA20231061","MAISONS VILLAGE I","5204 LILAC DRIVE","PALMDALE","CA","93552","Los Angeles County","170","168","Not Indicated"
"CAA20231067","MY ANGEL","8547 N. SEPULVEDA BLVD","NORTH HILLS","CA","91343","Los Angeles County","54","53","Not Indicated"
"CAA20231073","PALM VISTA APARTMENTS","20120 W SHERMAN WAY","LOS ANGELES","CA","91306","Los Angeles County","91","89","Not Indicated"
"CAA20231080","ROSE HILL COURTS PHASE I","4466 FLORIZEL STREET","LOS ANGELES","CA","90032","Los Angeles County","89","84","Not Indicated"
"CAA20231081","SAGEPOINTE","1435 NORTH EUBANK AVENUE","LOS ANGELES","CA","90744","Los Angeles County","56","55","Not Indicated"
"CAA20231086","SERENITY APARTMENTS","923 S KENMORE AVENUE","LOS ANGELES","CA","90006","Los Angeles County","75","74","Not Indicated"
"CAA20231087","SHERMAN OAKS SENIOR HOUSING","14536 W. BURBANK BOULEVARD","SHERMAN OAKS","CA","91411","Los Angeles County","55","54","Not Indicated"
"CAA20231091","SUN KING APARTMENTS","9190 N. TELFAIR AVENUE","LOS ANGELES","CA","91352","Los Angeles County","26","25","Not Indicated"
"CAA20231096","THE QUINCY","2652 W PICO BLVD.","LOS ANGELES","CA","90006","Los Angeles County","54","53","Not Indicated"
"CAA20231097","THE REMI","1216 NADEAU STREET","LOS ANGELES","CA","90001","Los Angeles County","92","90","Not Indicated"
"CAA20231107","WELLSPRING","1500 EAST ANAHEIM STREET","LONG BEACH","CA","90813","Los Angeles County","88","87","Not Indicated"
"CAA20231108","WEST THIRD APARTMENTS","1900 W. THIRD STREET","LOS ANGELES","CA","90057","Los Angeles County","137","136","Not Indicated"
"CAA20231109","WESTLAKE APARTMENTS FKA 619 WESTLAKE","619 SOUTH WESTLAKE AVENUE","LOS ANGELES","CA","90057","Los Angeles County","78","77","Not Indicated"
"CAA20240012","AVALON 1355","1355 N. AVALON BLVD.","LOS ANGELES","CA","90744","Los Angeles County","54","53","Not Indicated"
"CAA20240017","BRYSON LEGACY","2721 W. WILSHIRE BLVD","LOS ANGELES","CA","90057","Los Angeles County","64","63","Not Indicated"
"CAA20240018","CANOGA PARK APARTMENTS","6824 WINNETKA AVENUE","LOS ANGELES","CA","91306","Los Angeles County","14","14","Not Indicated"
"CAA20240022","CHAPEL AVENUE APARTMENTS","103 NORTH CHAPEL AVENUE","ALHAMBRA","CA","91801","Los Angeles County","44","43","Not Indicated"
"CAA20240024","CITRUS CROSSING","900 E BROADWAY","GLENDALE","CA","91205","Los Angeles County","127","126","Not Indicated"
"CAA20240028","CORAZON DEL VALLE","14545 LANARK STREET","PANORAMA CITY","CA","91402","Los Angeles County","90","88","Not Indicated"
"CAA20240029","CORAZON DEL VALLE (CDV) II","14533 LANARK STREET","PANORAMA CITY","CA","91402","Los Angeles County","90","88","Not Indicated"
"CAA20240037","EL NUEVO AMANECER APARTMENTS","111 NORTH ROWAN AVE.","LOS ANGELES","CA","90063","Los Angeles County","61","59","Not Indicated"
"CAA20240045","GOLDFINCH APARTMENTS (FKA 11604 VANOWEN APARTMENTS)","11604 VANOWEN STREET","NORTH HOLLYWOOD","CA","91606","Los Angeles County","49","48","Not Indicated"
"CAA20240049","HERITAGE GARDENS","941 E. PACIFIC COAST HIGHWAY","LONG BEACH","CA","90806","Los Angeles County","68","67","Not Indicated"
"CAA20240051","HERITAGE SQUARE SOUTH","710 N FAIR OAKS AVENUE","PASADENA","CA","91103","Los Angeles County","70","69","Not Indicated"
"CAA20240052","ISLA DE LOS ANGELES","283 W IMPERIAL HWY.","LOS ANGELES","CA","90061","Los Angeles County","54","53","Not Indicated"
"CAA20240054","JUNIPER GROVE APARTMENTS","150 E. AVENUE R","PALMDALE","CA","93550","Los Angeles County","101","99","Not Indicated"
"CAA20240059","LAS DAHLIAS","4655 E 3RD STREET","LOS ANGELES","CA","90022","Los Angeles County","78","77","Not Indicated"
"CAA20240064","LINCOLN APARTMENTS","2471 LINCOLN BLVD","LOS ANGELES","CA","90291","Los Angeles County","40","39","Not Indicated"
"CAA20240066","LOS LIRIOS APARTMENTS","111 S. SOTO STREET","LOS ANGELES","CA","90033","Los Angeles County","64","63","Not Indicated"
"CAA20240067","LUMINA","10243 N. TOPANGA CANYON BLVD.","LOS ANGELES","CA","91311","Los Angeles County","55","54","Not Indicated"
"CAA20240071","MARCELLA GARDENS","6714 S MAIN STREET","LOS ANGELES","CA","90003","Los Angeles County","60","59","Not Indicated"
"CAA20240072","MIRADOR (F.K.A LINCOLN AVENUE SENIOR HOUSING)","2439 LINCOLN AVENUE","ALTADENA","CA","91001","Los Angeles County","71","70","Not Indicated"
"CAA20240077","NOHO 5050 APARTMENTS","5050 BAKMAN AVENUE","NORTH HOLLYWOOD","CA","91601","Los Angeles County","40","39","Not Indicated"
"CAA20240079","NORWALK VETERANS HOUSING","13601 SAN ANTONIO DRIVE","NORWALK","CA","90650","Los Angeles County","60","59","Not Indicated"
"CAA20240080","OAK APARTMENTS","2745-2759 FRANCIS AVENUE","LOS ANGELES","CA","90005","Los Angeles County","64","63","Not Indicated"
"CAA20240084","PALMDALE TERRACE APARTMENTS","2650 E AVENUE Q12","PALMDALE","CA","93550","Los Angeles County","151","149","Not Indicated"
"CAA20240085","PALMER PARK MANOR","617 E PALMER AVENUE","GLENDALE","CA","91205","Los Angeles County","12","12","Not Indicated"
"CAA20240095","RAMONA METRO POINT","11016 RAMONA BLVD","EL MONTE","CA","91731","Los Angeles County","51","50","Not Indicated"
"CAA20240103","RUTH TEAGUE HOMES (FORMERLY 67TH AND MAIN)","6706 S MAIN STREET","LOS ANGELES","CA","90003","Los Angeles County","52","51","Not Indicated"
"CAA20240111","SOLARIS APARTMENTS","1141 CRENSHAW BLVD","LOS ANGELES","CA","90019","Los Angeles County","43","42","Not Indicated"
"CAA20240121","THATCHER YARD HOUSING","3311 S THATCHER AVE","LOS ANGELES","CA","90292","Los Angeles County","98","97","Not Indicated"
"CAA20240124","THE BANNING","841 AND 843 N. BANNING BLVD.","WILMINGTON","CA","90744","Los Angeles County","64","63","Not Indicated"
"CAA20240125","THE COVE F.K.A THE COVE (CVC PHASE VI)","2121 W WILLIAMS STREET","LONG BEACH","CA","90810","Los Angeles County","90","89","Not Indicated"
"CAA20240127","THE EMERALD","2720 W. AVENUE K-12","LANCASTER","CA","93536","Los Angeles County","72","71","Not Indicated"
"CAA20240129","THE LAUREL","1413 MICHIGAN AVENUE","SANTA MONICA","CA","90404","Los Angeles County","58","57","Not Indicated"
"CAA20240137","VINTAGE AT WOODMAN","7700 WOODMAN AVENUE","PANORAMA CITY","CA","91402","Los Angeles County","239","237","Not Indicated"
"CAA20240142","VISTA DE JJ RODRIGUEZ APARTMENTS (F.K.A 6TH STREET GRAND)","128 S. 6TH STREET","MONTEBELLO","CA","90640","Los Angeles County","63","62","Not Indicated"
"CAA20240146","WASHINGTON CROSSING F.K.A WASHINGTON ARTS COLLECTIVE","4601 W WASHINGTON BLVD","LOS ANGELES","CA","90016","Los Angeles County","56","55","Not Indicated"
"CAA20240147","WEINGART TOWER I","555 S. CROCKER STREET","LOS ANGELES","CA","90013","Los Angeles County","134","133","Not Indicated"
"CAA20240148","WEINGART TOWER II","555 S. CROCKER STREET","LOS ANGELES","CA","90013","Los Angeles County","144","142","Not Indicated"
"CAA20240149","WEST CARSON VILLAS","22905 S. VERMONT AVE.","TORRANCE","CA","90502","Los Angeles County","111","110","Not Indicated"
"CAA20240152","WHITTIER HHH","3552 WHITTIER BLVD","LOS ANGELES","CA","90023","Los Angeles County","64","63","Not Indicated"
"CAA20250004","LORENA PLAZA","116 N. LORENA STREET AND 3401-3415 E. 1ST STREET","LOS ANGELES","CA","90063","Los Angeles County","49","48","Not Indicated"
"CAA20250007","MONTECITO II SENIOR HOUSING","6658 FRANKLIN AVE","LOS ANGELES","CA","90028","Los Angeles County","64","63","Not Indicated"
"CAA20250008","MONTESQUIEU MANOR PSH","318 N. JUANITA AVENUE","LOS ANGELES","CA","90004","Los Angeles County","53","52","Not Indicated"
"CAA20250015","ROUSSEAU RESIDENCES PSH","316 N. JUANITA AVENUE","LOS ANGELES","CA","90004","Los Angeles County","53","52","Not Indicated"
"CAA20250016","SANTA MONICA AND VERMONT APARTMENTS","1021 N VERMONT AVENUE","LOS ANGELES","CA","90029","Los Angeles County","187","185","Not Indicated"