geoid,geoid20,year,denom_total_pop,tot_homeless_count,sheltered_pop_count,unsheltered_pop_count,livingonstreet_count,totStreetSingAdult,totStreetFamMem,tot_vehicles_count,cars_count,vans_count,campers_count,tot_tent_encamp_count,encampments_count,tents_count
1400000US06037101110,101110,2024,4152,,0,,7,7,0,3,2,0,1,1,0,1
1400000US06037101122,101122,2024,4198,,0,,1,1,0,2,0,0,2,1,1,0
1400000US06037101220,101220,2024,3434,,0,,3,3,0,0,0,0,0,5,3,2
1400000US06037101221,101221,2024,3931,,0,,2,2,0,2,2,0,0,2,1,1
1400000US06037101222,101222,2024,2572,,0,,3,3,0,2,2,0,0,3,2,1
1400000US06037101300,101300,2024,0,,0,,0,0,0,0,0,0,0,0,0,0
1400000US06037101400,101400,2024,3489,,0,,2,2,0,2,2,0,0,2,1,1
1400000US06037102103,102103,2024,2054,,0,,48,48,0,5,0,4,1,8,3,5
1400000US06037102104,102104,2024,4052,,0,,0,0,0,0,0,0,0,0,0,0
1400000US06037102105,102105,2024,1664,,0,,0,0,0,0,0,0,0,0,0,0
1400000US06037102107,102107,2024,3595,,0,,0,0,0,0,0,0,0,0,0,0
1400000US06037103101,103101,2024,2705,,0,,0,0,0,0,0,0,0,1,0,1
1400000US06037103102,103102,2024,4468,,0,,2,2,0,5,5,0,0,0,0,0
1400000US06037103201,103201,2024,4425,,0,,9,9,0,5,2,2,1,1,0,1
1400000US06037103202,103202,2024,1945,,0,,1,1,0,14,6,1,7,12,8,4
1400000US06037103300,103300,2024,4021,,0,,2,2,0,7,4,1,2,13,11,2
1400000US06037103401,103401,2024,2552,,0,,3,3,0,2,2,0,0,0,0,0
1400000US06037103402,103402,2024,3809,,0,,4,4,0,3,3,0,0,1,1,0
1400000US06037104103,104103,2024,4257,,0,,1,1,0,6,1,0,5,0,0,0
1400000US06037104105,104105,2024,5890,,0,,7,7,0,19,8,3,8,0,0,0
1400000US06037104108,104108,2024,4952,,0,,5,5,0,20,14,0,6,0,0,0
1400000US06037104124,104124,2024,4090,,11,,0,0,0,0,0,0,0,0,0,0
1400000US06037104201,104201,2024,4325,,0,,0,0,0,1,1,0,0,0,0,0
1400000US06037104203,104203,2024,4978,,0,,0,0,0,0,0,0,0,0,0,0
1400000US06037104204,104204,2024,3736,,0,,4,4,0,10,0,0,10,1,1,0
1400000US06037104310,104310,2024,4476,,0,,2,2,0,27,8,0,19,1,1,0
1400000US06037104321,104321,2024,2926,,0,,0,0,0,1,0,0,1,0,0,0
1400000US06037104322,104322,2024,1856,,0,,2,2,0,9,0,4,5,1,1,0
1400000US06037104401,104401,2024,3083,,0,,1,1,0,20,10,6,4,2,2,0
1400000US06037104403,104403,2024,2292,,0,,10,10,0,2,0,0,2,7,7,0
1400000US06037104404,104404,2024,3374,,0,,0,0,0,6,1,3,2,0,0,0
1400000US06037104500,104500,2024,3539,,24,,2,2,0,6,1,0,5,0,0,0
1400000US06037104610,104610,2024,3124,,0,,0,0,0,4,1,0,3,1,1,0
1400000US06037104620,104620,2024,3266,,0,,0,0,0,9,3,5,1,0,0,0
1400000US06037104701,104701,2024,3916,,0,,0,0,0,8,1,2,5,0,0,0
1400000US06037104703,104703,2024,2306,,0,,5,5,0,134,35,3,96,13,7,6
1400000US06037104704,104704,2024,4662,,0,,0,0,0,3,0,2,1,0,0,0
1400000US06037104821,104821,2024,3476,,0,,0,0,0,2,0,1,1,0,0,0
1400000US06037104822,104822,2024,2199,,0,,5,5,0,0,0,0,0,1,0,1
1400000US06037104823,104823,2024,3195,,0,,0,0,0,10,1,2,7,0,0,0
1400000US06037104824,104824,2024,2582,,0,,0,0,0,37,2,8,27,6,0,6
1400000US06037106010,106010,2024,4049,,35,,0,0,0,12,3,0,9,0,0,0
1400000US06037106020,106020,2024,4850,,0,,0,0,0,4,0,1,3,0,0,0
1400000US06037106111,106111,2024,4707,,0,,0,0,0,11,0,2,9,1,0,1
1400000US06037106112,106112,2024,5035,,81,,6,6,0,10,0,1,9,13,9,4
1400000US06037106113,106113,2024,3835,,0,,2,2,0,0,0,0,0,1,0,1
1400000US06037106114,106114,2024,6929,,16,,1,1,0,3,0,0,3,1,0,1
1400000US06037106403,106403,2024,3860,,0,,0,0,0,5,1,1,3,0,0,0
1400000US06037106405,106405,2024,4149,,0,,0,0,0,3,1,0,2,0,0,0
1400000US06037106406,106406,2024,6292,,0,,0,0,0,0,0,0,0,0,0,0
1400000US06037106407,106407,2024,2333,,28,,0,0,0,2,0,0,2,0,0,0
1400000US06037106408,106408,2024,3832,,0,,0,0,0,1,0,0,1,0,0,0
1400000US06037106510,106510,2024,5599,,0,,5,5,0,18,8,0,10,2,1,1
1400000US06037106520,106520,2024,5484,,0,,0,0,0,9,1,0,8,0,0,0
1400000US06037106603,106603,2024,3681,,0,,0,0,0,0,0,0,0,0,0,0
1400000US06037106604,106604,2024,4349,,92,,0,0,0,9,0,0,9,8,5,3
1400000US06037106641,106641,2024,2096,,0,,0,0,0,3,3,0,0,0,0,0
1400000US06037106642,106642,2024,3514,,0,,1,1,0,9,4,4,1,2,0,2
1400000US06037106643,106643,2024,4311,,0,,0,0,0,0,0,0,0,0,0,0
1400000US06037106645,106645,2024,3672,,0,,0,0,0,0,0,0,0,0,0,0
1400000US06037106646,106646,2024,3092,,0,,0,0,0,1,1,0,0,1,1,0
1400000US06037106648,106648,2024,4713,,0,,0,0,0,0,0,0,0,0,0,0
1400000US06037106649,106649,2024,2689,,0,,1,1,0,0,0,0,0,0,0,0
1400000US06037107010,107010,2024,2997,,0,,1,1,0,0,0,0,0,0,0,0
1400000US06037107020,107020,2024,4921,,0,,5,5,0,2,0,1,1,5,0,5
1400000US06037108101,108101,2024,2128,,0,,0,0,0,0,0,0,0,0,0,0
1400000US06037108102,108102,2024,3477,,0,,0,0,0,0,0,0,0,0,0,0
1400000US06037108103,108103,2024,3053,,0,,0,0,0,0,0,0,0,0,0,0
1400000US06037108104,108104,2024,1754,,0,,2,2,0,1,1,0,0,0,0,0
1400000US06037108202,108202,2024,10248,,0,,0,0,0,1,1,0,0,1,0,1
1400000US06037108203,108203,2024,3157,,0,,0,0,0,1,1,0,0,0,0,0
1400000US06037108204,108204,2024,1782,,0,,0,0,0,0,0,0,0,0,0,0
1400000US06037109100,109100,2024,2861,,15,,0,0,0,1,0,0,1,0,0,0
1400000US06037109200,109200,2024,2863,,0,,0,0,0,3,0,3,0,3,0,3
1400000US06037109300,109300,2024,2905,,0,,0,0,0,1,0,0,1,0,0,0
1400000US06037109400,109400,2024,3620,,0,,0,0,0,1,0,0,1,0,0,0
1400000US06037109500,109500,2024,3907,,0,,3,3,0,3,0,0,3,3,3,0
1400000US06037109601,109601,2024,5042,,0,,2,2,0,3,0,0,3,0,0,0
1400000US06037109603,109603,2024,4038,,0,,1,1,0,2,0,1,1,1,0,1
1400000US06037109604,109604,2024,2721,,0,,0,0,0,1,0,1,0,1,0,1
1400000US06037109700,109700,2024,4259,,0,,0,0,0,8,3,0,5,1,1,0
1400000US06037109800,109800,2024,4625,,0,,0,0,0,7,0,0,7,0,0,0
1400000US06037111100,111100,2024,2965,,0,,0,0,0,0,0,0,0,0,0,0
1400000US06037111201,111201,2024,3275,,0,,1,1,0,3,1,2,0,1,1,0
1400000US06037111202,111202,2024,5742,,0,,1,1,0,6,1,3,2,0,0,0
1400000US06037111204,111204,2024,5902,,0,,0,0,0,3,3,0,0,0,0,0
1400000US06037111205,111205,2024,3627,,0,,1,1,0,2,0,1,1,1,0,1
1400000US06037111206,111206,2024,4295,,0,,2,2,0,0,0,0,0,1,0,1
1400000US06037111302,111302,2024,4967,,0,,0,0,0,0,0,0,0,5,5,0
1400000US06037111303,111303,2024,4567,,0,,3,3,0,1,1,0,0,2,0,2
1400000US06037111304,111304,2024,3082,,0,,1,1,0,0,0,0,0,0,0,0
1400000US06037111401,111401,2024,2193,,0,,0,0,0,2,2,0,0,18,5,13
1400000US06037111402,111402,2024,5998,,0,,0,0,0,2,0,0,2,2,1,1
1400000US06037113101,113101,2024,3540,,0,,11,11,0,6,5,1,0,2,0,2
1400000US06037113102,113102,2024,2980,,0,,1,1,0,2,2,0,0,0,0,0
1400000US06037113211,113211,2024,4138,,0,,6,6,0,3,3,0,0,1,0,1
1400000US06037113212,113212,2024,2872,,27,,5,5,0,5,0,0,5,2,0,2
1400000US06037113213,113213,2024,5068,,0,,7,7,0,0,0,0,0,6,0,6
1400000US06037113231,113231,2024,2233,,0,,0,0,0,1,0,1,0,0,0,0
1400000US06037113232,113232,2024,4777,,6,,0,0,0,4,1,1,2,0,0,0
1400000US06037113234,113234,2024,5640,,0,,12,8,4,4,0,0,4,3,3,0
1400000US06037113235,113235,2024,1690,,0,,0,0,0,0,0,0,0,0,0,0
1400000US06037113237,113237,2024,4765,,0,,0,0,0,0,0,0,0,0,0,0
1400000US06037113238,113238,2024,4596,,0,,2,2,0,3,0,0,3,0,0,0
1400000US06037113239,113239,2024,2134,,0,,19,19,0,10,6,2,2,8,0,8
1400000US06037113301,113301,2024,4255,,0,,0,0,0,14,0,3,11,7,0,7
1400000US06037113303,113303,2024,3799,,0,,7,7,0,74,18,5,51,16,3,13
1400000US06037113322,113322,2024,4761,,0,,0,0,0,0,0,0,0,0,0,0
1400000US06037113323,113323,2024,3904,,0,,2,2,0,3,1,1,1,1,1,0
1400000US06037113324,113324,2024,2837,,0,,4,4,0,0,0,0,0,0,0,0
1400000US06037113423,113423,2024,2845,,0,,0,0,0,5,4,0,1,0,0,0
1400000US06037113424,113424,2024,3133,,0,,0,0,0,0,0,0,0,1,0,1
1400000US06037113425,113425,2024,4254,,0,,0,0,0,3,0,0,3,2,0,2
1400000US06037113426,113426,2024,2302,,0,,0,0,0,52,17,12,23,4,3,1
1400000US06037113427,113427,2024,2386,,0,,0,0,0,0,0,0,0,0,0,0
1400000US06037113428,113428,2024,4120,,0,,3,3,0,1,1,0,0,1,0,1
1400000US06037115101,115101,2024,5034,,0,,3,3,0,0,0,0,0,0,0,0
1400000US06037115103,115103,2024,2606,,11,,0,0,0,2,0,1,1,0,0,0
1400000US06037115104,115104,2024,4404,,0,,0,0,0,0,0,0,0,0,0,0
1400000US06037115202,115202,2024,6034,,4,,3,3,0,14,2,1,11,5,0,5
1400000US06037115203,115203,2024,1929,,0,,0,0,0,4,4,0,0,0,0,0
1400000US06037115204,115204,2024,3953,,0,,0,0,0,0,0,0,0,0,0,0
1400000US06037115301,115301,2024,4438,,0,,0,0,0,7,3,0,4,2,2,0
1400000US06037115302,115302,2024,3839,,0,,1,1,0,4,3,0,1,0,0,0
1400000US06037115401,115401,2024,5637,,0,,1,1,0,1,0,0,1,1,0,1
1400000US06037115403,115403,2024,3379,,0,,3,3,0,0,0,0,0,3,1,2
1400000US06037115404,115404,2024,2619,,0,,0,0,0,0,0,0,0,0,0,0
1400000US06037117101,117101,2024,5233,,0,,0,0,0,3,0,2,1,0,0,0
1400000US06037117102,117102,2024,2427,,0,,0,0,0,1,0,0,1,0,0,0
1400000US06037117201,117201,2024,4108,,0,,0,0,0,0,0,0,0,4,0,4
1400000US06037117202,117202,2024,2818,,0,,0,0,0,0,0,0,0,6,0,6
1400000US06037117301,117301,2024,3808,,0,,0,0,0,11,1,0,10,0,0,0
1400000US06037117302,117302,2024,4950,,0,,2,2,0,1,1,0,0,1,1,0
1400000US06037117303,117303,2024,4162,,0,,0,0,0,24,1,2,21,1,1,0
1400000US06037117404,117404,2024,5216,,0,,9,9,0,5,1,2,2,22,5,17
1400000US06037117405,117405,2024,3048,,0,,8,8,0,3,2,0,1,6,6,0
1400000US06037117407,117407,2024,3185,,0,,4,4,0,0,0,0,0,5,3,2
1400000US06037117408,117408,2024,2505,,57,,6,6,0,0,0,0,0,6,3,3
1400000US06037117510,117510,2024,3790,,44,,7,7,0,4,1,1,2,2,0,2
1400000US06037117520,117520,2024,4345,,0,,0,0,0,4,0,4,0,3,1,2
1400000US06037117530,117530,2024,5741,,0,,2,2,0,0,0,0,0,2,2,0
1400000US06037119001,119001,2024,4283,,0,,0,0,0,0,0,0,0,0,0,0
1400000US06037119003,119003,2024,3332,,0,,0,0,0,0,0,0,0,0,0,0
1400000US06037119004,119004,2024,2759,,0,,1,1,0,3,1,2,0,4,3,1
1400000US06037119201,119201,2024,3976,,0,,5,5,0,3,0,3,0,3,0,3
1400000US06037119202,119202,2024,4674,,0,,3,3,0,2,0,2,0,1,1,0
1400000US06037119310,119310,2024,3767,,0,,0,0,0,0,0,0,0,1,0,1
1400000US06037119320,119320,2024,4292,,0,,0,0,0,0,0,0,0,6,1,5
1400000US06037119340,119340,2024,3748,,0,,0,0,0,0,0,0,0,0,0,0
1400000US06037119341,119341,2024,2744,,0,,0,0,0,0,0,0,0,5,0,5
1400000US06037119342,119342,2024,2791,,0,,0,0,0,0,0,0,0,0,0,0
1400000US06037119400,119400,2024,4650,,0,,1,1,0,1,0,1,0,0,0,0
1400000US06037119700,119700,2024,4414,,0,,1,1,0,0,0,0,0,1,0,1
1400000US06037119801,119801,2024,2702,,0,,0,0,0,0,0,0,0,0,0,0
1400000US06037119802,119802,2024,3094,,0,,0,0,0,0,0,0,0,0,0,0
1400000US06037119900,119900,2024,4503,,0,,2,2,0,2,2,0,0,0,0,0
1400000US06037120010,120010,2024,2643,,0,,0,0,0,0,0,0,0,2,0,2
1400000US06037120020,120020,2024,3973,,0,,1,1,0,1,0,0,1,1,1,0
1400000US06037120030,120030,2024,2576,,0,,1,1,0,0,0,0,0,3,2,1
1400000US06037120103,120103,2024,2879,,0,,0,0,0,0,0,0,0,2,0,2
1400000US06037120104,120104,2024,2603,,0,,6,6,0,1,0,0,1,8,7,1
1400000US06037120105,120105,2024,2755,,0,,0,0,0,0,0,0,0,1,0,1
1400000US06037120106,120106,2024,4282,,0,,0,0,0,2,0,2,0,4,0,4
1400000US06037120107,120107,2024,4130,,0,,0,0,0,2,0,2,0,1,0,1
1400000US06037120108,120108,2024,4558,,0,,0,0,0,0,0,0,0,0,0,0
1400000US06037120300,120300,2024,5469,,0,,2,2,0,1,1,0,0,2,0,2
1400000US06037120400,120400,2024,5820,,0,,2,2,0,0,0,0,0,0,0,0
1400000US06037121010,121010,2024,5213,,0,,7,7,0,34,2,6,26,2,2,0
1400000US06037121020,121020,2024,3481,,0,,0,0,0,17,11,4,2,1,0,1
1400000US06037121101,121101,2024,3345,,0,,47,47,0,6,0,3,3,27,6,21
1400000US06037121102,121102,2024,2254,,101,,4,4,0,76,22,1,53,21,2,19
1400000US06037121210,121210,2024,3168,,0,,15,15,0,28,8,6,14,15,1,14
1400000US06037121221,121221,2024,2047,,0,,0,0,0,0,0,0,0,2,2,0
1400000US06037121222,121222,2024,5111,,0,,0,0,0,5,0,0,5,6,5,1
1400000US06037121600,121600,2024,2604,,110,,0,0,0,0,0,0,0,0,0,0
1400000US06037121801,121801,2024,4302,,0,,2,2,0,12,2,5,5,1,0,1
1400000US06037121802,121802,2024,3192,,1124,,2,2,0,5,0,0,5,3,1,2
1400000US06037121900,121900,2024,3329,,0,,3,3,0,34,10,5,19,19,1,18
1400000US06037122000,122000,2024,5326,,66,,0,0,0,28,5,0,23,3,2,1
1400000US06037122120,122120,2024,4387,,0,,0,0,0,5,3,0,2,0,0,0
1400000US06037122121,122121,2024,2726,,0,,0,0,0,4,2,1,1,0,0,0
1400000US06037122122,122122,2024,2562,,77,,16,16,0,37,0,7,30,26,8,18
1400000US06037122200,122200,2024,3625,,0,,6,6,0,34,12,3,19,1,1,0
1400000US06037122410,122410,2024,4083,,0,,1,1,0,15,1,1,13,2,0,2
1400000US06037122420,122420,2024,5328,,0,,6,4,2,4,0,0,4,0,0,0
1400000US06037123010,123010,2024,3828,,0,,0,0,0,20,8,0,12,0,0,0
1400000US06037123020,123020,2024,2804,,0,,10,10,0,14,1,4,9,0,0,0
1400000US06037123103,123103,2024,3893,,0,,7,7,0,3,0,1,2,6,3,3
1400000US06037123104,123104,2024,4700,,0,,3,3,0,8,2,1,5,3,2,1
1400000US06037123203,123203,2024,2926,,0,,2,2,0,5,0,0,5,15,1,14
1400000US06037123204,123204,2024,3333,,0,,1,1,0,8,1,5,2,0,0,0
1400000US06037123205,123205,2024,2834,,0,,1,1,0,14,1,11,2,8,0,8
1400000US06037123206,123206,2024,2470,,0,,1,1,0,9,1,4,4,0,0,0
1400000US06037123301,123301,2024,3956,,0,,4,4,0,22,4,13,5,9,8,1
1400000US06037123303,123303,2024,2842,,0,,3,3,0,17,7,8,2,5,0,5
1400000US06037123304,123304,2024,4435,,0,,19,19,0,3,1,2,0,5,3,2
1400000US06037123410,123410,2024,3469,,0,,0,0,0,0,0,0,0,0,0,0
1400000US06037123420,123420,2024,4453,,0,,0,0,0,10,4,2,4,3,0,3
1400000US06037123510,123510,2024,4652,,0,,1,1,0,4,1,2,1,0,0,0
1400000US06037123520,123520,2024,2488,,0,,0,0,0,0,0,0,0,0,0,0
1400000US06037123601,123601,2024,5498,,0,,0,0,0,0,0,0,0,0,0,0
1400000US06037123602,123602,2024,3099,,0,,1,1,0,1,0,1,0,0,0,0
1400000US06037123700,123700,2024,3827,,0,,4,4,0,4,4,0,0,1,0,1
1400000US06037123800,123800,2024,5552,,115,,27,27,0,15,0,5,10,7,3,4
1400000US06037123901,123901,2024,4369,,0,,24,24,0,10,5,2,3,34,7,27
1400000US06037123902,123902,2024,2758,,0,,1,1,0,11,5,1,5,3,0,3
1400000US06037124000,124000,2024,4502,,0,,1,1,0,8,2,4,2,1,1,0
1400000US06037124102,124102,2024,3653,,0,,9,9,0,5,1,2,2,4,3,1
1400000US06037124103,124103,2024,1891,,0,,1,1,0,3,2,0,1,1,0,1
1400000US06037124104,124104,2024,2777,,0,,0,0,0,0,0,0,0,3,3,0
1400000US06037124105,124105,2024,2191,,0,,12,12,0,2,1,1,0,8,7,1
1400000US06037124201,124201,2024,3445,,0,,2,2,0,11,5,1,5,0,0,0
1400000US06037124203,124203,2024,2063,,0,,1,1,0,1,0,1,0,0,0,0
1400000US06037124204,124204,2024,2537,,0,,3,3,0,9,2,0,7,1,0,1
1400000US06037124300,124300,2024,3094,,0,,17,17,0,24,2,5,17,20,6,14
1400000US06037124400,124400,2024,4470,,0,,1,1,0,1,1,0,0,0,0,0
1400000US06037124500,124500,2024,2728,,0,,0,0,0,0,0,0,0,0,0,0
1400000US06037124600,124600,2024,2849,,0,,4,4,0,2,2,0,0,0,0,0
1400000US06037124700,124700,2024,5251,,0,,4,4,0,0,0,0,0,1,0,1
1400000US06037124902,124902,2024,3129,,0,,0,0,0,14,4,5,5,2,0,2
1400000US06037124903,124903,2024,3964,,0,,4,0,4,11,6,4,1,1,0,1
1400000US06037125101,125101,2024,4465,,0,,0,0,0,8,4,2,2,0,0,0
1400000US06037125102,125102,2024,2053,,0,,0,0,0,0,0,0,0,0,0,0
1400000US06037125200,125200,2024,4203,,50,,30,30,0,27,13,4,10,29,10,19
1400000US06037125310,125310,2024,4170,,0,,23,23,0,11,0,1,10,3,0,3
1400000US06037125321,125321,2024,2840,,0,,4,4,0,2,0,0,2,2,2,0
1400000US06037125322,125322,2024,2090,,0,,15,15,0,3,1,0,2,7,6,1
1400000US06037125402,125402,2024,3821,,0,,5,5,0,2,0,0,2,5,1,4
1400000US06037125403,125403,2024,2594,,0,,6,6,0,0,0,0,0,0,0,0
1400000US06037125404,125404,2024,3001,,0,,25,25,0,9,7,1,1,1,1,0
1400000US06037125501,125501,2024,2969,,0,,3,3,0,3,0,1,2,0,0,0
1400000US06037125502,125502,2024,3696,,0,,0,0,0,0,0,0,0,0,0,0
1400000US06037125600,125600,2024,2990,,0,,3,3,0,0,0,0,0,0,0,0
1400000US06037127102,127102,2024,5292,,79,,4,4,0,5,2,2,1,0,0,0
1400000US06037127103,127103,2024,3354,,7,,0,0,0,1,0,1,0,4,4,0
1400000US06037127104,127104,2024,4327,,0,,0,0,0,1,0,0,1,0,0,0
1400000US06037127210,127210,2024,5434,,0,,2,2,0,0,0,0,0,1,1,0
1400000US06037127220,127220,2024,4750,,0,,0,0,0,0,0,0,0,0,0,0
1400000US06037127300,127300,2024,4301,,0,,10,10,0,0,0,0,0,8,6,2
1400000US06037127400,127400,2024,5638,,0,,19,19,0,29,11,13,5,15,13,2
1400000US06037127520,127520,2024,4868,,0,,21,21,0,2,1,0,1,20,15,5
1400000US06037127603,127603,2024,2873,,0,,5,5,0,6,1,3,2,4,2,2
1400000US06037127604,127604,2024,3151,,0,,5,5,0,2,1,0,1,5,3,2
1400000US06037127605,127605,2024,3682,,0,,0,0,0,2,0,1,1,1,0,1
1400000US06037127606,127606,2024,3218,,0,,7,7,0,5,1,0,4,13,3,10
1400000US06037127711,127711,2024,3231,,0,,10,10,0,2,0,1,1,11,7,4
1400000US06037127712,127712,2024,4047,,139,,8,8,0,3,1,0,2,18,3,15
1400000US06037127803,127803,2024,5002,,0,,3,3,0,1,0,0,1,0,0,0
1400000US06037127804,127804,2024,4433,,0,,5,5,0,0,0,0,0,0,0,0
1400000US06037127805,127805,2024,3514,,0,,1,1,0,0,0,0,0,0,0,0
1400000US06037127806,127806,2024,3729,,0,,7,7,0,0,0,0,0,2,2,0
1400000US06037127910,127910,2024,5072,,29,,6,6,0,1,1,0,0,2,0,2
1400000US06037127920,127920,2024,4385,,0,,0,0,0,2,2,0,0,1,1,0
1400000US06037128101,128101,2024,2823,,0,,0,0,0,0,0,0,0,0,0,0
1400000US06037128102,128102,2024,4892,,0,,3,3,0,0,0,0,0,0,0,0
1400000US06037128210,128210,2024,5000,,49,,8,8,0,2,0,0,2,7,3,4
1400000US06037128220,128220,2024,2992,,0,,0,0,0,0,0,0,0,1,0,1
1400000US06037128302,128302,2024,4559,,0,,0,0,0,0,0,0,0,2,0,2
1400000US06037128303,128303,2024,3432,,0,,2,2,0,1,1,0,0,11,0,11
1400000US06037128400,128400,2024,4274,,0,,13,13,0,1,0,0,1,22,10,12
1400000US06037128500,128500,2024,4401,,0,,0,0,0,3,1,2,0,3,0,3
1400000US06037128601,128601,2024,4842,,0,,1,1,0,0,0,0,0,1,0,1
1400000US06037128602,128602,2024,2687,,0,,0,0,0,6,0,2,4,4,0,4
1400000US06037128703,128703,2024,3576,,0,,2,2,0,2,0,1,1,6,3,3
1400000US06037128704,128704,2024,2328,,0,,0,0,0,0,0,0,0,1,0,1
1400000US06037128801,128801,2024,3864,,0,,1,1,0,5,0,0,5,1,0,1
1400000US06037128802,128802,2024,4317,,0,,0,0,0,0,0,0,0,0,0,0
1400000US06037128910,128910,2024,4528,,0,,2,2,0,1,0,0,1,0,0,0
1400000US06037131021,131021,2024,3237,,0,,0,0,0,4,0,1,3,0,0,0
1400000US06037131022,131022,2024,2877,,0,,1,1,0,2,0,0,2,0,0,0
1400000US06037131023,131023,2024,2655,,0,,3,3,0,9,1,0,8,2,2,0
1400000US06037131024,131024,2024,3894,,0,,1,1,0,10,0,0,10,1,0,1
1400000US06037131100,131100,2024,3017,,0,,8,8,0,5,0,0,5,2,0,2
1400000US06037131200,131200,2024,3681,,0,,1,1,0,1,1,0,0,0,0,0
1400000US06037131300,131300,2024,4316,,0,,1,1,0,4,0,1,3,0,0,0
1400000US06037131400,131400,2024,5895,,0,,0,0,0,0,0,0,0,0,0,0
1400000US06037131600,131600,2024,4942,,0,,2,2,0,17,7,6,4,1,0,1
1400000US06037131701,131701,2024,4877,,0,,0,0,0,5,0,4,1,0,0,0
1400000US06037131702,131702,2024,3669,,0,,0,0,0,5,0,0,5,0,0,0
1400000US06037131801,131801,2024,2879,,75,,3,3,0,1,0,0,1,0,0,0
1400000US06037131802,131802,2024,2337,,0,,0,0,0,5,0,1,4,0,0,0
1400000US06037131900,131900,2024,3959,,0,,2,2,0,18,1,1,16,0,0,0
1400000US06037132001,132001,2024,2714,,0,,1,1,0,3,0,0,3,0,0,0
1400000US06037132002,132002,2024,3585,,0,,0,0,0,1,0,0,1,0,0,0
1400000US06037132101,132101,2024,4113,,0,,0,0,0,0,0,0,0,0,0,0
1400000US06037132102,132102,2024,4993,,7,,7,7,0,9,1,3,5,0,0,0
1400000US06037132301,132301,2024,3616,,0,,29,29,0,7,0,1,6,0,0,0
1400000US06037132302,132302,2024,3176,,0,,0,0,0,1,1,0,0,1,1,0
1400000US06037132501,132501,2024,4658,,0,,1,1,0,0,0,0,0,0,0,0
1400000US06037132502,132502,2024,3398,,28,,9,9,0,8,5,1,2,2,0,2
1400000US06037132700,132700,2024,4922,,0,,6,6,0,3,2,0,1,6,2,4
1400000US06037132900,132900,2024,3877,,0,,0,0,0,9,2,7,0,2,1,1
1400000US06037133000,133000,2024,4096,,0,,1,1,0,7,1,3,3,1,0,1
1400000US06037133101,133101,2024,1709,,0,,2,2,0,5,4,0,1,1,0,1
1400000US06037133102,133102,2024,3926,,81,,4,4,0,6,3,0,3,0,0,0
1400000US06037134001,134001,2024,3457,,0,,6,6,0,0,0,0,0,1,0,1
1400000US06037134002,134002,2024,4024,,0,,0,0,0,2,0,0,2,0,0,0
1400000US06037134101,134101,2024,4660,,0,,1,1,0,2,0,2,0,0,0,0
1400000US06037134103,134103,2024,4172,,0,,0,0,0,5,1,0,4,0,0,0
1400000US06037134104,134104,2024,4076,,0,,2,2,0,4,0,3,1,0,0,0
1400000US06037134201,134201,2024,4062,,0,,0,0,0,11,3,4,4,11,6,5
1400000US06037134302,134302,2024,4411,,0,,0,0,0,1,0,0,1,0,0,0
1400000US06037134303,134303,2024,5455,,0,,4,4,0,0,0,0,0,2,0,2
1400000US06037134304,134304,2024,2863,,0,,0,0,0,3,0,3,0,0,0,0
1400000US06037134305,134305,2024,3693,,0,,1,1,0,11,3,8,0,0,0,0
1400000US06037134306,134306,2024,3699,,75,,12,12,0,8,3,1,4,6,0,6
1400000US06037134421,134421,2024,4401,,0,,0,0,0,0,0,0,0,0,0,0
1400000US06037134422,134422,2024,5079,,0,,1,1,0,5,1,1,3,0,0,0
1400000US06037134423,134423,2024,3417,,0,,0,0,0,1,0,0,1,0,0,0
1400000US06037134424,134424,2024,2835,,0,,0,0,0,0,0,0,0,0,0,0
1400000US06037134520,134520,2024,5178,,0,,15,15,0,27,15,2,10,19,0,19
1400000US06037134521,134521,2024,2736,,0,,17,17,0,16,5,9,2,8,0,8
1400000US06037134522,134522,2024,4521,,0,,1,1,0,1,0,0,1,0,0,0
1400000US06037134710,134710,2024,5304,,0,,0,0,0,1,0,0,1,0,0,0
1400000US06037134720,134720,2024,5545,,0,,6,6,0,1,0,0,1,2,1,1
1400000US06037134801,134801,2024,2951,,0,,1,1,0,4,0,2,2,5,0,5
1400000US06037134802,134802,2024,3123,,0,,0,0,0,0,0,0,0,2,0,2
1400000US06037134901,134901,2024,2469,,0,,0,0,0,0,0,0,0,2,0,2
1400000US06037134904,134904,2024,4866,,0,,0,0,0,4,0,0,4,0,0,0
1400000US06037134905,134905,2024,6046,,0,,0,0,0,0,0,0,0,1,1,0
1400000US06037134906,134906,2024,2933,,0,,3,3,0,0,0,0,0,0,0,0
1400000US06037134907,134907,2024,3854,,0,,5,5,0,3,2,0,1,4,2,2
1400000US06037135102,135102,2024,3848,,0,,1,1,0,4,0,1,3,0,0,0
1400000US06037135111,135111,2024,3807,,0,,1,1,0,5,3,0,2,2,0,2
1400000US06037135113,135113,2024,2980,,0,,0,0,0,2,0,0,2,0,0,0
1400000US06037135115,135115,2024,3921,,0,,2,2,0,1,0,0,1,0,0,0
1400000US06037135116,135116,2024,1507,,0,,0,0,0,0,0,0,0,10,0,10
1400000US06037135201,135201,2024,2999,,0,,3,3,0,1,0,0,1,0,0,0
1400000US06037135202,135202,2024,4745,,0,,0,0,0,1,0,1,0,1,0,1
1400000US06037135204,135204,2024,4665,,0,,1,1,0,2,1,0,1,0,0,0
1400000US06037135205,135205,2024,1874,,0,,0,0,0,0,0,0,0,0,0,0
1400000US06037137000,137000,2024,4823,,0,,2,2,0,4,2,2,0,3,1,2
1400000US06037137103,137103,2024,5100,,0,,0,0,0,1,1,0,0,1,1,0
1400000US06037137104,137104,2024,2233,,0,,5,5,0,0,0,0,0,3,0,3
1400000US06037137202,137202,2024,3368,,0,,2,2,0,0,0,0,0,1,0,1
1400000US06037137203,137203,2024,2595,,0,,4,4,0,3,2,0,1,2,0,2
1400000US06037137301,137301,2024,2182,,0,,0,0,0,2,0,0,2,0,0,0
1400000US06037137302,137302,2024,4564,,0,,0,0,0,0,0,0,0,0,0,0
1400000US06037137401,137401,2024,4673,,0,,1,1,0,0,0,0,0,2,0,2
1400000US06037137402,137402,2024,5905,,0,,0,0,0,0,0,0,0,0,0,0
1400000US06037137501,137501,2024,5495,,258,,2,2,0,2,0,1,1,0,0,0
1400000US06037137502,137502,2024,4582,,0,,4,4,0,1,0,0,1,2,0,2
1400000US06037137504,137504,2024,1889,,0,,0,0,0,0,0,0,0,0,0,0
1400000US06037138000,138000,2024,4777,,0,,0,0,0,0,0,0,0,0,0,0
1400000US06037139001,139001,2024,5515,,0,,3,3,0,2,0,1,1,2,1,1
1400000US06037139200,139200,2024,5758,,0,,0,0,0,1,0,0,1,0,0,0
1400000US06037139301,139301,2024,4137,,0,,11,11,0,6,0,0,6,8,7,1
1400000US06037139302,139302,2024,5001,,14,,0,0,0,0,0,0,0,1,0,1
1400000US06037139303,139303,2024,4807,,0,,2,2,0,0,0,0,0,3,0,3
1400000US06037139401,139401,2024,2431,,0,,18,18,0,0,0,0,0,8,7,1
1400000US06037139402,139402,2024,2834,,0,,2,2,0,2,0,0,2,0,0,0
1400000US06037139502,139502,2024,3315,,0,,8,8,0,0,0,0,0,3,1,2
1400000US06037139504,139504,2024,3764,,0,,1,1,0,0,0,0,0,0,0,0
1400000US06037139505,139505,2024,2512,,0,,0,0,0,0,0,0,0,0,0,0
1400000US06037139506,139506,2024,3109,,0,,0,0,0,0,0,0,0,0,0,0
1400000US06037139600,139600,2024,5164,,0,,1,1,0,1,0,0,1,0,0,0
1400000US06037139701,139701,2024,5635,,0,,2,2,0,6,4,0,2,1,1,0
1400000US06037139703,139703,2024,2554,,0,,0,0,0,0,0,0,0,0,0,0
1400000US06037139704,139704,2024,2871,,0,,1,1,0,0,0,0,0,1,0,1
1400000US06037139705,139705,2024,4011,,0,,0,0,0,0,0,0,0,0,0,0
1400000US06037139801,139801,2024,3514,,0,,0,0,0,0,0,0,0,0,0,0
1400000US06037139802,139802,2024,3832,,0,,0,0,0,1,1,0,0,0,0,0
1400000US06037141101,141101,2024,4691,,0,,2,2,0,2,1,1,0,0,0,0
1400000US06037141102,141102,2024,2959,,0,,0,0,0,0,0,0,0,0,0,0
1400000US06037141201,141201,2024,3954,,0,,1,1,0,7,2,0,5,1,0,1
1400000US06037141202,141202,2024,3111,,0,,0,0,0,0,0,0,0,0,0,0
1400000US06037141303,141303,2024,3055,,0,,0,0,0,0,0,0,0,0,0,0
1400000US06037141304,141304,2024,2947,,0,,5,5,0,0,0,0,0,2,0,2
1400000US06037141305,141305,2024,2913,,0,,0,0,0,0,0,0,0,1,0,1
1400000US06037141306,141306,2024,3222,,0,,4,4,0,0,0,0,0,1,0,1
1400000US06037141400,141400,2024,5021,,0,,6,6,0,0,0,0,0,2,1,1
1400000US06037141500,141500,2024,2887,,0,,0,0,0,1,0,1,0,0,0,0
1400000US06037141600,141600,2024,4035,,0,,0,0,0,0,0,0,0,0,0,0
1400000US06037141700,141700,2024,3086,,0,,0,0,0,0,0,0,0,0,0,0
1400000US06037143101,143101,2024,2216,,0,,0,0,0,0,0,0,0,0,0,0
1400000US06037143102,143102,2024,2174,,0,,1,1,0,0,0,0,0,1,1,0
1400000US06037143200,143200,2024,4215,,0,,5,5,0,2,0,0,2,13,8,5
1400000US06037143301,143301,2024,3273,,0,,1,1,0,3,1,0,2,1,0,1
1400000US06037143302,143302,2024,3301,,0,,0,0,0,0,0,0,0,1,0,1
1400000US06037143401,143401,2024,5300,,0,,1,1,0,0,0,0,0,0,0,0
1400000US06037143402,143402,2024,1959,,0,,0,0,0,0,0,0,0,0,0,0
1400000US06037143500,143500,2024,5325,,0,,5,5,0,0,0,0,0,0,0,0
1400000US06037143602,143602,2024,4816,,0,,2,2,0,0,0,0,0,1,0,1
1400000US06037143603,143603,2024,2452,,0,,0,0,0,1,0,1,0,0,0,0
1400000US06037143605,143605,2024,1899,,0,,7,7,0,3,1,1,1,3,0,3
1400000US06037143606,143606,2024,1759,,0,,10,10,0,3,0,3,0,0,0,0
1400000US06037143700,143700,2024,3380,,0,,1,1,0,0,0,0,0,7,7,0
1400000US06037143801,143801,2024,3201,,0,,0,0,0,0,0,0,0,0,0,0
1400000US06037143802,143802,2024,2273,,0,,1,1,0,0,0,0,0,0,0,0
1400000US06037143901,143901,2024,4055,,0,,5,5,0,0,0,0,0,0,0,0
1400000US06037143902,143902,2024,3167,,0,,0,0,0,0,0,0,0,0,0,0
1400000US06037181000,181000,2024,0,,40,,4,4,0,20,10,4,6,1,1,0
1400000US06037181300,181300,2024,0,,0,,1,1,0,2,0,0,2,0,0,0
1400000US06037181400,181400,2024,4463,,0,,3,3,0,3,0,0,3,3,0,3
1400000US06037181500,181500,2024,0,,0,,0,0,0,15,0,5,10,0,0,0
1400000US06037181600,181600,2024,4208,,0,,0,0,0,2,0,0,2,0,0,0
1400000US06037183101,183101,2024,0,,0,,1,1,0,4,2,1,1,0,0,0
1400000US06037183103,183103,2024,4424,,0,,0,0,0,4,2,1,1,11,10,1
1400000US06037183104,183104,2024,0,,0,,0,0,0,0,0,0,0,4,3,1
1400000US06037183220,183220,2024,2954,,0,,1,1,0,0,0,0,0,0,0,0
1400000US06037183221,183221,2024,3192,,0,,0,0,0,4,0,3,1,0,0,0
1400000US06037183222,183222,2024,3459,,0,,0,0,0,0,0,0,0,0,0,0
1400000US06037183300,183300,2024,3140,,0,,3,3,0,3,3,0,0,1,1,0
1400000US06037183401,183401,2024,2592,,0,,0,0,0,1,0,0,1,0,0,0
1400000US06037183402,183402,2024,3175,,0,,0,0,0,11,1,2,8,1,1,0
1400000US06037183510,183510,2024,2432,,0,,0,0,0,4,0,2,2,0,0,0
1400000US06037183520,183520,2024,3492,,20,,0,0,0,0,0,0,0,0,0,0
1400000US06037183610,183610,2024,2826,,0,,0,0,0,3,0,0,3,3,0,3
1400000US06037183620,183620,2024,3067,,0,,3,3,0,15,3,9,3,8,2,6
1400000US06037183701,183701,2024,3445,,116,,2,2,0,5,0,3,2,18,6,12
1400000US06037183702,183702,2024,3007,,0,,2,2,0,1,0,0,1,5,2,3
1400000US06037183810,183810,2024,4139,,0,,5,5,0,0,0,0,0,0,0,0
1400000US06037183820,183820,2024,3573,,0,,0,0,0,1,0,0,1,6,6,0
1400000US06037185101,185101,2024,2408,,0,,2,2,0,7,4,3,0,17,12,5
1400000US06037185102,185102,2024,3503,,0,,0,0,0,0,0,0,0,0,0,0
1400000US06037185202,185202,2024,4099,,0,,0,0,0,0,0,0,0,1,1,0
1400000US06037185203,185203,2024,2497,,0,,0,0,0,11,2,3,6,0,0,0
1400000US06037185204,185204,2024,1888,,0,,1,1,0,2,1,0,1,0,0,0
1400000US06037185310,185310,2024,2871,,0,,0,0,0,7,2,3,2,0,0,0
1400000US06037185320,185320,2024,2871,,0,,9,9,0,27,10,3,14,5,1,4
1400000US06037186100,186100,2024,0,,0,,0,0,0,5,0,0,5,0,0,0
1400000US06037186201,186201,2024,3374,,0,,0,0,0,4,0,1,3,0,0,0
1400000US06037186202,186202,2024,1808,,0,,0,0,0,0,0,0,0,0,0,0
1400000US06037186203,186203,2024,2753,,0,,0,0,0,0,0,0,0,0,0,0
1400000US06037186301,186301,2024,0,,0,,2,2,0,7,3,3,1,3,0,3
1400000US06037186302,186302,2024,4719,,0,,1,1,0,1,0,0,1,1,1,0
1400000US06037186401,186401,2024,0,,0,,2,2,0,8,1,6,1,9,5,4
1400000US06037186403,186403,2024,2533,,0,,0,0,0,3,0,0,3,0,0,0
1400000US06037186404,186404,2024,2528,,0,,0,0,0,4,0,0,4,0,0,0
1400000US06037187101,187101,2024,0,,0,,0,0,0,1,0,1,0,0,0,0
1400000US06037187102,187102,2024,4494,,0,,3,3,0,0,0,0,0,3,1,2
1400000US06037187200,187200,2024,2908,,0,,2,2,0,2,1,0,1,0,0,0
1400000US06037187300,187300,2024,3820,,0,,1,1,0,6,4,1,1,0,0,0
1400000US06037188100,188100,2024,0,,0,,3,3,0,5,2,0,3,4,3,1
1400000US06037188201,188201,2024,2839,,0,,11,11,0,3,0,1,2,6,0,6
1400000US06037188202,188202,2024,3043,,0,,0,0,0,0,0,0,0,0,0,0
1400000US06037188300,188300,2024,3228,,0,,3,3,0,1,0,0,1,0,0,0
1400000US06037189101,189101,2024,2461,,0,,12,12,0,0,0,0,0,1,1,0
1400000US06037189102,189102,2024,3797,,0,,6,6,0,9,3,2,4,0,0,0
1400000US06037189201,189201,2024,2779,,0,,9,9,0,0,0,0,0,0,0,0
1400000US06037189202,189202,2024,3167,,0,,0,0,0,3,0,0,3,0,0,0
1400000US06037189300,189300,2024,2754,,0,,2,2,0,2,0,0,2,0,0,0
1400000US06037189400,189400,2024,3011,,0,,1,1,0,0,0,0,0,0,0,0
1400000US06037189501,189501,2024,2214,,0,,0,0,0,4,0,2,2,0,0,0
1400000US06037189502,189502,2024,1842,,0,,0,0,0,0,0,0,0,0,0,0
1400000US06037189600,189600,2024,3658,,0,,5,5,0,5,1,4,0,19,9,10
1400000US06037189702,189702,2024,2393,,109,,3,3,0,0,0,0,0,3,2,1
1400000US06037189703,189703,2024,1993,,0,,0,0,0,0,0,0,0,0,0,0
1400000US06037189704,189704,2024,2099,,0,,11,11,0,0,0,0,0,0,0,0
1400000US06037189801,189801,2024,2192,,0,,3,3,0,1,0,0,1,1,0,1
1400000US06037189802,189802,2024,1979,,0,,0,0,0,0,0,0,0,2,0,2
1400000US06037189903,189903,2024,2191,,0,,0,0,0,0,0,0,0,0,0,0
1400000US06037189904,189904,2024,2432,,0,,6,6,0,1,1,0,0,0,0,0
1400000US06037189905,189905,2024,2421,,85,,10,10,0,3,0,2,1,7,2,5
1400000US06037189906,189906,2024,2491,,0,,10,10,0,1,1,0,0,4,3,1
1400000US06037189907,189907,2024,2543,,23,,1,1,0,0,0,0,0,1,0,1
1400000US06037190101,190101,2024,1599,,0,,9,9,0,0,0,0,0,8,6,2
1400000US06037190102,190102,2024,2249,,0,,7,7,0,3,1,1,1,3,2,1
1400000US06037190201,190201,2024,3673,,0,,25,25,0,0,0,0,0,15,4,11
1400000US06037190202,190202,2024,2720,,0,,10,10,0,1,1,0,0,3,1,2
1400000US06037190302,190302,2024,2711,,19,,6,6,0,2,2,0,0,6,0,6
1400000US06037190303,190303,2024,2544,,0,,0,0,0,0,0,0,0,0,0,0
1400000US06037190401,190401,2024,2784,,0,,0,0,0,2,1,1,0,0,0,0
1400000US06037190402,190402,2024,2419,,0,,2,2,0,3,0,2,1,0,0,0
1400000US06037190510,190510,2024,3884,,0,,13,13,0,4,1,2,1,13,11,2
1400000US06037190520,190520,2024,3462,,0,,3,3,0,0,0,0,0,3,3,0
1400000US06037190701,190701,2024,1643,,75,,40,40,0,4,4,0,0,6,3,3
1400000US06037190702,190702,2024,1412,,0,,13,13,0,0,0,0,0,28,10,18
1400000US06037190801,190801,2024,3073,,113,,10,10,0,4,3,1,0,10,2,8
1400000US06037190802,190802,2024,2973,,51,,5,5,0,4,1,0,3,2,0,2
1400000US06037190901,190901,2024,3420,,92,,0,0,0,0,0,0,0,0,0,0
1400000US06037190902,190902,2024,3925,,0,,0,0,0,12,6,4,2,2,1,1
1400000US06037191000,191000,2024,5335,,70,,40,40,0,10,7,0,3,38,7,31
1400000US06037191110,191110,2024,3808,,0,,3,3,0,0,0,0,0,3,2,1
1400000US06037191120,191120,2024,3776,,0,,4,4,0,0,0,0,0,1,1,0
1400000US06037191201,191201,2024,5722,,0,,16,16,0,3,0,3,0,12,10,2
1400000US06037191203,191203,2024,2010,,0,,0,0,0,8,0,1,7,2,0,2
1400000US06037191204,191204,2024,1532,,28,,0,0,0,2,0,1,1,0,0,0
1400000US06037191301,191301,2024,2077,,0,,2,2,0,1,0,0,1,11,6,5
1400000US06037191302,191302,2024,1825,,0,,6,6,0,4,0,0,4,0,0,0
1400000US06037191410,191410,2024,3363,,0,,4,4,0,1,0,1,0,8,7,1
1400000US06037191420,191420,2024,3065,,0,,5,5,0,5,0,0,5,6,3,3
1400000US06037191500,191500,2024,5491,,18,,5,5,0,28,10,12,6,4,3,1
1400000US06037191610,191610,2024,3653,,0,,11,11,0,0,0,0,0,34,32,2
1400000US06037191620,191620,2024,2773,,0,,0,0,0,10,1,2,7,0,0,0
1400000US06037191710,191710,2024,2569,,0,,1,1,0,18,10,5,3,3,2,1
1400000US06037191720,191720,2024,3408,,0,,11,11,0,11,11,0,0,4,1,3
1400000US06037191810,191810,2024,2780,,0,,1,1,0,3,3,0,0,1,0,1
1400000US06037191820,191820,2024,3777,,0,,1,1,0,0,0,0,0,0,0,0
1400000US06037191901,191901,2024,4309,,74,,0,0,0,0,0,0,0,0,0,0
1400000US06037191902,191902,2024,2813,,0,,7,7,0,9,0,5,4,4,1,3
1400000US06037192001,192001,2024,2167,,0,,6,6,0,2,1,0,1,2,1,1
1400000US06037192002,192002,2024,2611,,0,,0,0,0,0,0,0,0,3,0,3
1400000US06037192300,192300,2024,2642,,0,,3,3,0,1,0,0,1,0,0,0
1400000US06037192410,192410,2024,4285,,0,,1,1,0,8,0,8,0,2,1,1
1400000US06037192420,192420,2024,3360,,0,,8,8,0,13,1,8,4,9,0,9
1400000US06037192510,192510,2024,3991,,0,,2,2,0,16,3,4,9,0,0,0
1400000US06037192520,192520,2024,4884,,0,,4,4,0,6,2,2,2,3,0,3
1400000US06037192610,192610,2024,4106,,0,,1,1,0,7,0,2,5,2,1,1
1400000US06037192620,192620,2024,3362,,0,,3,3,0,0,0,0,0,4,0,4
1400000US06037192700,192700,2024,3070,,190,,9,9,0,18,8,5,5,14,5,9
1400000US06037194101,194101,2024,3273,,0,,0,0,0,0,0,0,0,0,0,0
1400000US06037194102,194102,2024,2504,,0,,1,1,0,0,0,0,0,0,0,0
1400000US06037194200,194200,2024,3378,,0,,0,0,0,0,0,0,0,0,0,0
1400000US06037194300,194300,2024,2887,,0,,0,0,0,0,0,0,0,0,0,0
1400000US06037194401,194401,2024,2613,,0,,5,5,0,1,0,0,1,4,0,4
1400000US06037194402,194402,2024,3071,,0,,0,0,0,1,0,0,1,4,2,2
1400000US06037194500,194500,2024,2116,,0,,2,2,0,2,2,0,0,2,1,1
1400000US06037195100,195100,2024,4976,,0,,0,0,0,3,0,3,0,0,0,0
1400000US06037195201,195201,2024,2813,,0,,10,10,0,12,5,6,1,1,1,0
1400000US06037195202,195202,2024,3349,,0,,0,0,0,1,0,0,1,0,0,0
1400000US06037195300,195300,2024,2976,,0,,1,1,0,1,0,0,1,1,0,1
1400000US06037195400,195400,2024,4348,,0,,0,0,0,7,2,4,1,1,0,1
1400000US06037195500,195500,2024,5138,,30,,3,3,0,5,4,0,1,1,0,1
1400000US06037195600,195600,2024,2821,,37,,5,5,0,3,0,3,0,6,6,0
1400000US06037195710,195710,2024,4274,,0,,4,4,0,11,5,4,2,6,4,2
1400000US06037195720,195720,2024,1694,,0,,3,3,0,13,5,6,2,6,5,1
1400000US06037195802,195802,2024,2865,,0,,10,10,0,19,6,10,3,4,0,4
1400000US06037195803,195803,2024,2328,,0,,0,0,0,1,0,1,0,0,0,0
1400000US06037195804,195804,2024,2555,,0,,0,0,0,0,0,0,0,0,0,0
1400000US06037195901,195901,2024,2566,,0,,1,1,0,3,0,3,0,0,0,0
1400000US06037195902,195902,2024,1847,,0,,1,1,0,1,0,0,1,1,0,1
1400000US06037195903,195903,2024,1970,,0,,2,2,0,1,1,0,0,1,1,0
1400000US06037197200,197200,2024,3639,,0,,0,0,0,5,0,2,3,0,0,0
1400000US06037197300,197300,2024,3734,,0,,0,0,0,1,0,1,0,0,0,0
1400000US06037197410,197410,2024,3805,,0,,0,0,0,20,4,4,12,3,2,1
1400000US06037197420,197420,2024,3621,,100,,3,3,0,3,3,0,0,2,0,2
1400000US06037197500,197500,2024,3992,,5,,14,14,0,37,8,17,12,1,1,0
1400000US06037197600,197600,2024,2080,,0,,3,3,0,12,0,2,10,6,4,2
1400000US06037197700,197700,2024,4780,,0,,11,11,0,3,1,0,2,1,1,0
1400000US06037199001,199001,2024,2307,,0,,3,3,0,3,0,2,1,4,0,4
1400000US06037199002,199002,2024,2866,,0,,26,26,0,45,0,1,44,48,8,40
1400000US06037199110,199110,2024,2369,,0,,3,3,0,6,0,3,3,1,0,1
1400000US06037199120,199120,2024,3704,,0,,10,10,0,20,9,4,7,0,0,0
1400000US06037199201,199201,2024,3592,,31,,3,3,0,9,1,4,4,2,0,2
1400000US06037199202,199202,2024,2450,,0,,2,2,0,3,1,1,1,0,0,0
1400000US06037199300,199300,2024,3839,,0,,3,3,0,12,3,3,6,25,13,12
1400000US06037199400,199400,2024,4373,,0,,3,3,0,25,7,5,13,12,7,5
1400000US06037199700,199700,2024,2936,,0,,0,0,0,6,2,0,4,3,0,3
1400000US06037199801,199801,2024,3842,,0,,1,1,0,1,0,0,1,0,0,0
1400000US06037199802,199802,2024,1975,,0,,5,5,0,5,0,4,1,1,0,1
1400000US06037199900,199900,2024,2295,,0,,3,3,0,20,4,1,15,4,3,1
1400000US06037201110,201110,2024,2279,,0,,0,0,0,3,0,2,1,0,0,0
1400000US06037201120,201120,2024,3843,,41,,0,0,0,3,0,0,3,0,0,0
1400000US06037201200,201200,2024,2677,,0,,2,2,0,7,0,5,2,1,1,0
1400000US06037201301,201301,2024,3403,,0,,1,1,0,16,1,2,13,1,0,1
1400000US06037201302,201302,2024,4083,,0,,0,0,0,3,1,1,1,0,0,0
1400000US06037201401,201401,2024,4177,,0,,0,0,0,7,1,5,1,3,0,3
1400000US06037201402,201402,2024,4113,,0,,0,0,0,4,0,0,4,2,2,0
1400000US06037201501,201501,2024,5468,,50,,3,3,0,4,0,0,4,1,0,1
1400000US06037201503,201503,2024,3133,,0,,0,0,0,0,0,0,0,0,0,0
1400000US06037201504,201504,2024,2063,,0,,0,0,0,6,0,1,5,0,0,0
1400000US06037201601,201601,2024,2310,,0,,0,0,0,2,0,2,0,1,1,0
1400000US06037201602,201602,2024,2766,,0,,3,3,0,35,13,6,16,3,0,3
1400000US06037201700,201700,2024,5128,,0,,0,0,0,16,2,3,11,0,0,0
1400000US06037203100,203100,2024,4302,,0,,0,0,0,14,0,12,2,1,1,0
1400000US06037203200,203200,2024,4995,,0,,3,3,0,11,1,2,8,4,2,2
1400000US06037203300,203300,2024,2105,,31,,6,6,0,1,0,0,1,1,0,1
1400000US06037203500,203500,2024,2831,,0,,0,0,0,10,3,6,1,2,1,1
1400000US06037203601,203601,2024,2664,,0,,0,0,0,0,0,0,0,1,1,0
1400000US06037203602,203602,2024,1964,,90,,0,0,0,0,0,0,0,0,0,0
1400000US06037203710,203710,2024,3457,,0,,4,4,0,5,3,0,2,4,0,4
1400000US06037203720,203720,2024,3556,,0,,2,2,0,12,3,8,1,0,0,0
1400000US06037203800,203800,2024,4817,,43,,0,0,0,1,1,0,0,0,0,0
1400000US06037203900,203900,2024,2839,,0,,4,4,0,11,1,9,1,4,0,4
1400000US06037204110,204110,2024,2863,,0,,0,0,0,15,2,2,11,0,0,0
1400000US06037204120,204120,2024,2480,,0,,0,0,0,1,1,0,0,0,0,0
1400000US06037204200,204200,2024,3317,,0,,0,0,0,0,0,0,0,0,0,0
1400000US06037204300,204300,2024,4873,,0,,6,6,0,5,3,1,1,1,0,1
1400000US06037204410,204410,2024,2467,,0,,0,0,0,1,0,0,1,0,0,0
1400000US06037204420,204420,2024,3101,,93,,11,11,0,3,1,2,0,0,0,0
1400000US06037204600,204600,2024,3954,,0,,8,8,0,0,0,0,0,15,12,3
1400000US06037204700,204700,2024,4524,,0,,3,3,0,8,3,0,5,10,8,2
1400000US06037204810,204810,2024,4932,,0,,5,5,0,6,1,2,3,2,2,0
1400000US06037204820,204820,2024,2066,,0,,0,0,0,0,0,0,0,5,5,0
1400000US06037204910,204910,2024,3356,,0,,3,3,0,1,0,0,1,2,2,0
1400000US06037204920,204920,2024,2459,,0,,12,12,0,73,20,3,50,16,8,8
1400000US06037205110,205110,2024,3690,,0,,4,4,0,0,0,0,0,1,1,0
1400000US06037205120,205120,2024,3409,,0,,4,4,0,15,1,2,12,24,18,6
1400000US06037206010,206010,2024,3490,,0,,19,19,0,16,5,11,0,10,1,9
1400000US06037206020,206020,2024,8179,,224,,34,34,0,9,4,4,1,38,1,37
1400000US06037206050,206050,2024,2290,,0,,38,38,0,15,3,0,12,27,19,8
1400000US06037206051,206051,2024,1535,,0,,24,24,0,89,27,12,50,52,46,6
1400000US06037206052,206052,2024,3153,,0,,0,0,0,2,1,1,0,3,3,0
1400000US06037206053,206053,2024,3057,,35,,10,10,0,30,10,5,15,22,20,2
1400000US06037206054,206054,2024,2456,,44,,11,11,0,5,2,0,3,15,12,3
1400000US06037206201,206201,2024,2127,,227,,127,127,0,15,4,11,0,129,72,57
1400000US06037206202,206202,2024,1711,,0,,79,79,0,9,6,2,1,69,5,64
1400000US06037206301,206301,2024,1991,,214,,140,140,0,11,6,5,0,97,23,74
1400000US06037206302,206302,2024,1904,,331,,99,99,0,1,0,1,0,29,1,28
1400000US06037206303,206303,2024,2430,,728,,244,244,0,79,59,13,7,290,24,266
1400000US06037207101,207101,2024,3852,,0,,26,26,0,5,2,0,3,15,8,7
1400000US06037207102,207102,2024,3340,,40,,25,25,0,0,0,0,0,52,1,51
1400000US06037207103,207103,2024,2112,,0,,7,7,0,1,0,0,1,2,1,1
1400000US06037207303,207303,2024,2359,,0,,22,22,0,0,0,0,0,0,0,0
1400000US06037207304,207304,2024,2358,,0,,19,19,0,0,0,0,0,1,0,1
1400000US06037207305,207305,2024,959,,0,,64,64,0,0,0,0,0,6,6,0
1400000US06037207306,207306,2024,2225,,35,,28,28,0,0,0,0,0,4,0,4
1400000US06037207307,207307,2024,1439,,0,,29,29,0,0,0,0,0,9,9,0
1400000US06037207308,207308,2024,1229,,0,,4,4,0,0,0,0,0,3,3,0
1400000US06037207400,207400,2024,2273,,81,,88,88,0,2,0,1,1,60,31,29
1400000US06037207501,207501,2024,2106,,0,,3,3,0,0,0,0,0,4,0,4
1400000US06037207502,207502,2024,3906,,311,,30,30,0,0,0,0,0,1,0,1
1400000US06037207711,207711,2024,2627,,48,,29,29,0,2,0,2,0,10,6,4
1400000US06037207712,207712,2024,4927,,0,,95,90,5,92,46,43,3,19,3,16
1400000US06037207901,207901,2024,3801,,0,,10,10,0,0,0,0,0,1,1,0
1400000US06037207902,207902,2024,7354,,0,,2,2,0,0,0,0,0,0,0,0
1400000US06037208001,208001,2024,2581,,0,,13,13,0,4,2,0,2,24,13,11
1400000US06037208002,208002,2024,4041,,0,,3,3,0,12,3,5,4,6,6,0
1400000US06037208301,208301,2024,1693,,0,,10,10,0,8,3,5,0,1,0,1
1400000US06037208302,208302,2024,4715,,92,,4,4,0,3,0,1,2,3,1,2
1400000US06037208401,208401,2024,3852,,0,,2,2,0,5,5,0,0,19,6,13
1400000US06037208402,208402,2024,2516,,0,,5,5,0,27,2,4,21,8,0,8
1400000US06037208501,208501,2024,2458,,0,,5,5,0,8,0,1,7,10,1,9
1400000US06037208502,208502,2024,3801,,53,,0,0,0,1,0,0,1,6,2,4
1400000US06037208610,208610,2024,4277,,33,,2,2,0,21,5,9,7,11,3,8
1400000US06037208620,208620,2024,4000,,0,,4,4,0,5,0,4,1,4,3,1
1400000US06037208710,208710,2024,4895,,0,,0,0,0,0,0,0,0,0,0,0
1400000US06037208720,208720,2024,3406,,121,,5,5,0,1,0,1,0,15,13,2
1400000US06037208801,208801,2024,3368,,122,,49,49,0,5,3,2,0,10,8,2
1400000US06037208802,208802,2024,2772,,0,,0,0,0,1,0,0,1,5,3,2
1400000US06037208902,208902,2024,2399,,0,,28,28,0,0,0,0,0,17,7,10
1400000US06037208903,208903,2024,3819,,35,,78,78,0,3,2,1,0,11,4,7
1400000US06037208904,208904,2024,3590,,0,,9,9,0,5,3,2,0,14,8,6
1400000US06037209103,209103,2024,3226,,0,,1,1,0,3,0,3,0,1,1,0
1400000US06037209104,209104,2024,2567,,0,,1,1,0,0,0,0,0,0,0,0
1400000US06037209105,209105,2024,3153,,0,,7,7,0,7,2,5,0,1,1,0
1400000US06037209106,209106,2024,2101,,0,,15,15,0,2,2,0,0,30,7,23
1400000US06037209201,209201,2024,3298,,64,,5,5,0,0,0,0,0,2,1,1
1400000US06037209202,209202,2024,1410,,0,,1,1,0,0,0,0,0,0,0,0
1400000US06037209300,209300,2024,4934,,22,,15,15,0,8,5,2,1,11,0,11
1400000US06037209401,209401,2024,3689,,0,,7,7,0,9,3,5,1,15,14,1
1400000US06037209402,209402,2024,4102,,0,,19,19,0,35,16,18,1,15,3,12
1400000US06037209403,209403,2024,4721,,102,,23,23,0,15,5,7,3,20,0,20
1400000US06037209510,209510,2024,2656,,0,,17,17,0,9,3,4,2,18,0,18
1400000US06037209520,209520,2024,2373,,0,,16,16,0,8,5,0,3,18,2,16
1400000US06037209810,209810,2024,2678,,20,,0,0,0,0,0,0,0,1,0,1
1400000US06037209820,209820,2024,2498,,12,,4,4,0,3,0,2,1,0,0,0
1400000US06037210010,210010,2024,3192,,0,,13,13,0,16,3,5,8,14,13,1
1400000US06037211000,211000,2024,5313,,2,,1,1,0,1,0,1,0,2,1,1
1400000US06037211121,211121,2024,2318,,34,,2,2,0,1,0,1,0,10,3,7
1400000US06037211122,211122,2024,2645,,0,,1,1,0,7,2,2,3,3,1,2
1400000US06037211123,211123,2024,1816,,55,,24,24,0,0,0,0,0,24,9,15
1400000US06037211124,211124,2024,4287,,0,,22,22,0,1,0,0,1,20,6,14
1400000US06037211201,211201,2024,2694,,0,,1,1,0,3,2,1,0,1,1,0
1400000US06037211202,211202,2024,2254,,0,,8,8,0,0,0,0,0,0,0,0
1400000US06037211310,211310,2024,3484,,0,,2,2,0,1,0,0,1,2,2,0
1400000US06037211320,211320,2024,3253,,0,,3,3,0,0,0,0,0,0,0,0
1400000US06037211410,211410,2024,2913,,0,,3,3,0,0,0,0,0,3,2,1
1400000US06037211420,211420,2024,3495,,0,,8,8,0,8,1,4,3,3,3,0
1400000US06037211500,211500,2024,3857,,0,,1,1,0,0,0,0,0,0,0,0
1400000US06037211701,211701,2024,2781,,0,,4,4,0,2,2,0,0,2,0,2
1400000US06037211703,211703,2024,4564,,0,,0,0,0,3,1,1,1,2,1,1
1400000US06037211704,211704,2024,2668,,0,,5,5,0,0,0,0,0,0,0,0
1400000US06037211802,211802,2024,4448,,0,,26,26,0,2,0,1,1,7,4,3
1400000US06037211803,211803,2024,3635,,0,,1,1,0,9,9,0,0,0,0,0
1400000US06037211804,211804,2024,3194,,0,,1,1,0,17,2,15,0,7,0,7
1400000US06037211910,211910,2024,3951,,0,,0,0,0,2,1,1,0,2,1,1
1400000US06037211921,211921,2024,2001,,0,,0,0,0,0,0,0,0,0,0,0
1400000US06037211922,211922,2024,3353,,0,,0,0,0,0,0,0,0,1,0,1
1400000US06037212101,212101,2024,2741,,0,,5,5,0,2,2,0,0,4,0,4
1400000US06037212102,212102,2024,2955,,0,,8,8,0,0,0,0,0,8,0,8
1400000US06037212202,212202,2024,3676,,0,,0,0,0,2,0,2,0,1,1,0
1400000US06037212203,212203,2024,2946,,0,,6,6,0,4,2,2,0,1,0,1
1400000US06037212204,212204,2024,3720,,0,,8,8,0,1,1,0,0,11,4,7
1400000US06037212303,212303,2024,3838,,0,,9,9,0,0,0,0,0,2,2,0
1400000US06037212304,212304,2024,1781,,0,,4,4,0,0,0,0,0,6,2,4
1400000US06037212305,212305,2024,2711,,0,,0,0,0,4,0,4,0,1,1,0
1400000US06037212306,212306,2024,2816,,0,,5,5,0,0,0,0,0,5,5,0
1400000US06037212410,212410,2024,4226,,21,,11,11,0,1,1,0,0,2,1,1
1400000US06037212420,212420,2024,2661,,0,,0,0,0,0,0,0,0,0,0,0
1400000US06037212501,212501,2024,1890,,0,,0,0,0,0,0,0,0,0,0,0
1400000US06037212502,212502,2024,3282,,0,,3,3,0,0,0,0,0,15,0,15
1400000US06037212610,212610,2024,4211,,0,,5,5,0,1,0,1,0,1,0,1
1400000US06037212620,212620,2024,3818,,0,,0,0,0,0,0,0,0,0,0,0
1400000US06037212701,212701,2024,2317,,0,,4,4,0,4,2,1,1,1,1,0
1400000US06037212702,212702,2024,3389,,0,,2,2,0,0,0,0,0,0,0,0
1400000US06037212800,212800,2024,3386,,0,,0,0,0,0,0,0,0,0,0,0
1400000US06037212900,212900,2024,3684,,0,,4,4,0,0,0,0,0,1,0,1
1400000US06037213100,213100,2024,2790,,0,,3,3,0,1,0,0,1,3,1,2
1400000US06037213201,213201,2024,4079,,0,,15,15,0,0,0,0,0,28,0,28
1400000US06037213202,213202,2024,3675,,32,,5,5,0,1,0,1,0,1,0,1
1400000US06037213310,213310,2024,2519,,0,,17,17,0,7,1,6,0,2,0,2
1400000US06037213320,213320,2024,2471,,0,,11,11,0,5,1,2,2,8,0,8
1400000US06037213401,213401,2024,4573,,0,,12,12,0,3,0,2,1,19,9,10
1400000US06037213402,213402,2024,4477,,0,,9,9,0,2,0,1,1,11,6,5
1400000US06037214000,214000,2024,3950,,0,,2,2,0,2,0,2,0,3,3,0
1400000US06037214100,214100,2024,3787,,0,,0,0,0,0,0,0,0,0,0,0
1400000US06037214400,214400,2024,3008,,0,,3,3,0,0,0,0,0,0,0,0
1400000US06037214501,214501,2024,3477,,0,,5,5,0,4,3,1,0,7,0,7
1400000US06037214503,214503,2024,3513,,0,,0,0,0,3,2,1,0,0,0,0
1400000US06037214504,214504,2024,3609,,0,,1,1,0,3,0,1,2,0,0,0
1400000US06037214505,214505,2024,1581,,0,,1,1,0,2,0,2,0,0,0,0
1400000US06037214600,214600,2024,2266,,0,,2,2,0,0,0,0,0,6,2,4
1400000US06037214700,214700,2024,2517,,0,,4,4,0,0,0,0,0,7,4,3
1400000US06037214800,214800,2024,2880,,0,,7,7,0,2,1,1,0,4,1,3
1400000US06037214902,214902,2024,2569,,0,,0,0,0,0,0,0,0,5,3,2
1400000US06037214903,214903,2024,1568,,0,,1,1,0,0,0,0,0,0,0,0
1400000US06037214904,214904,2024,1459,,0,,0,0,0,0,0,0,0,0,0,0
1400000US06037215101,215101,2024,3024,,0,,21,21,0,2,1,1,0,1,0,1
1400000US06037215102,215102,2024,3322,,0,,9,9,0,2,0,1,1,6,6,0
1400000US06037216100,216100,2024,2393,,0,,1,1,0,0,0,0,0,0,0,0
1400000US06037216201,216201,2024,2591,,0,,4,4,0,1,0,0,1,2,1,1
1400000US06037216202,216202,2024,2525,,0,,0,0,0,1,1,0,0,0,0,0
1400000US06037216301,216301,2024,1414,,0,,5,5,0,0,0,0,0,0,0,0
1400000US06037216302,216302,2024,3158,,0,,3,3,0,0,0,0,0,6,0,6
1400000US06037216401,216401,2024,3660,,0,,1,1,0,0,0,0,0,0,0,0
1400000US06037216402,216402,2024,2663,,0,,0,0,0,3,0,1,2,0,0,0
1400000US06037216700,216700,2024,3441,,0,,0,0,0,3,0,3,0,0,0,0
1400000US06037216800,216800,2024,3333,,0,,1,1,0,5,0,3,2,2,1,1
1400000US06037216901,216901,2024,2799,,0,,0,0,0,1,0,0,1,2,0,2
1400000US06037216902,216902,2024,2201,,0,,0,0,0,2,2,0,0,0,0,0
1400000US06037217001,217001,2024,2777,,0,,0,0,0,1,0,0,1,0,0,0
1400000US06037217002,217002,2024,4952,,122,,1,1,0,1,0,0,1,2,2,0
1400000US06037217101,217101,2024,2674,,0,,0,0,0,1,0,0,1,0,0,0
1400000US06037217102,217102,2024,2773,,0,,2,2,0,0,0,0,0,0,0,0
1400000US06037217200,217200,2024,3976,,0,,1,1,0,7,0,1,6,1,0,1
1400000US06037218110,218110,2024,3167,,0,,0,0,0,4,1,0,3,0,0,0
1400000US06037218120,218120,2024,3571,,0,,0,0,0,3,0,1,2,0,0,0
1400000US06037218210,218210,2024,4124,,9,,0,0,0,0,0,0,0,0,0,0
1400000US06037218220,218220,2024,4042,,0,,1,1,0,0,0,0,0,5,1,4
1400000US06037218300,218300,2024,4811,,25,,2,2,0,9,0,1,8,3,1,2
1400000US06037218400,218400,2024,3996,,0,,5,5,0,2,0,2,0,7,7,0
1400000US06037218500,218500,2024,2739,,55,,5,5,0,2,0,2,0,3,3,0
1400000US06037218600,218600,2024,3129,,80,,2,2,0,1,0,1,0,2,2,0
1400000US06037218701,218701,2024,1880,,31,,5,5,0,0,0,0,0,3,2,1
1400000US06037218702,218702,2024,2705,,17,,2,2,0,4,1,0,3,1,0,1
1400000US06037218800,218800,2024,2732,,0,,3,3,0,16,7,0,9,4,2,2
1400000US06037218900,218900,2024,5444,,0,,12,12,0,6,5,1,0,0,0,0
1400000US06037219010,219010,2024,3214,,21,,3,3,0,12,2,6,4,1,1,0
1400000US06037219020,219020,2024,4326,,31,,0,0,0,22,4,10,8,0,0,0
1400000US06037219300,219300,2024,3772,,0,,17,17,0,9,2,5,2,12,10,2
1400000US06037219500,219500,2024,1965,,0,,0,0,0,1,0,0,1,0,0,0
1400000US06037219700,219700,2024,4198,,0,,0,0,0,29,8,8,13,2,0,2
1400000US06037219800,219800,2024,3033,,0,,0,0,0,0,0,0,0,0,0,0
1400000US06037219901,219901,2024,5206,,0,,1,1,0,0,0,0,0,0,0,0
1400000US06037219902,219902,2024,3509,,0,,2,2,0,3,0,0,3,1,0,1
1400000US06037220000,220000,2024,4505,,0,,5,5,0,8,0,0,8,2,0,2
1400000US06037220100,220100,2024,2463,,0,,0,0,0,2,0,0,2,0,0,0
1400000US06037221110,221110,2024,3037,,0,,1,1,0,0,0,0,0,0,0,0
1400000US06037221120,221120,2024,2946,,0,,5,5,0,12,5,4,3,5,3,2
1400000US06037221210,221210,2024,2945,,0,,3,3,0,22,3,8,11,5,0,5
1400000US06037221220,221220,2024,2752,,0,,6,6,0,29,7,6,16,13,0,13
1400000US06037221302,221302,2024,3259,,11,,7,7,0,2,1,0,1,2,0,2
1400000US06037221303,221303,2024,2531,,0,,5,5,0,0,0,0,0,5,0,5
1400000US06037221304,221304,2024,3707,,0,,3,3,0,0,0,0,0,5,0,5
1400000US06037221401,221401,2024,2965,,0,,2,2,0,0,0,0,0,1,0,1
1400000US06037221402,221402,2024,2965,,0,,2,2,0,2,0,2,0,1,1,0
1400000US06037221500,221500,2024,3527,,0,,5,5,0,22,4,3,15,10,0,10
1400000US06037221601,221601,2024,3264,,0,,8,8,0,17,0,7,10,11,0,11
1400000US06037221602,221602,2024,2223,,0,,24,24,0,21,2,11,8,11,3,8
1400000US06037221710,221710,2024,2658,,0,,10,10,0,18,0,13,5,0,0,0
1400000US06037221810,221810,2024,2433,,0,,4,4,0,4,3,0,1,1,0,1
1400000US06037221820,221820,2024,2529,,0,,0,0,0,0,0,0,0,0,0,0
1400000US06037221900,221900,2024,4572,,0,,2,2,0,2,0,1,1,1,1,0
1400000US06037222001,222001,2024,2837,,0,,0,0,0,1,0,1,0,3,1,2
1400000US06037222002,222002,2024,4719,,0,,0,0,0,2,0,1,1,3,3,0
1400000US06037222100,222100,2024,4086,,0,,0,0,0,5,0,0,5,0,0,0
1400000US06037222200,222200,2024,3642,,0,,46,46,0,98,34,30,34,35,0,35
1400000US06037222500,222500,2024,4194,,0,,15,15,0,15,7,1,7,1,0,1
1400000US06037222600,222600,2024,5268,,0,,0,0,0,5,1,2,2,4,0,4
1400000US06037222700,222700,2024,4316,,0,,0,0,0,0,0,0,0,0,0,0
1400000US06037224010,224010,2024,2974,,0,,49,49,0,14,10,0,4,45,9,36
1400000US06037224020,224020,2024,2816,,254,,15,15,0,28,2,2,24,60,52,8
1400000US06037224200,224200,2024,2174,,10,,11,11,0,22,6,10,6,37,29,8
1400000US06037224310,224310,2024,1779,,31,,3,3,0,0,0,0,0,1,0,1
1400000US06037224320,224320,2024,3593,,0,,5,5,0,4,1,3,0,5,2,3
1400000US06037224410,224410,2024,2783,,0,,6,6,0,1,0,1,0,2,2,0
1400000US06037224420,224420,2024,2168,,0,,1,1,0,6,1,2,3,0,0,0
1400000US06037224600,224600,2024,3078,,106,,2,2,0,54,22,2,30,97,86,11
1400000US06037224701,224701,2024,2463,,0,,1,1,0,5,2,1,2,0,0,0
1400000US06037224702,224702,2024,2508,,43,,10,10,0,5,2,1,2,1,1,0
1400000US06037226001,226001,2024,2027,,0,,48,48,0,117,37,13,67,75,69,6
1400000US06037226002,226002,2024,1873,,120,,189,189,0,79,23,18,38,196,100,96
1400000US06037226410,226410,2024,3561,,0,,9,1,8,12,2,6,4,6,0,6
1400000US06037226420,226420,2024,5225,,0,,4,4,0,4,0,2,2,0,0,0
1400000US06037226701,226701,2024,2518,,0,,11,11,0,7,0,4,3,13,0,13
1400000US06037226702,226702,2024,3993,,0,,4,4,0,2,0,0,2,0,0,0
1400000US06037227010,227010,2024,4279,,0,,2,2,0,13,2,2,9,14,1,13
1400000US06037227020,227020,2024,3506,,0,,0,0,0,3,0,0,3,0,0,0
1400000US06037228100,228100,2024,4392,,26,,1,1,0,29,12,5,12,12,0,12
1400000US06037228210,228210,2024,3801,,0,,0,0,0,4,0,2,2,0,0,0
1400000US06037228220,228220,2024,4470,,0,,11,11,0,42,17,24,1,6,4,2
1400000US06037228310,228310,2024,4493,,0,,14,14,0,8,0,1,7,10,4,6
1400000US06037228320,228320,2024,3420,,0,,24,24,0,0,0,0,0,11,0,11
1400000US06037228410,228410,2024,3096,,0,,2,2,0,8,2,3,3,4,0,4
1400000US06037228420,228420,2024,2893,,0,,5,5,0,7,2,3,2,5,2,3
1400000US06037228500,228500,2024,4836,,33,,18,18,0,16,1,12,3,4,0,4
1400000US06037228600,228600,2024,4734,,2,,0,0,0,1,0,0,1,0,0,0
1400000US06037228710,228710,2024,4104,,22,,5,5,0,6,3,3,0,0,0,0
1400000US06037228720,228720,2024,4909,,0,,23,23,0,35,9,23,3,3,3,0
1400000US06037228800,228800,2024,5375,,0,,11,11,0,46,18,8,20,21,11,10
1400000US06037228900,228900,2024,3187,,2,,5,5,0,37,8,15,14,10,9,1
1400000US06037229100,229100,2024,4572,,0,,0,0,0,18,5,9,4,0,0,0
1400000US06037229200,229200,2024,4550,,49,,1,1,0,19,7,7,5,0,0,0
1400000US06037229300,229300,2024,5742,,42,,1,1,0,11,6,1,4,1,0,1
1400000US06037229410,229410,2024,3897,,0,,7,7,0,24,12,4,8,3,1,2
1400000US06037229420,229420,2024,4611,,0,,7,7,0,1,0,0,1,3,2,1
1400000US06037231100,231100,2024,3407,,166,,9,9,0,22,4,2,16,22,11,11
1400000US06037231210,231210,2024,4261,,4,,45,45,0,108,52,25,31,11,0,11
1400000US06037231220,231220,2024,4143,,7,,5,5,0,14,1,6,7,0,0,0
1400000US06037231301,231301,2024,2570,,0,,5,5,0,9,4,0,5,1,0,1
1400000US06037231302,231302,2024,2890,,0,,7,7,0,6,0,0,6,0,0,0
1400000US06037231400,231400,2024,4480,,0,,14,14,0,7,0,5,2,0,0,0
1400000US06037231500,231500,2024,5048,,0,,1,1,0,12,1,0,11,0,0,0
1400000US06037231601,231601,2024,2230,,0,,1,1,0,3,0,0,3,0,0,0
1400000US06037231602,231602,2024,1870,,0,,1,1,0,2,2,0,0,0,0,0
1400000US06037231603,231603,2024,2895,,18,,0,0,0,0,0,0,0,0,0,0
1400000US06037231710,231710,2024,4026,,39,,0,0,0,0,0,0,0,0,0,0
1400000US06037231720,231720,2024,5174,,0,,0,0,0,0,0,0,0,1,1,0
1400000US06037231800,231800,2024,5469,,26,,6,6,0,10,3,2,5,20,19,1
1400000US06037231901,231901,2024,3440,,210,,9,9,0,12,6,2,4,0,0,0
1400000US06037231902,231902,2024,3207,,36,,27,27,0,32,9,5,18,5,5,0
1400000US06037232110,232110,2024,3491,,85,,21,21,0,11,2,1,8,5,0,5
1400000US06037232120,232120,2024,4935,,27,,1,1,0,4,0,1,3,0,0,0
1400000US06037232200,232200,2024,3765,,0,,17,17,0,4,0,2,2,1,0,1
1400000US06037232300,232300,2024,4766,,0,,2,2,0,11,0,4,7,0,0,0
1400000US06037232401,232401,2024,3582,,150,,0,0,0,0,0,0,0,0,0,0
1400000US06037232402,232402,2024,3098,,17,,0,0,0,10,0,2,8,0,0,0
1400000US06037232500,232500,2024,5422,,144,,2,2,0,2,0,0,2,1,0,1
1400000US06037232601,232601,2024,1688,,0,,0,0,0,0,0,0,0,1,1,0
1400000US06037232602,232602,2024,5524,,0,,4,4,0,5,0,0,5,6,2,4
1400000US06037232701,232701,2024,2348,,0,,0,0,0,7,3,2,2,1,1,0
1400000US06037232702,232702,2024,4414,,98,,1,1,0,7,4,1,2,3,0,3
1400000US06037232800,232800,2024,4184,,0,,10,10,0,17,0,3,14,4,3,1
1400000US06037234001,234001,2024,2517,,0,,8,8,0,1,0,0,1,0,0,0
1400000US06037234002,234002,2024,2896,,0,,1,1,0,14,7,5,2,0,0,0
1400000US06037234200,234200,2024,2605,,0,,2,2,0,2,2,0,0,2,0,2
1400000US06037234301,234301,2024,1779,,0,,32,32,0,6,2,2,2,7,0,7
1400000US06037234302,234302,2024,2459,,0,,5,5,0,5,1,3,1,2,0,2
1400000US06037234501,234501,2024,2770,,0,,0,0,0,6,0,2,4,0,0,0
1400000US06037234502,234502,2024,2601,,10,,8,3,5,12,3,4,5,0,0,0
1400000US06037234600,234600,2024,4694,,62,,28,28,0,10,6,1,3,1,0,1
1400000US06037234700,234700,2024,3838,,0,,5,5,0,4,2,1,1,1,0,1
1400000US06037234800,234800,2024,3534,,0,,0,0,0,10,2,4,4,1,1,0
1400000US06037234901,234901,2024,2916,,0,,0,0,0,3,0,0,3,0,0,0
1400000US06037234902,234902,2024,4535,,0,,0,0,0,4,1,1,2,0,0,0
1400000US06037235100,235100,2024,4032,,0,,1,1,0,0,0,0,0,0,0,0
1400000US06037235201,235201,2024,2880,,0,,0,0,0,0,0,0,0,0,0,0
1400000US06037235202,235202,2024,3887,,0,,8,8,0,4,0,4,0,8,0,8
1400000US06037236001,236001,2024,4063,,0,,7,7,0,0,0,0,0,13,1,12
1400000US06037236101,236101,2024,2606,,0,,3,3,0,1,0,0,1,0,0,0
1400000US06037236102,236102,2024,3510,,0,,6,6,0,8,0,0,8,5,0,5
1400000US06037236203,236203,2024,3615,,0,,0,0,0,5,1,0,4,0,0,0
1400000US06037236204,236204,2024,3387,,0,,1,1,0,2,2,0,0,0,0,0
1400000US06037236205,236205,2024,3070,,0,,0,0,0,1,0,1,0,0,0,0
1400000US06037236206,236206,2024,3175,,0,,0,0,0,0,0,0,0,0,0,0
1400000US06037236400,236400,2024,4390,,0,,0,0,0,3,2,0,1,0,0,0
1400000US06037237101,237101,2024,4136,,28,,7,7,0,7,1,0,6,1,1,0
1400000US06037237102,237102,2024,3970,,10,,7,7,0,0,0,0,0,3,3,0
1400000US06037237201,237201,2024,3766,,133,,6,6,0,5,2,0,3,0,0,0
1400000US06037237202,237202,2024,4404,,63,,13,13,0,53,14,3,36,1,0,1
1400000US06037237300,237300,2024,5762,,0,,3,3,0,48,28,5,15,3,1,2
1400000US06037237401,237401,2024,3906,,18,,11,11,0,79,42,16,21,4,0,4
1400000US06037237402,237402,2024,3618,,0,,6,6,0,43,22,11,10,3,0,3
1400000US06037237500,237500,2024,2727,,0,,0,0,0,0,0,0,0,0,0,0
1400000US06037237600,237600,2024,4092,,0,,11,11,0,5,4,0,1,0,0,0
1400000US06037237710,237710,2024,4372,,42,,4,4,0,4,3,0,1,1,1,0
1400000US06037237720,237720,2024,3447,,0,,0,0,0,7,1,2,4,4,1,3
1400000US06037237800,237800,2024,4160,,0,,0,0,0,5,4,0,1,0,0,0
1400000US06037237900,237900,2024,4040,,0,,2,2,0,13,1,3,9,1,1,0
1400000US06037238000,238000,2024,5438,,0,,2,2,0,15,4,6,5,6,3,3
1400000US06037238100,238100,2024,5205,,51,,6,6,0,5,0,4,1,3,1,2
1400000US06037238200,238200,2024,6827,,240,,1,1,0,38,23,0,15,1,1,0
1400000US06037238310,238310,2024,5102,,0,,6,6,0,16,2,2,12,0,0,0
1400000US06037238320,238320,2024,3513,,0,,12,7,5,7,0,3,4,2,0,2
1400000US06037238400,238400,2024,4495,,51,,1,1,0,13,2,0,11,0,0,0
1400000US06037239201,239201,2024,3400,,0,,11,11,0,7,0,3,4,5,4,1
1400000US06037239202,239202,2024,5385,,53,,0,0,0,22,4,4,14,11,5,6
1400000US06037239310,239310,2024,4021,,172,,9,9,0,13,7,2,4,1,1,0
1400000US06037239320,239320,2024,3105,,0,,9,9,0,1,0,0,1,0,0,0
1400000US06037239330,239330,2024,3119,,0,,18,18,0,18,6,0,12,8,0,8
1400000US06037239501,239501,2024,3583,,0,,9,9,0,20,4,1,15,6,4,2
1400000US06037239502,239502,2024,3691,,36,,5,5,0,4,1,2,1,5,4,1
1400000US06037239601,239601,2024,3753,,4,,5,5,0,2,0,0,2,0,0,0
1400000US06037239602,239602,2024,3753,,0,,7,7,0,2,0,1,1,3,2,1
1400000US06037239701,239701,2024,4021,,60,,0,0,0,10,4,2,4,3,3,0
1400000US06037239702,239702,2024,4687,,71,,11,11,0,9,1,2,6,6,2,4
1400000US06037239801,239801,2024,4174,,55,,32,32,0,41,22,7,12,7,0,7
1400000US06037239802,239802,2024,5426,,11,,17,17,0,12,1,2,9,5,1,4
1400000US06037240010,240010,2024,3962,,0,,14,14,0,4,1,2,1,1,1,0
1400000US06037240020,240020,2024,5366,,27,,15,15,0,3,0,0,3,0,0,0
1400000US06037240200,240200,2024,5737,,255,,9,9,0,5,2,0,3,21,3,18
1400000US06037240301,240301,2024,2870,,53,,8,8,0,0,0,0,0,13,9,4
1400000US06037240302,240302,2024,3013,,0,,3,3,0,10,1,2,7,0,0,0
1400000US06037240401,240401,2024,5911,,51,,7,7,0,20,2,1,17,14,3,11
1400000US06037240402,240402,2024,3904,,0,,5,5,0,15,2,0,13,3,2,1
1400000US06037240500,240500,2024,6415,,160,,15,15,0,2,0,1,1,8,0,8
1400000US06037240600,240600,2024,4807,,13,,9,9,0,1,0,0,1,6,3,3
1400000US06037240700,240700,2024,6429,,0,,5,5,0,14,1,7,6,0,0,0
1400000US06037240800,240800,2024,4749,,85,,3,3,0,15,1,1,13,5,1,4
1400000US06037240901,240901,2024,2503,,0,,5,5,0,0,0,0,0,0,0,0
1400000US06037240902,240902,2024,3614,,0,,7,7,0,12,0,6,6,3,3,0
1400000US06037241001,241001,2024,4457,,11,,14,14,0,11,2,5,4,4,3,1
1400000US06037241002,241002,2024,3830,,31,,0,0,0,1,0,0,1,10,0,10
1400000US06037241110,241110,2024,3585,,53,,0,0,0,5,0,0,5,1,0,1
1400000US06037241120,241120,2024,4245,,0,,15,15,0,32,7,9,16,7,1,6
1400000US06037241201,241201,2024,3147,,24,,0,0,0,8,1,3,4,1,0,1
1400000US06037241202,241202,2024,4825,,29,,21,21,0,20,5,3,12,9,2,7
1400000US06037241300,241300,2024,2378,,0,,0,0,0,12,3,2,7,0,0,0
1400000US06037241400,241400,2024,3901,,0,,2,2,0,7,4,1,2,6,2,4
1400000US06037242000,242000,2024,4161,,0,,1,1,0,9,0,1,8,0,0,0
1400000US06037242100,242100,2024,2402,,0,,21,21,0,34,21,7,6,0,0,0
1400000US06037242201,242201,2024,4004,,0,,5,5,0,2,0,0,2,2,0,2
1400000US06037242202,242202,2024,2729,,0,,0,0,0,22,0,3,19,0,0,0
1400000US06037242300,242300,2024,4851,,0,,1,1,0,11,1,3,7,1,0,1
1400000US06037242600,242600,2024,4714,,0,,19,19,0,11,3,5,3,7,0,7
1400000US06037242700,242700,2024,4723,,0,,21,21,0,13,3,0,10,7,6,1
1400000US06037243001,243001,2024,3246,,0,,0,0,0,0,0,0,0,0,0,0
1400000US06037243002,243002,2024,2721,,0,,1,1,0,2,2,0,0,0,0,0
1400000US06037243100,243100,2024,5186,,0,,8,8,0,12,1,3,8,8,6,2
1400000US06037261102,261102,2024,3990,,0,,0,0,0,0,0,0,0,0,0,0
1400000US06037261103,261103,2024,1722,,0,,0,0,0,0,0,0,0,0,0,0
1400000US06037261104,261104,2024,1672,,0,,0,0,0,0,0,0,0,0,0,0
1400000US06037261200,261200,2024,3880,,0,,0,0,0,0,0,0,0,0,0,0
1400000US06037262100,262100,2024,2721,,0,,0,0,0,0,0,0,0,0,0,0
1400000US06037262200,262200,2024,4630,,0,,0,0,0,0,0,0,0,0,0,0
1400000US06037262301,262301,2024,2976,,0,,0,0,0,0,0,0,0,0,0,0
1400000US06037262302,262302,2024,2940,,0,,0,0,0,0,0,0,0,0,0,0
1400000US06037262303,262303,2024,2824,,0,,0,0,0,0,0,0,0,0,0,0
1400000US06037262400,262400,2024,2893,,0,,0,0,0,0,0,0,0,0,0,0
1400000US06037262501,262501,2024,3732,,0,,0,0,0,2,2,0,0,0,0,0
1400000US06037262601,262601,2024,3418,,0,,1,1,0,7,1,4,2,1,0,1
1400000US06037262604,262604,2024,5884,,0,,3,3,0,48,10,5,33,1,0,1
1400000US06037262704,262704,2024,3595,,0,,6,6,0,12,2,4,6,0,0,0
1400000US06037262706,262706,2024,3383,,0,,3,3,0,11,5,5,1,2,0,2
1400000US06037262802,262802,2024,3636,,0,,1,1,0,0,0,0,0,0,0,0
1400000US06037264000,264000,2024,3083,,0,,0,0,0,2,1,1,0,0,0,0
1400000US06037264102,264102,2024,2965,,0,,0,0,0,0,0,0,0,0,0,0
1400000US06037264103,264103,2024,2748,,0,,1,1,0,0,0,0,0,0,0,0
1400000US06037264303,264303,2024,2702,,0,,1,1,0,2,2,0,0,0,0,0
1400000US06037264304,264304,2024,2264,,0,,0,0,0,0,0,0,0,2,0,2
1400000US06037264305,264305,2024,4526,,0,,1,1,0,1,1,0,0,0,0,0
1400000US06037264306,264306,2024,1694,,0,,2,2,0,1,1,0,0,2,1,1
1400000US06037265100,265100,2024,2301,,0,,0,0,0,3,0,3,0,0,0,0
1400000US06037265201,265201,2024,2491,,0,,5,5,0,0,0,0,0,2,2,0
1400000US06037265203,265203,2024,1993,,0,,6,6,0,0,0,0,0,0,0,0
1400000US06037265204,265204,2024,1466,,0,,56,56,0,1,0,0,1,1,0,1
1400000US06037265301,265301,2024,12987,,0,,12,12,0,3,3,0,0,1,0,1
1400000US06037265303,265303,2024,4468,,0,,0,0,0,1,0,0,1,0,0,0
1400000US06037265304,265304,2024,3088,,0,,0,0,0,0,0,0,0,0,0,0
1400000US06037265306,265306,2024,1806,,0,,0,0,0,0,0,0,0,0,0,0
1400000US06037265307,265307,2024,2407,,0,,6,6,0,2,2,0,0,0,0,0
1400000US06037265410,265410,2024,1726,,0,,1,1,0,0,0,0,0,2,1,1
1400000US06037265420,265420,2024,1636,,0,,3,3,0,2,1,0,1,1,1,0
1400000US06037265521,265521,2024,1585,,0,,1,1,0,0,0,0,0,0,0,0
1400000US06037265522,265522,2024,2332,,6,,17,17,0,6,6,0,0,5,3,2
1400000US06037265523,265523,2024,2286,,0,,13,13,0,0,0,0,0,1,0,1
1400000US06037265524,265524,2024,2768,,108,,11,11,0,17,9,3,5,2,2,0
1400000US06037265601,265601,2024,3045,,0,,7,7,0,3,0,1,2,1,0,1
1400000US06037265602,265602,2024,3057,,0,,0,0,0,1,1,0,0,0,0,0
1400000US06037265701,265701,2024,1845,,0,,0,0,0,1,0,0,1,0,0,0
1400000US06037265702,265702,2024,3107,,0,,2,2,0,0,0,0,0,0,0,0
1400000US06037267101,267101,2024,2891,,0,,0,0,0,3,2,0,1,0,0,0
1400000US06037267102,267102,2024,2957,,0,,1,1,0,0,0,0,0,0,0,0
1400000US06037267201,267201,2024,2832,,0,,13,13,0,40,11,9,20,19,5,14
1400000US06037267202,267202,2024,3779,,0,,6,6,0,0,0,0,0,8,6,2
1400000US06037267300,267300,2024,4155,,0,,4,4,0,6,2,1,3,3,1,2
1400000US06037267403,267403,2024,3559,,0,,0,0,0,0,0,0,0,1,0,1
1400000US06037267404,267404,2024,3547,,0,,1,1,0,0,0,0,0,1,1,0
1400000US06037267405,267405,2024,2423,,0,,3,3,0,0,0,0,0,1,1,0
1400000US06037267406,267406,2024,1932,,0,,3,3,0,2,0,1,1,5,2,3
1400000US06037267502,267502,2024,3281,,0,,7,7,0,2,0,2,0,7,3,4
1400000US06037267503,267503,2024,2216,,0,,3,3,0,2,1,0,1,2,1,1
1400000US06037267504,267504,2024,3568,,0,,12,12,0,0,0,0,0,4,4,0
1400000US06037267600,267600,2024,2469,,0,,8,8,0,47,5,14,28,6,4,2
1400000US06037267700,267700,2024,3753,,0,,9,9,0,24,5,8,11,4,4,0
1400000US06037267800,267800,2024,3483,,24,,23,23,0,11,3,7,1,14,6,8
1400000US06037267901,267901,2024,3106,,0,,3,3,0,0,0,0,0,2,1,1
1400000US06037267902,267902,2024,3609,,0,,1,1,0,1,0,1,0,0,0,0
1400000US06037269000,269000,2024,4867,,0,,0,0,0,0,0,0,0,0,0,0
1400000US06037269100,269100,2024,4264,,0,,0,0,0,4,1,2,1,0,0,0
1400000US06037269300,269300,2024,3771,,0,,7,7,0,3,0,2,1,6,5,1
1400000US06037269500,269500,2024,4202,,0,,0,0,0,0,0,0,0,0,0,0
1400000US06037269601,269601,2024,3465,,0,,1,1,0,6,2,2,2,0,0,0
1400000US06037269602,269602,2024,2217,,0,,3,3,0,0,0,0,0,2,2,0
1400000US06037269700,269700,2024,3858,,0,,8,8,0,8,0,5,3,2,2,0
1400000US06037269800,269800,2024,3140,,0,,7,7,0,6,0,1,5,8,8,0
1400000US06037269903,269903,2024,3487,,0,,3,3,0,10,2,7,1,1,0,1
1400000US06037269905,269905,2024,2234,,0,,0,0,0,3,0,1,2,2,1,1
1400000US06037269906,269906,2024,2998,,0,,1,1,0,9,3,5,1,1,0,1
1400000US06037269907,269907,2024,2553,,0,,4,4,0,7,5,0,2,2,0,2
1400000US06037269908,269908,2024,1916,,0,,1,1,0,2,0,0,2,0,0,0
1400000US06037269909,269909,2024,2088,,0,,4,4,0,0,0,0,0,1,1,0
1400000US06037270101,270101,2024,1796,,0,,6,6,0,9,1,1,7,19,9,10
1400000US06037270102,270102,2024,2154,,0,,1,1,0,3,1,0,2,0,0,0
1400000US06037270200,270200,2024,3606,,0,,10,10,0,10,0,0,10,14,5,9
1400000US06037270300,270300,2024,2560,,0,,4,4,0,10,3,0,7,7,5,2
1400000US06037271100,271100,2024,2317,,0,,3,3,0,4,1,1,2,1,0,1
1400000US06037271200,271200,2024,2495,,0,,11,11,0,5,0,1,4,35,8,27
1400000US06037271300,271300,2024,5216,,9,,2,2,0,3,0,0,3,2,2,0
1400000US06037271400,271400,2024,3203,,0,,0,0,0,4,1,1,2,0,0,0
1400000US06037271500,271500,2024,2928,,0,,2,2,0,1,0,1,0,0,0,0
1400000US06037271600,271600,2024,5370,,0,,5,5,0,6,2,3,1,1,0,1
1400000US06037271702,271702,2024,4293,,0,,2,2,0,27,9,7,11,15,0,15
1400000US06037271703,271703,2024,2754,,0,,1,1,0,3,1,1,1,0,0,0
1400000US06037271704,271704,2024,2982,,0,,0,0,0,4,1,1,2,0,0,0
1400000US06037271801,271801,2024,3368,,0,,0,0,0,4,0,2,2,0,0,0
1400000US06037271803,271803,2024,3188,,0,,2,2,0,5,1,2,2,0,0,0
1400000US06037271804,271804,2024,2293,,0,,4,4,0,1,0,1,0,0,0,0
1400000US06037271901,271901,2024,3358,,0,,0,0,0,0,0,0,0,0,0,0
1400000US06037271902,271902,2024,3987,,0,,6,6,0,5,0,5,0,0,0,0
1400000US06037272100,272100,2024,4441,,0,,2,2,0,2,0,0,2,1,1,0
1400000US06037272201,272201,2024,2022,,18,,0,0,0,4,0,0,4,0,0,0
1400000US06037272202,272202,2024,3034,,0,,1,1,0,1,0,0,1,0,0,0
1400000US06037272301,272301,2024,3265,,0,,0,0,0,10,1,7,2,0,0,0
1400000US06037272302,272302,2024,3779,,0,,0,0,0,1,0,0,1,0,0,0
1400000US06037273100,273100,2024,3026,,0,,3,3,0,30,6,14,10,3,2,1
1400000US06037273200,273200,2024,2778,,17,,7,7,0,9,1,6,2,15,0,15
1400000US06037273300,273300,2024,2857,,0,,1,1,0,26,5,9,12,0,0,0
1400000US06037273403,273403,2024,1360,,0,,13,13,0,5,0,3,2,2,2,0
1400000US06037273404,273404,2024,1508,,218,,7,7,0,8,1,4,3,4,0,4
1400000US06037273502,273502,2024,2571,,0,,32,32,0,0,0,0,0,5,0,5
1400000US06037273600,273600,2024,2138,,0,,5,5,0,20,1,12,7,5,5,0
1400000US06037273700,273700,2024,2751,,0,,3,3,0,15,1,7,7,0,0,0
1400000US06037273800,273800,2024,2945,,4,,4,4,0,0,0,0,0,0,0,0
1400000US06037273902,273902,2024,4238,,0,,22,22,0,19,2,7,10,2,0,2
1400000US06037274100,274100,2024,4365,,0,,8,8,0,9,1,7,1,3,1,2
1400000US06037274202,274202,2024,3858,,0,,0,0,0,0,0,0,0,0,0,0
1400000US06037275101,275101,2024,935,,0,,1,1,0,12,2,5,5,0,0,0
1400000US06037275102,275102,2024,4043,,0,,0,0,0,3,1,2,0,1,0,1
1400000US06037275200,275200,2024,3793,,0,,0,0,0,0,0,0,0,0,0,0
1400000US06037275311,275311,2024,4805,,0,,3,3,0,23,0,7,16,5,1,4
1400000US06037275312,275312,2024,2042,,0,,18,18,0,0,0,0,0,20,12,8
1400000US06037275313,275313,2024,3583,,0,,9,9,0,3,0,2,1,4,3,1
1400000US06037275400,275400,2024,4487,,0,,4,4,0,2,0,1,1,1,0,1
1400000US06037275500,275500,2024,5102,,0,,8,8,0,10,0,6,4,0,0,0
1400000US06037275603,275603,2024,2778,,0,,4,4,0,41,4,5,32,10,5,5
1400000US06037275604,275604,2024,10392,,0,,0,0,0,0,0,0,0,1,0,1
1400000US06037275605,275605,2024,2878,,0,,38,38,0,33,4,6,23,47,0,47
1400000US06037276000,276000,2024,6682,,0,,6,6,0,1,1,0,0,4,4,0
1400000US06037276101,276101,2024,3424,,0,,2,2,0,19,6,4,9,1,0,1
1400000US06037276102,276102,2024,3365,,0,,1,1,0,3,1,2,0,0,0,0
1400000US06037276400,276400,2024,4448,,0,,0,0,0,0,0,0,0,0,0,0
1400000US06037276500,276500,2024,5508,,6,,0,0,0,11,0,5,6,0,0,0
1400000US06037276601,276601,2024,4101,,0,,1,1,0,4,0,1,3,0,0,0
1400000US06037276605,276605,2024,2461,,0,,0,0,0,2,0,2,0,0,0,0
1400000US06037276606,276606,2024,3384,,0,,0,0,0,1,0,0,1,0,0,0
1400000US06037276607,276607,2024,2879,,0,,19,19,0,19,9,1,9,0,0,0
1400000US06037276608,276608,2024,1874,,0,,1,1,0,3,0,2,1,0,0,0
1400000US06037277000,277000,2024,6014,,0,,3,3,0,7,0,2,5,0,0,0
1400000US06037277100,277100,2024,3285,,0,,80,76,4,69,24,6,39,2,2,0
1400000US06037277200,277200,2024,1796,,31,,3,3,0,24,3,5,16,11,3,8
1400000US06037277400,277400,2024,0,,0,,0,0,0,0,0,0,0,0,0,0
1400000US06037278001,278001,2024,2349,,0,,21,21,0,9,2,1,6,9,4,5
1400000US06037278102,278102,2024,2973,,0,,0,0,0,1,0,1,0,0,0,0
1400000US06037291110,291110,2024,4192,,0,,2,2,0,14,2,4,8,1,0,1
1400000US06037291120,291120,2024,2041,,0,,4,4,0,23,4,1,18,0,0,0
1400000US06037291130,291130,2024,3233,,0,,1,1,0,4,1,0,3,3,3,0
1400000US06037291210,291210,2024,4766,,0,,6,6,0,4,0,1,3,2,0,2
1400000US06037291220,291220,2024,2942,,0,,3,3,0,5,2,2,1,6,0,6
1400000US06037291300,291300,2024,3025,,0,,9,9,0,16,5,11,0,7,2,5
1400000US06037292001,292001,2024,4511,,0,,4,4,0,42,15,2,25,12,0,12
1400000US06037292002,292002,2024,1968,,0,,0,0,0,1,0,1,0,0,0,0
1400000US06037293203,293203,2024,2785,,0,,14,14,0,4,2,0,2,2,0,2
1400000US06037293204,293204,2024,3694,,0,,0,0,0,4,0,2,2,0,0,0
1400000US06037293205,293205,2024,3372,,0,,0,0,0,16,0,6,10,3,0,3
1400000US06037293206,293206,2024,2696,,0,,0,0,0,2,0,0,2,4,0,4
1400000US06037293301,293301,2024,2556,,0,,6,6,0,2,0,1,1,2,0,2
1400000US06037293302,293302,2024,4496,,0,,11,11,0,3,2,0,1,3,0,3
1400000US06037293304,293304,2024,4796,,0,,0,0,0,1,0,0,1,0,0,0
1400000US06037293306,293306,2024,2424,,0,,0,0,0,7,0,4,3,2,0,2
1400000US06037293307,293307,2024,2532,,0,,9,9,0,24,5,14,5,0,0,0
1400000US06037294110,294110,2024,3866,,0,,0,0,0,0,0,0,0,0,0,0
1400000US06037294120,294120,2024,2618,,0,,0,0,0,4,0,0,4,2,0,2
1400000US06037294200,294200,2024,4306,,0,,1,1,0,15,4,0,11,0,0,0
1400000US06037294301,294301,2024,2798,,0,,5,5,0,10,4,2,4,4,1,3
1400000US06037294302,294302,2024,4490,,0,,3,3,0,2,1,1,0,4,1,3
1400000US06037294410,294410,2024,5142,,0,,3,3,0,6,2,2,2,29,13,16
1400000US06037294421,294421,2024,2694,,0,,6,6,0,29,9,9,11,7,1,6
1400000US06037294510,294510,2024,4361,,0,,1,1,0,1,0,1,0,0,0,0
1400000US06037294520,294520,2024,3563,,0,,3,3,0,1,0,0,1,7,3,4
1400000US06037294610,294610,2024,4359,,0,,3,3,0,2,0,0,2,0,0,0
1400000US06037294620,294620,2024,3860,,0,,1,1,0,4,0,0,4,0,0,0
1400000US06037294701,294701,2024,2692,,89,,15,15,0,68,5,19,44,13,6,7
1400000US06037294810,294810,2024,3830,,0,,1,1,0,1,0,1,0,1,1,0
1400000US06037294820,294820,2024,3275,,0,,3,3,0,0,0,0,0,1,1,0
1400000US06037294830,294830,2024,3927,,0,,6,6,0,4,1,1,2,1,0,1
1400000US06037294900,294900,2024,4045,,0,,9,9,0,6,2,3,1,11,4,7
1400000US06037295103,295103,2024,5081,,0,,12,12,0,7,5,2,0,10,0,10
1400000US06037296210,296210,2024,3365,,77,,1,1,0,8,4,2,2,2,1,1
1400000US06037296220,296220,2024,4124,,0,,0,0,0,10,4,4,2,0,0,0
1400000US06037296300,296300,2024,5103,,0,,2,2,0,10,0,2,8,1,1,0
1400000US06037296401,296401,2024,3251,,0,,0,0,0,0,0,0,0,0,0,0
1400000US06037296402,296402,2024,3175,,0,,0,0,0,2,1,1,0,2,0,2
1400000US06037296500,296500,2024,3746,,0,,11,11,0,47,18,19,10,3,0,3
1400000US06037296600,296600,2024,5368,,4,,2,2,0,3,0,0,3,0,0,0
1400000US06037296901,296901,2024,4202,,4,,9,9,0,3,0,0,3,0,0,0
1400000US06037296902,296902,2024,4792,,68,,2,2,0,14,3,3,8,0,0,0
1400000US06037297001,297001,2024,1694,,0,,1,1,0,1,1,0,0,0,0,0
1400000US06037297002,297002,2024,4508,,0,,0,0,0,4,0,3,1,0,0,0
1400000US06037297110,297110,2024,4584,,51,,27,27,0,25,3,12,10,2,2,0
1400000US06037297120,297120,2024,3517,,0,,4,4,0,13,2,6,5,0,0,0
1400000US06037297201,297201,2024,3964,,0,,0,0,0,0,0,0,0,1,1,0
1400000US06037297202,297202,2024,4112,,8,,0,0,0,0,0,0,0,0,0,0
1400000US06037297300,297300,2024,2074,,0,,0,0,0,0,0,0,0,0,0,0
1400000US06037297400,297400,2024,3607,,0,,0,0,0,2,2,0,0,0,0,0
1400000US06037297501,297501,2024,2586,,0,,0,0,0,0,0,0,0,0,0,0
1400000US06037297502,297502,2024,2602,,0,,3,3,0,1,1,0,0,0,0,0
1400000US06037297601,297601,2024,3556,,0,,6,6,0,2,1,1,0,1,1,0
1400000US06037297602,297602,2024,3575,,0,,0,0,0,4,0,4,0,0,0,0
1400000US06037300100,300100,2024,0,,0,,0,0,0,0,0,0,0,0,0,0
1400000US06037300200,300200,2024,0,,0,,0,0,0,0,0,0,0,0,0,0
1400000US06037300501,300501,2024,0,,0,,0,0,0,0,0,0,0,0,0,0
1400000US06037300503,300503,2024,0,,22,,0,0,0,0,0,0,0,0,0,0
1400000US06037310100,310100,2024,0,,0,,0,0,0,0,0,0,0,0,0,0
1400000US06037310201,310201,2024,5082,,0,,0,0,0,0,0,0,0,0,0,0
1400000US06037310202,310202,2024,0,,0,,0,0,0,0,0,0,0,0,0,0
1400000US06037310300,310300,2024,3032,,0,,0,0,0,0,0,0,0,0,0,0
1400000US06037310400,310400,2024,3636,,0,,1,1,0,4,2,0,2,0,0,0
1400000US06037310501,310501,2024,3699,,9,,4,4,0,7,3,1,3,0,0,0
1400000US06037310601,310601,2024,6498,,14,,3,3,0,2,0,2,0,0,0,0
1400000US06037310602,310602,2024,2735,,0,,0,0,0,11,6,5,0,0,0,0
1400000US06037310701,310701,2024,2429,,0,,8,8,0,2,0,1,1,2,0,2
1400000US06037310703,310703,2024,0,,0,,4,4,0,3,1,2,0,0,0,0
1400000US06037310704,310704,2024,4470,,0,,3,3,0,0,0,0,0,0,0,0
1400000US06037310705,310705,2024,2530,,0,,2,2,0,0,0,0,0,1,1,0
1400000US06037310800,310800,2024,5123,,36,,3,3,0,1,0,1,0,0,0,0
1400000US06037310900,310900,2024,6810,,0,,0,0,0,2,0,0,2,0,0,0
1400000US06037311000,311000,2024,3764,,12,,7,7,0,5,5,0,0,0,0,0
1400000US06037311100,311100,2024,3998,,0,,1,1,0,2,0,1,1,1,0,1
1400000US06037311200,311200,2024,3171,,0,,3,3,0,2,2,0,0,1,1,0
1400000US06037311300,311300,2024,3915,,0,,1,1,0,0,0,0,0,0,0,0
1400000US06037311400,311400,2024,2320,,0,,0,0,0,0,0,0,0,0,0,0
1400000US06037311500,311500,2024,5963,,0,,0,0,0,2,1,1,0,0,0,0
1400000US06037311601,311601,2024,2947,,0,,1,1,0,2,0,2,0,0,0,0
1400000US06037311602,311602,2024,4546,,0,,0,0,0,0,0,0,0,0,0,0
1400000US06037311700,311700,2024,5852,,0,,2,2,0,5,4,1,0,0,0,0
1400000US06037311801,311801,2024,0,,6,,0,0,0,0,0,0,0,0,0,0
1400000US06037311802,311802,2024,4200,,0,,1,1,0,2,1,0,1,0,0,0
1400000US06037320101,320101,2024,3402,,0,,2,2,0,1,0,1,0,0,0,0
1400000US06037320102,320102,2024,3681,,0,,3,3,0,6,2,2,2,1,1,0
1400000US06037320201,320201,2024,4058,,0,,4,4,0,2,1,0,1,1,1,0
1400000US06037320202,320202,2024,6000,,0,,1,1,0,0,0,0,0,0,0,0
1400000US06037320300,320300,2024,6575,,0,,4,4,0,5,3,0,2,4,4,0
1400000US06037400205,400205,2024,2478,,0,,0,0,0,0,0,0,0,0,0,0
1400000US06037400206,400206,2024,5525,,0,,0,0,0,0,0,0,0,0,0,0
1400000US06037400207,400207,2024,4627,,0,,0,0,0,0,0,0,0,0,0,0
1400000US06037400208,400208,2024,1388,,0,,0,0,0,0,0,0,0,0,0,0
1400000US06037400209,400209,2024,4581,,0,,0,0,0,0,0,0,0,0,0,0
1400000US06037400304,400304,2024,8310,,0,,3,3,0,6,2,1,3,1,0,1
1400000US06037400402,400402,2024,4185,,0,,2,2,0,0,0,0,0,0,0,0
1400000US06037400403,400403,2024,4123,,0,,0,0,0,5,4,1,0,0,0,0
1400000US06037400404,400404,2024,4039,,0,,0,0,0,1,1,0,0,0,0,0
1400000US06037400501,400501,2024,1897,,0,,0,0,0,0,0,0,0,0,0,0
1400000US06037400602,400602,2024,4382,,0,,11,11,0,0,0,0,0,0,0,0
1400000US06037400603,400603,2024,4947,,0,,10,10,0,1,1,0,0,6,1,5
1400000US06037400605,400605,2024,7178,,0,,16,16,0,1,0,0,1,0,0,0
1400000US06037400801,400801,2024,6935,,0,,0,0,0,0,0,0,0,0,0,0
1400000US06037401001,401001,2024,2626,,0,,0,0,0,0,0,0,0,0,0,0
1400000US06037401002,401002,2024,4324,,0,,5,5,0,4,2,2,0,0,0,0
1400000US06037401101,401101,2024,5695,,0,,7,7,0,2,0,1,1,1,0,1
1400000US06037401102,401102,2024,4073,,0,,2,2,0,0,0,0,0,0,0,0
1400000US06037401201,401201,2024,3612,,0,,13,13,0,3,3,0,0,0,0,0
1400000US06037401202,401202,2024,4344,,0,,16,16,0,0,0,0,0,10,9,1
1400000US06037401203,401203,2024,4757,,0,,7,7,0,7,1,0,6,5,5,0
1400000US06037401303,401303,2024,2242,,0,,3,3,0,0,0,0,0,2,1,1
1400000US06037401304,401304,2024,4939,,0,,4,4,0,4,1,1,2,1,1,0
1400000US06037401311,401311,2024,6923,,0,,16,14,2,11,7,2,2,2,1,1
1400000US06037401312,401312,2024,4712,,0,,12,12,0,0,0,0,0,9,8,1
1400000US06037401500,401500,2024,6022,,0,,1,1,0,0,0,0,0,0,0,0
1400000US06037401601,401601,2024,5428,,0,,8,8,0,1,0,0,1,1,0,1
1400000US06037401602,401602,2024,5570,,0,,8,8,0,5,3,1,1,0,0,0
1400000US06037401705,401705,2024,2784,,0,,0,0,0,0,0,0,0,0,0,0
1400000US06037401706,401706,2024,4533,,0,,14,14,0,3,0,1,2,2,2,0
1400000US06037401707,401707,2024,8607,,19,,2,2,0,16,9,3,4,10,2,8
1400000US06037401801,401801,2024,4570,,0,,0,0,0,0,0,0,0,0,0,0
1400000US06037401802,401802,2024,3724,,0,,1,1,0,0,0,0,0,0,0,0
1400000US06037401901,401901,2024,4095,,0,,0,0,0,0,0,0,0,0,0,0
1400000US06037401902,401902,2024,6101,,0,,16,16,0,0,0,0,0,0,0,0
1400000US06037402001,402001,2024,4125,,0,,1,1,0,0,0,0,0,0,0,0
1400000US06037402002,402002,2024,3935,,0,,4,4,0,3,3,0,0,4,3,1
1400000US06037402101,402101,2024,4856,,40,,2,2,0,0,0,0,0,0,0,0
1400000US06037402102,402102,2024,5136,,3,,2,2,0,0,0,0,0,3,2,1
1400000US06037402200,402200,2024,7069,,0,,6,6,0,9,6,0,3,5,4,1
1400000US06037402301,402301,2024,5468,,0,,0,0,0,1,1,0,0,0,0,0
1400000US06037402303,402303,2024,3779,,0,,14,14,0,0,0,0,0,0,0,0
1400000US06037402304,402304,2024,3942,,0,,8,8,0,0,0,0,0,1,0,1
1400000US06037402403,402403,2024,5226,,0,,0,0,0,1,1,0,0,2,2,0
1400000US06037402404,402404,2024,1642,,8,,2,2,0,0,0,0,0,3,3,0
1400000US06037402405,402405,2024,2428,,0,,0,0,0,2,2,0,0,1,0,1
1400000US06037402406,402406,2024,4601,,0,,14,14,0,3,3,0,0,1,1,0
1400000US06037402501,402501,2024,4856,,0,,5,5,0,2,1,0,1,1,1,0
1400000US06037402503,402503,2024,4330,,0,,0,0,0,1,0,0,1,1,0,1
1400000US06037402504,402504,2024,2295,,0,,2,2,0,1,1,0,0,2,0,2
1400000US06037402601,402601,2024,2854,,61,,29,29,0,2,2,0,0,0,0,0
1400000US06037402602,402602,2024,4841,,0,,5,5,0,0,0,0,0,0,0,0
1400000US06037402702,402702,2024,4937,,0,,4,4,0,0,0,0,0,3,0,3
1400000US06037402703,402703,2024,5401,,0,,4,4,0,0,0,0,0,0,0,0
1400000US06037402705,402705,2024,3596,,0,,1,1,0,0,0,0,0,0,0,0
1400000US06037402706,402706,2024,3658,,0,,2,2,0,0,0,0,0,2,1,1
1400000US06037402801,402801,2024,4335,,164,,3,3,0,3,1,0,2,8,3,5
1400000US06037402803,402803,2024,3477,,0,,6,6,0,0,0,0,0,4,0,4
1400000US06037402804,402804,2024,4145,,0,,4,4,0,2,0,1,1,1,1,0
1400000US06037402902,402902,2024,6896,,0,,15,15,0,8,8,0,0,1,0,1
1400000US06037402903,402903,2024,3650,,0,,1,1,0,0,0,0,0,0,0,0
1400000US06037402904,402904,2024,3615,,0,,30,30,0,1,1,0,0,18,14,4
1400000US06037403000,403000,2024,6991,,0,,3,3,0,1,1,0,0,1,0,1
1400000US06037403305,403305,2024,2318,,0,,0,0,0,0,0,0,0,0,0,0
1400000US06037403316,403316,2024,7007,,0,,9,9,0,5,1,1,3,3,3,0
1400000US06037403317,403317,2024,5152,,0,,0,0,0,0,0,0,0,0,0,0
1400000US06037403318,403318,2024,5909,,0,,9,9,0,1,0,0,1,3,2,1
1400000US06037403319,403319,2024,4206,,0,,1,1,0,2,0,2,0,0,0,0
1400000US06037403320,403320,2024,5384,,0,,0,0,0,0,0,0,0,0,0,0
1400000US06037403321,403321,2024,5392,,0,,2,2,0,0,0,0,0,1,1,0
1400000US06037403323,403323,2024,5592,,0,,0,0,0,0,0,0,0,0,0,0
1400000US06037403324,403324,2024,5947,,0,,0,0,0,0,0,0,0,0,0,0
1400000US06037403325,403325,2024,4853,,0,,0,0,0,0,0,0,0,0,0,0
1400000US06037403326,403326,2024,2328,,0,,2,2,0,1,0,0,1,1,1,0
1400000US06037403327,403327,2024,2431,,0,,1,1,0,0,0,0,0,5,3,2
1400000US06037403328,403328,2024,5333,,0,,0,0,0,1,0,1,0,0,0,0
1400000US06037403401,403401,2024,4911,,0,,0,0,0,0,0,0,0,0,0,0
1400000US06037403402,403402,2024,3243,,0,,2,2,0,0,0,0,0,0,0,0
1400000US06037403403,403403,2024,5177,,0,,0,0,0,0,0,0,0,0,0,0
1400000US06037403404,403404,2024,2200,,0,,0,0,0,0,0,0,0,0,0,0
1400000US06037403407,403407,2024,2265,,0,,0,0,0,1,1,0,0,0,0,0
1400000US06037403408,403408,2024,6164,,0,,2,2,0,2,2,0,0,0,0,0
1400000US06037403409,403409,2024,3897,,0,,1,1,0,1,1,0,0,0,0,0
1400000US06037403500,403500,2024,1438,,0,,0,0,0,0,0,0,0,0,0,0
1400000US06037403601,403601,2024,6590,,0,,2,2,0,0,0,0,0,0,0,0
1400000US06037403702,403702,2024,4186,,0,,0,0,0,0,0,0,0,0,0,0
1400000US06037403703,403703,2024,4786,,0,,0,0,0,0,0,0,0,0,0,0
1400000US06037403721,403721,2024,5569,,0,,4,4,0,0,0,0,0,0,0,0
1400000US06037403722,403722,2024,5437,,0,,0,0,0,0,0,0,0,0,0,0
1400000US06037403801,403801,2024,5605,,0,,3,3,0,9,3,0,6,1,0,1
1400000US06037403802,403802,2024,6221,,0,,0,0,0,10,1,2,7,0,0,0
1400000US06037403901,403901,2024,2976,,0,,7,7,0,11,0,11,0,5,4,1
1400000US06037403902,403902,2024,5250,,0,,2,2,0,0,0,0,0,0,0,0
1400000US06037404000,404000,2024,4547,,0,,6,6,0,0,0,0,0,3,2,1
1400000US06037404100,404100,2024,6307,,0,,2,2,0,1,0,0,1,2,1,1
1400000US06037404201,404201,2024,3551,,0,,6,6,0,0,0,0,0,0,0,0
1400000US06037404203,404203,2024,4165,,0,,1,1,0,0,0,0,0,0,0,0
1400000US06037404301,404301,2024,6257,,0,,3,3,0,0,0,0,0,0,0,0
1400000US06037404302,404302,2024,2412,,0,,20,20,0,0,0,0,0,3,2,1
1400000US06037404401,404401,2024,3902,,0,,2,2,0,0,0,0,0,0,0,0
1400000US06037404402,404402,2024,4624,,0,,4,4,0,0,0,0,0,0,0,0
1400000US06037404501,404501,2024,2721,,0,,4,4,0,2,0,0,2,0,0,0
1400000US06037404503,404503,2024,2988,,0,,2,2,0,3,1,0,2,0,0,0
1400000US06037404504,404504,2024,4844,,0,,4,4,0,3,1,0,2,0,0,0
1400000US06037404600,404600,2024,1352,,233,,19,19,0,11,2,2,7,35,11,24
1400000US06037404701,404701,2024,5737,,0,,2,2,0,1,0,0,1,2,0,2
1400000US06037404702,404702,2024,4792,,69,,6,6,0,0,0,0,0,0,0,0
1400000US06037404703,404703,2024,3209,,0,,13,13,0,0,0,0,0,9,9,0
1400000US06037404804,404804,2024,4223,,0,,2,2,0,3,3,0,0,0,0,0
1400000US06037404805,404805,2024,2922,,0,,1,1,0,2,0,2,0,0,0,0
1400000US06037404806,404806,2024,5842,,43,,1,1,0,1,0,0,1,1,1,0
1400000US06037404901,404901,2024,5363,,0,,0,0,0,0,0,0,0,0,0,0
1400000US06037404902,404902,2024,3343,,0,,0,0,0,0,0,0,0,0,0,0
1400000US06037404903,404903,2024,2677,,0,,2,2,0,0,0,0,0,0,0,0
1400000US06037405001,405001,2024,5366,,0,,0,0,0,3,0,1,2,0,0,0
1400000US06037405002,405002,2024,3271,,0,,2,2,0,2,0,1,1,0,0,0
1400000US06037405101,405101,2024,5368,,0,,0,0,0,0,0,0,0,0,0,0
1400000US06037405102,405102,2024,4850,,0,,14,14,0,0,0,0,0,5,0,5
1400000US06037405201,405201,2024,5421,,0,,4,4,0,2,1,0,1,0,0,0
1400000US06037405202,405202,2024,4208,,0,,3,3,0,4,0,0,4,0,0,0
1400000US06037405203,405203,2024,3038,,0,,0,0,0,1,0,1,0,0,0,0
1400000US06037405301,405301,2024,2977,,0,,4,4,0,7,1,0,6,0,0,0
1400000US06037405302,405302,2024,5688,,0,,0,0,0,0,0,0,0,0,0,0
1400000US06037405400,405400,2024,5027,,0,,1,1,0,1,0,0,1,0,0,0
1400000US06037405500,405500,2024,6207,,0,,0,0,0,9,0,2,7,0,0,0
1400000US06037405600,405600,2024,5748,,0,,1,1,0,1,1,0,0,0,0,0
1400000US06037405701,405701,2024,3637,,0,,1,1,0,0,0,0,0,0,0,0
1400000US06037405702,405702,2024,5159,,7,,4,4,0,2,2,0,0,1,1,0
1400000US06037405800,405800,2024,5514,,0,,5,5,0,3,3,0,0,0,0,0
1400000US06037405900,405900,2024,4217,,0,,5,5,0,2,0,0,2,1,0,1
1400000US06037406000,406000,2024,5235,,0,,7,7,0,0,0,0,0,0,0,0
1400000US06037406101,406101,2024,3206,,0,,2,2,0,1,1,0,0,0,0,0
1400000US06037406103,406103,2024,8008,,0,,5,5,0,2,2,0,0,0,0,0
1400000US06037406201,406201,2024,3655,,0,,0,0,0,0,0,0,0,0,0,0
1400000US06037406300,406300,2024,5730,,0,,0,0,0,0,0,0,0,0,0,0
1400000US06037406413,406413,2024,6398,,0,,0,0,0,0,0,0,0,0,0,0
1400000US06037406500,406500,2024,7917,,0,,2,2,0,2,1,1,0,0,0,0
1400000US06037406601,406601,2024,5037,,0,,0,0,0,0,0,0,0,0,0,0
1400000US06037406602,406602,2024,4676,,0,,16,16,0,8,7,0,1,6,4,2
1400000US06037406701,406701,2024,3198,,0,,0,0,0,0,0,0,0,0,0,0
1400000US06037406702,406702,2024,7019,,0,,7,7,0,0,0,0,0,0,0,0
1400000US06037406801,406801,2024,4972,,0,,0,0,0,0,0,0,0,0,0,0
1400000US06037406903,406903,2024,7307,,0,,6,6,0,0,0,0,0,0,0,0
1400000US06037407001,407001,2024,5934,,0,,1,1,0,4,2,0,2,0,0,0
1400000US06037407002,407002,2024,3372,,0,,10,10,0,0,0,0,0,14,2,12
1400000US06037407101,407101,2024,4315,,0,,4,4,0,10,7,0,3,1,1,0
1400000US06037407102,407102,2024,5415,,0,,0,0,0,2,0,2,0,0,0,0
1400000US06037407201,407201,2024,3425,,0,,0,0,0,0,0,0,0,0,0,0
1400000US06037407202,407202,2024,3082,,0,,3,3,0,0,0,0,0,0,0,0
1400000US06037407301,407301,2024,3752,,0,,2,2,0,8,1,3,4,0,0,0
1400000US06037407302,407302,2024,3593,,0,,0,0,0,11,0,2,9,0,0,0
1400000US06037407400,407400,2024,1848,,0,,4,4,0,4,4,0,0,0,0,0
1400000US06037407501,407501,2024,4241,,0,,6,6,0,23,13,8,2,2,0,2
1400000US06037407502,407502,2024,3905,,0,,0,0,0,2,0,0,2,0,0,0
1400000US06037407601,407601,2024,4203,,0,,5,5,0,1,1,0,0,1,1,0
1400000US06037407602,407602,2024,4026,,0,,1,1,0,0,0,0,0,0,0,0
1400000US06037407701,407701,2024,4418,,0,,3,3,0,0,0,0,0,1,1,0
1400000US06037407702,407702,2024,6536,,0,,5,5,0,1,1,0,0,0,0,0
1400000US06037407801,407801,2024,5148,,0,,3,1,2,8,4,3,1,1,0,1
1400000US06037407802,407802,2024,3207,,0,,9,9,0,6,2,0,4,4,0,4
1400000US06037407901,407901,2024,4317,,0,,2,2,0,3,2,1,0,1,0,1
1400000US06037407902,407902,2024,1632,,0,,0,0,0,0,0,0,0,0,0,0
1400000US06037408003,408003,2024,4687,,0,,1,1,0,3,1,0,2,0,0,0
1400000US06037408004,408004,2024,2414,,69,,17,17,0,1,0,0,1,5,0,5
1400000US06037408005,408005,2024,5367,,0,,0,0,0,1,1,0,0,0,0,0
1400000US06037408006,408006,2024,3878,,0,,5,5,0,2,1,1,0,3,3,0
1400000US06037408133,408133,2024,5988,,0,,0,0,0,0,0,0,0,0,0,0
1400000US06037408134,408134,2024,2641,,0,,0,0,0,0,0,0,0,0,0,0
1400000US06037408135,408135,2024,4336,,0,,0,0,0,0,0,0,0,0,0,0
1400000US06037408136,408136,2024,3718,,0,,0,0,0,0,0,0,0,0,0,0
1400000US06037408137,408137,2024,4099,,9,,1,1,0,1,1,0,0,1,1,0
1400000US06037408138,408138,2024,4889,,0,,0,0,0,0,0,0,0,0,0,0
1400000US06037408139,408139,2024,4478,,0,,0,0,0,0,0,0,0,0,0,0
1400000US06037408140,408140,2024,3409,,0,,0,0,0,0,0,0,0,0,0,0
1400000US06037408141,408141,2024,4075,,0,,0,0,0,0,0,0,0,0,0,0
1400000US06037408212,408212,2024,4750,,0,,7,7,0,0,0,0,0,7,3,4
1400000US06037408213,408213,2024,5787,,0,,4,4,0,0,0,0,0,3,3,0
1400000US06037408301,408301,2024,5923,,0,,1,1,0,3,0,3,0,1,0,1
1400000US06037408302,408302,2024,3350,,0,,7,7,0,2,1,1,0,5,2,3
1400000US06037408303,408303,2024,4228,,0,,17,17,0,3,0,1,2,15,5,10
1400000US06037408401,408401,2024,4352,,0,,5,5,0,0,0,0,0,0,0,0
1400000US06037408402,408402,2024,6286,,0,,2,2,0,1,0,0,1,0,0,0
1400000US06037408503,408503,2024,6923,,0,,0,0,0,0,0,0,0,0,0,0
1400000US06037408504,408504,2024,5418,,0,,0,0,0,1,0,0,1,0,0,0
1400000US06037408505,408505,2024,2373,,0,,0,0,0,5,0,0,5,2,2,0
1400000US06037408623,408623,2024,3117,,0,,2,2,0,0,0,0,0,2,2,0
1400000US06037408624,408624,2024,3054,,0,,0,0,0,0,0,0,0,0,0,0
1400000US06037408625,408625,2024,3873,,0,,0,0,0,1,0,1,0,0,0,0
1400000US06037408626,408626,2024,3778,,0,,3,3,0,0,0,0,0,7,6,1
1400000US06037408627,408627,2024,2626,,0,,0,0,0,0,0,0,0,0,0,0
1400000US06037408628,408628,2024,5591,,0,,1,1,0,0,0,0,0,0,0,0
1400000US06037408629,408629,2024,3069,,0,,0,0,0,0,0,0,0,0,0,0
1400000US06037408631,408631,2024,5014,,0,,3,3,0,0,0,0,0,0,0,0
1400000US06037408703,408703,2024,5547,,0,,0,0,0,0,0,0,0,0,0,0
1400000US06037408705,408705,2024,5540,,0,,0,0,0,0,0,0,0,0,0,0
1400000US06037408707,408707,2024,6507,,0,,0,0,0,0,0,0,0,0,0,0
1400000US06037408722,408722,2024,4244,,0,,0,0,0,0,0,0,0,0,0,0
1400000US06037408724,408724,2024,5435,,0,,3,3,0,1,0,0,1,0,0,0
1400000US06037408725,408725,2024,5854,,0,,2,2,0,0,0,0,0,1,0,1
1400000US06037408800,408800,2024,4759,,14,,13,13,0,3,1,2,0,8,3,5
1400000US06037408900,408900,2024,5529,,0,,1,1,0,0,0,0,0,0,0,0
1400000US06037409000,409000,2024,7610,,0,,44,44,0,14,10,0,4,29,25,4
1400000US06037409100,409100,2024,5576,,0,,6,6,0,2,1,0,1,7,4,3
1400000US06037430003,430003,2024,4848,,0,,0,0,0,1,1,0,0,0,0,0
1400000US06037430004,430004,2024,3331,,0,,2,2,0,1,0,0,1,0,0,0
1400000US06037430005,430005,2024,3822,,0,,0,0,0,0,0,0,0,1,0,1
1400000US06037430101,430101,2024,5018,,0,,5,5,0,10,3,5,2,0,0,0
1400000US06037430102,430102,2024,4902,,0,,0,0,0,0,0,0,0,0,0,0
1400000US06037430200,430200,2024,1041,,0,,0,0,0,0,0,0,0,0,0,0
1400000US06037430301,430301,2024,4694,,0,,0,0,0,1,0,0,1,0,0,0
1400000US06037430302,430302,2024,4859,,0,,0,0,0,0,0,0,0,0,0,0
1400000US06037430400,430400,2024,4267,,0,,5,5,0,0,0,0,0,3,2,1
1400000US06037430501,430501,2024,0,,0,,0,0,0,0,0,0,0,0,0,0
1400000US06037430502,430502,2024,0,,0,,0,0,0,0,0,0,0,0,0,0
1400000US06037430600,430600,2024,0,,0,,0,0,0,1,0,1,0,0,0,0
1400000US06037430701,430701,2024,5074,,0,,0,0,0,6,6,0,0,0,0,0
1400000US06037430721,430721,2024,3303,,0,,10,10,0,7,2,5,0,2,1,1
1400000US06037430723,430723,2024,5075,,0,,0,0,0,0,0,0,0,0,0,0
1400000US06037430724,430724,2024,5018,,0,,0,0,0,0,0,0,0,0,0,0
1400000US06037430801,430801,2024,7235,,0,,17,17,0,0,0,0,0,3,3,0
1400000US06037430802,430802,2024,4008,,0,,7,7,0,2,0,1,1,0,0,0
1400000US06037430803,430803,2024,5079,,0,,1,1,0,2,1,0,1,1,1,0
1400000US06037430901,430901,2024,4169,,0,,1,1,0,2,2,0,0,0,0,0
1400000US06037430902,430902,2024,5111,,0,,2,2,0,1,0,1,0,4,1,3
1400000US06037431002,431002,2024,3072,,0,,1,1,0,11,4,7,0,1,1,0
1400000US06037431003,431003,2024,4754,,0,,0,0,0,0,0,0,0,0,0,0
1400000US06037431004,431004,2024,3343,,0,,10,10,0,0,0,0,0,0,0,0
1400000US06037431100,431100,2024,7321,,0,,5,5,0,5,1,2,2,3,2,1
1400000US06037431200,431200,2024,6459,,0,,0,0,0,2,0,1,1,0,0,0
1400000US06037431300,431300,2024,2620,,0,,3,3,0,3,0,0,3,0,0,0
1400000US06037431400,431400,2024,3770,,0,,1,1,0,1,1,0,0,0,0,0
1400000US06037431501,431501,2024,3874,,0,,0,0,0,1,0,0,1,0,0,0
1400000US06037431502,431502,2024,4531,,0,,9,9,0,4,1,1,2,0,0,0
1400000US06037431600,431600,2024,3913,,0,,4,4,0,3,3,0,0,0,0,0
1400000US06037431701,431701,2024,6323,,0,,0,0,0,0,0,0,0,0,0,0
1400000US06037431800,431800,2024,5324,,0,,5,5,0,1,0,0,1,0,0,0
1400000US06037431900,431900,2024,3688,,0,,2,2,0,0,0,0,0,0,0,0
1400000US06037432001,432001,2024,2261,,0,,0,0,0,0,0,0,0,0,0,0
1400000US06037432002,432002,2024,5416,,0,,0,0,0,0,0,0,0,0,0,0
1400000US06037432101,432101,2024,4756,,0,,0,0,0,0,0,0,0,0,0,0
1400000US06037432102,432102,2024,5479,,0,,2,2,0,0,0,0,0,0,0,0
1400000US06037432201,432201,2024,4693,,0,,2,2,0,2,2,0,0,0,0,0
1400000US06037432202,432202,2024,3544,,0,,1,1,0,1,0,1,0,0,0,0
1400000US06037432300,432300,2024,3960,,0,,0,0,0,4,0,4,0,0,0,0
1400000US06037432401,432401,2024,4217,,0,,0,0,0,4,0,2,2,0,0,0
1400000US06037432402,432402,2024,5378,,0,,3,3,0,0,0,0,0,2,2,0
1400000US06037432501,432501,2024,4199,,0,,2,2,0,0,0,0,0,2,0,2
1400000US06037432502,432502,2024,4310,,0,,5,5,0,2,2,0,0,3,0,3
1400000US06037432601,432601,2024,6453,,0,,0,0,0,3,1,2,0,0,0,0
1400000US06037432602,432602,2024,4461,,0,,0,0,0,1,1,0,0,0,0,0
1400000US06037432700,432700,2024,4592,,0,,14,14,0,4,2,1,1,4,0,4
1400000US06037432801,432801,2024,2307,,0,,4,4,0,1,0,1,0,0,0,0
1400000US06037432802,432802,2024,5389,,36,,0,0,0,0,0,0,0,0,0,0
1400000US06037432901,432901,2024,4265,,0,,5,5,0,8,5,2,1,0,0,0
1400000US06037432902,432902,2024,2993,,0,,3,3,0,0,0,0,0,0,0,0
1400000US06037433103,433103,2024,6702,,0,,8,8,0,10,3,0,7,5,4,1
1400000US06037433200,433200,2024,6089,,0,,79,79,0,5,3,0,2,17,3,14
1400000US06037433302,433302,2024,1837,,0,,8,8,0,2,2,0,0,11,4,7
1400000US06037433304,433304,2024,3999,,0,,1,1,0,0,0,0,0,1,1,0
1400000US06037433305,433305,2024,4570,,0,,1,1,0,0,0,0,0,1,1,0
1400000US06037433306,433306,2024,3056,,0,,1,1,0,0,0,0,0,1,1,0
1400000US06037433307,433307,2024,2738,,0,,3,3,0,0,0,0,0,1,1,0
1400000US06037433402,433402,2024,4616,,0,,2,2,0,5,0,1,4,0,0,0
1400000US06037433403,433403,2024,4860,,0,,2,2,0,1,0,1,0,0,0,0
1400000US06037433505,433505,2024,3981,,0,,0,0,0,4,0,3,1,0,0,0
1400000US06037433506,433506,2024,3579,,0,,8,8,0,5,2,1,2,44,33,11
1400000US06037433601,433601,2024,4873,,0,,6,6,0,2,0,0,2,1,1,0
1400000US06037433602,433602,2024,2730,,0,,1,1,0,0,0,0,0,1,1,0
1400000US06037433803,433803,2024,3240,,0,,0,0,0,0,0,0,0,1,1,0
1400000US06037433804,433804,2024,4581,,0,,3,3,0,2,0,0,2,4,2,2
1400000US06037433901,433901,2024,5401,,0,,2,2,0,2,1,0,1,0,0,0
1400000US06037433903,433903,2024,5432,,0,,1,1,0,1,0,1,0,0,0,0
1400000US06037434001,434001,2024,4531,,0,,13,13,0,2,1,0,1,5,0,5
1400000US06037434003,434003,2024,3704,,0,,7,7,0,15,2,6,7,2,0,2
1400000US06037434004,434004,2024,3136,,0,,4,4,0,1,1,0,0,0,0,0
1400000US06037434100,434100,2024,5919,,0,,9,9,0,5,4,0,1,0,0,0
1400000US06037460001,460001,2024,0,,0,,4,4,0,0,0,0,0,0,0,0
1400000US06037460101,460101,2024,0,,0,,2,2,0,0,0,0,0,0,0,0
1400000US06037460200,460200,2024,5841,,0,,2,2,0,0,0,0,0,2,1,1
1400000US06037460301,460301,2024,0,,0,,0,0,0,3,1,2,0,0,0,0
1400000US06037460302,460302,2024,0,,0,,0,0,0,0,0,0,0,1,1,0
1400000US06037460401,460401,2024,0,,0,,0,0,0,0,0,0,0,0,0,0
1400000US06037460501,460501,2024,0,,0,,0,0,0,1,1,0,0,0,0,0
1400000US06037460502,460502,2024,4810,,0,,2,2,0,2,2,0,0,0,0,0
1400000US06037460601,460601,2024,0,,0,,0,0,0,0,0,0,0,0,0,0
1400000US06037460700,460700,2024,0,,0,,0,0,0,0,0,0,0,0,0,0
1400000US06037461000,461000,2024,0,,0,,4,4,0,5,0,4,1,0,0,0
1400000US06037461100,461100,2024,0,,23,,6,6,0,4,1,0,3,0,0,0
1400000US06037461200,461200,2024,0,,0,,0,0,0,0,0,0,0,0,0,0
1400000US06037461300,461300,2024,0,,0,,1,1,0,7,2,1,4,1,0,1
1400000US06037462500,462500,2024,0,,0,,0,0,0,0,0,0,0,0,0,0
1400000US06037463103,463103,2024,0,,0,,8,8,0,0,0,0,0,6,6,0
1400000US06037463300,463300,2024,0,,0,,0,0,0,0,0,0,0,0,0,0
1400000US06037464101,464101,2024,0,,0,,0,0,0,0,0,0,0,0,0,0
1400000US06037464102,464102,2024,0,,0,,1,1,0,0,0,0,0,1,1,0
1400000US06037464200,464200,2024,0,,0,,0,0,0,0,0,0,0,0,0,0
1400000US06037480002,480002,2024,3843,,0,,0,0,0,0,0,0,0,0,0,0
1400000US06037480011,480011,2024,5220,,0,,0,0,0,0,0,0,0,0,0,0
1400000US06037480012,480012,2024,4751,,0,,0,0,0,0,0,0,0,0,0,0
1400000US06037480101,480101,2024,4106,,0,,0,0,0,0,0,0,0,0,0,0
1400000US06037480102,480102,2024,3957,,0,,8,8,0,4,3,0,1,3,0,3
1400000US06037480201,480201,2024,3744,,0,,1,1,0,0,0,0,0,0,0,0
1400000US06037480202,480202,2024,2712,,0,,0,0,0,0,0,0,0,0,0,0
1400000US06037480302,480302,2024,3992,,0,,3,3,0,0,0,0,0,0,0,0
1400000US06037480303,480303,2024,4426,,0,,1,1,0,0,0,0,0,0,0,0
1400000US06037480304,480304,2024,4145,,0,,5,5,0,0,0,0,0,0,0,0
1400000US06037480400,480400,2024,5893,,0,,1,1,0,0,0,0,0,0,0,0
1400000US06037480500,480500,2024,5301,,0,,2,2,0,0,0,0,0,0,0,0
1400000US06037480601,480601,2024,0,,0,,3,3,0,1,1,0,0,0,0,0
1400000US06037480602,480602,2024,0,,0,,5,5,0,1,1,0,0,10,3,7
1400000US06037480702,480702,2024,4501,,0,,1,1,0,1,1,0,0,0,0,0
1400000US06037480703,480703,2024,4074,,0,,2,2,0,0,0,0,0,0,0,0
1400000US06037480704,480704,2024,4075,,0,,1,1,0,0,0,0,0,0,0,0
1400000US06037480802,480802,2024,3220,,0,,0,0,0,0,0,0,0,0,0,0
1400000US06037480803,480803,2024,3027,,0,,1,1,0,1,0,0,1,0,0,0
1400000US06037480804,480804,2024,4675,,0,,9,9,0,1,1,0,0,0,0,0
1400000US06037480901,480901,2024,3901,,0,,1,1,0,0,0,0,0,0,0,0
1400000US06037480902,480902,2024,4012,,0,,1,1,0,0,0,0,0,0,0,0
1400000US06037480903,480903,2024,2873,,0,,1,1,0,0,0,0,0,0,0,0
1400000US06037481001,481001,2024,4582,,0,,1,1,0,0,0,0,0,0,0,0
1400000US06037481002,481002,2024,5748,,0,,0,0,0,0,0,0,0,0,0,0
1400000US06037481101,481101,2024,4275,,0,,0,0,0,0,0,0,0,1,0,1
1400000US06037481102,481102,2024,3603,,0,,6,6,0,2,0,1,1,2,2,0
1400000US06037481103,481103,2024,5315,,0,,0,0,0,0,0,0,0,0,0,0
1400000US06037481201,481201,2024,4000,,0,,1,1,0,0,0,0,0,0,0,0
1400000US06037481203,481203,2024,6768,,0,,5,5,0,2,2,0,0,2,0,2
1400000US06037481300,481300,2024,3072,,0,,0,0,0,4,0,0,4,0,0,0
1400000US06037481401,481401,2024,5433,,0,,11,11,0,3,3,0,0,4,0,4
1400000US06037481403,481403,2024,3132,,0,,1,1,0,0,0,0,0,0,0,0
1400000US06037481404,481404,2024,3867,,0,,9,9,0,1,0,1,0,0,0,0
1400000US06037481500,481500,2024,4336,,0,,1,1,0,3,1,1,1,0,0,0
1400000US06037481603,481603,2024,3580,,0,,0,0,0,2,1,1,0,0,0,0
1400000US06037481604,481604,2024,4183,,0,,0,0,0,0,0,0,0,0,0,0
1400000US06037481605,481605,2024,2811,,0,,0,0,0,0,0,0,0,0,0,0
1400000US06037481606,481606,2024,4916,,0,,0,0,0,0,0,0,0,0,0,0
1400000US06037481711,481711,2024,4397,,0,,6,6,0,1,1,0,0,2,1,1
1400000US06037481712,481712,2024,5182,,0,,4,4,0,4,1,3,0,2,2,0
1400000US06037481713,481713,2024,2727,,0,,1,1,0,0,0,0,0,0,0,0
1400000US06037481714,481714,2024,2595,,0,,9,9,0,3,3,0,0,0,0,0
1400000US06037481800,481800,2024,2282,,0,,0,0,0,0,0,0,0,0,0,0
1400000US06037481901,481901,2024,5562,,21,,4,4,0,0,0,0,0,0,0,0
1400000US06037481902,481902,2024,3319,,0,,1,1,0,0,0,0,0,0,0,0
1400000US06037482001,482001,2024,2647,,0,,0,0,0,0,0,0,0,0,0,0
1400000US06037482002,482002,2024,6821,,0,,1,1,0,0,0,0,0,1,1,0
1400000US06037482101,482101,2024,4525,,0,,1,1,0,0,0,0,0,0,0,0
1400000US06037482102,482102,2024,3295,,0,,0,0,0,0,0,0,0,0,0,0
1400000US06037482201,482201,2024,3857,,0,,1,1,0,0,0,0,0,1,1,0
1400000US06037482202,482202,2024,5441,,0,,0,0,0,0,0,0,0,0,0,0
1400000US06037482301,482301,2024,4855,,0,,4,4,0,0,0,0,0,1,0,1
1400000US06037482303,482303,2024,4766,,0,,5,5,0,1,1,0,0,1,0,1
1400000US06037482304,482304,2024,2877,,0,,2,2,0,2,2,0,0,0,0,0
1400000US06037482401,482401,2024,3647,,0,,2,2,0,2,2,0,0,4,3,1
1400000US06037482403,482403,2024,3254,,0,,2,2,0,3,2,0,1,0,0,0
1400000US06037482404,482404,2024,3429,,0,,1,1,0,0,0,0,0,10,7,3
1400000US06037482502,482502,2024,3520,,0,,0,0,0,0,0,0,0,0,0,0
1400000US06037482503,482503,2024,4007,,0,,9,9,0,4,3,0,1,2,1,1
1400000US06037482521,482521,2024,5385,,0,,1,1,0,1,1,0,0,0,0,0
1400000US06037482522,482522,2024,4165,,0,,4,4,0,6,4,1,1,0,0,0
1400000US06037482600,482600,2024,6377,,0,,0,0,0,0,0,0,0,1,0,1
1400000US06037482701,482701,2024,3856,,0,,16,16,0,6,2,4,0,8,5,3
1400000US06037482702,482702,2024,2392,,0,,0,0,0,0,0,0,0,0,0,0
1400000US06037482801,482801,2024,3826,,0,,3,3,0,0,0,0,0,2,0,2
1400000US06037500100,500100,2024,3687,,0,,2,2,0,0,0,0,0,0,0,0
1400000US06037500202,500202,2024,4919,,0,,9,9,0,1,1,0,0,2,0,2
1400000US06037500203,500203,2024,4156,,0,,0,0,0,0,0,0,0,0,0,0
1400000US06037500204,500204,2024,2361,,0,,0,0,0,0,0,0,0,0,0,0
1400000US06037500300,500300,2024,2691,,0,,12,12,0,2,0,0,2,5,0,5
1400000US06037500402,500402,2024,4660,,0,,10,10,0,22,18,2,2,1,1,0
1400000US06037500403,500403,2024,3841,,0,,2,2,0,1,0,0,1,3,2,1
1400000US06037500404,500404,2024,4401,,0,,0,0,0,1,1,0,0,0,0,0
1400000US06037500500,500500,2024,2820,,0,,0,0,0,0,0,0,0,1,0,1
1400000US06037500600,500600,2024,5857,,0,,7,7,0,5,2,3,0,4,1,3
1400000US06037500700,500700,2024,6413,,0,,30,30,0,4,2,1,1,3,0,3
1400000US06037500800,500800,2024,4717,,0,,5,5,0,1,0,1,0,0,0,0
1400000US06037500900,500900,2024,5256,,0,,16,16,0,9,7,2,0,2,2,0
1400000US06037501001,501001,2024,3015,,0,,0,0,0,0,0,0,0,0,0,0
1400000US06037501002,501002,2024,4598,,0,,0,0,0,0,0,0,0,0,0,0
1400000US06037501200,501200,2024,4982,,0,,8,8,0,2,1,1,0,0,0,0
1400000US06037501301,501301,2024,2978,,0,,3,3,0,2,1,1,0,0,0,0
1400000US06037501302,501302,2024,4534,,0,,0,0,0,0,0,0,0,0,0,0
1400000US06037501400,501400,2024,3443,,0,,0,0,0,0,0,0,0,0,0,0
1400000US06037501501,501501,2024,1963,,0,,0,0,0,0,0,0,0,0,0,0
1400000US06037501503,501503,2024,5418,,0,,0,0,0,1,1,0,0,0,0,0
1400000US06037501504,501504,2024,3317,,0,,5,5,0,0,0,0,0,2,0,2
1400000US06037501600,501600,2024,7339,,0,,0,0,0,0,0,0,0,0,0,0
1400000US06037501700,501700,2024,3793,,0,,0,0,0,0,0,0,0,0,0,0
1400000US06037501802,501802,2024,3219,,0,,0,0,0,0,0,0,0,0,0,0
1400000US06037501803,501803,2024,4690,,0,,5,5,0,0,0,0,0,0,0,0
1400000US06037501804,501804,2024,2133,,2,,0,0,0,0,0,0,0,0,0,0
1400000US06037501900,501900,2024,4330,,0,,3,3,0,1,1,0,0,3,1,2
1400000US06037502003,502003,2024,2675,,0,,0,0,0,0,0,0,0,0,0,0
1400000US06037502004,502004,2024,3695,,0,,6,6,0,2,1,0,1,3,0,3
1400000US06037502005,502005,2024,4392,,0,,5,5,0,1,1,0,0,0,0,0
1400000US06037502100,502100,2024,5339,,115,,8,8,0,0,0,0,0,0,0,0
1400000US06037502200,502200,2024,7093,,0,,0,0,0,0,0,0,0,0,0,0
1400000US06037502303,502303,2024,8229,,0,,0,0,0,0,0,0,0,0,0,0
1400000US06037502401,502401,2024,5074,,0,,3,3,0,0,0,0,0,0,0,0
1400000US06037502402,502402,2024,3470,,0,,2,2,0,3,0,2,1,3,3,0
1400000US06037502500,502500,2024,4255,,0,,1,1,0,24,16,7,1,0,0,0
1400000US06037502602,502602,2024,4178,,0,,4,4,0,4,1,2,1,1,1,0
1400000US06037502603,502603,2024,3329,,0,,2,2,0,3,3,0,0,4,4,0
1400000US06037502604,502604,2024,3682,,0,,1,1,0,0,0,0,0,2,2,0
1400000US06037502700,502700,2024,7569,,0,,2,2,0,1,0,0,1,0,0,0
1400000US06037502801,502801,2024,6449,,0,,1,1,0,0,0,0,0,0,0,0
1400000US06037502901,502901,2024,5457,,0,,3,3,0,3,2,1,0,0,0,0
1400000US06037503000,503000,2024,5594,,0,,2,2,0,2,1,0,1,3,1,2
1400000US06037503103,503103,2024,5595,,0,,0,0,0,0,0,0,0,0,0,0
1400000US06037503104,503104,2024,2344,,0,,7,7,0,6,3,3,0,0,0,0
1400000US06037503105,503105,2024,3394,,0,,0,0,0,0,0,0,0,0,0,0
1400000US06037503106,503106,2024,3961,,71,,0,0,0,0,0,0,0,0,0,0
1400000US06037503201,503201,2024,3878,,0,,2,2,0,0,0,0,0,1,1,0
1400000US06037503202,503202,2024,4217,,65,,1,1,0,0,0,0,0,1,1,0
1400000US06037503301,503301,2024,3436,,12,,0,0,0,0,0,0,0,0,0,0
1400000US06037503302,503302,2024,6070,,59,,0,0,0,0,0,0,0,0,0,0
1400000US06037503401,503401,2024,7145,,0,,0,0,0,0,0,0,0,0,0,0
1400000US06037503402,503402,2024,3845,,0,,0,0,0,0,0,0,0,0,0,0
1400000US06037503501,503501,2024,6913,,0,,1,1,0,0,0,0,0,0,0,0
1400000US06037503502,503502,2024,3842,,0,,0,0,0,0,0,0,0,0,0,0
1400000US06037503601,503601,2024,4140,,0,,4,4,0,0,0,0,0,0,0,0
1400000US06037503602,503602,2024,3786,,0,,1,1,0,0,0,0,0,1,0,1
1400000US06037503701,503701,2024,4896,,0,,3,3,0,0,0,0,0,0,0,0
1400000US06037503702,503702,2024,5165,,13,,0,0,0,0,0,0,0,0,0,0
1400000US06037503704,503704,2024,4365,,0,,0,0,0,0,0,0,0,0,0,0
1400000US06037503705,503705,2024,2928,,0,,0,0,0,0,0,0,0,0,0,0
1400000US06037503801,503801,2024,3718,,0,,1,1,0,0,0,0,0,0,0,0
1400000US06037503802,503802,2024,5186,,0,,1,1,0,0,0,0,0,0,0,0
1400000US06037503901,503901,2024,2217,,0,,0,0,0,0,0,0,0,0,0,0
1400000US06037503902,503902,2024,5065,,0,,14,14,0,0,0,0,0,8,8,0
1400000US06037504001,504001,2024,5141,,0,,0,0,0,0,0,0,0,0,0,0
1400000US06037504002,504002,2024,5331,,0,,0,0,0,0,0,0,0,0,0,0
1400000US06037504101,504101,2024,5068,,0,,4,4,0,4,1,3,0,0,0,0
1400000US06037504200,504200,2024,7160,,161,,37,37,0,10,4,3,3,30,14,16
1400000US06037530005,530005,2024,3430,,0,,2,2,0,1,0,1,0,2,1,1
1400000US06037530006,530006,2024,4698,,0,,4,4,0,5,3,2,0,2,2,0
1400000US06037530007,530007,2024,6453,,0,,43,43,0,6,3,2,1,16,9,7
1400000US06037530101,530101,2024,5163,,0,,3,3,0,1,0,0,1,2,2,0
1400000US06037530102,530102,2024,4817,,0,,6,6,0,1,1,0,0,1,0,1
1400000US06037530202,530202,2024,4133,,0,,8,8,0,5,1,2,2,6,2,4
1400000US06037530203,530203,2024,2803,,0,,4,4,0,2,0,0,2,6,0,6
1400000US06037530204,530204,2024,3735,,0,,2,2,0,3,0,3,0,1,0,1
1400000US06037530301,530301,2024,2100,,0,,3,3,0,9,2,3,4,2,1,1
1400000US06037530302,530302,2024,6189,,0,,4,4,0,12,0,4,8,0,0,0
1400000US06037530400,530400,2024,3576,,0,,14,14,0,14,8,2,4,13,7,6
1400000US06037530500,530500,2024,4001,,0,,1,1,0,24,4,8,12,1,1,0
1400000US06037530603,530603,2024,4439,,0,,0,0,0,14,8,6,0,0,0,0
1400000US06037530700,530700,2024,2070,,0,,13,13,0,11,0,0,11,0,0,0
1400000US06037530801,530801,2024,5914,,0,,1,1,0,3,0,1,2,1,1,0
1400000US06037530802,530802,2024,3224,,0,,3,3,0,1,0,0,1,4,1,3
1400000US06037530901,530901,2024,3954,,0,,0,0,0,1,0,1,0,0,0,0
1400000US06037530902,530902,2024,3745,,0,,0,0,0,3,0,2,1,0,0,0
1400000US06037531000,531000,2024,4609,,0,,6,6,0,20,9,8,3,0,0,0
1400000US06037531101,531101,2024,4525,,0,,3,3,0,10,0,4,6,0,0,0
1400000US06037531102,531102,2024,2428,,0,,9,9,0,0,0,0,0,1,0,1
1400000US06037531201,531201,2024,4180,,0,,1,1,0,5,1,1,3,4,1,3
1400000US06037531202,531202,2024,4493,,0,,1,1,0,1,0,1,0,0,0,0
1400000US06037531301,531301,2024,5450,,0,,3,3,0,5,1,1,3,5,5,0
1400000US06037531302,531302,2024,5648,,0,,3,3,0,9,4,3,2,6,4,2
1400000US06037531502,531502,2024,3209,,0,,7,7,0,4,0,2,2,6,6,0
1400000US06037531503,531503,2024,2445,,0,,5,5,0,1,0,1,0,8,6,2
1400000US06037531504,531504,2024,3990,,0,,3,3,0,0,0,0,0,0,0,0
1400000US06037531602,531602,2024,3747,,0,,3,3,0,7,3,0,4,0,0,0
1400000US06037531603,531603,2024,3483,,0,,0,0,0,6,1,2,3,0,0,0
1400000US06037531604,531604,2024,3065,,0,,0,0,0,8,0,8,0,6,4,2
1400000US06037531701,531701,2024,5398,,0,,0,0,0,5,0,2,3,1,0,1
1400000US06037531702,531702,2024,4832,,0,,5,5,0,14,0,4,10,6,0,6
1400000US06037531800,531800,2024,4508,,0,,3,3,0,0,0,0,0,0,0,0
1400000US06037531901,531901,2024,6664,,0,,3,3,0,13,0,4,9,1,1,0
1400000US06037531902,531902,2024,4014,,0,,4,4,0,11,0,2,9,0,0,0
1400000US06037532001,532001,2024,3133,,28,,2,2,0,4,0,1,3,2,2,0
1400000US06037532002,532002,2024,3348,,0,,9,9,0,3,1,0,2,1,0,1
1400000US06037532101,532101,2024,7260,,0,,1,1,0,1,0,0,1,2,2,0
1400000US06037532102,532102,2024,3655,,0,,15,15,0,4,1,2,1,4,1,3
1400000US06037532200,532200,2024,6445,,0,,34,34,0,18,13,4,1,2,0,2
1400000US06037532302,532302,2024,4622,,0,,18,18,0,21,20,1,0,9,6,3
1400000US06037532303,532303,2024,4111,,0,,8,8,0,2,2,0,0,14,9,5
1400000US06037532304,532304,2024,3968,,302,,35,35,0,8,3,3,2,19,14,5
1400000US06037532500,532500,2024,3736,,0,,6,6,0,1,1,0,0,9,0,9
1400000US06037532605,532605,2024,4431,,0,,14,14,0,13,4,8,1,4,3,1
1400000US06037532606,532606,2024,4052,,0,,4,4,0,0,0,0,0,0,0,0
1400000US06037532607,532607,2024,5150,,0,,27,27,0,2,1,1,0,1,0,1
1400000US06037532700,532700,2024,3128,,0,,0,0,0,46,6,0,40,13,5,8
1400000US06037532800,532800,2024,4291,,0,,5,5,0,24,3,8,13,19,0,19
1400000US06037532900,532900,2024,6247,,0,,7,7,0,10,2,5,3,0,0,0
1400000US06037533001,533001,2024,4368,,0,,30,30,0,17,2,0,15,6,6,0
1400000US06037533002,533002,2024,2217,,0,,0,0,0,1,0,0,1,1,0,1
1400000US06037533103,533103,2024,3189,,0,,8,8,0,11,11,0,0,0,0,0
1400000US06037533104,533104,2024,4307,,0,,33,33,0,20,6,12,2,6,4,2
1400000US06037533105,533105,2024,2476,,0,,0,0,0,0,0,0,0,0,0,0
1400000US06037533108,533108,2024,4758,,0,,10,10,0,1,1,0,0,1,1,0
1400000US06037533201,533201,2024,2157,,0,,0,0,0,3,2,1,0,0,0,0
1400000US06037533204,533204,2024,4099,,0,,9,9,0,3,2,1,0,0,0,0
1400000US06037533300,533300,2024,3061,,0,,2,2,0,1,0,1,0,0,0,0
1400000US06037533401,533401,2024,4534,,0,,0,0,0,0,0,0,0,0,0,0
1400000US06037533402,533402,2024,3988,,0,,5,5,0,0,0,0,0,0,0,0
1400000US06037533403,533403,2024,2507,,0,,11,11,0,1,0,1,0,2,0,2
1400000US06037533501,533501,2024,2796,,0,,8,8,0,1,1,0,0,1,1,0
1400000US06037533504,533504,2024,3879,,0,,6,6,0,0,0,0,0,0,0,0
1400000US06037533601,533601,2024,4227,,0,,4,4,0,0,0,0,0,0,0,0
1400000US06037533602,533602,2024,5081,,0,,4,4,0,0,0,0,0,0,0,0
1400000US06037533603,533603,2024,6314,,0,,1,1,0,1,1,0,0,0,0,0
1400000US06037533701,533701,2024,2909,,0,,3,3,0,1,0,1,0,1,1,0
1400000US06037533702,533702,2024,3678,,0,,0,0,0,0,0,0,0,0,0,0
1400000US06037533703,533703,2024,3916,,0,,3,3,0,2,2,0,0,0,0,0
1400000US06037533803,533803,2024,5723,,0,,0,0,0,0,0,0,0,0,0,0
1400000US06037533804,533804,2024,3666,,0,,6,6,0,0,0,0,0,0,0,0
1400000US06037533805,533805,2024,3883,,0,,3,3,0,2,1,1,0,1,0,1
1400000US06037533806,533806,2024,3307,,0,,3,3,0,1,1,0,0,4,4,0
1400000US06037533901,533901,2024,5170,,0,,6,6,0,0,0,0,0,0,0,0
1400000US06037533902,533902,2024,4339,,0,,12,12,0,2,2,0,0,1,0,1
1400000US06037534001,534001,2024,5154,,0,,4,4,0,1,0,0,1,3,3,0
1400000US06037534002,534002,2024,3982,,0,,1,1,0,2,0,0,2,2,2,0
1400000US06037534101,534101,2024,1898,,0,,10,10,0,2,0,0,2,2,1,1
1400000US06037534102,534102,2024,5860,,0,,2,2,0,0,0,0,0,0,0,0
1400000US06037534201,534201,2024,4097,,0,,2,2,0,0,0,0,0,4,3,1
1400000US06037534202,534202,2024,4875,,0,,5,5,0,0,0,0,0,0,0,0
1400000US06037534203,534203,2024,3286,,0,,2,2,0,3,1,1,1,1,1,0
1400000US06037534301,534301,2024,4028,,0,,10,10,0,0,0,0,0,1,1,0
1400000US06037534302,534302,2024,3835,,0,,3,3,0,0,0,0,0,0,0,0
1400000US06037534403,534403,2024,3311,,0,,0,0,0,0,0,0,0,0,0,0
1400000US06037534404,534404,2024,3118,,0,,1,1,0,0,0,0,0,0,0,0
1400000US06037534405,534405,2024,3925,,0,,6,6,0,0,0,0,0,0,0,0
1400000US06037534406,534406,2024,4108,,0,,1,1,0,0,0,0,0,0,0,0
1400000US06037534501,534501,2024,5441,,0,,10,10,0,6,3,2,1,5,0,5
1400000US06037534502,534502,2024,3187,,0,,1,1,0,0,0,0,0,0,0,0
1400000US06037534700,534700,2024,4165,,0,,1,1,0,1,1,0,0,5,5,0
1400000US06037534802,534802,2024,2466,,0,,2,2,0,2,2,0,0,4,2,2
1400000US06037534803,534803,2024,4517,,0,,1,1,0,0,0,0,0,0,0,0
1400000US06037534804,534804,2024,4298,,0,,1,1,0,0,0,0,0,0,0,0
1400000US06037534900,534900,2024,6133,,0,,21,21,0,15,1,6,8,0,0,0
1400000US06037535001,535001,2024,4166,,0,,1,1,0,17,11,0,6,3,3,0
1400000US06037535002,535002,2024,3665,,0,,0,0,0,18,6,6,6,1,1,0
1400000US06037535101,535101,2024,7981,,0,,2,2,0,51,7,27,17,0,0,0
1400000US06037535102,535102,2024,4522,,0,,10,10,0,30,1,22,7,0,0,0
1400000US06037535200,535200,2024,5799,,0,,0,0,0,10,4,0,6,0,0,0
1400000US06037535300,535300,2024,5818,,0,,7,7,0,45,5,1,39,1,0,1
1400000US06037535400,535400,2024,3388,,21,,14,14,0,38,6,4,28,0,0,0
1400000US06037535501,535501,2024,2966,,0,,1,1,0,3,1,0,2,2,1,1
1400000US06037535502,535502,2024,5003,,0,,0,0,0,0,0,0,0,0,0,0
1400000US06037535503,535503,2024,2495,,0,,1,1,0,1,1,0,0,0,0,0
1400000US06037535603,535603,2024,3754,,0,,15,15,0,4,4,0,0,5,5,0
1400000US06037535604,535604,2024,4242,,0,,1,1,0,2,1,0,1,0,0,0
1400000US06037535605,535605,2024,4658,,0,,6,6,0,5,2,2,1,1,0,1
1400000US06037535606,535606,2024,1899,,0,,0,0,0,1,0,1,0,0,0,0
1400000US06037535607,535607,2024,4611,,0,,3,3,0,3,1,0,2,4,0,4
1400000US06037535701,535701,2024,5757,,0,,0,0,0,1,0,1,0,1,0,1
1400000US06037535702,535702,2024,5756,,50,,4,4,0,1,0,1,0,3,3,0
1400000US06037535802,535802,2024,6316,,0,,0,0,0,0,0,0,0,0,0,0
1400000US06037535803,535803,2024,3549,,0,,5,5,0,0,0,0,0,0,0,0
1400000US06037535804,535804,2024,6041,,0,,1,1,0,0,0,0,0,1,1,0
1400000US06037535901,535901,2024,6051,,0,,1,1,0,0,0,0,0,0,0,0
1400000US06037535902,535902,2024,5735,,0,,2,2,0,2,2,0,0,1,1,0
1400000US06037536000,536000,2024,3182,,0,,6,6,0,8,6,0,2,5,1,4
1400000US06037536102,536102,2024,3405,,0,,9,9,0,21,11,4,6,11,4,7
1400000US06037536103,536103,2024,5162,,0,,0,0,0,0,0,0,0,0,0,0
1400000US06037536104,536104,2024,3481,,0,,25,25,0,4,2,1,1,28,8,20
1400000US06037536201,536201,2024,3559,,0,,1,1,0,2,2,0,0,4,1,3
1400000US06037536202,536202,2024,4214,,0,,4,4,0,5,5,0,0,5,0,5
1400000US06037540000,540000,2024,6734,,0,,1,1,0,3,0,0,3,2,0,2
1400000US06037540101,540101,2024,6345,,0,,1,1,0,0,0,0,0,0,0,0
1400000US06037540102,540102,2024,5652,,0,,0,0,0,1,1,0,0,4,1,3
1400000US06037540201,540201,2024,2269,,0,,0,0,0,0,0,0,0,0,0,0
1400000US06037540202,540202,2024,7196,,0,,4,4,0,0,0,0,0,1,1,0
1400000US06037540203,540203,2024,5075,,0,,30,30,0,9,7,0,2,12,11,1
1400000US06037540300,540300,2024,4429,,0,,18,18,0,16,3,6,7,7,0,7
1400000US06037540400,540400,2024,1906,,0,,24,24,0,32,16,4,12,16,0,16
1400000US06037540501,540501,2024,5455,,0,,32,32,0,18,4,1,13,17,2,15
1400000US06037540502,540502,2024,6765,,40,,7,7,0,1,1,0,0,1,0,1
1400000US06037540600,540600,2024,4395,,72,,4,4,0,52,6,3,43,6,0,6
1400000US06037540700,540700,2024,3205,,62,,11,11,0,6,1,1,4,24,10,14
1400000US06037540800,540800,2024,5514,,0,,1,1,0,17,1,1,15,5,3,2
1400000US06037540901,540901,2024,5169,,0,,1,1,0,20,8,2,10,0,0,0
1400000US06037540902,540902,2024,4281,,0,,7,7,0,178,24,27,127,12,9,3
1400000US06037541003,541003,2024,4650,,0,,29,29,0,192,38,32,122,19,15,4
1400000US06037541100,541100,2024,3108,,0,,4,4,0,59,11,11,37,0,0,0
1400000US06037541200,541200,2024,6074,,0,,4,4,0,18,4,5,9,1,0,1
1400000US06037541300,541300,2024,5545,,0,,4,4,0,8,1,1,6,3,2,1
1400000US06037541401,541401,2024,3414,,0,,0,0,0,2,0,1,1,1,1,0
1400000US06037541402,541402,2024,3218,,0,,3,3,0,3,1,1,1,3,1,2
1400000US06037541500,541500,2024,5105,,0,,0,0,0,1,0,1,0,4,2,2
1400000US06037541603,541603,2024,2821,,0,,5,5,0,25,8,4,13,8,4,4
1400000US06037541604,541604,2024,5223,,0,,6,6,0,1,1,0,0,0,0,0
1400000US06037541605,541605,2024,5060,,0,,17,17,0,22,9,13,0,5,0,5
1400000US06037541606,541606,2024,2783,,0,,5,5,0,7,4,2,1,0,0,0
1400000US06037541700,541700,2024,5571,,0,,7,7,0,1,0,1,0,10,3,7
1400000US06037541801,541801,2024,5648,,0,,0,0,0,0,0,0,0,2,0,2
1400000US06037541802,541802,2024,5114,,0,,1,1,0,1,0,1,0,2,0,2
1400000US06037542000,542000,2024,5241,,0,,0,0,0,3,3,0,0,0,0,0
1400000US06037542103,542103,2024,3288,,0,,0,0,0,13,0,7,6,0,0,0
1400000US06037542104,542104,2024,4050,,0,,13,13,0,1,0,1,0,5,0,5
1400000US06037542105,542105,2024,5047,,20,,1,1,0,0,0,0,0,0,0,0
1400000US06037542106,542106,2024,2319,,0,,17,17,0,12,0,2,10,0,0,0
1400000US06037542200,542200,2024,0,,0,,12,12,0,5,1,4,0,14,6,8
1400000US06037542401,542401,2024,4370,,0,,2,2,0,5,3,1,1,1,0,1
1400000US06037542402,542402,2024,0,,0,,5,5,0,9,2,3,4,4,4,0
1400000US06037542501,542501,2024,4368,,0,,0,0,0,0,0,0,0,0,0,0
1400000US06037542502,542502,2024,4573,,0,,5,5,0,6,1,3,2,1,0,1
1400000US06037542601,542601,2024,3306,,0,,26,26,0,18,10,6,2,18,15,3
1400000US06037542602,542602,2024,5249,,0,,13,13,0,4,0,4,0,1,0,1
1400000US06037542700,542700,2024,5732,,0,,6,6,0,0,0,0,0,2,2,0
1400000US06037542800,542800,2024,3230,,0,,0,0,0,7,1,0,6,1,0,1
1400000US06037542900,542900,2024,3535,,0,,2,2,0,3,1,1,1,0,0,0
1400000US06037543000,543000,2024,4204,,0,,8,8,0,7,4,2,1,0,0,0
1400000US06037543100,543100,2024,6692,,0,,2,2,0,0,0,0,0,0,0,0
1400000US06037543201,543201,2024,3525,,0,,1,1,0,3,0,0,3,1,1,0
1400000US06037543203,543203,2024,4081,,0,,16,16,0,2,1,1,0,5,3,2
1400000US06037543304,543304,2024,6788,,0,,0,0,0,12,0,1,11,0,0,0
1400000US06037543305,543305,2024,0,,0,,4,4,0,197,5,14,178,9,5,4
1400000US06037543306,543306,2024,6821,,0,,4,4,0,2,1,0,1,1,1,0
1400000US06037543321,543321,2024,5789,,0,,3,3,0,0,0,0,0,6,6,0
1400000US06037543322,543322,2024,6951,,0,,0,0,0,0,0,0,0,0,0,0
1400000US06037543400,543400,2024,3599,,0,,2,2,0,6,5,1,0,2,1,1
1400000US06037543501,543501,2024,6326,,0,,14,14,0,2,1,0,1,6,0,6
1400000US06037543502,543502,2024,4550,,0,,0,0,0,3,0,0,3,0,0,0
1400000US06037543503,543503,2024,5329,,0,,0,0,0,17,1,1,15,0,0,0
1400000US06037543601,543601,2024,4531,,0,,2,2,0,1,1,0,0,1,0,1
1400000US06037543603,543603,2024,3795,,0,,0,0,0,3,2,0,1,2,0,2
1400000US06037543605,543605,2024,4184,,0,,2,2,0,18,10,0,8,0,0,0
1400000US06037543606,543606,2024,4051,,0,,0,0,0,0,0,0,0,0,0,0
1400000US06037543607,543607,2024,4986,,0,,1,1,0,0,0,0,0,1,1,0
1400000US06037543701,543701,2024,3040,,0,,0,0,0,0,0,0,0,0,0,0
1400000US06037543703,543703,2024,4207,,0,,2,2,0,2,0,1,1,1,1,0
1400000US06037543704,543704,2024,2936,,0,,0,0,0,0,0,0,0,1,1,0
1400000US06037543705,543705,2024,3194,,0,,0,0,0,0,0,0,0,0,0,0
1400000US06037543801,543801,2024,4470,,0,,0,0,0,0,0,0,0,0,0,0
1400000US06037543803,543803,2024,4272,,0,,4,4,0,4,0,4,0,0,0,0
1400000US06037543804,543804,2024,4563,,0,,1,1,0,2,1,1,0,0,0,0
1400000US06037543903,543903,2024,4127,,0,,0,0,0,1,0,0,1,7,0,7
1400000US06037543905,543905,2024,4479,,0,,1,1,0,3,1,0,2,1,0,1
1400000US06037544001,544001,2024,0,,0,,4,4,0,0,0,0,0,5,3,2
1400000US06037544002,544002,2024,0,,0,,0,0,0,0,0,0,0,6,0,6
1400000US06037550101,550101,2024,3958,,0,,0,0,0,0,0,0,0,0,0,0
1400000US06037550201,550201,2024,2923,,0,,0,0,0,4,2,2,0,0,0,0
1400000US06037550202,550202,2024,5095,,0,,0,0,0,1,1,0,0,0,0,0
1400000US06037550301,550301,2024,4309,,0,,7,7,0,1,1,0,0,3,1,2
1400000US06037550501,550501,2024,3864,,0,,7,7,0,2,0,2,0,4,3,1
1400000US06037550502,550502,2024,4141,,0,,2,2,0,0,0,0,0,0,0,0
1400000US06037550601,550601,2024,5993,,0,,2,2,0,3,0,0,3,1,1,0
1400000US06037550602,550602,2024,3830,,0,,0,0,0,0,0,0,0,0,0,0
1400000US06037550700,550700,2024,6803,,0,,1,1,0,0,0,0,0,6,6,0
1400000US06037550801,550801,2024,4773,,0,,0,0,0,2,2,0,0,0,0,0
1400000US06037550802,550802,2024,1938,,0,,0,0,0,0,0,0,0,0,0,0
1400000US06037550901,550901,2024,4742,,0,,1,1,0,0,0,0,0,0,0,0
1400000US06037550902,550902,2024,5570,,0,,2,2,0,4,1,3,0,0,0,0
1400000US06037551001,551001,2024,3237,,0,,6,6,0,1,0,1,0,1,1,0
1400000US06037551002,551002,2024,4346,,0,,0,0,0,0,0,0,0,0,0,0
1400000US06037551101,551101,2024,3950,,0,,15,15,0,13,8,1,4,0,0,0
1400000US06037551102,551102,2024,5551,,0,,9,9,0,1,0,1,0,5,3,2
1400000US06037551201,551201,2024,3541,,0,,4,4,0,4,2,1,1,0,0,0
1400000US06037551203,551203,2024,4111,,0,,1,1,0,0,0,0,0,0,0,0
1400000US06037551204,551204,2024,3465,,0,,3,3,0,0,0,0,0,0,0,0
1400000US06037551300,551300,2024,5670,,0,,1,1,0,1,0,0,1,0,0,0
1400000US06037551401,551401,2024,4011,,0,,1,1,0,0,0,0,0,1,1,0
1400000US06037551402,551402,2024,5067,,0,,3,3,0,0,0,0,0,0,0,0
1400000US06037551501,551501,2024,4713,,0,,0,0,0,2,0,1,1,0,0,0
1400000US06037551502,551502,2024,4517,,0,,6,6,0,0,0,0,0,2,2,0
1400000US06037551700,551700,2024,6286,,0,,4,4,0,1,0,1,0,1,1,0
1400000US06037551801,551801,2024,3315,,0,,2,2,0,2,0,0,2,1,1,0
1400000US06037551802,551802,2024,3803,,0,,9,9,0,0,0,0,0,32,24,8
1400000US06037551900,551900,2024,5324,,0,,14,14,0,0,0,0,0,11,8,3
1400000US06037552001,552001,2024,3853,,0,,0,0,0,0,0,0,0,0,0,0
1400000US06037552002,552002,2024,3391,,0,,11,11,0,0,0,0,0,12,10,2
1400000US06037552100,552100,2024,5405,,0,,22,22,0,5,2,2,1,0,0,0
1400000US06037552200,552200,2024,6115,,5,,36,36,0,4,1,3,0,3,3,0
1400000US06037552301,552301,2024,4548,,0,,4,4,0,0,0,0,0,0,0,0
1400000US06037552302,552302,2024,4024,,0,,4,4,0,3,2,1,0,0,0,0
1400000US06037552400,552400,2024,2318,,0,,4,4,0,1,1,0,0,1,1,0
1400000US06037552601,552601,2024,5187,,0,,4,4,0,1,0,0,1,0,0,0
1400000US06037552602,552602,2024,3520,,0,,5,5,0,3,2,0,1,0,0,0
1400000US06037552700,552700,2024,6593,,0,,1,1,0,0,0,0,0,0,0,0
1400000US06037552800,552800,2024,6332,,0,,4,4,0,0,0,0,0,9,9,0
1400000US06037552900,552900,2024,6565,,20,,4,4,0,3,2,1,0,0,0,0
1400000US06037553000,553000,2024,5107,,29,,12,12,0,0,0,0,0,8,8,0
1400000US06037553100,553100,2024,6255,,21,,17,17,0,3,1,2,0,11,10,1
1400000US06037553201,553201,2024,3708,,0,,4,4,0,3,2,0,1,0,0,0
1400000US06037553202,553202,2024,3459,,0,,6,6,0,5,3,2,0,4,1,3
1400000US06037553300,553300,2024,3829,,0,,8,8,0,2,0,2,0,0,0,0
1400000US06037553400,553400,2024,3472,,0,,1,1,0,0,0,0,0,1,1,0
1400000US06037553502,553502,2024,3629,,0,,0,0,0,0,0,0,0,0,0,0
1400000US06037553503,553503,2024,3013,,0,,1,1,0,0,0,0,0,2,2,0
1400000US06037553504,553504,2024,4626,,0,,0,0,0,0,0,0,0,0,0,0
1400000US06037553601,553601,2024,4518,,0,,4,4,0,0,0,0,0,1,0,1
1400000US06037553602,553602,2024,5026,,0,,0,0,0,0,0,0,0,0,0,0
1400000US06037553701,553701,2024,3925,,0,,4,4,0,0,0,0,0,5,2,3
1400000US06037553702,553702,2024,4614,,0,,10,10,0,0,0,0,0,7,5,2
1400000US06037553801,553801,2024,4124,,0,,0,0,0,0,0,0,0,0,0,0
1400000US06037553802,553802,2024,0,,0,,3,3,0,0,0,0,0,4,0,4
1400000US06037553901,553901,2024,6492,,0,,0,0,0,0,0,0,0,1,0,1
1400000US06037553902,553902,2024,0,,0,,0,0,0,0,0,0,0,0,0,0
1400000US06037554001,554001,2024,4342,,0,,8,8,0,4,2,2,0,0,0,0
1400000US06037554002,554002,2024,5739,,0,,4,4,0,1,1,0,0,0,0,0
1400000US06037554101,554101,2024,3540,,0,,7,7,0,0,0,0,0,0,0,0
1400000US06037554105,554105,2024,4280,,0,,3,3,0,1,1,0,0,1,0,1
1400000US06037554106,554106,2024,3943,,0,,4,4,0,0,0,0,0,0,0,0
1400000US06037554201,554201,2024,3521,,0,,5,5,0,2,1,0,1,0,0,0
1400000US06037554203,554203,2024,3914,,0,,7,7,0,0,0,0,0,0,0,0
1400000US06037554204,554204,2024,4821,,0,,0,0,0,0,0,0,0,0,0,0
1400000US06037554301,554301,2024,0,,0,,0,0,0,0,0,0,0,6,0,6
1400000US06037554302,554302,2024,0,,46,,11,11,0,3,3,0,0,1,0,1
1400000US06037554403,554403,2024,5592,,0,,8,8,0,11,7,2,2,5,5,0
1400000US06037554404,554404,2024,4423,,0,,22,22,0,1,0,1,0,8,4,4
1400000US06037554405,554405,2024,3573,,0,,5,5,0,3,0,3,0,0,0,0
1400000US06037554406,554406,2024,4771,,0,,16,16,0,0,0,0,0,10,10,0
1400000US06037554511,554511,2024,3746,,0,,5,5,0,15,4,2,9,4,4,0
1400000US06037554512,554512,2024,6428,,0,,0,0,0,4,3,0,1,1,0,1
1400000US06037554513,554513,2024,2473,,0,,0,0,0,0,0,0,0,0,0,0
1400000US06037554514,554514,2024,4564,,0,,9,9,0,1,0,1,0,6,5,1
1400000US06037554515,554515,2024,3328,,0,,0,0,0,0,0,0,0,0,0,0
1400000US06037554516,554516,2024,3632,,0,,0,0,0,0,0,0,0,0,0,0
1400000US06037554517,554517,2024,4774,,0,,0,0,0,0,0,0,0,0,0,0
1400000US06037554518,554518,2024,5042,,0,,4,4,0,0,0,0,0,3,3,0
1400000US06037554519,554519,2024,3243,,0,,6,6,0,3,0,2,1,9,5,4
1400000US06037554521,554521,2024,6125,,0,,20,20,0,4,4,0,0,14,12,2
1400000US06037554522,554522,2024,4985,,0,,3,3,0,2,2,0,0,2,2,0
1400000US06037554600,554600,2024,3968,,0,,0,0,0,0,0,0,0,0,0,0
1400000US06037554700,554700,2024,4170,,0,,6,6,0,4,4,0,0,0,0,0
1400000US06037554801,554801,2024,2884,,0,,14,14,0,0,0,0,0,4,4,0
1400000US06037554802,554802,2024,5920,,0,,0,0,0,1,0,1,0,0,0,0
1400000US06037554900,554900,2024,7240,,0,,2,2,0,1,1,0,0,1,1,0
1400000US06037555001,555001,2024,5359,,0,,1,1,0,0,0,0,0,0,0,0
1400000US06037555002,555002,2024,0,,0,,1,1,0,0,0,0,0,1,0,1
1400000US06037555105,555105,2024,6136,,0,,2,2,0,1,1,0,0,1,0,1
1400000US06037555106,555106,2024,2698,,0,,4,4,0,13,5,6,2,0,0,0
1400000US06037555107,555107,2024,5422,,0,,17,17,0,0,0,0,0,11,7,4
1400000US06037555211,555211,2024,0,,0,,3,3,0,14,8,6,0,1,1,0
1400000US06037555212,555212,2024,0,,0,,7,7,0,3,0,3,0,3,3,0
1400000US06037555300,555300,2024,4819,,0,,6,6,0,5,4,1,0,0,0,0
1400000US06037570001,570001,2024,4746,,0,,0,0,0,1,1,0,0,0,0,0
1400000US06037570002,570002,2024,2523,,0,,0,0,0,0,0,0,0,0,0,0
1400000US06037570003,570003,2024,0,,0,,2,2,0,5,4,0,1,1,1,0
1400000US06037570701,570701,2024,0,,0,,0,0,0,0,0,0,0,0,0,0
1400000US06037570703,570703,2024,0,,0,,0,0,0,0,0,0,0,0,0,0
1400000US06037570800,570800,2024,0,,0,,7,7,0,1,0,1,0,0,0,0
1400000US06037570901,570901,2024,5661,,0,,1,1,0,0,0,0,0,0,0,0
1400000US06037570902,570902,2024,3385,,0,,2,2,0,1,0,0,1,0,0,0
1400000US06037571000,571000,2024,5598,,0,,1,1,0,0,0,0,0,4,0,4
1400000US06037571101,571101,2024,5034,,0,,2,2,0,1,0,0,1,0,0,0
1400000US06037571102,571102,2024,3617,,0,,0,0,0,2,0,2,0,0,0,0
1400000US06037571300,571300,2024,0,,0,,0,0,0,0,0,0,0,0,0,0
1400000US06037571400,571400,2024,0,,0,,0,0,0,0,0,0,0,0,0,0
1400000US06037572001,572001,2024,0,,0,,0,0,0,0,0,0,0,0,0,0
1400000US06037573401,573401,2024,0,,0,,5,5,0,2,2,0,0,10,2,8
1400000US06037573402,573402,2024,0,,9,,19,19,0,9,5,4,0,5,4,1
1400000US06037573403,573403,2024,0,,0,,1,1,0,6,3,2,1,4,0,4
1400000US06037573700,573700,2024,0,,103,,0,0,0,0,0,0,0,4,0,4
1400000US06037577800,577800,2024,4666,,0,,1,1,0,1,0,0,1,1,1,0
1400000US06037599000,599000,2024,3258,,0,,0,0,0,0,0,0,0,0,0,0
1400000US06037599100,599100,2024,723,,0,,0,0,0,0,0,0,0,0,0,0
1400000US06037600100,600100,2024,7184,,0,,4,4,0,17,2,2,13,7,0,7
1400000US06037600201,600201,2024,5151,,0,,4,4,0,9,2,0,7,1,0,1
1400000US06037600202,600202,2024,6923,,0,,1,1,0,9,1,2,6,0,0,0
1400000US06037600302,600302,2024,2701,,0,,1,1,0,3,0,1,2,0,0,0
1400000US06037600303,600303,2024,4178,,0,,3,3,0,0,0,0,0,0,0,0
1400000US06037600304,600304,2024,3946,,0,,0,0,0,0,0,0,0,2,0,2
1400000US06037600400,600400,2024,4208,,8,,2,2,0,2,0,1,1,0,0,0
1400000US06037600501,600501,2024,2510,,0,,4,4,0,1,1,0,0,0,0,0
1400000US06037600601,600601,2024,2594,,0,,1,1,0,1,1,0,0,0,0,0
1400000US06037600602,600602,2024,2693,,0,,1,1,0,0,0,0,0,0,0,0
1400000US06037600702,600702,2024,4638,,0,,8,8,0,4,1,3,0,0,0,0
1400000US06037600703,600703,2024,1623,,0,,0,0,0,0,0,0,0,0,0,0
1400000US06037600704,600704,2024,3027,,0,,2,2,0,1,1,0,0,0,0,0
1400000US06037600801,600801,2024,2866,,0,,2,2,0,1,0,0,1,0,0,0
1400000US06037600802,600802,2024,2458,,0,,0,0,0,0,0,0,0,1,1,0
1400000US06037600902,600902,2024,6382,,0,,8,8,0,3,2,1,0,0,0,0
1400000US06037600911,600911,2024,3542,,0,,0,0,0,0,0,0,0,0,0,0
1400000US06037600912,600912,2024,4813,,0,,22,22,0,5,4,1,0,20,4,16
1400000US06037601001,601001,2024,2160,,0,,10,10,0,3,1,2,0,0,0,0
1400000US06037601002,601002,2024,5022,,0,,1,1,0,1,1,0,0,2,0,2
1400000US06037601100,601100,2024,7199,,0,,6,6,0,0,0,0,0,3,3,0
1400000US06037601202,601202,2024,3845,,0,,1,1,0,0,0,0,0,1,1,0
1400000US06037601211,601211,2024,2996,,0,,0,0,0,0,0,0,0,0,0,0
1400000US06037601212,601212,2024,5054,,15,,4,4,0,0,0,0,0,1,1,0
1400000US06037601301,601301,2024,1888,,0,,1,1,0,0,0,0,0,0,0,0
1400000US06037601302,601302,2024,6513,,13,,8,8,0,2,1,1,0,5,5,0
1400000US06037601303,601303,2024,5465,,0,,2,2,0,1,1,0,0,0,0,0
1400000US06037601401,601401,2024,6594,,188,,9,9,0,0,0,0,0,4,1,3
1400000US06037601402,601402,2024,4450,,0,,17,17,0,0,0,0,0,15,0,15
1400000US06037601501,601501,2024,3640,,0,,10,10,0,1,1,0,0,5,0,5
1400000US06037601502,601502,2024,3423,,0,,0,0,0,0,0,0,0,0,0,0
1400000US06037601600,601600,2024,4067,,0,,16,16,0,2,1,0,1,16,5,11
1400000US06037601700,601700,2024,5263,,0,,22,22,0,7,2,4,1,25,16,9
1400000US06037601801,601801,2024,3049,,0,,13,13,0,0,0,0,0,10,6,4
1400000US06037601802,601802,2024,3454,,0,,8,8,0,1,1,0,0,1,1,0
1400000US06037601900,601900,2024,4452,,0,,0,0,0,0,0,0,0,0,0,0
1400000US06037602002,602002,2024,3036,,0,,14,14,0,0,0,0,0,18,6,12
1400000US06037602003,602003,2024,4220,,0,,2,2,0,0,0,0,0,0,0,0
1400000US06037602103,602103,2024,5476,,39,,14,14,0,1,1,0,0,2,0,2
1400000US06037602104,602104,2024,5646,,0,,16,16,0,1,0,1,0,2,0,2
1400000US06037602105,602105,2024,3880,,8,,3,3,0,2,1,1,0,0,0,0
1400000US06037602106,602106,2024,6197,,0,,2,2,0,1,1,0,0,0,0,0
1400000US06037602201,602201,2024,4494,,0,,0,0,0,4,0,1,3,0,0,0
1400000US06037602202,602202,2024,2882,,0,,2,2,0,1,0,1,0,1,0,1
1400000US06037602301,602301,2024,6878,,0,,2,2,0,0,0,0,0,2,0,2
1400000US06037602302,602302,2024,4796,,0,,1,1,0,0,0,0,0,8,0,8
1400000US06037602402,602402,2024,7194,,0,,5,5,0,11,8,3,0,0,0,0
1400000US06037602403,602403,2024,4266,,0,,3,3,0,2,2,0,0,0,0,0
1400000US06037602404,602404,2024,5932,,11,,5,5,0,1,0,0,1,0,0,0
1400000US06037602504,602504,2024,4849,,0,,1,1,0,4,3,1,0,0,0,0
1400000US06037602505,602505,2024,4704,,0,,2,2,0,0,0,0,0,0,0,0
1400000US06037602506,602506,2024,4012,,0,,1,1,0,0,0,0,0,0,0,0
1400000US06037602507,602507,2024,4678,,0,,4,4,0,0,0,0,0,0,0,0
1400000US06037602510,602510,2024,4004,,0,,0,0,0,0,0,0,0,0,0,0
1400000US06037602511,602511,2024,4229,,0,,2,2,0,0,0,0,0,0,0,0
1400000US06037602512,602512,2024,1889,,0,,0,0,0,0,0,0,0,0,0,0
1400000US06037602513,602513,2024,1428,,11,,16,16,0,8,8,0,0,10,5,5
1400000US06037602601,602601,2024,4989,,0,,3,3,0,0,0,0,0,2,2,0
1400000US06037602602,602602,2024,2659,,0,,4,4,0,1,1,0,0,0,0,0
1400000US06037602700,602700,2024,3545,,0,,5,5,0,18,11,7,0,12,2,10
1400000US06037602801,602801,2024,4200,,149,,4,4,0,15,1,1,13,2,2,0
1400000US06037602802,602802,2024,4438,,20,,2,2,0,30,2,4,24,0,0,0
1400000US06037602900,602900,2024,4256,,0,,2,2,0,6,1,2,3,0,0,0
1400000US06037603004,603004,2024,1797,,0,,0,0,0,1,0,0,1,0,0,0
1400000US06037603005,603005,2024,6471,,0,,2,2,0,0,0,0,0,0,0,0
1400000US06037603006,603006,2024,1970,,0,,0,0,0,0,0,0,0,0,0,0
1400000US06037603007,603007,2024,3471,,0,,3,3,0,1,1,0,0,0,0,0
1400000US06037603008,603008,2024,3833,,0,,0,0,0,0,0,0,0,0,0,0
1400000US06037603101,603101,2024,4878,,0,,2,2,0,0,0,0,0,1,1,0
1400000US06037603102,603102,2024,3412,,0,,9,9,0,4,2,0,2,0,0,0
1400000US06037603200,603200,2024,3340,,0,,1,1,0,0,0,0,0,0,0,0
1400000US06037603301,603301,2024,3441,,0,,3,3,0,2,1,0,1,0,0,0
1400000US06037603302,603302,2024,4281,,0,,2,2,0,4,0,0,4,0,0,0
1400000US06037603400,603400,2024,3846,,0,,3,3,0,4,3,0,1,3,3,0
1400000US06037603500,603500,2024,2934,,0,,2,2,0,0,0,0,0,0,0,0
1400000US06037603600,603600,2024,4187,,0,,2,2,0,2,0,2,0,0,0,0
1400000US06037603702,603702,2024,4776,,0,,4,4,0,10,1,6,3,1,0,1
1400000US06037603703,603703,2024,2589,,0,,2,2,0,0,0,0,0,0,0,0
1400000US06037603705,603705,2024,2637,,0,,3,3,0,0,0,0,0,0,0,0
1400000US06037603706,603706,2024,3550,,0,,0,0,0,0,0,0,0,5,0,5
1400000US06037603801,603801,2024,4874,,8,,3,3,0,0,0,0,0,0,0,0
1400000US06037603802,603802,2024,4020,,0,,5,5,0,1,0,1,0,0,0,0
1400000US06037603901,603901,2024,3807,,0,,0,0,0,0,0,0,0,0,0,0
1400000US06037603902,603902,2024,3486,,0,,2,2,0,1,1,0,0,3,0,3
1400000US06037604001,604001,2024,4617,,0,,2,2,0,1,0,0,1,4,0,4
1400000US06037604002,604002,2024,3783,,0,,3,3,0,0,0,0,0,0,0,0
1400000US06037604101,604101,2024,3875,,0,,0,0,0,0,0,0,0,0,0,0
1400000US06037604102,604102,2024,2651,,0,,3,3,0,0,0,0,0,4,1,3
1400000US06037604200,604200,2024,5837,,8,,0,0,0,4,0,4,0,0,0,0
1400000US06037609900,609900,2024,1731,,0,,0,0,0,0,0,0,0,0,0,0
1400000US06037620001,620001,2024,4209,,0,,1,1,0,13,7,4,2,0,0,0
1400000US06037620002,620002,2024,3408,,0,,1,1,0,8,1,6,1,0,0,0
1400000US06037620101,620101,2024,5411,,0,,1,1,0,1,1,0,0,0,0,0
1400000US06037620102,620102,2024,3835,,0,,0,0,0,0,0,0,0,0,0,0
1400000US06037620201,620201,2024,1548,,0,,2,2,0,0,0,0,0,0,0,0
1400000US06037620301,620301,2024,4223,,0,,0,0,0,0,0,0,0,0,0,0
1400000US06037620303,620303,2024,4653,,0,,0,0,0,0,0,0,0,0,0,0
1400000US06037620305,620305,2024,6038,,0,,0,0,0,0,0,0,0,0,0,0
1400000US06037620400,620400,2024,5218,,0,,0,0,0,1,1,0,0,0,0,0
1400000US06037620501,620501,2024,5808,,0,,8,8,0,6,1,1,4,5,0,5
1400000US06037620521,620521,2024,4586,,0,,0,0,0,0,0,0,0,0,0,0
1400000US06037620522,620522,2024,4616,,0,,0,0,0,1,0,0,1,0,0,0
1400000US06037620601,620601,2024,6165,,20,,1,1,0,14,9,5,0,0,0,0
1400000US06037620602,620602,2024,5846,,0,,0,0,0,0,0,0,0,0,0,0
1400000US06037620701,620701,2024,7125,,0,,0,0,0,3,0,3,0,0,0,0
1400000US06037620703,620703,2024,3637,,0,,0,0,0,0,0,0,0,0,0,0
1400000US06037620704,620704,2024,3817,,0,,0,0,0,4,2,2,0,0,0,0
1400000US06037620801,620801,2024,3966,,0,,0,0,0,1,1,0,0,0,0,0
1400000US06037620802,620802,2024,3479,,0,,0,0,0,0,0,0,0,0,0,0
1400000US06037620901,620901,2024,2677,,0,,0,0,0,0,0,0,0,0,0,0
1400000US06037620904,620904,2024,2782,,0,,0,0,0,0,0,0,0,0,0,0
1400000US06037621001,621001,2024,4552,,0,,0,0,0,0,0,0,0,0,0,0
1400000US06037621005,621005,2024,4749,,0,,4,4,0,1,0,0,1,0,0,0
1400000US06037621102,621102,2024,3390,,0,,0,0,0,0,0,0,0,0,0,0
1400000US06037621104,621104,2024,6557,,0,,2,2,0,1,1,0,0,0,0,0
1400000US06037621201,621201,2024,7095,,0,,0,0,0,0,0,0,0,0,0,0
1400000US06037621204,621204,2024,2729,,0,,4,4,0,4,1,3,0,2,0,2
1400000US06037621301,621301,2024,7177,,0,,1,1,0,13,1,12,0,0,0,0
1400000US06037621324,621324,2024,3497,,0,,4,4,0,1,0,0,1,0,0,0
1400000US06037621326,621326,2024,3098,,0,,0,0,0,1,0,0,1,0,0,0
1400000US06037621400,621400,2024,4618,,0,,0,0,0,0,0,0,0,0,0,0
1400000US06037650001,650001,2024,6024,,0,,0,0,0,11,5,6,0,0,0,0
1400000US06037650003,650003,2024,3032,,0,,0,0,0,0,0,0,0,0,0,0
1400000US06037650004,650004,2024,4386,,0,,0,0,0,10,4,6,0,0,0,0
1400000US06037650101,650101,2024,5080,,0,,0,0,0,1,1,0,0,0,0,0
1400000US06037650102,650102,2024,2166,,0,,1,1,0,0,0,0,0,0,0,0
1400000US06037650200,650200,2024,5921,,0,,0,0,0,2,0,2,0,8,0,8
1400000US06037650300,650300,2024,7894,,0,,4,4,0,8,6,2,0,0,0,0
1400000US06037650401,650401,2024,4473,,70,,5,5,0,12,7,4,1,0,0,0
1400000US06037650501,650501,2024,2779,,0,,1,1,0,4,4,0,0,0,0,0
1400000US06037650502,650502,2024,4214,,0,,5,5,0,0,0,0,0,1,1,0
1400000US06037650603,650603,2024,3742,,0,,0,0,0,1,0,1,0,0,0,0
1400000US06037650604,650604,2024,5393,,0,,0,0,0,0,0,0,0,0,0,0
1400000US06037650605,650605,2024,2762,,0,,0,0,0,6,1,5,0,0,0,0
1400000US06037650606,650606,2024,4217,,0,,5,5,0,2,1,0,1,1,0,1
1400000US06037650607,650607,2024,2680,,0,,0,0,0,3,2,0,1,0,0,0
1400000US06037650701,650701,2024,2555,,0,,4,4,0,5,2,3,0,1,0,1
1400000US06037650702,650702,2024,4605,,0,,0,0,0,0,0,0,0,0,0,0
1400000US06037650801,650801,2024,3864,,0,,2,2,0,0,0,0,0,1,0,1
1400000US06037650802,650802,2024,3629,,0,,1,1,0,1,1,0,0,1,1,0
1400000US06037650901,650901,2024,4963,,0,,0,0,0,7,1,3,3,4,4,0
1400000US06037650903,650903,2024,4701,,21,,0,0,0,1,1,0,0,0,0,0
1400000US06037650904,650904,2024,2457,,0,,0,0,0,4,3,1,0,3,0,3
1400000US06037651001,651001,2024,5272,,19,,0,0,0,0,0,0,0,1,0,1
1400000US06037651002,651002,2024,4797,,0,,1,1,0,0,0,0,0,0,0,0
1400000US06037651101,651101,2024,4678,,0,,6,2,4,3,3,0,0,2,1,1
1400000US06037651102,651102,2024,4059,,0,,1,1,0,0,0,0,0,0,0,0
1400000US06037651201,651201,2024,4621,,0,,0,0,0,0,0,0,0,1,1,0
1400000US06037651221,651221,2024,3614,,0,,0,0,0,4,3,1,0,0,0,0
1400000US06037651222,651222,2024,6221,,0,,2,2,0,3,3,0,0,1,1,0
1400000US06037651302,651302,2024,5816,,0,,0,0,0,0,0,0,0,0,0,0
1400000US06037651304,651304,2024,5015,,0,,0,0,0,0,0,0,0,0,0,0
1400000US06037651401,651401,2024,2418,,0,,0,0,0,0,0,0,0,0,0,0
1400000US06037651402,651402,2024,5451,,0,,0,0,0,2,2,0,0,0,0,0
1400000US06037670001,670001,2024,3479,,0,,4,4,0,0,0,0,0,0,0,0
1400000US06037670002,670002,2024,3259,,0,,2,2,0,3,0,1,2,0,0,0
1400000US06037670003,670003,2024,6008,,0,,0,0,0,3,0,0,3,0,0,0
1400000US06037670101,670101,2024,3663,,0,,0,0,0,1,0,1,0,0,0,0
1400000US06037670102,670102,2024,4000,,0,,0,0,0,0,0,0,0,0,0,0
1400000US06037670201,670201,2024,3647,,0,,0,0,0,0,0,0,0,0,0,0
1400000US06037670202,670202,2024,2559,,0,,0,0,0,1,1,0,0,0,0,0
1400000US06037670324,670324,2024,5485,,0,,0,0,0,0,0,0,0,0,0,0
1400000US06037670326,670326,2024,3237,,0,,0,0,0,0,0,0,0,0,0,0
1400000US06037670328,670328,2024,4325,,0,,0,0,0,0,0,0,0,0,0,0
1400000US06037670405,670405,2024,2711,,0,,0,0,0,0,0,0,0,0,0,0
1400000US06037670406,670406,2024,1712,,0,,0,0,0,0,0,0,0,0,0,0
1400000US06037670407,670407,2024,5849,,0,,0,0,0,1,0,0,1,0,0,0
1400000US06037670413,670413,2024,4814,,0,,0,0,0,0,0,0,0,0,0,0
1400000US06037670416,670416,2024,4101,,0,,0,0,0,0,0,0,0,0,0,0
1400000US06037670417,670417,2024,2780,,0,,0,0,0,0,0,0,0,0,0,0
1400000US06037670418,670418,2024,4438,,0,,0,0,0,0,0,0,0,0,0,0
1400000US06037670500,670500,2024,1511,,0,,0,0,0,0,0,0,0,0,0,0
1400000US06037670603,670603,2024,1856,,0,,0,0,0,0,0,0,0,0,0,0
1400000US06037670604,670604,2024,4953,,0,,1,1,0,0,0,0,0,0,0,0
1400000US06037670701,670701,2024,6486,,0,,1,1,0,0,0,0,0,0,0,0
1400000US06037670702,670702,2024,5891,,0,,0,0,0,0,0,0,0,0,0,0
1400000US06037700101,700101,2024,5536,,0,,20,20,0,2,1,1,0,0,0,0
1400000US06037700102,700102,2024,4505,,0,,10,10,0,5,3,0,2,0,0,0
1400000US06037700200,700200,2024,6694,,0,,11,11,0,0,0,0,0,1,1,0
1400000US06037700300,700300,2024,5541,,0,,7,7,0,0,0,0,0,1,1,0
1400000US06037700400,700400,2024,4486,,0,,11,11,0,0,0,0,0,0,0,0
1400000US06037700501,700501,2024,4190,,0,,3,3,0,0,0,0,0,0,0,0
1400000US06037700502,700502,2024,4138,,0,,5,5,0,0,0,0,0,0,0,0
1400000US06037700600,700600,2024,5117,,0,,0,0,0,0,0,0,0,0,0,0
1400000US06037700700,700700,2024,3121,,0,,10,10,0,0,0,0,0,0,0,0
1400000US06037700801,700801,2024,4072,,0,,8,8,0,0,0,0,0,0,0,0
1400000US06037700802,700802,2024,4015,,0,,0,0,0,0,0,0,0,0,0,0
1400000US06037700901,700901,2024,4072,,0,,2,2,0,0,0,0,0,0,0,0
1400000US06037700902,700902,2024,6483,,0,,2,2,0,0,0,0,0,0,0,0
1400000US06037701000,701000,2024,5075,,0,,3,3,0,0,0,0,0,0,0,0
1400000US06037701201,701201,2024,3699,,0,,3,3,0,2,0,1,1,0,0,0
1400000US06037701202,701202,2024,3314,,0,,0,0,0,0,0,0,0,0,0,0
1400000US06037701302,701302,2024,4645,,0,,0,0,0,0,0,0,0,0,0,0
1400000US06037701304,701304,2024,5930,,0,,19,19,0,1,1,0,0,1,0,1
1400000US06037701402,701402,2024,7371,,0,,21,21,0,10,3,7,0,2,0,2
1400000US06037701501,701501,2024,4842,,70,,9,9,0,1,0,1,0,0,0,0
1400000US06037701502,701502,2024,3788,,0,,25,25,0,3,1,2,0,2,2,0
1400000US06037701601,701601,2024,4112,,0,,7,7,0,0,0,0,0,0,0,0
1400000US06037701602,701602,2024,4507,,0,,19,19,0,5,1,3,1,6,4,2
1400000US06037701701,701701,2024,3303,,0,,0,0,0,0,0,0,0,0,0,0
1400000US06037701702,701702,2024,3102,,38,,43,43,0,0,0,0,0,1,1,0
1400000US06037701801,701801,2024,5971,,34,,16,16,0,7,5,2,0,4,3,1
1400000US06037701802,701802,2024,5048,,0,,34,34,0,4,1,2,1,22,20,2
1400000US06037701902,701902,2024,5484,,31,,202,202,0,0,0,0,0,9,2,7
1400000US06037702002,702002,2024,6037,,0,,43,43,0,14,1,8,5,9,4,5
1400000US06037702102,702102,2024,5641,,0,,26,26,0,2,1,1,0,3,3,0
1400000US06037702201,702201,2024,3996,,0,,5,5,0,7,6,1,0,2,1,1
1400000US06037702202,702202,2024,3937,,0,,5,5,0,5,2,3,0,0,0,0
1400000US06037702300,702300,2024,6801,,0,,2,2,0,0,0,0,0,0,0,0
1400000US06037702400,702400,2024,4758,,0,,17,17,0,0,0,0,0,14,10,4
1400000US06037702501,702501,2024,4727,,0,,1,1,0,0,0,0,0,0,0,0
1400000US06037702502,702502,2024,4280,,0,,10,10,0,5,3,1,1,4,0,4
1400000US06037702600,702600,2024,6053,,0,,10,10,0,15,11,3,1,2,1,1
1400000US06037702700,702700,2024,3349,,0,,5,5,0,22,19,3,0,0,0,0
1400000US06037702801,702801,2024,5564,,38,,7,7,0,6,5,1,0,0,0,0
1400000US06037702802,702802,2024,2266,,0,,2,2,0,0,0,0,0,1,1,0
1400000US06037702803,702803,2024,2941,,0,,4,4,0,1,1,0,0,1,0,1
1400000US06037702900,702900,2024,8844,,0,,7,7,0,0,0,0,0,0,0,0
1400000US06037703002,703002,2024,7434,,0,,1,1,0,1,1,0,0,0,0,0
1400000US06037703003,703003,2024,6055,,0,,3,3,0,4,1,0,3,3,2,1
1400000US06037703100,703100,2024,6069,,0,,5,5,0,16,9,6,1,1,0,1
1400000US06037703200,703200,2024,5675,,0,,3,3,0,0,0,0,0,0,0,0
1400000US06037800101,800101,2024,5715,,0,,0,0,0,4,0,3,1,0,0,0
1400000US06037800103,800103,2024,3682,,0,,0,0,0,0,0,0,0,0,0,0
1400000US06037800104,800104,2024,3921,,0,,0,0,0,0,0,0,0,0,0,0
1400000US06037800202,800202,2024,5943,,0,,1,1,0,1,0,1,0,0,0,0
1400000US06037800204,800204,2024,4162,,0,,1,1,0,1,1,0,0,1,0,1
1400000US06037800205,800205,2024,4003,,0,,0,0,0,0,0,0,0,0,0,0
1400000US06037800206,800206,2024,3590,,0,,0,0,0,0,0,0,0,0,0,0
1400000US06037800324,800324,2024,6421,,0,,4,4,0,1,1,0,0,0,0,0
1400000US06037800325,800325,2024,3703,,0,,0,0,0,0,0,0,0,0,0,0
1400000US06037800328,800328,2024,1267,,0,,0,0,0,0,0,0,0,0,0,0
1400000US06037800333,800333,2024,2188,,0,,7,7,0,1,1,0,0,2,1,1
1400000US06037800334,800334,2024,3502,,0,,0,0,0,0,0,0,0,0,0,0
1400000US06037800335,800335,2024,4296,,0,,1,1,0,1,0,0,1,2,2,0
1400000US06037800336,800336,2024,3947,,0,,1,1,0,0,0,0,0,3,0,3
1400000US06037800337,800337,2024,3419,,0,,0,0,0,8,7,1,0,0,0,0
1400000US06037800338,800338,2024,6411,,0,,0,0,0,0,0,0,0,0,0,0
1400000US06037800406,800406,2024,1948,,0,,0,0,0,4,0,3,1,0,0,0
1400000US06037800410,800410,2024,3647,,0,,0,0,0,5,2,2,1,0,0,0
1400000US06037800411,800411,2024,2475,,0,,18,18,0,7,4,2,1,6,3,3
1400000US06037800412,800412,2024,3688,,0,,0,0,0,5,2,3,0,1,0,1
1400000US06037800504,800504,2024,2024,,0,,12,12,0,6,6,0,0,4,1,3
1400000US06037800506,800506,2024,3037,,0,,13,13,0,27,11,12,4,7,3,4
1400000US06037900102,900102,2024,633,,0,,0,0,0,77,12,9,56,17,17,0
1400000US06037900103,900103,2024,6581,,0,,0,0,0,45,7,12,26,2,2,0
1400000US06037900104,900104,2024,6910,,0,,0,0,0,22,7,1,14,1,1,0
1400000US06037900301,900301,2024,4678,,0,,17,17,0,13,3,2,8,10,3,7
1400000US06037900501,900501,2024,7963,,4,,8,8,0,0,0,0,0,8,0,8
1400000US06037900504,900504,2024,6592,,4,,4,4,0,12,4,1,7,4,0,4
1400000US06037900505,900505,2024,4404,,0,,1,1,0,0,0,0,0,1,0,1
1400000US06037900506,900506,2024,5072,,0,,0,0,0,0,0,0,0,0,0,0
1400000US06037900508,900508,2024,3716,,0,,0,0,0,15,0,1,14,0,0,0
1400000US06037900509,900509,2024,4527,,3,,0,0,0,4,0,0,4,2,1,1
1400000US06037900510,900510,2024,4043,,0,,1,1,0,1,0,0,1,0,0,0
1400000US06037900602,900602,2024,5449,,0,,1,1,0,20,5,0,15,35,28,7
1400000US06037900606,900606,2024,4676,,3,,14,14,0,24,14,4,6,15,11,4
1400000US06037900607,900607,2024,4953,,0,,4,4,0,42,14,11,17,0,0,0
1400000US06037900608,900608,2024,3930,,0,,1,1,0,33,3,1,29,0,0,0
1400000US06037900609,900609,2024,5163,,0,,2,2,0,2,1,0,1,2,2,0
1400000US06037900610,900610,2024,3313,,0,,3,3,0,7,6,0,1,10,10,0
1400000US06037900611,900611,2024,4435,,0,,0,0,0,2,0,0,2,0,0,0
1400000US06037900701,900701,2024,4844,,0,,6,6,0,0,0,0,0,1,0,1
1400000US06037900703,900703,2024,5172,,0,,38,38,0,4,1,3,0,34,0,34
1400000US06037900704,900704,2024,3395,,0,,28,28,0,16,15,0,1,20,2,18
1400000US06037900705,900705,2024,4011,,0,,29,29,0,3,1,0,2,22,4,18
1400000US06037900804,900804,2024,3558,,0,,17,17,0,9,5,0,4,7,5,2
1400000US06037900805,900805,2024,5956,,0,,9,9,0,75,1,13,61,2,1,1
1400000US06037900806,900806,2024,4342,,0,,26,26,0,4,1,1,2,3,0,3
1400000US06037900807,900807,2024,4197,,0,,0,0,0,9,0,0,9,0,0,0
1400000US06037900808,900808,2024,5047,,0,,3,3,0,13,2,1,10,7,4,3
1400000US06037900901,900901,2024,3252,,0,,0,0,0,115,33,14,68,23,1,22
1400000US06037900902,900902,2024,1388,,0,,3,3,0,163,62,7,94,19,15,4
1400000US06037901003,901003,2024,3394,,90,,0,0,0,1,1,0,0,0,0,0
1400000US06037901007,901007,2024,2104,,0,,0,0,0,0,0,0,0,0,0,0
1400000US06037901008,901008,2024,3268,,0,,38,38,0,8,7,1,0,41,23,18
1400000US06037901009,901009,2024,5874,,21,,33,33,0,3,2,0,1,27,13,14
1400000US06037901010,901010,2024,5502,,1,,0,0,0,13,1,0,12,0,0,0
1400000US06037901011,901011,2024,4859,,0,,0,0,0,7,0,1,6,0,0,0
1400000US06037901012,901012,2024,6365,,0,,0,0,0,0,0,0,0,1,0,1
1400000US06037901013,901013,2024,3378,,0,,10,7,3,11,6,2,3,1,0,1
1400000US06037901014,901014,2024,5054,,73,,0,0,0,0,0,0,0,0,0,0
1400000US06037901101,901101,2024,5689,,0,,0,0,0,8,3,0,5,0,0,0
1400000US06037901102,901102,2024,5412,,0,,1,1,0,3,0,1,2,2,0,2
1400000US06037901209,901209,2024,951,,0,,0,0,0,41,4,1,36,37,35,2
1400000US06037901210,901210,2024,1637,,0,,0,0,0,5,0,1,4,4,2,2
1400000US06037901214,901214,2024,4927,,0,,1,1,0,0,0,0,0,0,0,0
1400000US06037901215,901215,2024,3596,,0,,1,1,0,2,1,0,1,0,0,0
1400000US06037901216,901216,2024,2602,,0,,0,0,0,14,1,0,13,2,2,0
1400000US06037901217,901217,2024,1536,,0,,0,0,0,0,0,0,0,0,0,0
1400000US06037901218,901218,2024,2404,,0,,0,0,0,0,0,0,0,0,0,0
1400000US06037901300,901300,2024,1862,,0,,1,1,0,318,64,15,239,111,106,5
1400000US06037910002,910002,2024,7197,,0,,0,0,0,183,0,4,179,18,14,4
1400000US06037910210,910210,2024,7166,,0,,0,0,0,0,0,0,0,0,0,0
1400000US06037910211,910211,2024,1751,,0,,0,0,0,0,0,0,0,0,0,0
1400000US06037910212,910212,2024,3322,,0,,1,1,0,48,14,4,30,10,6,4
1400000US06037910213,910213,2024,1464,,0,,0,0,0,3,1,1,1,5,5,0
1400000US06037910214,910214,2024,5593,,0,,0,0,0,0,0,0,0,0,0,0
1400000US06037910215,910215,2024,6943,,0,,1,1,0,1,1,0,0,0,0,0
1400000US06037910216,910216,2024,5164,,0,,0,0,0,0,0,0,0,0,0,0
1400000US06037910217,910217,2024,5678,,0,,0,0,0,0,0,0,0,0,0,0
1400000US06037910218,910218,2024,4263,,0,,8,8,0,6,1,0,5,14,3,11
1400000US06037910301,910301,2024,4413,,0,,0,0,0,0,0,0,0,0,0,0
1400000US06037910302,910302,2024,6396,,0,,0,0,0,0,0,0,0,0,0,0
1400000US06037910401,910401,2024,5995,,0,,4,4,0,0,0,0,0,0,0,0
1400000US06037910404,910404,2024,4405,,0,,1,1,0,0,0,0,0,0,0,0
1400000US06037910405,910405,2024,5851,,336,,20,20,0,4,4,0,0,1,0,1
1400000US06037910501,910501,2024,5719,,26,,43,43,0,2,2,0,0,3,0,3
1400000US06037910502,910502,2024,4301,,0,,26,26,0,16,7,5,4,4,0,4
1400000US06037910504,910504,2024,4032,,0,,1,1,0,0,0,0,0,0,0,0
1400000US06037910505,910505,2024,3172,,0,,4,4,0,0,0,0,0,3,1,2
1400000US06037910601,910601,2024,6495,,0,,0,0,0,7,0,0,7,0,0,0
1400000US06037910602,910602,2024,4670,,0,,6,6,0,5,2,0,3,1,1,0
1400000US06037910605,910605,2024,5113,,0,,0,0,0,8,0,1,7,0,0,0
1400000US06037910606,910606,2024,3239,,0,,1,1,0,6,0,0,6,0,0,0
1400000US06037910607,910607,2024,4225,,0,,0,0,0,0,0,0,0,0,0,0
1400000US06037910608,910608,2024,4023,,0,,0,0,0,0,0,0,0,0,0,0
1400000US06037910706,910706,2024,6824,,0,,2,2,0,176,4,9,163,47,42,5
1400000US06037910707,910707,2024,5192,,0,,0,0,0,3,1,0,2,2,0,2
1400000US06037910709,910709,2024,1712,,0,,0,0,0,0,0,0,0,0,0,0
1400000US06037910712,910712,2024,3251,,0,,1,1,0,1,0,0,1,0,0,0
1400000US06037910713,910713,2024,7157,,0,,0,0,0,2,0,0,2,0,0,0
1400000US06037910714,910714,2024,4052,,0,,0,0,0,0,0,0,0,0,0,0
1400000US06037910715,910715,2024,7006,,0,,2,2,0,1,0,1,0,0,0,0
1400000US06037910716,910716,2024,6277,,0,,0,0,0,3,3,0,0,0,0,0
1400000US06037910717,910717,2024,2277,,0,,0,0,0,2,1,0,1,0,0,0
1400000US06037910718,910718,2024,5536,,0,,0,0,0,3,0,0,3,1,0,1
1400000US06037910719,910719,2024,4546,,0,,0,0,0,3,0,0,3,0,0,0
1400000US06037910720,910720,2024,5320,,0,,0,0,0,10,1,1,8,0,0,0
1400000US06037910721,910721,2024,3823,,0,,3,3,0,4,2,0,2,2,1,1
1400000US06037910804,910804,2024,3060,,0,,0,0,0,11,1,1,9,1,1,0
1400000US06037910807,910807,2024,5954,,0,,2,2,0,0,0,0,0,1,0,1
1400000US06037910808,910808,2024,3918,,0,,0,0,0,1,0,1,0,2,1,1
1400000US06037910809,910809,2024,2297,,0,,1,1,0,0,0,0,0,0,0,0
1400000US06037910810,910810,2024,2849,,0,,0,0,0,1,0,0,1,0,0,0
1400000US06037910814,910814,2024,3108,,0,,0,0,0,2,0,1,1,1,0,1
1400000US06037910815,910815,2024,5152,,0,,1,1,0,11,2,0,9,0,0,0
1400000US06037911001,911001,2024,3546,,0,,0,0,0,238,6,3,229,51,47,4
1400000US06037911100,911100,2024,7331,,0,,13,13,0,240,27,5,208,60,53,7
1400000US06037920013,920013,2024,7870,,0,,1,1,0,0,0,0,0,0,0,0
1400000US06037920015,920015,2024,6383,,0,,0,0,0,0,0,0,0,0,0,0
1400000US06037920016,920016,2024,5004,,0,,0,0,0,0,0,0,0,0,0,0
1400000US06037920017,920017,2024,4261,,0,,0,0,0,0,0,0,0,0,0,0
1400000US06037920018,920018,2024,2058,,0,,0,0,0,0,0,0,0,0,0,0
1400000US06037920020,920020,2024,5993,,0,,1,1,0,2,0,0,2,2,1,1
1400000US06037920028,920028,2024,8740,,0,,0,0,0,1,0,1,0,0,0,0
1400000US06037920029,920029,2024,3741,,0,,2,2,0,0,0,0,0,2,0,2
1400000US06037920030,920030,2024,5754,,0,,2,2,0,7,5,1,1,3,1,2
1400000US06037920031,920031,2024,6117,,0,,0,0,0,0,0,0,0,0,0,0
1400000US06037920034,920034,2024,4318,,0,,4,4,0,4,0,1,3,0,0,0
1400000US06037920035,920035,2024,8980,,0,,9,9,0,5,4,0,1,9,0,9
1400000US06037920038,920038,2024,3098,,0,,0,0,0,2,0,0,2,0,0,0
1400000US06037920039,920039,2024,1615,,0,,0,0,0,0,0,0,0,0,0,0
1400000US06037920040,920040,2024,3270,,0,,0,0,0,1,0,0,1,0,0,0
1400000US06037920041,920041,2024,3072,,0,,1,1,0,0,0,0,0,2,0,2
1400000US06037920042,920042,2024,6840,,0,,0,0,0,0,0,0,0,0,0,0
1400000US06037920043,920043,2024,8603,,0,,0,0,0,0,0,0,0,0,0,0
1400000US06037920044,920044,2024,2626,,0,,0,0,0,0,0,0,0,0,0,0
1400000US06037920045,920045,2024,4441,,0,,0,0,0,2,1,1,0,2,1,1
1400000US06037920046,920046,2024,3605,,0,,0,0,0,0,0,0,0,3,0,3
1400000US06037920047,920047,2024,7009,,0,,0,0,0,1,0,1,0,0,0,0
1400000US06037920048,920048,2024,5502,,0,,8,8,0,0,0,0,0,7,0,7
1400000US06037920049,920049,2024,6133,,0,,2,2,0,3,0,0,3,5,4,1
1400000US06037920050,920050,2024,1024,,0,,0,0,0,2,2,0,0,3,3,0
1400000US06037920102,920102,2024,4734,,0,,8,8,0,9,3,1,5,15,9,6
1400000US06037920104,920104,2024,2897,,0,,0,0,0,0,0,0,0,0,0,0
1400000US06037920106,920106,2024,3576,,0,,0,0,0,1,1,0,0,0,0,0
1400000US06037920109,920109,2024,4646,,0,,1,1,0,1,1,0,0,0,0,0
1400000US06037920110,920110,2024,2891,,0,,0,0,0,0,0,0,0,0,0,0
1400000US06037920111,920111,2024,3065,,0,,0,0,0,0,0,0,0,0,0,0
1400000US06037920112,920112,2024,3927,,0,,0,0,0,0,0,0,0,0,0,0
1400000US06037920114,920114,2024,5358,,0,,0,0,0,0,0,0,0,0,0,0
1400000US06037920115,920115,2024,4048,,0,,10,10,0,1,0,0,1,6,0,6
1400000US06037920116,920116,2024,4949,,0,,0,0,0,0,0,0,0,0,0,0
1400000US06037920118,920118,2024,6248,,0,,0,0,0,0,0,0,0,0,0,0
1400000US06037920119,920119,2024,1813,,0,,0,0,0,0,0,0,0,0,0,0
1400000US06037920120,920120,2024,4045,,0,,1,1,0,0,0,0,0,1,0,1
1400000US06037920121,920121,2024,10967,,0,,1,1,0,9,5,0,4,0,0,0
1400000US06037920200,920200,2024,4186,,0,,0,0,0,0,0,0,0,0,0,0
1400000US06037920303,920303,2024,1564,,0,,0,0,0,3,2,0,1,0,0,0
1400000US06037920312,920312,2024,6398,,0,,1,1,0,2,2,0,0,3,3,0
1400000US06037920313,920313,2024,5021,,0,,2,2,0,3,1,0,2,0,0,0
1400000US06037920314,920314,2024,3158,,58,,1,1,0,1,0,0,1,5,0,5
1400000US06037920322,920322,2024,2597,,0,,0,0,0,0,0,0,0,0,0,0
1400000US06037920326,920326,2024,7191,,0,,0,0,0,0,0,0,0,0,0,0
1400000US06037920328,920328,2024,1967,,0,,0,0,0,0,0,0,0,0,0,0
1400000US06037920329,920329,2024,6169,,0,,11,11,0,3,2,1,0,1,0,1
1400000US06037920330,920330,2024,3454,,0,,0,0,0,0,0,0,0,0,0,0
1400000US06037920331,920331,2024,3564,,0,,0,0,0,0,0,0,0,0,0,0
1400000US06037920332,920332,2024,2062,,0,,1,1,0,2,0,1,1,5,0,5
1400000US06037920334,920334,2024,5943,,0,,0,0,0,0,0,0,0,0,0,0
1400000US06037920338,920338,2024,5749,,0,,0,0,0,0,0,0,0,0,0,0
1400000US06037920339,920339,2024,8917,,0,,0,0,0,0,0,0,0,0,0,0
1400000US06037920340,920340,2024,2830,,0,,2,2,0,0,0,0,0,4,0,4
1400000US06037920341,920341,2024,3004,,0,,2,2,0,4,1,1,2,2,1,1
1400000US06037920342,920342,2024,3131,,0,,0,0,0,2,0,2,0,1,0,1
1400000US06037920343,920343,2024,4087,,0,,0,0,0,0,0,0,0,2,0,2
1400000US06037930400,930400,2024,0,,0,,0,0,0,13,3,5,5,2,2,0
1400000US06037980001,980001,2024,0,,0,,2,2,0,24,7,11,6,0,0,0
1400000US06037980002,980002,2024,0,,0,,0,0,0,0,0,0,0,1,1,0
1400000US06037980003,980003,2024,0,,0,,0,0,0,0,0,0,0,0,0,0
1400000US06037980004,980004,2024,0,,0,,45,45,0,89,22,32,35,35,18,17
1400000US06037980005,980005,2024,0,,0,,0,0,0,0,0,0,0,0,0,0
1400000US06037980008,980008,2024,73,,48,,1,1,0,6,3,3,0,0,0,0
1400000US06037980009,980009,2024,0,,163,,0,0,0,1,1,0,0,0,0,0
1400000US06037980010,980010,2024,143,,0,,27,27,0,14,4,7,3,2,1,1
1400000US06037980012,980012,2024,20,,0,,1,1,0,5,3,1,1,3,1,2
1400000US06037980013,980013,2024,0,,0,,0,0,0,3,1,1,1,1,1,0
1400000US06037980014,980014,2024,0,,0,,24,24,0,207,37,34,136,39,32,7
1400000US06037980015,980015,2024,1111,,56,,9,9,0,13,0,0,13,7,0,7
1400000US06037980016,980016,2024,371,,0,,16,16,0,2,1,1,0,13,7,6
1400000US06037980017,980017,2024,1362,,132,,0,0,0,0,0,0,0,0,0,0
1400000US06037980019,980019,2024,75,,0,,0,0,0,1,1,0,0,0,0,0
1400000US06037980020,980020,2024,0,,0,,3,3,0,4,0,0,4,0,0,0
1400000US06037980021,980021,2024,16,,0,,8,8,0,3,1,1,1,5,5,0
1400000US06037980022,980022,2024,0,,0,,0,0,0,2,1,0,1,0,0,0
1400000US06037980023,980023,2024,47,,0,,0,0,0,0,0,0,0,0,0,0
1400000US06037980024,980024,2024,205,,0,,11,11,0,14,5,3,6,5,3,2
1400000US06037980025,980025,2024,442,,0,,1,1,0,0,0,0,0,1,0,1
1400000US06037980026,980026,2024,0,,0,,0,0,0,0,0,0,0,0,0,0
1400000US06037980028,980028,2024,0,,0,,79,79,0,22,3,5,14,18,4,14
1400000US06037980030,980030,2024,0,,0,,1,1,0,2,1,1,0,0,0,0
1400000US06037980031,980031,2024,970,,0,,4,4,0,8,4,0,4,0,0,0
1400000US06037980034,980034,2024,0,,0,,60,60,0,7,7,0,0,67,48,19
1400000US06037980035,980035,2024,642,,0,,13,13,0,5,0,0,5,10,5,5
1400000US06037980036,980036,2024,606,,0,,8,8,0,2,1,1,0,50,45,5
1400000US06037980037,980037,2024,0,,0,,5,5,0,2,0,2,0,3,0,3
1400000US06037980038,980038,2024,0,,0,,4,4,0,1,1,0,0,6,0,6
1400000US06037980039,980039,2024,0,,0,,0,0,0,0,0,0,0,0,0,0