geoid,geoid20,year,denom_total_hh,med_hh_inc_adj,med_hh_inc
1400000US06037101110,101110,2024,1616,88438,88438
1400000US06037101122,101122,2024,1362,104643,104643
1400000US06037101220,101220,2024,1344,92317,92317
1400000US06037101221,101221,2024,1451,52204,52204
1400000US06037101222,101222,2024,943,38125,38125
1400000US06037101300,101300,2024,1550,127566,127566
1400000US06037101400,101400,2024,1432,87138,87138
1400000US06037102103,102103,2024,764,76594,76594
1400000US06037102104,102104,2024,1311,109460,109460
1400000US06037102105,102105,2024,519,70750,70750
1400000US06037102107,102107,2024,1174,106218,106218
1400000US06037103101,103101,2024,968,112083,112083
1400000US06037103102,103102,2024,1659,73642,73642
1400000US06037103201,103201,2024,1615,69347,69347
1400000US06037103202,103202,2024,679,122560,122560
1400000US06037103300,103300,2024,1308,120134,120134
1400000US06037103401,103401,2024,986,101628,101628
1400000US06037103402,103402,2024,1375,100059,100059
1400000US06037104103,104103,2024,843,96607,96607
1400000US06037104105,104105,2024,1686,60507,60507
1400000US06037104108,104108,2024,1343,74506,74506
1400000US06037104124,104124,2024,1338,83958,83958
1400000US06037104201,104201,2024,854,107083,107083
1400000US06037104203,104203,2024,1082,74008,74008
1400000US06037104204,104204,2024,735,76250,76250
1400000US06037104310,104310,2024,913,92457,92457
1400000US06037104321,104321,2024,761,58047,58047
1400000US06037104322,104322,2024,408,106400,106400
1400000US06037104401,104401,2024,632,77875,77875
1400000US06037104403,104403,2024,530,88571,88571
1400000US06037104404,104404,2024,740,83173,83173
1400000US06037104500,104500,2024,659,75536,75536
1400000US06037104610,104610,2024,680,88171,88171
1400000US06037104620,104620,2024,698,91875,91875
1400000US06037104701,104701,2024,1038,51000,51000
1400000US06037104703,104703,2024,633,,
1400000US06037104704,104704,2024,1241,79340,79340
1400000US06037104821,104821,2024,764,73214,73214
1400000US06037104822,104822,2024,646,51429,51429
1400000US06037104823,104823,2024,702,83906,83906
1400000US06037104824,104824,2024,471,115625,115625
1400000US06037106010,106010,2024,917,145938,145938
1400000US06037106020,106020,2024,1315,124972,124972
1400000US06037106111,106111,2024,1419,109805,109805
1400000US06037106112,106112,2024,1500,114205,114205
1400000US06037106113,106113,2024,1047,110032,110032
1400000US06037106114,106114,2024,1818,86346,86346
1400000US06037106403,106403,2024,855,109417,109417
1400000US06037106405,106405,2024,1181,93694,93694
1400000US06037106406,106406,2024,1922,106754,106754
1400000US06037106407,106407,2024,813,32375,32375
1400000US06037106408,106408,2024,1039,54552,54552
1400000US06037106510,106510,2024,1585,149135,149135
1400000US06037106520,106520,2024,1357,115283,115283
1400000US06037106603,106603,2024,1207,169821,169821
1400000US06037106604,106604,2024,1304,72386,72386
1400000US06037106641,106641,2024,737,123170,123170
1400000US06037106642,106642,2024,1196,139500,139500
1400000US06037106643,106643,2024,1300,211974,211974
1400000US06037106645,106645,2024,1238,159357,159357
1400000US06037106646,106646,2024,1023,114107,114107
1400000US06037106648,106648,2024,1172,54111,54111
1400000US06037106649,106649,2024,641,110089,110089
1400000US06037107010,107010,2024,764,98281,98281
1400000US06037107020,107020,2024,1251,84375,84375
1400000US06037108101,108101,2024,757,159531,159531
1400000US06037108102,108102,2024,1223,133262,133262
1400000US06037108103,108103,2024,1010,159677,159677
1400000US06037108104,108104,2024,555,144375,144375
1400000US06037108202,108202,2024,3900,181709,181709
1400000US06037108203,108203,2024,1174,143000,143000
1400000US06037108204,108204,2024,659,179688,179688
1400000US06037109100,109100,2024,928,70458,70458
1400000US06037109200,109200,2024,1128,123533,123533
1400000US06037109300,109300,2024,973,121193,121193
1400000US06037109400,109400,2024,1074,82083,82083
1400000US06037109500,109500,2024,983,92188,92188
1400000US06037109601,109601,2024,1329,118210,118210
1400000US06037109603,109603,2024,1290,84008,84008
1400000US06037109604,109604,2024,915,108188,108188
1400000US06037109700,109700,2024,1315,110179,110179
1400000US06037109800,109800,2024,1491,79347,79347
1400000US06037111100,111100,2024,931,108173,108173
1400000US06037111201,111201,2024,1034,122125,122125
1400000US06037111202,111202,2024,1970,109630,109630
1400000US06037111204,111204,2024,1878,184425,184425
1400000US06037111205,111205,2024,1371,114464,114464
1400000US06037111206,111206,2024,1375,153355,153355
1400000US06037111302,111302,2024,1737,100975,100975
1400000US06037111303,111303,2024,1457,111815,111815
1400000US06037111304,111304,2024,1361,45845,45845
1400000US06037111401,111401,2024,696,142500,142500
1400000US06037111402,111402,2024,2147,59323,59323
1400000US06037113101,113101,2024,1189,137072,137072
1400000US06037113102,113102,2024,1048,200625,200625
1400000US06037113211,113211,2024,1619,122663,122663
1400000US06037113212,113212,2024,969,92431,92431
1400000US06037113213,113213,2024,1742,133241,133241
1400000US06037113231,113231,2024,873,127528,127528
1400000US06037113232,113232,2024,1557,182422,182422
1400000US06037113234,113234,2024,1654,65588,65588
1400000US06037113235,113235,2024,688,91622,91622
1400000US06037113237,113237,2024,1568,134926,134926
1400000US06037113238,113238,2024,1435,73906,73906
1400000US06037113239,113239,2024,867,54880,54880
1400000US06037113301,113301,2024,1699,135875,135875
1400000US06037113303,113303,2024,1421,118036,118036
1400000US06037113322,113322,2024,1537,123250,123250
1400000US06037113323,113323,2024,1462,90625,90625
1400000US06037113324,113324,2024,1008,104063,104063
1400000US06037113423,113423,2024,877,113507,113507
1400000US06037113424,113424,2024,1127,101563,101563
1400000US06037113425,113425,2024,1346,73621,73621
1400000US06037113426,113426,2024,737,78581,78581
1400000US06037113427,113427,2024,893,65549,65549
1400000US06037113428,113428,2024,1091,121835,121835
1400000US06037115101,115101,2024,1884,130637,130637
1400000US06037115103,115103,2024,47,,
1400000US06037115104,115104,2024,1941,76250,76250
1400000US06037115202,115202,2024,2151,68722,68722
1400000US06037115203,115203,2024,1008,80156,80156
1400000US06037115204,115204,2024,1711,111375,111375
1400000US06037115301,115301,2024,1662,105926,105926
1400000US06037115302,115302,2024,1028,73547,73547
1400000US06037115401,115401,2024,2011,62116,62116
1400000US06037115403,115403,2024,1114,72386,72386
1400000US06037115404,115404,2024,860,60774,60774
1400000US06037117101,117101,2024,1476,99375,99375
1400000US06037117102,117102,2024,822,82900,82900
1400000US06037117201,117201,2024,1227,56250,56250
1400000US06037117202,117202,2024,953,86146,86146
1400000US06037117301,117301,2024,1172,153321,153321
1400000US06037117302,117302,2024,1560,105991,105991
1400000US06037117303,117303,2024,1195,130724,130724
1400000US06037117404,117404,2024,1408,121366,121366
1400000US06037117405,117405,2024,854,46618,46618
1400000US06037117407,117407,2024,1005,56250,56250
1400000US06037117408,117408,2024,719,51836,51836
1400000US06037117510,117510,2024,1120,48636,48636
1400000US06037117520,117520,2024,974,58517,58517
1400000US06037117530,117530,2024,1721,46127,46127
1400000US06037119001,119001,2024,1017,117474,117474
1400000US06037119003,119003,2024,821,99886,99886
1400000US06037119004,119004,2024,639,92961,92961
1400000US06037119201,119201,2024,855,112138,112138
1400000US06037119202,119202,2024,1132,82500,82500
1400000US06037119310,119310,2024,1249,68429,68429
1400000US06037119320,119320,2024,1273,78173,78173
1400000US06037119340,119340,2024,1008,44569,44569
1400000US06037119341,119341,2024,888,50800,50800
1400000US06037119342,119342,2024,805,74671,74671
1400000US06037119400,119400,2024,1127,104732,104732
1400000US06037119700,119700,2024,1334,93500,93500
1400000US06037119801,119801,2024,628,115250,115250
1400000US06037119802,119802,2024,787,84479,84479
1400000US06037119900,119900,2024,1191,85386,85386
1400000US06037120010,120010,2024,752,77885,77885
1400000US06037120020,120020,2024,1284,48800,48800
1400000US06037120030,120030,2024,704,51983,51983
1400000US06037120103,120103,2024,822,47500,47500
1400000US06037120104,120104,2024,815,55438,55438
1400000US06037120105,120105,2024,896,49118,49118
1400000US06037120106,120106,2024,1309,37033,37033
1400000US06037120107,120107,2024,1110,39393,39393
1400000US06037120108,120108,2024,1389,59726,59726
1400000US06037120300,120300,2024,1547,59579,59579
1400000US06037120400,120400,2024,2149,57181,57181
1400000US06037121010,121010,2024,1196,81111,81111
1400000US06037121020,121020,2024,1059,75070,75070
1400000US06037121101,121101,2024,999,65536,65536
1400000US06037121102,121102,2024,773,79743,79743
1400000US06037121210,121210,2024,851,75875,75875
1400000US06037121221,121221,2024,527,94792,94792
1400000US06037121222,121222,2024,1262,89500,89500
1400000US06037121600,121600,2024,763,116025,116025
1400000US06037121801,121801,2024,1168,56346,56346
1400000US06037121802,121802,2024,728,105781,105781
1400000US06037121900,121900,2024,987,56115,56115
1400000US06037122000,122000,2024,1558,101444,101444
1400000US06037122120,122120,2024,1208,65104,65104
1400000US06037122121,122121,2024,791,61583,61583
1400000US06037122122,122122,2024,723,47524,47524
1400000US06037122200,122200,2024,841,77316,77316
1400000US06037122410,122410,2024,1230,74479,74479
1400000US06037122420,122420,2024,1275,62949,62949
1400000US06037123010,123010,2024,970,58619,58619
1400000US06037123020,123020,2024,702,87036,87036
1400000US06037123103,123103,2024,1595,79125,79125
1400000US06037123104,123104,2024,1652,74831,74831
1400000US06037123203,123203,2024,997,60375,60375
1400000US06037123204,123204,2024,1021,67019,67019
1400000US06037123205,123205,2024,770,60625,60625
1400000US06037123206,123206,2024,812,71346,71346
1400000US06037123301,123301,2024,1668,71250,71250
1400000US06037123303,123303,2024,892,67115,67115
1400000US06037123304,123304,2024,1767,50101,50101
1400000US06037123410,123410,2024,1212,43636,43636
1400000US06037123420,123420,2024,1524,56250,56250
1400000US06037123510,123510,2024,1612,44120,44120
1400000US06037123520,123520,2024,770,65417,65417
1400000US06037123601,123601,2024,1952,86607,86607
1400000US06037123602,123602,2024,1255,73580,73580
1400000US06037123700,123700,2024,1729,95114,95114
1400000US06037123800,123800,2024,2237,91790,91790
1400000US06037123901,123901,2024,1667,54295,54295
1400000US06037123902,123902,2024,1112,100135,100135
1400000US06037124000,124000,2024,2098,84464,84464
1400000US06037124102,124102,2024,1561,78090,78090
1400000US06037124103,124103,2024,541,62802,62802
1400000US06037124104,124104,2024,1087,56250,56250
1400000US06037124105,124105,2024,847,63477,63477
1400000US06037124201,124201,2024,1170,76587,76587
1400000US06037124203,124203,2024,853,82083,82083
1400000US06037124204,124204,2024,961,60164,60164
1400000US06037124300,124300,2024,1300,84318,84318
1400000US06037124400,124400,2024,1636,89250,89250
1400000US06037124500,124500,2024,1261,80495,80495
1400000US06037124600,124600,2024,1336,103750,103750
1400000US06037124700,124700,2024,2488,111994,111994
1400000US06037124902,124902,2024,1477,75378,75378
1400000US06037124903,124903,2024,1692,86600,86600
1400000US06037125101,125101,2024,2247,78135,78135
1400000US06037125102,125102,2024,987,120375,120375
1400000US06037125200,125200,2024,2037,86109,86109
1400000US06037125310,125310,2024,2312,72833,72833
1400000US06037125321,125321,2024,1426,69053,69053
1400000US06037125322,125322,2024,1697,52780,52780
1400000US06037125402,125402,2024,2084,83182,83182
1400000US06037125403,125403,2024,1617,93750,93750
1400000US06037125404,125404,2024,1716,81976,81976
1400000US06037125501,125501,2024,1603,67171,67171
1400000US06037125502,125502,2024,1913,95662,95662
1400000US06037125600,125600,2024,1309,104647,104647
1400000US06037127102,127102,2024,1645,79653,79653
1400000US06037127103,127103,2024,1371,51558,51558
1400000US06037127104,127104,2024,1420,66703,66703
1400000US06037127210,127210,2024,1939,67852,67852
1400000US06037127220,127220,2024,1672,54778,54778
1400000US06037127300,127300,2024,1430,76750,76750
1400000US06037127400,127400,2024,1925,64614,64614
1400000US06037127520,127520,2024,1411,53187,53187
1400000US06037127603,127603,2024,908,62414,62414
1400000US06037127604,127604,2024,1541,48807,48807
1400000US06037127605,127605,2024,1169,69540,69540
1400000US06037127606,127606,2024,1120,75688,75688
1400000US06037127711,127711,2024,1155,97813,97813
1400000US06037127712,127712,2024,1556,75256,75256
1400000US06037127803,127803,2024,1681,69468,69468
1400000US06037127804,127804,2024,1613,66563,66563
1400000US06037127805,127805,2024,1150,63333,63333
1400000US06037127806,127806,2024,1314,75625,75625
1400000US06037127910,127910,2024,1619,65986,65986
1400000US06037127920,127920,2024,1518,74375,74375
1400000US06037128101,128101,2024,1191,95990,95990
1400000US06037128102,128102,2024,1588,54750,54750
1400000US06037128210,128210,2024,1544,48871,48871
1400000US06037128220,128220,2024,1269,63996,63996
1400000US06037128302,128302,2024,1414,58929,58929
1400000US06037128303,128303,2024,1163,45486,45486
1400000US06037128400,128400,2024,1820,137250,137250
1400000US06037128500,128500,2024,2296,92368,92368
1400000US06037128601,128601,2024,1851,67452,67452
1400000US06037128602,128602,2024,1255,108693,108693
1400000US06037128703,128703,2024,1658,69604,69604
1400000US06037128704,128704,2024,1027,155469,155469
1400000US06037128801,128801,2024,2088,88571,88571
1400000US06037128802,128802,2024,2177,90503,90503
1400000US06037128910,128910,2024,1885,107625,107625
1400000US06037131021,131021,2024,1016,62121,62121
1400000US06037131022,131022,2024,970,45784,45784
1400000US06037131023,131023,2024,833,90352,90352
1400000US06037131024,131024,2024,1111,96198,96198
1400000US06037131100,131100,2024,1055,103819,103819
1400000US06037131200,131200,2024,1165,133958,133958
1400000US06037131300,131300,2024,1171,122989,122989
1400000US06037131400,131400,2024,1755,100725,100725
1400000US06037131600,131600,2024,1266,92973,92973
1400000US06037131701,131701,2024,1886,72321,72321
1400000US06037131702,131702,2024,1205,79745,79745
1400000US06037131801,131801,2024,973,59955,59955
1400000US06037131802,131802,2024,784,99345,99345
1400000US06037131900,131900,2024,1411,136875,136875
1400000US06037132001,132001,2024,1205,127039,127039
1400000US06037132002,132002,2024,1120,108944,108944
1400000US06037132101,132101,2024,1633,64821,64821
1400000US06037132102,132102,2024,2138,80469,80469
1400000US06037132301,132301,2024,1355,51181,51181
1400000US06037132302,132302,2024,919,76156,76156
1400000US06037132501,132501,2024,1377,86696,86696
1400000US06037132502,132502,2024,1364,73558,73558
1400000US06037132700,132700,2024,1695,93661,93661
1400000US06037132900,132900,2024,1295,126292,126292
1400000US06037133000,133000,2024,1431,98042,98042
1400000US06037133101,133101,2024,639,113993,113993
1400000US06037133102,133102,2024,1255,56088,56088
1400000US06037134001,134001,2024,922,92632,92632
1400000US06037134002,134002,2024,1251,81023,81023
1400000US06037134101,134101,2024,1380,90227,90227
1400000US06037134103,134103,2024,1314,78672,78672
1400000US06037134104,134104,2024,1330,75313,75313
1400000US06037134201,134201,2024,1316,120833,120833
1400000US06037134302,134302,2024,1418,131250,131250
1400000US06037134303,134303,2024,1956,106840,106840
1400000US06037134304,134304,2024,929,84205,84205
1400000US06037134305,134305,2024,1189,60197,60197
1400000US06037134306,134306,2024,1396,52038,52038
1400000US06037134421,134421,2024,1578,165109,165109
1400000US06037134422,134422,2024,1654,158839,158839
1400000US06037134423,134423,2024,1319,124464,124464
1400000US06037134424,134424,2024,1027,157980,157980
1400000US06037134520,134520,2024,2025,54976,54976
1400000US06037134521,134521,2024,721,52679,52679
1400000US06037134522,134522,2024,1398,69318,69318
1400000US06037134710,134710,2024,1584,62813,62813
1400000US06037134720,134720,2024,1791,102604,102604
1400000US06037134801,134801,2024,1130,98804,98804
1400000US06037134802,134802,2024,839,83813,83813
1400000US06037134901,134901,2024,997,84688,84688
1400000US06037134904,134904,2024,1422,104375,104375
1400000US06037134905,134905,2024,3212,97106,97106
1400000US06037134906,134906,2024,1171,67216,67216
1400000US06037134907,134907,2024,2078,92759,92759
1400000US06037135102,135102,2024,1279,170694,170694
1400000US06037135111,135111,2024,1261,106023,106023
1400000US06037135113,135113,2024,1317,117841,117841
1400000US06037135115,135115,2024,1905,118162,118162
1400000US06037135116,135116,2024,1058,67056,67056
1400000US06037135201,135201,2024,888,143125,143125
1400000US06037135202,135202,2024,1530,128816,128816
1400000US06037135204,135204,2024,1698,140085,140085
1400000US06037135205,135205,2024,776,156389,156389
1400000US06037137000,137000,2024,1688,126250,126250
1400000US06037137103,137103,2024,2569,86029,86029
1400000US06037137104,137104,2024,1017,106599,106599
1400000US06037137202,137202,2024,1390,75714,75714
1400000US06037137203,137203,2024,823,129732,129732
1400000US06037137301,137301,2024,729,196893,196893
1400000US06037137302,137302,2024,1576,181786,181786
1400000US06037137401,137401,2024,1807,143142,143142
1400000US06037137402,137402,2024,2093,121201,121201
1400000US06037137501,137501,2024,1991,95858,95858
1400000US06037137502,137502,2024,1782,134388,134388
1400000US06037137504,137504,2024,653,242188,242188
1400000US06037138000,138000,2024,1815,156094,156094
1400000US06037139001,139001,2024,2294,127755,127755
1400000US06037139200,139200,2024,2299,97015,97015
1400000US06037139301,139301,2024,1425,165515,165515
1400000US06037139302,139302,2024,2049,82806,82806
1400000US06037139303,139303,2024,2225,69263,69263
1400000US06037139401,139401,2024,1202,84575,84575
1400000US06037139402,139402,2024,954,198043,198043
1400000US06037139502,139502,2024,1206,132738,132738
1400000US06037139504,139504,2024,1784,78198,78198
1400000US06037139505,139505,2024,1582,49500,49500
1400000US06037139506,139506,2024,1494,72849,72849
1400000US06037139600,139600,2024,2253,89473,89473
1400000US06037139701,139701,2024,2137,162188,162188
1400000US06037139703,139703,2024,940,223750,223750
1400000US06037139704,139704,2024,1029,141546,141546
1400000US06037139705,139705,2024,1257,250000,250000
1400000US06037139801,139801,2024,1212,232434,232434
1400000US06037139802,139802,2024,1305,228990,228990
1400000US06037141101,141101,2024,2625,73318,73318
1400000US06037141102,141102,2024,1321,95288,95288
1400000US06037141201,141201,2024,2297,77207,77207
1400000US06037141202,141202,2024,1482,114621,114621
1400000US06037141303,141303,2024,1609,103990,103990
1400000US06037141304,141304,2024,1547,101941,101941
1400000US06037141305,141305,2024,1427,119448,119448
1400000US06037141306,141306,2024,1553,109222,109222
1400000US06037141400,141400,2024,2031,118441,118441
1400000US06037141500,141500,2024,1114,206607,206607
1400000US06037141600,141600,2024,1799,202825,202825
1400000US06037141700,141700,2024,1209,234120,234120
1400000US06037143101,143101,2024,1049,105375,105375
1400000US06037143102,143102,2024,1208,101333,101333
1400000US06037143200,143200,2024,2214,95867,95867
1400000US06037143301,143301,2024,1601,97386,97386
1400000US06037143302,143302,2024,1638,127500,127500
1400000US06037143401,143401,2024,2327,131161,131161
1400000US06037143402,143402,2024,825,110179,110179
1400000US06037143500,143500,2024,2500,178875,178875
1400000US06037143602,143602,2024,2411,102388,102388
1400000US06037143603,143603,2024,1386,96458,96458
1400000US06037143605,143605,2024,1018,96500,96500
1400000US06037143606,143606,2024,1061,89176,89176
1400000US06037143700,143700,2024,1937,151125,151125
1400000US06037143801,143801,2024,1426,165880,165880
1400000US06037143802,143802,2024,1064,161706,161706
1400000US06037143901,143901,2024,1744,212027,212027
1400000US06037143902,143902,2024,1416,160000,160000
1400000US06037181000,181000,2024,2103,151875,151875
1400000US06037181300,181300,2024,1369,152219,152219
1400000US06037181400,181400,2024,1587,106075,106075
1400000US06037181500,181500,2024,1343,127847,127847
1400000US06037181600,181600,2024,1122,94091,94091
1400000US06037183101,183101,2024,1236,120521,120521
1400000US06037183103,183103,2024,1687,93506,93506
1400000US06037183104,183104,2024,804,94444,94444
1400000US06037183220,183220,2024,1081,136854,136854
1400000US06037183221,183221,2024,1119,102250,102250
1400000US06037183222,183222,2024,1461,99464,99464
1400000US06037183300,183300,2024,1026,97361,97361
1400000US06037183401,183401,2024,840,109688,109688
1400000US06037183402,183402,2024,1151,102196,102196
1400000US06037183510,183510,2024,758,102813,102813
1400000US06037183520,183520,2024,1157,69436,69436
1400000US06037183610,183610,2024,981,80688,80688
1400000US06037183620,183620,2024,1081,112476,112476
1400000US06037183701,183701,2024,1381,71946,71946
1400000US06037183702,183702,2024,1082,93654,93654
1400000US06037183810,183810,2024,1658,73500,73500
1400000US06037183820,183820,2024,1348,78426,78426
1400000US06037185101,185101,2024,1044,85967,85967
1400000US06037185102,185102,2024,1437,137750,137750
1400000US06037185202,185202,2024,1630,134875,134875
1400000US06037185203,185203,2024,848,88667,88667
1400000US06037185204,185204,2024,729,128523,128523
1400000US06037185310,185310,2024,865,93958,93958
1400000US06037185320,185320,2024,948,61618,61618
1400000US06037186100,186100,2024,1895,105069,105069
1400000US06037186201,186201,2024,1330,83562,83562
1400000US06037186202,186202,2024,749,99188,99188
1400000US06037186203,186203,2024,1063,177623,177623
1400000US06037186301,186301,2024,893,69614,69614
1400000US06037186302,186302,2024,1929,102719,102719
1400000US06037186401,186401,2024,880,57011,57011
1400000US06037186403,186403,2024,759,105048,105048
1400000US06037186404,186404,2024,792,79643,79643
1400000US06037187101,187101,2024,1262,91829,91829
1400000US06037187102,187102,2024,1552,91944,91944
1400000US06037187200,187200,2024,1116,96912,96912
1400000US06037187300,187300,2024,1679,126528,126528
1400000US06037188100,188100,2024,1929,93675,93675
1400000US06037188201,188201,2024,1734,92500,92500
1400000US06037188202,188202,2024,1332,200962,200962
1400000US06037188300,188300,2024,1359,123234,123234
1400000US06037189101,189101,2024,1263,106295,106295
1400000US06037189102,189102,2024,1970,126071,126071
1400000US06037189201,189201,2024,1853,66771,66771
1400000US06037189202,189202,2024,1420,152857,152857
1400000US06037189300,189300,2024,1357,188814,188814
1400000US06037189400,189400,2024,1552,118750,118750
1400000US06037189501,189501,2024,1556,90137,90137
1400000US06037189502,189502,2024,1385,68250,68250
1400000US06037189600,189600,2024,1917,85259,85259
1400000US06037189702,189702,2024,1486,81646,81646
1400000US06037189703,189703,2024,1029,126466,126466
1400000US06037189704,189704,2024,1180,120833,120833
1400000US06037189801,189801,2024,1547,96043,96043
1400000US06037189802,189802,2024,1080,123056,123056
1400000US06037189903,189903,2024,1666,101135,101135
1400000US06037189904,189904,2024,1543,73279,73279
1400000US06037189905,189905,2024,1424,80291,80291
1400000US06037189906,189906,2024,1519,93878,93878
1400000US06037189907,189907,2024,1493,95576,95576
1400000US06037190101,190101,2024,1328,44000,44000
1400000US06037190102,190102,2024,1451,78250,78250
1400000US06037190201,190201,2024,1612,52241,52241
1400000US06037190202,190202,2024,2244,44386,44386
1400000US06037190302,190302,2024,1117,90373,90373
1400000US06037190303,190303,2024,1669,54479,54479
1400000US06037190401,190401,2024,1667,70107,70107
1400000US06037190402,190402,2024,1132,55987,55987
1400000US06037190510,190510,2024,1778,60638,60638
1400000US06037190520,190520,2024,1589,55987,55987
1400000US06037190701,190701,2024,829,48836,48836
1400000US06037190702,190702,2024,829,68229,68229
1400000US06037190801,190801,2024,1528,50781,50781
1400000US06037190802,190802,2024,1812,69000,69000
1400000US06037190901,190901,2024,1278,40577,40577
1400000US06037190902,190902,2024,1788,61270,61270
1400000US06037191000,191000,2024,3552,68623,68623
1400000US06037191110,191110,2024,1181,54583,54583
1400000US06037191120,191120,2024,1618,53558,53558
1400000US06037191201,191201,2024,1630,50250,50250
1400000US06037191203,191203,2024,976,41810,41810
1400000US06037191204,191204,2024,774,60134,60134
1400000US06037191301,191301,2024,978,71250,71250
1400000US06037191302,191302,2024,914,49730,49730
1400000US06037191410,191410,2024,1405,51875,51875
1400000US06037191420,191420,2024,1006,75597,75597
1400000US06037191500,191500,2024,1840,66367,66367
1400000US06037191610,191610,2024,1449,53641,53641
1400000US06037191620,191620,2024,937,61369,61369
1400000US06037191710,191710,2024,1180,31563,31563
1400000US06037191720,191720,2024,1415,38453,38453
1400000US06037191810,191810,2024,1218,71214,71214
1400000US06037191820,191820,2024,1940,86164,86164
1400000US06037191901,191901,2024,2552,77604,77604
1400000US06037191902,191902,2024,1519,93523,93523
1400000US06037192001,192001,2024,1169,89102,89102
1400000US06037192002,192002,2024,1468,133828,133828
1400000US06037192300,192300,2024,1459,83219,83219
1400000US06037192410,192410,2024,1932,131250,131250
1400000US06037192420,192420,2024,1462,96667,96667
1400000US06037192510,192510,2024,1325,64049,64049
1400000US06037192520,192520,2024,1653,65479,65479
1400000US06037192610,192610,2024,1572,51881,51881
1400000US06037192620,192620,2024,1293,53176,53176
1400000US06037192700,192700,2024,1314,60357,60357
1400000US06037194101,194101,2024,1844,101100,101100
1400000US06037194102,194102,2024,1272,198158,198158
1400000US06037194200,194200,2024,1725,143466,143466
1400000US06037194300,194300,2024,1376,228824,228824
1400000US06037194401,194401,2024,1497,88750,88750
1400000US06037194402,194402,2024,2250,112529,112529
1400000US06037194500,194500,2024,1034,128816,128816
1400000US06037195100,195100,2024,2278,168333,168333
1400000US06037195201,195201,2024,1681,128314,128314
1400000US06037195202,195202,2024,1483,162571,162571
1400000US06037195300,195300,2024,1569,95511,95511
1400000US06037195400,195400,2024,2358,132500,132500
1400000US06037195500,195500,2024,2497,123750,123750
1400000US06037195600,195600,2024,1165,103239,103239
1400000US06037195710,195710,2024,1468,64069,64069
1400000US06037195720,195720,2024,903,75066,75066
1400000US06037195802,195802,2024,1075,106845,106845
1400000US06037195803,195803,2024,1137,100481,100481
1400000US06037195804,195804,2024,1123,73750,73750
1400000US06037195901,195901,2024,1191,91209,91209
1400000US06037195902,195902,2024,1042,135606,135606
1400000US06037195903,195903,2024,880,94861,94861
1400000US06037197200,197200,2024,1188,100392,100392
1400000US06037197300,197300,2024,1876,108696,108696
1400000US06037197410,197410,2024,1720,103385,103385
1400000US06037197420,197420,2024,1645,99375,99375
1400000US06037197500,197500,2024,1820,81914,81914
1400000US06037197600,197600,2024,954,78591,78591
1400000US06037197700,197700,2024,2303,62965,62965
1400000US06037199001,199001,2024,760,51324,51324
1400000US06037199002,199002,2024,1160,66071,66071
1400000US06037199110,199110,2024,756,83333,83333
1400000US06037199120,199120,2024,1115,44120,44120
1400000US06037199201,199201,2024,1245,58597,58597
1400000US06037199202,199202,2024,899,98447,98447
1400000US06037199300,199300,2024,1260,104201,104201
1400000US06037199400,199400,2024,1481,52212,52212
1400000US06037199700,199700,2024,1308,55435,55435
1400000US06037199801,199801,2024,910,90104,90104
1400000US06037199802,199802,2024,609,65625,65625
1400000US06037199900,199900,2024,866,41121,41121
1400000US06037201110,201110,2024,783,101305,101305
1400000US06037201120,201120,2024,1404,84067,84067
1400000US06037201200,201200,2024,768,86786,86786
1400000US06037201301,201301,2024,1085,81174,81174
1400000US06037201302,201302,2024,1983,122684,122684
1400000US06037201401,201401,2024,1392,54100,54100
1400000US06037201402,201402,2024,1411,93021,93021
1400000US06037201501,201501,2024,1576,92813,92813
1400000US06037201503,201503,2024,969,65486,65486
1400000US06037201504,201504,2024,571,117702,117702
1400000US06037201601,201601,2024,689,65938,65938
1400000US06037201602,201602,2024,720,74609,74609
1400000US06037201700,201700,2024,1500,85000,85000
1400000US06037203100,203100,2024,1277,60583,60583
1400000US06037203200,203200,2024,1229,60570,60570
1400000US06037203300,203300,2024,537,45536,45536
1400000US06037203500,203500,2024,933,64725,64725
1400000US06037203601,203601,2024,800,55167,55167
1400000US06037203602,203602,2024,588,77500,77500
1400000US06037203710,203710,2024,821,87440,87440
1400000US06037203720,203720,2024,979,58490,58490
1400000US06037203800,203800,2024,1262,68750,68750
1400000US06037203900,203900,2024,691,71563,71563
1400000US06037204110,204110,2024,835,72011,72011
1400000US06037204120,204120,2024,698,88190,88190
1400000US06037204200,204200,2024,1099,50069,50069
1400000US06037204300,204300,2024,1282,61029,61029
1400000US06037204410,204410,2024,645,51250,51250
1400000US06037204420,204420,2024,864,55957,55957
1400000US06037204600,204600,2024,1112,51429,51429
1400000US06037204700,204700,2024,1223,78821,78821
1400000US06037204810,204810,2024,1420,57283,57283
1400000US06037204820,204820,2024,554,70714,70714
1400000US06037204910,204910,2024,900,51994,51994
1400000US06037204920,204920,2024,659,75972,75972
1400000US06037205110,205110,2024,853,54939,54939
1400000US06037205120,205120,2024,942,32406,32406
1400000US06037206010,206010,2024,1593,70304,70304
1400000US06037206020,206020,2024,280,155658,155658
1400000US06037206050,206050,2024,755,35924,35924
1400000US06037206051,206051,2024,1132,161667,161667
1400000US06037206052,206052,2024,1938,110714,110714
1400000US06037206053,206053,2024,989,48657,48657
1400000US06037206054,206054,2024,629,87292,87292
1400000US06037206201,206201,2024,1266,47333,47333
1400000US06037206202,206202,2024,1096,24182,24182
1400000US06037206301,206301,2024,1228,14385,14385
1400000US06037206302,206302,2024,634,9375,9375
1400000US06037206303,206303,2024,506,6803,6803
1400000US06037207101,207101,2024,1840,65729,65729
1400000US06037207102,207102,2024,1594,46952,46952
1400000US06037207103,207103,2024,859,56652,56652
1400000US06037207303,207303,2024,2008,31969,31969
1400000US06037207304,207304,2024,1658,14342,14342
1400000US06037207305,207305,2024,777,68348,68348
1400000US06037207306,207306,2024,1724,49729,49729
1400000US06037207307,207307,2024,1078,,
1400000US06037207308,207308,2024,703,90156,90156
1400000US06037207400,207400,2024,967,78482,78482
1400000US06037207501,207501,2024,1300,115667,115667
1400000US06037207502,207502,2024,2688,24515,24515
1400000US06037207711,207711,2024,2142,145357,145357
1400000US06037207712,207712,2024,3308,63484,63484
1400000US06037207901,207901,2024,2846,71563,71563
1400000US06037207902,207902,2024,4713,104090,104090
1400000US06037208001,208001,2024,1382,90175,90175
1400000US06037208002,208002,2024,1322,56223,56223
1400000US06037208301,208301,2024,564,42586,42586
1400000US06037208302,208302,2024,1774,60156,60156
1400000US06037208401,208401,2024,1426,35329,35329
1400000US06037208402,208402,2024,912,80595,80595
1400000US06037208501,208501,2024,943,89539,89539
1400000US06037208502,208502,2024,1364,33417,33417
1400000US06037208610,208610,2024,1528,66210,66210
1400000US06037208620,208620,2024,1646,62254,62254
1400000US06037208710,208710,2024,2062,65467,65467
1400000US06037208720,208720,2024,1451,35897,35897
1400000US06037208801,208801,2024,1328,37404,37404
1400000US06037208802,208802,2024,1588,37321,37321
1400000US06037208902,208902,2024,666,39561,39561
1400000US06037208903,208903,2024,1148,48828,48828
1400000US06037208904,208904,2024,1349,31463,31463
1400000US06037209103,209103,2024,1050,38556,38556
1400000US06037209104,209104,2024,936,41771,41771
1400000US06037209105,209105,2024,991,33234,33234
1400000US06037209106,209106,2024,1285,39647,39647
1400000US06037209201,209201,2024,2233,79966,79966
1400000US06037209202,209202,2024,492,50192,50192
1400000US06037209300,209300,2024,2377,31642,31642
1400000US06037209401,209401,2024,1536,33676,33676
1400000US06037209402,209402,2024,1297,49072,49072
1400000US06037209403,209403,2024,1413,26650,26650
1400000US06037209510,209510,2024,1026,43911,43911
1400000US06037209520,209520,2024,938,44099,44099
1400000US06037209810,209810,2024,785,35822,35822
1400000US06037209820,209820,2024,846,59091,59091
1400000US06037210010,210010,2024,1147,27320,27320
1400000US06037211000,211000,2024,2296,195603,195603
1400000US06037211121,211121,2024,1024,73095,73095
1400000US06037211122,211122,2024,1194,48544,48544
1400000US06037211123,211123,2024,1147,81505,81505
1400000US06037211124,211124,2024,1989,70197,70197
1400000US06037211201,211201,2024,1109,62381,62381
1400000US06037211202,211202,2024,1061,62964,62964
1400000US06037211310,211310,2024,1601,48096,48096
1400000US06037211320,211320,2024,1201,52461,52461
1400000US06037211410,211410,2024,1165,49475,49475
1400000US06037211420,211420,2024,1272,55563,55563
1400000US06037211500,211500,2024,1905,78977,78977
1400000US06037211701,211701,2024,1294,93611,93611
1400000US06037211703,211703,2024,2244,64206,64206
1400000US06037211704,211704,2024,1656,51750,51750
1400000US06037211802,211802,2024,2304,49250,49250
1400000US06037211803,211803,2024,1815,65799,65799
1400000US06037211804,211804,2024,1318,47536,47536
1400000US06037211910,211910,2024,1987,72125,72125
1400000US06037211921,211921,2024,936,47353,47353
1400000US06037211922,211922,2024,1437,58427,58427
1400000US06037212101,212101,2024,1671,59395,59395
1400000US06037212102,212102,2024,1234,43444,43444
1400000US06037212202,212202,2024,1381,59026,59026
1400000US06037212203,212203,2024,1475,30482,30482
1400000US06037212204,212204,2024,1730,33636,33636
1400000US06037212303,212303,2024,1785,30886,30886
1400000US06037212304,212304,2024,811,45994,45994
1400000US06037212305,212305,2024,1037,47525,47525
1400000US06037212306,212306,2024,1089,63194,63194
1400000US06037212410,212410,2024,1738,49403,49403
1400000US06037212420,212420,2024,1209,57732,57732
1400000US06037212501,212501,2024,977,44699,44699
1400000US06037212502,212502,2024,1851,73406,73406
1400000US06037212610,212610,2024,2177,67159,67159
1400000US06037212620,212620,2024,1846,41125,41125
1400000US06037212701,212701,2024,857,85030,85030
1400000US06037212702,212702,2024,1427,74727,74727
1400000US06037212800,212800,2024,1421,101932,101932
1400000US06037212900,212900,2024,1455,55360,55360
1400000US06037213100,213100,2024,1103,60527,60527
1400000US06037213201,213201,2024,1747,44849,44849
1400000US06037213202,213202,2024,1246,68534,68534
1400000US06037213310,213310,2024,942,50313,50313
1400000US06037213320,213320,2024,922,40139,40139
1400000US06037213401,213401,2024,1623,60590,60590
1400000US06037213402,213402,2024,1776,45700,45700
1400000US06037214000,214000,2024,1246,150288,150288
1400000US06037214100,214100,2024,1803,162159,162159
1400000US06037214400,214400,2024,1767,102725,102725
1400000US06037214501,214501,2024,1763,118885,118885
1400000US06037214503,214503,2024,1615,96225,96225
1400000US06037214504,214504,2024,1690,110125,110125
1400000US06037214505,214505,2024,936,102279,102279
1400000US06037214600,214600,2024,1289,120229,120229
1400000US06037214700,214700,2024,1322,125515,125515
1400000US06037214800,214800,2024,1576,96513,96513
1400000US06037214902,214902,2024,1605,109450,109450
1400000US06037214903,214903,2024,1172,59038,59038
1400000US06037214904,214904,2024,982,126824,126824
1400000US06037215101,215101,2024,2048,91250,91250
1400000US06037215102,215102,2024,2122,92889,92889
1400000US06037216100,216100,2024,955,168531,168531
1400000US06037216201,216201,2024,1462,120282,120282
1400000US06037216202,216202,2024,1453,78859,78859
1400000US06037216301,216301,2024,671,99738,99738
1400000US06037216302,216302,2024,1876,100000,100000
1400000US06037216401,216401,2024,1989,97223,97223
1400000US06037216402,216402,2024,1215,101470,101470
1400000US06037216700,216700,2024,1553,97406,97406
1400000US06037216800,216800,2024,1473,121597,121597
1400000US06037216901,216901,2024,1295,106354,106354
1400000US06037216902,216902,2024,1150,87222,87222
1400000US06037217001,217001,2024,1175,129688,129688
1400000US06037217002,217002,2024,2273,101265,101265
1400000US06037217101,217101,2024,942,89453,89453
1400000US06037217102,217102,2024,1235,97625,97625
1400000US06037217200,217200,2024,1619,91076,91076
1400000US06037218110,218110,2024,1189,48897,48897
1400000US06037218120,218120,2024,1329,57188,57188
1400000US06037218210,218210,2024,1295,59151,59151
1400000US06037218220,218220,2024,1446,81667,81667
1400000US06037218300,218300,2024,2162,78069,78069
1400000US06037218400,218400,2024,1360,103843,103843
1400000US06037218500,218500,2024,983,77938,77938
1400000US06037218600,218600,2024,1074,76406,76406
1400000US06037218701,218701,2024,784,51477,51477
1400000US06037218702,218702,2024,855,61616,61616
1400000US06037218800,218800,2024,922,53750,53750
1400000US06037218900,218900,2024,2170,63269,63269
1400000US06037219010,219010,2024,1034,87171,87171
1400000US06037219020,219020,2024,1301,80481,80481
1400000US06037219300,219300,2024,1459,57298,57298
1400000US06037219500,219500,2024,833,103050,103050
1400000US06037219700,219700,2024,1242,82586,82586
1400000US06037219800,219800,2024,999,69120,69120
1400000US06037219901,219901,2024,1615,63401,63401
1400000US06037219902,219902,2024,1610,107059,107059
1400000US06037220000,220000,2024,2163,65453,65453
1400000US06037220100,220100,2024,1110,73750,73750
1400000US06037221110,221110,2024,1086,48622,48622
1400000US06037221120,221120,2024,750,47431,47431
1400000US06037221210,221210,2024,876,71382,71382
1400000US06037221220,221220,2024,981,54083,54083
1400000US06037221302,221302,2024,1243,37220,37220
1400000US06037221303,221303,2024,724,61786,61786
1400000US06037221304,221304,2024,1102,47279,47279
1400000US06037221401,221401,2024,1264,49654,49654
1400000US06037221402,221402,2024,983,36736,36736
1400000US06037221500,221500,2024,1243,46843,46843
1400000US06037221601,221601,2024,1014,63351,63351
1400000US06037221602,221602,2024,767,58715,58715
1400000US06037221710,221710,2024,832,46563,46563
1400000US06037221810,221810,2024,910,33000,33000
1400000US06037221820,221820,2024,991,28466,28466
1400000US06037221900,221900,2024,952,29712,29712
1400000US06037222001,222001,2024,952,74167,74167
1400000US06037222002,222002,2024,1424,71898,71898
1400000US06037222100,222100,2024,1207,58040,58040
1400000US06037222200,222200,2024,1251,52314,52314
1400000US06037222500,222500,2024,1248,65250,65250
1400000US06037222600,222600,2024,1587,45260,45260
1400000US06037222700,222700,2024,170,54167,54167
1400000US06037224010,224010,2024,1804,39219,39219
1400000US06037224020,224020,2024,1080,38871,38871
1400000US06037224200,224200,2024,733,57743,57743
1400000US06037224310,224310,2024,588,59250,59250
1400000US06037224320,224320,2024,1097,38750,38750
1400000US06037224410,224410,2024,1010,41010,41010
1400000US06037224420,224420,2024,888,26648,26648
1400000US06037224600,224600,2024,786,50795,50795
1400000US06037224701,224701,2024,476,32273,32273
1400000US06037224702,224702,2024,777,5213,5213
1400000US06037226001,226001,2024,585,34515,34515
1400000US06037226002,226002,2024,1287,52412,52412
1400000US06037226410,226410,2024,832,47019,47019
1400000US06037226420,226420,2024,1249,48418,48418
1400000US06037226701,226701,2024,577,61932,61932
1400000US06037226702,226702,2024,834,66556,66556
1400000US06037227010,227010,2024,1056,50230,50230
1400000US06037227020,227020,2024,718,67331,67331
1400000US06037228100,228100,2024,1181,65313,65313
1400000US06037228210,228210,2024,971,58558,58558
1400000US06037228220,228220,2024,1004,60962,60962
1400000US06037228310,228310,2024,1167,53408,53408
1400000US06037228320,228320,2024,745,57708,57708
1400000US06037228410,228410,2024,728,64286,64286
1400000US06037228420,228420,2024,657,80488,80488
1400000US06037228500,228500,2024,1139,46450,46450
1400000US06037228600,228600,2024,1036,59118,59118
1400000US06037228710,228710,2024,982,62286,62286
1400000US06037228720,228720,2024,1134,65000,65000
1400000US06037228800,228800,2024,1313,54975,54975
1400000US06037228900,228900,2024,981,38040,38040
1400000US06037229100,229100,2024,1079,65461,65461
1400000US06037229200,229200,2024,1199,48339,48339
1400000US06037229300,229300,2024,1417,59107,59107
1400000US06037229410,229410,2024,863,65286,65286
1400000US06037229420,229420,2024,989,70135,70135
1400000US06037231100,231100,2024,612,59531,59531
1400000US06037231210,231210,2024,1231,43797,43797
1400000US06037231220,231220,2024,1384,37740,37740
1400000US06037231301,231301,2024,793,58818,58818
1400000US06037231302,231302,2024,827,61567,61567
1400000US06037231400,231400,2024,1506,55153,55153
1400000US06037231500,231500,2024,1499,91344,91344
1400000US06037231601,231601,2024,745,83270,83270
1400000US06037231602,231602,2024,614,84028,84028
1400000US06037231603,231603,2024,778,60455,60455
1400000US06037231710,231710,2024,1183,56494,56494
1400000US06037231720,231720,2024,1550,45417,45417
1400000US06037231800,231800,2024,1344,48378,48378
1400000US06037231901,231901,2024,713,83795,83795
1400000US06037231902,231902,2024,742,45735,45735
1400000US06037232110,232110,2024,831,58425,58425
1400000US06037232120,232120,2024,1504,53029,53029
1400000US06037232200,232200,2024,879,91208,91208
1400000US06037232300,232300,2024,1252,75962,75962
1400000US06037232401,232401,2024,1084,73034,73034
1400000US06037232402,232402,2024,993,74750,74750
1400000US06037232500,232500,2024,1542,67917,67917
1400000US06037232601,232601,2024,574,76618,76618
1400000US06037232602,232602,2024,1343,73628,73628
1400000US06037232701,232701,2024,525,96120,96120
1400000US06037232702,232702,2024,956,78026,78026
1400000US06037232800,232800,2024,882,52935,52935
1400000US06037234001,234001,2024,1039,86935,86935
1400000US06037234002,234002,2024,1049,73472,73472
1400000US06037234200,234200,2024,1121,79438,79438
1400000US06037234301,234301,2024,1096,38942,38942
1400000US06037234302,234302,2024,1347,46604,46604
1400000US06037234501,234501,2024,959,78533,78533
1400000US06037234502,234502,2024,1108,29464,29464
1400000US06037234600,234600,2024,1586,76875,76875
1400000US06037234700,234700,2024,1205,90302,90302
1400000US06037234800,234800,2024,1106,72073,72073
1400000US06037234901,234901,2024,1115,49602,49602
1400000US06037234902,234902,2024,2101,24648,24648
1400000US06037235100,235100,2024,1891,86450,86450
1400000US06037235201,235201,2024,986,64129,64129
1400000US06037235202,235202,2024,1682,50972,50972
1400000US06037236001,236001,2024,2013,113831,113831
1400000US06037236101,236101,2024,1325,34981,34981
1400000US06037236102,236102,2024,1861,52305,52305
1400000US06037236203,236203,2024,1413,32886,32886
1400000US06037236204,236204,2024,1262,42606,42606
1400000US06037236205,236205,2024,1203,36503,36503
1400000US06037236206,236206,2024,1275,50096,50096
1400000US06037236400,236400,2024,2026,101607,101607
1400000US06037237101,237101,2024,934,57500,57500
1400000US06037237102,237102,2024,975,51602,51602
1400000US06037237201,237201,2024,955,67135,67135
1400000US06037237202,237202,2024,1200,50714,50714
1400000US06037237300,237300,2024,1866,86494,86494
1400000US06037237401,237401,2024,1021,76354,76354
1400000US06037237402,237402,2024,1011,85759,85759
1400000US06037237500,237500,2024,747,44856,44856
1400000US06037237600,237600,2024,1171,43603,43603
1400000US06037237710,237710,2024,1005,48750,48750
1400000US06037237720,237720,2024,879,45188,45188
1400000US06037237800,237800,2024,1181,71283,71283
1400000US06037237900,237900,2024,1293,77072,77072
1400000US06037238000,238000,2024,2244,61822,61822
1400000US06037238100,238100,2024,2094,67419,67419
1400000US06037238200,238200,2024,2205,49601,49601
1400000US06037238310,238310,2024,1266,50833,50833
1400000US06037238320,238320,2024,1081,28722,28722
1400000US06037238400,238400,2024,1770,68611,68611
1400000US06037239201,239201,2024,823,54141,54141
1400000US06037239202,239202,2024,1211,59063,59063
1400000US06037239310,239310,2024,997,51510,51510
1400000US06037239320,239320,2024,804,53750,53750
1400000US06037239330,239330,2024,751,76382,76382
1400000US06037239501,239501,2024,1000,59457,59457
1400000US06037239502,239502,2024,802,52917,52917
1400000US06037239601,239601,2024,922,58771,58771
1400000US06037239602,239602,2024,930,53906,53906
1400000US06037239701,239701,2024,1085,40239,40239
1400000US06037239702,239702,2024,1097,61250,61250
1400000US06037239801,239801,2024,960,65887,65887
1400000US06037239802,239802,2024,1311,47534,47534
1400000US06037240010,240010,2024,1069,39673,39673
1400000US06037240020,240020,2024,1302,67222,67222
1400000US06037240200,240200,2024,1502,56813,56813
1400000US06037240301,240301,2024,913,65392,65392
1400000US06037240302,240302,2024,721,44805,44805
1400000US06037240401,240401,2024,1547,38720,38720
1400000US06037240402,240402,2024,1107,68239,68239
1400000US06037240500,240500,2024,1685,57750,57750
1400000US06037240600,240600,2024,1168,64118,64118
1400000US06037240700,240700,2024,1563,60672,60672
1400000US06037240800,240800,2024,1061,56156,56156
1400000US06037240901,240901,2024,551,48359,48359
1400000US06037240902,240902,2024,742,43214,43214
1400000US06037241001,241001,2024,1083,121477,121477
1400000US06037241002,241002,2024,1018,58438,58438
1400000US06037241110,241110,2024,826,73382,73382
1400000US06037241120,241120,2024,1257,42004,42004
1400000US06037241201,241201,2024,948,63073,63073
1400000US06037241202,241202,2024,1644,52448,52448
1400000US06037241300,241300,2024,701,50727,50727
1400000US06037241400,241400,2024,954,65417,65417
1400000US06037242000,242000,2024,1175,57813,57813
1400000US06037242100,242100,2024,722,29388,29388
1400000US06037242201,242201,2024,1013,76528,76528
1400000US06037242202,242202,2024,747,45710,45710
1400000US06037242300,242300,2024,1157,53992,53992
1400000US06037242600,242600,2024,1476,21595,21595
1400000US06037242700,242700,2024,1283,52807,52807
1400000US06037243001,243001,2024,753,72656,72656
1400000US06037243002,243002,2024,642,74208,74208
1400000US06037243100,243100,2024,1432,33112,33112
1400000US06037261102,261102,2024,1432,250000,250000
1400000US06037261103,261103,2024,667,182212,182212
1400000US06037261104,261104,2024,696,196071,196071
1400000US06037261200,261200,2024,1761,169432,169432
1400000US06037262100,262100,2024,1099,165795,165795
1400000US06037262200,262200,2024,1862,200171,200171
1400000US06037262301,262301,2024,865,250000,250000
1400000US06037262302,262302,2024,1292,178214,178214
1400000US06037262303,262303,2024,1028,248889,248889
1400000US06037262400,262400,2024,1074,250000,250000
1400000US06037262501,262501,2024,1346,250000,250000
1400000US06037262601,262601,2024,1284,222400,222400
1400000US06037262604,262604,2024,2266,168750,168750
1400000US06037262704,262704,2024,1574,161923,161923
1400000US06037262706,262706,2024,1349,168164,168164
1400000US06037262802,262802,2024,1558,170500,170500
1400000US06037264000,264000,2024,1303,239181,239181
1400000US06037264102,264102,2024,1769,153482,153482
1400000US06037264103,264103,2024,1626,135357,135357
1400000US06037264303,264303,2024,1587,151003,151003
1400000US06037264304,264304,2024,1341,113505,113505
1400000US06037264305,264305,2024,1813,163859,163859
1400000US06037264306,264306,2024,881,130018,130018
1400000US06037265100,265100,2024,1243,89355,89355
1400000US06037265201,265201,2024,793,155781,155781
1400000US06037265203,265203,2024,1024,110725,110725
1400000US06037265204,265204,2024,769,49306,49306
1400000US06037265301,265301,2024,0,,
1400000US06037265303,265303,2024,1553,31510,31510
1400000US06037265304,265304,2024,978,19764,19764
1400000US06037265306,265306,2024,435,57188,57188
1400000US06037265307,265307,2024,924,29375,29375
1400000US06037265410,265410,2024,663,232049,232049
1400000US06037265420,265420,2024,612,244583,244583
1400000US06037265521,265521,2024,1114,85262,85262
1400000US06037265522,265522,2024,999,92147,92147
1400000US06037265523,265523,2024,1304,76166,76166
1400000US06037265524,265524,2024,1400,123325,123325
1400000US06037265601,265601,2024,1407,150481,150481
1400000US06037265602,265602,2024,1627,95893,95893
1400000US06037265701,265701,2024,796,135909,135909
1400000US06037265702,265702,2024,1472,102143,102143
1400000US06037267101,267101,2024,1369,91607,91607
1400000US06037267102,267102,2024,1584,128750,128750
1400000US06037267201,267201,2024,1351,102028,102028
1400000US06037267202,267202,2024,1691,125188,125188
1400000US06037267300,267300,2024,2297,112450,112450
1400000US06037267403,267403,2024,1901,99712,99712
1400000US06037267404,267404,2024,1830,80354,80354
1400000US06037267405,267405,2024,1476,105170,105170
1400000US06037267406,267406,2024,1075,90605,90605
1400000US06037267502,267502,2024,1648,84671,84671
1400000US06037267503,267503,2024,1167,156343,156343
1400000US06037267504,267504,2024,1930,98947,98947
1400000US06037267600,267600,2024,1540,89286,89286
1400000US06037267700,267700,2024,1974,126656,126656
1400000US06037267800,267800,2024,1752,120435,120435
1400000US06037267901,267901,2024,2223,195581,195581
1400000US06037267902,267902,2024,1738,153833,153833
1400000US06037269000,269000,2024,2225,187458,187458
1400000US06037269100,269100,2024,1679,77782,77782
1400000US06037269300,269300,2024,1425,219552,219552
1400000US06037269500,269500,2024,1323,250000,250000
1400000US06037269601,269601,2024,1116,56154,56154
1400000US06037269602,269602,2024,864,81953,81953
1400000US06037269700,269700,2024,1543,122731,122731
1400000US06037269800,269800,2024,1567,106621,106621
1400000US06037269903,269903,2024,2052,101524,101524
1400000US06037269905,269905,2024,1398,108611,108611
1400000US06037269906,269906,2024,1628,122308,122308
1400000US06037269907,269907,2024,1454,99837,99837
1400000US06037269908,269908,2024,1330,77222,77222
1400000US06037269909,269909,2024,1411,101581,101581
1400000US06037270101,270101,2024,1171,78940,78940
1400000US06037270102,270102,2024,1207,128186,128186
1400000US06037270200,270200,2024,1202,76905,76905
1400000US06037270300,270300,2024,1093,84063,84063
1400000US06037271100,271100,2024,918,137167,137167
1400000US06037271200,271200,2024,1333,121366,121366
1400000US06037271300,271300,2024,2159,97721,97721
1400000US06037271400,271400,2024,1372,197992,197992
1400000US06037271500,271500,2024,1393,107679,107679
1400000US06037271600,271600,2024,2113,122554,122554
1400000US06037271702,271702,2024,1877,90972,90972
1400000US06037271703,271703,2024,1437,121354,121354
1400000US06037271704,271704,2024,1461,124638,124638
1400000US06037271801,271801,2024,1802,95096,95096
1400000US06037271803,271803,2024,1687,99469,99469
1400000US06037271804,271804,2024,995,121827,121827
1400000US06037271901,271901,2024,1394,115917,115917
1400000US06037271902,271902,2024,1877,105288,105288
1400000US06037272100,272100,2024,1905,121719,121719
1400000US06037272201,272201,2024,1041,119018,119018
1400000US06037272202,272202,2024,1608,105111,105111
1400000US06037272301,272301,2024,1433,128655,128655
1400000US06037272302,272302,2024,1932,82288,82288
1400000US06037273100,273100,2024,1424,167143,167143
1400000US06037273200,273200,2024,1399,143702,143702
1400000US06037273300,273300,2024,1473,107633,107633
1400000US06037273403,273403,2024,929,90425,90425
1400000US06037273404,273404,2024,1283,85688,85688
1400000US06037273502,273502,2024,1641,122969,122969
1400000US06037273600,273600,2024,1160,133944,133944
1400000US06037273700,273700,2024,1206,137935,137935
1400000US06037273800,273800,2024,1540,98462,98462
1400000US06037273902,273902,2024,2338,157115,157115
1400000US06037274100,274100,2024,2095,153068,153068
1400000US06037274202,274202,2024,2420,116552,116552
1400000US06037275101,275101,2024,450,121250,121250
1400000US06037275102,275102,2024,1370,104197,104197
1400000US06037275200,275200,2024,1606,100833,100833
1400000US06037275311,275311,2024,2595,100977,100977
1400000US06037275312,275312,2024,987,194784,194784
1400000US06037275313,275313,2024,1672,117341,117341
1400000US06037275400,275400,2024,2357,169591,169591
1400000US06037275500,275500,2024,1803,59076,59076
1400000US06037275603,275603,2024,1251,114519,114519
1400000US06037275604,275604,2024,4896,164651,164651
1400000US06037275605,275605,2024,1826,119783,119783
1400000US06037276000,276000,2024,2952,147470,147470
1400000US06037276101,276101,2024,2027,113786,113786
1400000US06037276102,276102,2024,1659,88750,88750
1400000US06037276400,276400,2024,1519,220350,220350
1400000US06037276500,276500,2024,772,160517,160517
1400000US06037276601,276601,2024,1688,176346,176346
1400000US06037276605,276605,2024,1351,113594,113594
1400000US06037276606,276606,2024,1844,132339,132339
1400000US06037276607,276607,2024,1345,86648,86648
1400000US06037276608,276608,2024,1116,92206,92206
1400000US06037277000,277000,2024,2136,180385,180385
1400000US06037277100,277100,2024,1074,193846,193846
1400000US06037277200,277200,2024,974,59621,59621
1400000US06037277400,277400,2024,0,,
1400000US06037278001,278001,2024,1125,76406,76406
1400000US06037278102,278102,2024,1388,174167,174167
1400000US06037291110,291110,2024,1306,60085,60085
1400000US06037291120,291120,2024,655,57969,57969
1400000US06037291130,291130,2024,1051,96042,96042
1400000US06037291210,291210,2024,1728,73106,73106
1400000US06037291220,291220,2024,1071,82542,82542
1400000US06037291300,291300,2024,1108,92404,92404
1400000US06037292001,292001,2024,1423,54319,54319
1400000US06037292002,292002,2024,542,118152,118152
1400000US06037293203,293203,2024,1118,54345,54345
1400000US06037293204,293204,2024,1132,120338,120338
1400000US06037293205,293205,2024,1189,61198,61198
1400000US06037293206,293206,2024,783,62788,62788
1400000US06037293301,293301,2024,968,120833,120833
1400000US06037293302,293302,2024,1606,104071,104071
1400000US06037293304,293304,2024,1572,61567,61567
1400000US06037293306,293306,2024,873,112361,112361
1400000US06037293307,293307,2024,925,70888,70888
1400000US06037294110,294110,2024,1085,89438,89438
1400000US06037294120,294120,2024,573,58897,58897
1400000US06037294200,294200,2024,1293,88958,88958
1400000US06037294301,294301,2024,639,101906,101906
1400000US06037294302,294302,2024,1184,66210,66210
1400000US06037294410,294410,2024,1654,78810,78810
1400000US06037294421,294421,2024,946,65764,65764
1400000US06037294510,294510,2024,1165,65947,65947
1400000US06037294520,294520,2024,893,58173,58173
1400000US06037294610,294610,2024,1208,65735,65735
1400000US06037294620,294620,2024,1034,75938,75938
1400000US06037294701,294701,2024,992,36525,36525
1400000US06037294810,294810,2024,995,45819,45819
1400000US06037294820,294820,2024,984,33710,33710
1400000US06037294830,294830,2024,990,63750,63750
1400000US06037294900,294900,2024,1014,31667,31667
1400000US06037295103,295103,2024,2142,120047,120047
1400000US06037296210,296210,2024,1099,57386,57386
1400000US06037296220,296220,2024,2006,46288,46288
1400000US06037296300,296300,2024,2012,83145,83145
1400000US06037296401,296401,2024,1287,116680,116680
1400000US06037296402,296402,2024,1156,142163,142163
1400000US06037296500,296500,2024,1207,96302,96302
1400000US06037296600,296600,2024,2130,41563,41563
1400000US06037296901,296901,2024,1591,73415,73415
1400000US06037296902,296902,2024,1565,57260,57260
1400000US06037297001,297001,2024,615,184219,184219
1400000US06037297002,297002,2024,1750,108267,108267
1400000US06037297110,297110,2024,1644,54152,54152
1400000US06037297120,297120,2024,1090,94310,94310
1400000US06037297201,297201,2024,1368,67593,67593
1400000US06037297202,297202,2024,1607,97049,97049
1400000US06037297300,297300,2024,836,114063,114063
1400000US06037297400,297400,2024,1750,136000,136000
1400000US06037297501,297501,2024,1050,168942,168942
1400000US06037297502,297502,2024,978,96250,96250
1400000US06037297601,297601,2024,1330,90556,90556
1400000US06037297602,297602,2024,1603,94275,94275
1400000US06037300100,300100,2024,2208,183162,183162
1400000US06037300200,300200,2024,1967,121442,121442
1400000US06037300301,300301,2024,2013,135223,135223
1400000US06037300400,300400,2024,1853,136359,136359
1400000US06037300501,300501,2024,1013,109303,109303
1400000US06037300503,300503,2024,2206,75682,75682
1400000US06037300601,300601,2024,2033,111631,111631
1400000US06037300602,300602,2024,1162,116471,116471
1400000US06037300701,300701,2024,2151,154440,154440
1400000US06037300702,300702,2024,2003,155368,155368
1400000US06037300800,300800,2024,2735,116205,116205
1400000US06037300901,300901,2024,1971,166172,166172
1400000US06037300902,300902,2024,744,186250,186250
1400000US06037301000,301000,2024,2070,116094,116094
1400000US06037301100,301100,2024,2723,87395,87395
1400000US06037301203,301203,2024,1668,80852,80852
1400000US06037301204,301204,2024,2155,75298,75298
1400000US06037301205,301205,2024,697,108125,108125
1400000US06037301206,301206,2024,1804,81200,81200
1400000US06037301300,301300,2024,642,201357,201357
1400000US06037301400,301400,2024,1303,150116,150116
1400000US06037301501,301501,2024,545,163646,163646
1400000US06037301502,301502,2024,2411,80459,80459
1400000US06037301601,301601,2024,2209,54469,54469
1400000US06037301602,301602,2024,1481,76625,76625
1400000US06037301701,301701,2024,971,90938,90938
1400000US06037301702,301702,2024,2161,84067,84067
1400000US06037301801,301801,2024,2741,81586,81586
1400000US06037301802,301802,2024,2476,90089,90089
1400000US06037301901,301901,2024,1678,72500,72500
1400000US06037301902,301902,2024,1039,101343,101343
1400000US06037302002,302002,2024,1785,58846,58846
1400000US06037302003,302003,2024,1480,61522,61522
1400000US06037302004,302004,2024,1550,52679,52679
1400000US06037302102,302102,2024,2272,93627,93627
1400000US06037302103,302103,2024,1942,68731,68731
1400000US06037302104,302104,2024,1368,82212,82212
1400000US06037302201,302201,2024,1746,35972,35972
1400000US06037302202,302202,2024,1894,52348,52348
1400000US06037302301,302301,2024,1435,87198,87198
1400000US06037302302,302302,2024,1772,61308,61308
1400000US06037302401,302401,2024,2740,73496,73496
1400000US06037302503,302503,2024,1419,62364,62364
1400000US06037302504,302504,2024,1340,41201,41201
1400000US06037302505,302505,2024,1279,64828,64828
1400000US06037302506,302506,2024,1112,85882,85882
1400000US06037310100,310100,2024,1995,171991,171991
1400000US06037310201,310201,2024,1891,133608,133608
1400000US06037310202,310202,2024,1853,101917,101917
1400000US06037310300,310300,2024,1120,139625,139625
1400000US06037310400,310400,2024,1240,110313,110313
1400000US06037310501,310501,2024,1522,77753,77753
1400000US06037310601,310601,2024,2484,67500,67500
1400000US06037310602,310602,2024,1175,113917,113917
1400000US06037310701,310701,2024,1180,29815,29815
1400000US06037310703,310703,2024,1960,67075,67075
1400000US06037310704,310704,2024,2390,63625,63625
1400000US06037310705,310705,2024,1344,42639,42639
1400000US06037310800,310800,2024,2244,85185,85185
1400000US06037310900,310900,2024,2379,117292,117292
1400000US06037311000,311000,2024,1472,121000,121000
1400000US06037311100,311100,2024,1464,99806,99806
1400000US06037311200,311200,2024,1238,96848,96848
1400000US06037311300,311300,2024,1639,119477,119477
1400000US06037311400,311400,2024,989,133542,133542
1400000US06037311500,311500,2024,2387,137589,137589
1400000US06037311601,311601,2024,993,108563,108563
1400000US06037311602,311602,2024,2383,94646,94646
1400000US06037311700,311700,2024,2722,112917,112917
1400000US06037311801,311801,2024,1346,75772,75772
1400000US06037311802,311802,2024,1585,98626,98626
1400000US06037320101,320101,2024,955,115195,115195
1400000US06037320102,320102,2024,919,116917,116917
1400000US06037320201,320201,2024,1003,72443,72443
1400000US06037320202,320202,2024,1412,98182,98182
1400000US06037320300,320300,2024,1927,70792,70792
1400000US06037400205,400205,2024,839,208906,208906
1400000US06037400206,400206,2024,1726,200833,200833
1400000US06037400207,400207,2024,1520,149052,149052
1400000US06037400208,400208,2024,496,147222,147222
1400000US06037400209,400209,2024,1663,142917,142917
1400000US06037400304,400304,2024,2950,84457,84457
1400000US06037400402,400402,2024,1399,154707,154707
1400000US06037400403,400403,2024,1409,128750,128750
1400000US06037400404,400404,2024,1375,185088,185088
1400000US06037400501,400501,2024,686,100625,100625
1400000US06037400602,400602,2024,1473,84512,84512
1400000US06037400603,400603,2024,1900,118704,118704
1400000US06037400605,400605,2024,2517,96920,96920
1400000US06037400801,400801,2024,1970,120156,120156
1400000US06037401001,401001,2024,960,133571,133571
1400000US06037401002,401002,2024,1642,91981,91981
1400000US06037401101,401101,2024,1840,79488,79488
1400000US06037401102,401102,2024,1320,103616,103616
1400000US06037401201,401201,2024,1051,146125,146125
1400000US06037401202,401202,2024,1332,110750,110750
1400000US06037401203,401203,2024,1557,101208,101208
1400000US06037401303,401303,2024,803,161397,161397
1400000US06037401304,401304,2024,1762,139483,139483
1400000US06037401311,401311,2024,2490,92885,92885
1400000US06037401312,401312,2024,1763,87944,87944
1400000US06037401500,401500,2024,1868,89034,89034
1400000US06037401601,401601,2024,2316,100500,100500
1400000US06037401602,401602,2024,2017,78487,78487
1400000US06037401705,401705,2024,922,136071,136071
1400000US06037401706,401706,2024,1843,98620,98620
1400000US06037401707,401707,2024,2824,65389,65389
1400000US06037401801,401801,2024,1568,150682,150682
1400000US06037401802,401802,2024,1387,156953,156953
1400000US06037401901,401901,2024,78,84375,84375
1400000US06037401902,401902,2024,2754,103017,103017
1400000US06037402001,402001,2024,1434,64609,64609
1400000US06037402002,402002,2024,1513,104896,104896
1400000US06037402101,402101,2024,1092,119688,119688
1400000US06037402102,402102,2024,1316,100789,100789
1400000US06037402200,402200,2024,2213,86793,86793
1400000US06037402301,402301,2024,1441,78808,78808
1400000US06037402303,402303,2024,997,61657,61657
1400000US06037402304,402304,2024,1082,48393,48393
1400000US06037402403,402403,2024,1140,87536,87536
1400000US06037402404,402404,2024,4,,
1400000US06037402405,402405,2024,584,112731,112731
1400000US06037402406,402406,2024,1353,78472,78472
1400000US06037402501,402501,2024,1402,57057,57057
1400000US06037402503,402503,2024,1140,66364,66364
1400000US06037402504,402504,2024,800,38667,38667
1400000US06037402601,402601,2024,756,86250,86250
1400000US06037402602,402602,2024,1958,62410,62410
1400000US06037402702,402702,2024,1436,53319,53319
1400000US06037402703,402703,2024,1251,90302,90302
1400000US06037402705,402705,2024,912,115000,115000
1400000US06037402706,402706,2024,983,106534,106534
1400000US06037402801,402801,2024,1097,54404,54404
1400000US06037402803,402803,2024,765,88403,88403
1400000US06037402804,402804,2024,1024,66016,66016
1400000US06037402902,402902,2024,1800,88470,88470
1400000US06037402903,402903,2024,1034,79688,79688
1400000US06037402904,402904,2024,909,91580,91580
1400000US06037403000,403000,2024,1570,102885,102885
1400000US06037403305,403305,2024,701,119145,119145
1400000US06037403316,403316,2024,2570,93151,93151
1400000US06037403317,403317,2024,1701,126083,126083
1400000US06037403318,403318,2024,2274,118478,118478
1400000US06037403319,403319,2024,1625,93211,93211
1400000US06037403320,403320,2024,1724,126059,126059
1400000US06037403321,403321,2024,1738,117222,117222
1400000US06037403323,403323,2024,1769,89828,89828
1400000US06037403324,403324,2024,2103,114547,114547
1400000US06037403325,403325,2024,1548,111445,111445
1400000US06037403326,403326,2024,732,135375,135375
1400000US06037403327,403327,2024,828,121935,121935
1400000US06037403328,403328,2024,1699,100521,100521
1400000US06037403401,403401,2024,1396,114231,114231
1400000US06037403402,403402,2024,1011,126625,126625
1400000US06037403403,403403,2024,1645,140795,140795
1400000US06037403404,403404,2024,648,173289,173289
1400000US06037403407,403407,2024,688,156552,156552
1400000US06037403408,403408,2024,1991,129934,129934
1400000US06037403409,403409,2024,1286,128654,128654
1400000US06037403500,403500,2024,547,114306,114306
1400000US06037403601,403601,2024,2204,119471,119471
1400000US06037403702,403702,2024,1312,124643,124643
1400000US06037403703,403703,2024,1499,120875,120875
1400000US06037403721,403721,2024,1778,88000,88000
1400000US06037403722,403722,2024,1609,80121,80121
1400000US06037403801,403801,2024,2023,91683,91683
1400000US06037403802,403802,2024,2083,87438,87438
1400000US06037403901,403901,2024,817,128459,128459
1400000US06037403902,403902,2024,1496,88571,88571
1400000US06037404000,404000,2024,1346,112159,112159
1400000US06037404100,404100,2024,1450,92361,92361
1400000US06037404201,404201,2024,1058,76389,76389
1400000US06037404203,404203,2024,962,76837,76837
1400000US06037404301,404301,2024,1638,84295,84295
1400000US06037404302,404302,2024,645,104779,104779
1400000US06037404401,404401,2024,1107,86069,86069
1400000US06037404402,404402,2024,1233,96616,96616
1400000US06037404501,404501,2024,759,57875,57875
1400000US06037404503,404503,2024,871,99665,99665
1400000US06037404504,404504,2024,1395,84954,84954
1400000US06037404600,404600,2024,412,114167,114167
1400000US06037404701,404701,2024,1399,75117,75117
1400000US06037404702,404702,2024,1411,79063,79063
1400000US06037404703,404703,2024,725,91719,91719
1400000US06037404804,404804,2024,1054,79767,79767
1400000US06037404805,404805,2024,753,65580,65580
1400000US06037404806,404806,2024,1551,73274,73274
1400000US06037404901,404901,2024,1337,98281,98281
1400000US06037404902,404902,2024,870,74706,74706
1400000US06037404903,404903,2024,640,89375,89375
1400000US06037405001,405001,2024,1346,81801,81801
1400000US06037405002,405002,2024,748,74605,74605
1400000US06037405101,405101,2024,1280,89457,89457
1400000US06037405102,405102,2024,1491,80234,80234
1400000US06037405201,405201,2024,1468,79934,79934
1400000US06037405202,405202,2024,1168,69681,69681
1400000US06037405203,405203,2024,733,91438,91438
1400000US06037405301,405301,2024,946,92664,92664
1400000US06037405302,405302,2024,1606,104138,104138
1400000US06037405400,405400,2024,1248,106500,106500
1400000US06037405500,405500,2024,1838,102054,102054
1400000US06037405600,405600,2024,1763,103188,103188
1400000US06037405701,405701,2024,1043,79650,79650
1400000US06037405702,405702,2024,1548,95441,95441
1400000US06037405800,405800,2024,1659,93750,93750
1400000US06037405900,405900,2024,1275,118358,118358
1400000US06037406000,406000,2024,1504,114728,114728
1400000US06037406101,406101,2024,1250,88786,88786
1400000US06037406103,406103,2024,2605,95118,95118
1400000US06037406201,406201,2024,1320,56786,56786
1400000US06037406300,406300,2024,1961,102638,102638
1400000US06037406413,406413,2024,2105,106551,106551
1400000US06037406500,406500,2024,2118,104800,104800
1400000US06037406601,406601,2024,1558,133500,133500
1400000US06037406602,406602,2024,1273,91641,91641
1400000US06037406701,406701,2024,901,95260,95260
1400000US06037406702,406702,2024,2219,90349,90349
1400000US06037406801,406801,2024,1322,103804,103804
1400000US06037406903,406903,2024,2129,82856,82856
1400000US06037407001,407001,2024,1218,87600,87600
1400000US06037407002,407002,2024,722,118516,118516
1400000US06037407101,407101,2024,1096,68333,68333
1400000US06037407102,407102,2024,1331,96645,96645
1400000US06037407201,407201,2024,822,136063,136063
1400000US06037407202,407202,2024,767,96125,96125
1400000US06037407301,407301,2024,924,78167,78167
1400000US06037407302,407302,2024,781,92396,92396
1400000US06037407400,407400,2024,507,128933,128933
1400000US06037407501,407501,2024,935,76424,76424
1400000US06037407502,407502,2024,840,115061,115061
1400000US06037407601,407601,2024,1134,75370,75370
1400000US06037407602,407602,2024,1055,105240,105240
1400000US06037407701,407701,2024,1125,56950,56950
1400000US06037407702,407702,2024,1783,93388,93388
1400000US06037407801,407801,2024,1030,96809,96809
1400000US06037407802,407802,2024,755,118594,118594
1400000US06037407901,407901,2024,849,111615,111615
1400000US06037407902,407902,2024,532,95887,95887
1400000US06037408003,408003,2024,1222,109221,109221
1400000US06037408004,408004,2024,846,81250,81250
1400000US06037408005,408005,2024,1704,120956,120956
1400000US06037408006,408006,2024,1076,84130,84130
1400000US06037408133,408133,2024,1743,101378,101378
1400000US06037408134,408134,2024,889,111780,111780
1400000US06037408135,408135,2024,1396,89563,89563
1400000US06037408136,408136,2024,1032,128359,128359
1400000US06037408137,408137,2024,1447,90091,90091
1400000US06037408138,408138,2024,1227,81941,81941
1400000US06037408139,408139,2024,799,107050,107050
1400000US06037408140,408140,2024,781,77991,77991
1400000US06037408141,408141,2024,993,102917,102917
1400000US06037408212,408212,2024,1372,81944,81944
1400000US06037408213,408213,2024,1833,78574,78574
1400000US06037408301,408301,2024,1455,80754,80754
1400000US06037408302,408302,2024,991,88068,88068
1400000US06037408303,408303,2024,1256,119375,119375
1400000US06037408401,408401,2024,1228,102500,102500
1400000US06037408402,408402,2024,1886,109828,109828
1400000US06037408503,408503,2024,2000,145921,145921
1400000US06037408504,408504,2024,1442,100227,100227
1400000US06037408505,408505,2024,731,114850,114850
1400000US06037408623,408623,2024,991,110141,110141
1400000US06037408624,408624,2024,1087,118977,118977
1400000US06037408625,408625,2024,1272,132273,132273
1400000US06037408626,408626,2024,1408,105500,105500
1400000US06037408627,408627,2024,879,94353,94353
1400000US06037408628,408628,2024,1908,88021,88021
1400000US06037408629,408629,2024,928,117500,117500
1400000US06037408631,408631,2024,1465,110536,110536
1400000US06037408703,408703,2024,1760,127500,127500
1400000US06037408705,408705,2024,1849,81771,81771
1400000US06037408707,408707,2024,2202,134400,134400
1400000US06037408722,408722,2024,1316,100538,100538
1400000US06037408724,408724,2024,1601,70396,70396
1400000US06037408725,408725,2024,1958,66681,66681
1400000US06037408800,408800,2024,1837,49912,49912
1400000US06037408900,408900,2024,2352,84583,84583
1400000US06037409000,409000,2024,2277,79092,79092
1400000US06037409100,409100,2024,1452,98542,98542
1400000US06037430003,430003,2024,1621,138657,138657
1400000US06037430004,430004,2024,1208,99978,99978
1400000US06037430005,430005,2024,1348,108396,108396
1400000US06037430101,430101,2024,2036,63584,63584
1400000US06037430102,430102,2024,1302,102917,102917
1400000US06037430200,430200,2024,478,131159,131159
1400000US06037430301,430301,2024,1641,147236,147236
1400000US06037430302,430302,2024,2202,103512,103512
1400000US06037430400,430400,2024,1363,182292,182292
1400000US06037430501,430501,2024,1615,195199,195199
1400000US06037430502,430502,2024,3005,113965,113965
1400000US06037430600,430600,2024,1404,173125,173125
1400000US06037430701,430701,2024,1846,104194,104194
1400000US06037430721,430721,2024,1360,82115,82115
1400000US06037430723,430723,2024,1862,90435,90435
1400000US06037430724,430724,2024,1939,105644,105644
1400000US06037430801,430801,2024,2177,96042,96042
1400000US06037430802,430802,2024,1252,138333,138333
1400000US06037430803,430803,2024,1838,109896,109896
1400000US06037430901,430901,2024,1524,85560,85560
1400000US06037430902,430902,2024,1880,103021,103021
1400000US06037431002,431002,2024,1262,88700,88700
1400000US06037431003,431003,2024,1587,89099,89099
1400000US06037431004,431004,2024,1272,84833,84833
1400000US06037431100,431100,2024,2511,82091,82091
1400000US06037431200,431200,2024,1564,93750,93750
1400000US06037431300,431300,2024,870,97083,97083
1400000US06037431400,431400,2024,1242,107222,107222
1400000US06037431501,431501,2024,1415,64931,64931
1400000US06037431502,431502,2024,1453,88229,88229
1400000US06037431600,431600,2024,1387,120511,120511
1400000US06037431701,431701,2024,2181,117887,117887
1400000US06037431800,431800,2024,1839,83021,83021
1400000US06037431900,431900,2024,1297,95066,95066
1400000US06037432001,432001,2024,654,119875,119875
1400000US06037432002,432002,2024,1761,108197,108197
1400000US06037432101,432101,2024,1367,134556,134556
1400000US06037432102,432102,2024,1760,102500,102500
1400000US06037432201,432201,2024,1381,118179,118179
1400000US06037432202,432202,2024,1110,90516,90516
1400000US06037432300,432300,2024,1134,86513,86513
1400000US06037432401,432401,2024,987,90018,90018
1400000US06037432402,432402,2024,1622,66948,66948
1400000US06037432501,432501,2024,1264,85533,85533
1400000US06037432502,432502,2024,942,127188,127188
1400000US06037432601,432601,2024,1761,84479,84479
1400000US06037432602,432602,2024,1131,82699,82699
1400000US06037432700,432700,2024,1468,64864,64864
1400000US06037432801,432801,2024,842,40543,40543
1400000US06037432802,432802,2024,1523,63321,63321
1400000US06037432901,432901,2024,1238,64214,64214
1400000US06037432902,432902,2024,801,84044,84044
1400000US06037433103,433103,2024,1859,66369,66369
1400000US06037433200,433200,2024,1671,58963,58963
1400000US06037433302,433302,2024,511,59375,59375
1400000US06037433304,433304,2024,1214,53200,53200
1400000US06037433305,433305,2024,1226,66218,66218
1400000US06037433306,433306,2024,765,63447,63447
1400000US06037433307,433307,2024,811,82107,82107
1400000US06037433402,433402,2024,1168,69487,69487
1400000US06037433403,433403,2024,1207,51593,51593
1400000US06037433505,433505,2024,1127,62407,62407
1400000US06037433506,433506,2024,1053,50016,50016
1400000US06037433601,433601,2024,1356,78462,78462
1400000US06037433602,433602,2024,871,51250,51250
1400000US06037433803,433803,2024,881,89735,89735
1400000US06037433804,433804,2024,1067,73877,73877
1400000US06037433901,433901,2024,1340,70313,70313
1400000US06037433903,433903,2024,1482,57065,57065
1400000US06037434001,434001,2024,1055,84102,84102
1400000US06037434003,434003,2024,899,76930,76930
1400000US06037434004,434004,2024,723,108319,108319
1400000US06037434100,434100,2024,1598,74135,74135
1400000US06037460001,460001,2024,640,230714,230714
1400000US06037460002,460002,2024,1111,162260,162260
1400000US06037460101,460101,2024,2194,157167,157167
1400000US06037460200,460200,2024,1933,124855,124855
1400000US06037460301,460301,2024,1477,154844,154844
1400000US06037460302,460302,2024,1638,110952,110952
1400000US06037460401,460401,2024,366,125357,125357
1400000US06037460501,460501,2024,1720,233977,233977
1400000US06037460502,460502,2024,1454,250000,250000
1400000US06037460601,460601,2024,1708,239444,239444
1400000US06037460700,460700,2024,1485,220188,220188
1400000US06037460800,460800,2024,1160,250000,250000
1400000US06037460900,460900,2024,1835,96370,96370
1400000US06037461000,461000,2024,1640,115278,115278
1400000US06037461100,461100,2024,1721,136336,136336
1400000US06037461200,461200,2024,1713,186023,186023
1400000US06037461300,461300,2024,2434,97279,97279
1400000US06037461400,461400,2024,1200,98077,98077
1400000US06037461501,461501,2024,1304,87177,87177
1400000US06037461502,461502,2024,1703,75275,75275
1400000US06037461600,461600,2024,1683,84659,84659
1400000US06037461700,461700,2024,615,154926,154926
1400000US06037461901,461901,2024,1694,70109,70109
1400000US06037461902,461902,2024,1411,104750,104750
1400000US06037462001,462001,2024,1246,85000,85000
1400000US06037462002,462002,2024,1195,50240,50240
1400000US06037462100,462100,2024,1679,100516,100516
1400000US06037462201,462201,2024,1966,43167,43167
1400000US06037462202,462202,2024,1872,103963,103963
1400000US06037462301,462301,2024,1824,90030,90030
1400000US06037462302,462302,2024,1663,81829,81829
1400000US06037462400,462400,2024,1400,153333,153333
1400000US06037462500,462500,2024,2768,128214,128214
1400000US06037462600,462600,2024,948,122500,122500
1400000US06037462700,462700,2024,2539,72750,72750
1400000US06037462800,462800,2024,1150,119375,119375
1400000US06037462900,462900,2024,1454,128632,128632
1400000US06037463000,463000,2024,1115,125598,125598
1400000US06037463103,463103,2024,2092,109136,109136
1400000US06037463200,463200,2024,1485,106105,106105
1400000US06037463300,463300,2024,819,123317,123317
1400000US06037463400,463400,2024,2490,125769,125769
1400000US06037463500,463500,2024,2499,80363,80363
1400000US06037463601,463601,2024,3581,83083,83083
1400000US06037463602,463602,2024,3459,115699,115699
1400000US06037463700,463700,2024,1896,188403,188403
1400000US06037463800,463800,2024,1496,215714,215714
1400000US06037463900,463900,2024,1387,132163,132163
1400000US06037464000,464000,2024,2449,144607,144607
1400000US06037464101,464101,2024,837,250000,250000
1400000US06037464102,464102,2024,1200,239052,239052
1400000US06037464200,464200,2024,1873,190991,190991
1400000US06037480002,480002,2024,1288,149861,149861
1400000US06037480011,480011,2024,1781,100039,100039
1400000US06037480012,480012,2024,1651,99375,99375
1400000US06037480101,480101,2024,1365,93828,93828
1400000US06037480102,480102,2024,1311,133625,133625
1400000US06037480201,480201,2024,1317,163304,163304
1400000US06037480202,480202,2024,1076,119318,119318
1400000US06037480302,480302,2024,1592,110000,110000
1400000US06037480303,480303,2024,1642,96105,96105
1400000US06037480304,480304,2024,1814,78165,78165
1400000US06037480400,480400,2024,2425,93341,93341
1400000US06037480500,480500,2024,2155,121620,121620
1400000US06037480601,480601,2024,1636,126563,126563
1400000US06037480602,480602,2024,1647,119479,119479
1400000US06037480702,480702,2024,1673,194023,194023
1400000US06037480703,480703,2024,1293,169844,169844
1400000US06037480704,480704,2024,1816,117065,117065
1400000US06037480802,480802,2024,1116,111375,111375
1400000US06037480803,480803,2024,1156,114531,114531
1400000US06037480804,480804,2024,1929,91291,91291
1400000US06037480901,480901,2024,1567,80877,80877
1400000US06037480902,480902,2024,1405,64932,64932
1400000US06037480903,480903,2024,1100,106250,106250
1400000US06037481001,481001,2024,1645,74018,74018
1400000US06037481002,481002,2024,2152,84261,84261
1400000US06037481101,481101,2024,1479,94550,94550
1400000US06037481102,481102,2024,1328,86037,86037
1400000US06037481103,481103,2024,1893,77565,77565
1400000US06037481201,481201,2024,1239,95169,95169
1400000US06037481203,481203,2024,1906,82644,82644
1400000US06037481300,481300,2024,829,76250,76250
1400000US06037481401,481401,2024,1542,87823,87823
1400000US06037481403,481403,2024,892,77353,77353
1400000US06037481404,481404,2024,1180,81000,81000
1400000US06037481500,481500,2024,1560,82604,82604
1400000US06037481603,481603,2024,1282,93375,93375
1400000US06037481604,481604,2024,1359,79871,79871
1400000US06037481605,481605,2024,1032,82321,82321
1400000US06037481606,481606,2024,1677,75150,75150
1400000US06037481711,481711,2024,1451,51655,51655
1400000US06037481712,481712,2024,1747,46387,46387
1400000US06037481713,481713,2024,1023,74453,74453
1400000US06037481714,481714,2024,1007,42675,42675
1400000US06037481800,481800,2024,847,124219,124219
1400000US06037481901,481901,2024,2017,113607,113607
1400000US06037481902,481902,2024,1108,84700,84700
1400000US06037482001,482001,2024,928,143750,143750
1400000US06037482002,482002,2024,2644,107606,107606
1400000US06037482101,482101,2024,1417,75511,75511
1400000US06037482102,482102,2024,1122,91500,91500
1400000US06037482201,482201,2024,1339,62223,62223
1400000US06037482202,482202,2024,1693,69760,69760
1400000US06037482301,482301,2024,1385,85720,85720
1400000US06037482303,482303,2024,1389,73813,73813
1400000US06037482304,482304,2024,798,55054,55054
1400000US06037482401,482401,2024,1012,70938,70938
1400000US06037482403,482403,2024,908,69265,69265
1400000US06037482404,482404,2024,1238,61755,61755
1400000US06037482502,482502,2024,867,62236,62236
1400000US06037482503,482503,2024,1070,82662,82662
1400000US06037482521,482521,2024,1539,79464,79464
1400000US06037482522,482522,2024,1582,90952,90952
1400000US06037482600,482600,2024,2225,114493,114493
1400000US06037482701,482701,2024,1371,78250,78250
1400000US06037482702,482702,2024,852,121146,121146
1400000US06037482801,482801,2024,1293,92697,92697
1400000US06037500100,500100,2024,1128,190107,190107
1400000US06037500202,500202,2024,1478,158750,158750
1400000US06037500203,500203,2024,1300,184286,184286
1400000US06037500204,500204,2024,958,160682,160682
1400000US06037500300,500300,2024,1124,116719,116719
1400000US06037500402,500402,2024,1229,67004,67004
1400000US06037500403,500403,2024,1059,82279,82279
1400000US06037500404,500404,2024,1246,104844,104844
1400000US06037500500,500500,2024,814,66818,66818
1400000US06037500600,500600,2024,1210,114018,114018
1400000US06037500700,500700,2024,1762,79911,79911
1400000US06037500800,500800,2024,1381,111406,111406
1400000US06037500900,500900,2024,1835,70117,70117
1400000US06037501001,501001,2024,734,108594,108594
1400000US06037501002,501002,2024,1277,116197,116197
1400000US06037501200,501200,2024,1473,113079,113079
1400000US06037501301,501301,2024,1109,90417,90417
1400000US06037501302,501302,2024,1606,103478,103478
1400000US06037501400,501400,2024,1112,87273,87273
1400000US06037501501,501501,2024,821,144250,144250
1400000US06037501503,501503,2024,1941,91820,91820
1400000US06037501504,501504,2024,1507,56576,56576
1400000US06037501600,501600,2024,2216,104333,104333
1400000US06037501700,501700,2024,1378,101512,101512
1400000US06037501802,501802,2024,1244,95909,95909
1400000US06037501803,501803,2024,1415,60399,60399
1400000US06037501804,501804,2024,733,62832,62832
1400000US06037501900,501900,2024,1334,112143,112143
1400000US06037502003,502003,2024,719,64088,64088
1400000US06037502004,502004,2024,965,68110,68110
1400000US06037502005,502005,2024,1188,108889,108889
1400000US06037502100,502100,2024,1952,95372,95372
1400000US06037502200,502200,2024,1867,121625,121625
1400000US06037502303,502303,2024,1903,87764,87764
1400000US06037502401,502401,2024,1354,73214,73214
1400000US06037502402,502402,2024,992,94429,94429
1400000US06037502500,502500,2024,1111,90313,90313
1400000US06037502602,502602,2024,1316,78967,78967
1400000US06037502603,502603,2024,799,99727,99727
1400000US06037502604,502604,2024,1110,101111,101111
1400000US06037502700,502700,2024,2024,93051,93051
1400000US06037502801,502801,2024,1731,110871,110871
1400000US06037502901,502901,2024,1558,121780,121780
1400000US06037503000,503000,2024,1379,85865,85865
1400000US06037503103,503103,2024,1261,103363,103363
1400000US06037503104,503104,2024,677,86577,86577
1400000US06037503105,503105,2024,999,101484,101484
1400000US06037503106,503106,2024,1118,89958,89958
1400000US06037503201,503201,2024,1027,106655,106655
1400000US06037503202,503202,2024,1326,108779,108779
1400000US06037503301,503301,2024,1082,136678,136678
1400000US06037503302,503302,2024,1777,97519,97519
1400000US06037503401,503401,2024,2212,109356,109356
1400000US06037503402,503402,2024,1308,111932,111932
1400000US06037503501,503501,2024,1949,102905,102905
1400000US06037503502,503502,2024,1098,102500,102500
1400000US06037503601,503601,2024,1255,106856,106856
1400000US06037503602,503602,2024,1212,151176,151176
1400000US06037503701,503701,2024,1632,106250,106250
1400000US06037503702,503702,2024,1700,125417,125417
1400000US06037503704,503704,2024,1976,68273,68273
1400000US06037503705,503705,2024,1108,116850,116850
1400000US06037503801,503801,2024,1241,95694,95694
1400000US06037503802,503802,2024,1820,107965,107965
1400000US06037503901,503901,2024,728,130750,130750
1400000US06037503902,503902,2024,1532,139451,139451
1400000US06037504001,504001,2024,1494,65698,65698
1400000US06037504002,504002,2024,1495,129635,129635
1400000US06037504101,504101,2024,1443,101025,101025
1400000US06037504200,504200,2024,2445,64554,64554
1400000US06037530005,530005,2024,1354,131500,131500
1400000US06037530006,530006,2024,1665,87679,87679
1400000US06037530007,530007,2024,2194,86532,86532
1400000US06037530101,530101,2024,1752,51842,51842
1400000US06037530102,530102,2024,1674,69917,69917
1400000US06037530202,530202,2024,1354,83000,83000
1400000US06037530203,530203,2024,984,58393,58393
1400000US06037530204,530204,2024,1139,78646,78646
1400000US06037530301,530301,2024,574,60588,60588
1400000US06037530302,530302,2024,1876,59454,59454
1400000US06037530400,530400,2024,1165,39320,39320
1400000US06037530500,530500,2024,1090,73452,73452
1400000US06037530603,530603,2024,1140,77109,77109
1400000US06037530700,530700,2024,540,102981,102981
1400000US06037530801,530801,2024,1287,107796,107796
1400000US06037530802,530802,2024,840,79583,79583
1400000US06037530901,530901,2024,920,70909,70909
1400000US06037530902,530902,2024,1166,36548,36548
1400000US06037531000,531000,2024,1186,86098,86098
1400000US06037531101,531101,2024,1080,64942,64942
1400000US06037531102,531102,2024,782,63571,63571
1400000US06037531201,531201,2024,1050,67167,67167
1400000US06037531202,531202,2024,1187,68173,68173
1400000US06037531301,531301,2024,1391,56789,56789
1400000US06037531302,531302,2024,1381,62961,62961
1400000US06037531502,531502,2024,751,51641,51641
1400000US06037531503,531503,2024,826,69653,69653
1400000US06037531504,531504,2024,995,61708,61708
1400000US06037531602,531602,2024,960,71574,71574
1400000US06037531603,531603,2024,915,72574,72574
1400000US06037531604,531604,2024,795,57596,57596
1400000US06037531701,531701,2024,1375,74430,74430
1400000US06037531702,531702,2024,1313,76083,76083
1400000US06037531800,531800,2024,1313,102718,102718
1400000US06037531901,531901,2024,1789,67188,67188
1400000US06037531902,531902,2024,1018,93396,93396
1400000US06037532001,532001,2024,948,56645,56645
1400000US06037532002,532002,2024,1051,82750,82750
1400000US06037532101,532101,2024,1973,56989,56989
1400000US06037532102,532102,2024,973,104688,104688
1400000US06037532200,532200,2024,1688,88393,88393
1400000US06037532302,532302,2024,1109,74602,74602
1400000US06037532303,532303,2024,1211,80481,80481
1400000US06037532304,532304,2024,1030,68551,68551
1400000US06037532500,532500,2024,1134,60043,60043
1400000US06037532605,532605,2024,1240,43036,43036
1400000US06037532606,532606,2024,1191,53785,53785
1400000US06037532607,532607,2024,1403,55527,55527
1400000US06037532700,532700,2024,704,66406,66406
1400000US06037532800,532800,2024,923,56791,56791
1400000US06037532900,532900,2024,1603,43750,43750
1400000US06037533001,533001,2024,1128,76250,76250
1400000US06037533002,533002,2024,589,63242,63242
1400000US06037533103,533103,2024,787,60859,60859
1400000US06037533104,533104,2024,1234,43140,43140
1400000US06037533105,533105,2024,624,51887,51887
1400000US06037533108,533108,2024,1313,60337,60337
1400000US06037533201,533201,2024,654,70147,70147
1400000US06037533204,533204,2024,1042,75714,75714
1400000US06037533300,533300,2024,870,49773,49773
1400000US06037533401,533401,2024,1214,61618,61618
1400000US06037533402,533402,2024,1015,58350,58350
1400000US06037533403,533403,2024,777,70767,70767
1400000US06037533501,533501,2024,799,73750,73750
1400000US06037533504,533504,2024,938,62446,62446
1400000US06037533601,533601,2024,1218,65849,65849
1400000US06037533602,533602,2024,1396,62432,62432
1400000US06037533603,533603,2024,1727,48271,48271
1400000US06037533701,533701,2024,843,58694,58694
1400000US06037533702,533702,2024,932,67813,67813
1400000US06037533703,533703,2024,930,58750,58750
1400000US06037533803,533803,2024,1650,49588,49588
1400000US06037533804,533804,2024,1069,76599,76599
1400000US06037533805,533805,2024,1102,62350,62350
1400000US06037533806,533806,2024,966,66677,66677
1400000US06037533901,533901,2024,1380,62829,62829
1400000US06037533902,533902,2024,1015,60221,60221
1400000US06037534001,534001,2024,1343,71052,71052
1400000US06037534002,534002,2024,948,89672,89672
1400000US06037534101,534101,2024,474,65119,65119
1400000US06037534102,534102,2024,1481,47018,47018
1400000US06037534201,534201,2024,1007,58826,58826
1400000US06037534202,534202,2024,1207,57614,57614
1400000US06037534203,534203,2024,858,52500,52500
1400000US06037534301,534301,2024,1026,51859,51859
1400000US06037534302,534302,2024,926,66149,66149
1400000US06037534403,534403,2024,839,64656,64656
1400000US06037534404,534404,2024,912,56500,56500
1400000US06037534405,534405,2024,949,71645,71645
1400000US06037534406,534406,2024,1135,44583,44583
1400000US06037534501,534501,2024,1321,72074,72074
1400000US06037534502,534502,2024,973,92625,92625
1400000US06037534700,534700,2024,963,84150,84150
1400000US06037534802,534802,2024,599,73413,73413
1400000US06037534803,534803,2024,1194,82130,82130
1400000US06037534804,534804,2024,982,74881,74881
1400000US06037534900,534900,2024,1394,74145,74145
1400000US06037535001,535001,2024,906,59444,59444
1400000US06037535002,535002,2024,913,50754,50754
1400000US06037535101,535101,2024,1867,68537,68537
1400000US06037535102,535102,2024,1080,64959,64959
1400000US06037535200,535200,2024,1280,81000,81000
1400000US06037535300,535300,2024,1379,73750,73750
1400000US06037535400,535400,2024,735,68514,68514
1400000US06037535501,535501,2024,959,58849,58849
1400000US06037535502,535502,2024,1311,66969,66969
1400000US06037535503,535503,2024,703,81875,81875
1400000US06037535603,535603,2024,1054,47647,47647
1400000US06037535604,535604,2024,1064,74583,74583
1400000US06037535605,535605,2024,1190,71111,71111
1400000US06037535606,535606,2024,516,65658,65658
1400000US06037535607,535607,2024,1097,74187,74187
1400000US06037535701,535701,2024,1540,84167,84167
1400000US06037535702,535702,2024,1441,73236,73236
1400000US06037535802,535802,2024,1600,100694,100694
1400000US06037535803,535803,2024,992,74130,74130
1400000US06037535804,535804,2024,1537,81103,81103
1400000US06037535901,535901,2024,1690,64598,64598
1400000US06037535902,535902,2024,1472,100947,100947
1400000US06037536000,536000,2024,1010,50000,50000
1400000US06037536102,536102,2024,1112,80116,80116
1400000US06037536103,536103,2024,1471,75583,75583
1400000US06037536104,536104,2024,1138,68750,68750
1400000US06037536201,536201,2024,1070,103214,103214
1400000US06037536202,536202,2024,1232,77500,77500
1400000US06037540000,540000,2024,1540,61595,61595
1400000US06037540101,540101,2024,1541,90179,90179
1400000US06037540102,540102,2024,1353,118380,118380
1400000US06037540201,540201,2024,535,60231,60231
1400000US06037540202,540202,2024,1564,67767,67767
1400000US06037540203,540203,2024,1277,84196,84196
1400000US06037540300,540300,2024,1193,75964,75964
1400000US06037540400,540400,2024,509,86895,86895
1400000US06037540501,540501,2024,973,82933,82933
1400000US06037540502,540502,2024,1662,61534,61534
1400000US06037540600,540600,2024,1220,34211,34211
1400000US06037540700,540700,2024,993,71563,71563
1400000US06037540800,540800,2024,1577,84688,84688
1400000US06037540901,540901,2024,1230,85500,85500
1400000US06037540902,540902,2024,1487,85307,85307
1400000US06037541003,541003,2024,1392,80208,80208
1400000US06037541100,541100,2024,986,93782,93782
1400000US06037541200,541200,2024,1871,82414,82414
1400000US06037541300,541300,2024,1460,100882,100882
1400000US06037541401,541401,2024,931,68728,68728
1400000US06037541402,541402,2024,812,57727,57727
1400000US06037541500,541500,2024,1357,64055,64055
1400000US06037541603,541603,2024,688,69405,69405
1400000US06037541604,541604,2024,1345,60804,60804
1400000US06037541605,541605,2024,1539,68805,68805
1400000US06037541606,541606,2024,628,51667,51667
1400000US06037541700,541700,2024,1370,87157,87157
1400000US06037541801,541801,2024,1122,67188,67188
1400000US06037541802,541802,2024,1254,84010,84010
1400000US06037542000,542000,2024,1162,100256,100256
1400000US06037542103,542103,2024,795,69950,69950
1400000US06037542104,542104,2024,897,74099,74099
1400000US06037542105,542105,2024,1148,64202,64202
1400000US06037542106,542106,2024,744,55625,55625
1400000US06037542200,542200,2024,1495,78203,78203
1400000US06037542401,542401,2024,1081,59960,59960
1400000US06037542402,542402,2024,947,88705,88705
1400000US06037542501,542501,2024,1294,90281,90281
1400000US06037542502,542502,2024,1278,65917,65917
1400000US06037542601,542601,2024,783,73281,73281
1400000US06037542602,542602,2024,1327,59469,59469
1400000US06037542700,542700,2024,1383,80523,80523
1400000US06037542800,542800,2024,959,71528,71528
1400000US06037542900,542900,2024,801,97936,97936
1400000US06037543000,543000,2024,1290,84786,84786
1400000US06037543100,543100,2024,1810,107552,107552
1400000US06037543201,543201,2024,847,103850,103850
1400000US06037543203,543203,2024,1091,46144,46144
1400000US06037543304,543304,2024,2158,113438,113438
1400000US06037543305,543305,2024,1161,97195,97195
1400000US06037543306,543306,2024,1876,103209,103209
1400000US06037543321,543321,2024,2068,125789,125789
1400000US06037543322,543322,2024,2137,122001,122001
1400000US06037543400,543400,2024,969,103575,103575
1400000US06037543501,543501,2024,1964,97231,97231
1400000US06037543502,543502,2024,1765,100284,100284
1400000US06037543503,543503,2024,1997,100580,100580
1400000US06037543601,543601,2024,1083,109844,109844
1400000US06037543603,543603,2024,1521,83521,83521
1400000US06037543605,543605,2024,1580,93636,93636
1400000US06037543606,543606,2024,1366,75192,75192
1400000US06037543607,543607,2024,1373,112614,112614
1400000US06037543701,543701,2024,744,145690,145690
1400000US06037543703,543703,2024,1143,120025,120025
1400000US06037543704,543704,2024,866,102925,102925
1400000US06037543705,543705,2024,983,106393,106393
1400000US06037543801,543801,2024,1373,107623,107623
1400000US06037543803,543803,2024,1647,95529,95529
1400000US06037543804,543804,2024,911,128350,128350
1400000US06037543903,543903,2024,1081,134856,134856
1400000US06037543905,543905,2024,1092,92212,92212
1400000US06037544001,544001,2024,1247,97880,97880
1400000US06037544002,544002,2024,860,105667,105667
1400000US06037550101,550101,2024,999,120789,120789
1400000US06037550201,550201,2024,798,96000,96000
1400000US06037550202,550202,2024,1421,109205,109205
1400000US06037550301,550301,2024,1084,83561,83561
1400000US06037550501,550501,2024,1105,78902,78902
1400000US06037550502,550502,2024,1301,136349,136349
1400000US06037550601,550601,2024,1934,97579,97579
1400000US06037550602,550602,2024,1181,128393,128393
1400000US06037550700,550700,2024,2069,94327,94327
1400000US06037550801,550801,2024,1620,113889,113889
1400000US06037550802,550802,2024,611,84361,84361
1400000US06037550901,550901,2024,1390,90200,90200
1400000US06037550902,550902,2024,1916,84181,84181
1400000US06037551001,551001,2024,952,83895,83895
1400000US06037551002,551002,2024,1420,107400,107400
1400000US06037551101,551101,2024,1266,76552,76552
1400000US06037551102,551102,2024,1880,61713,61713
1400000US06037551201,551201,2024,1218,80833,80833
1400000US06037551203,551203,2024,1116,91845,91845
1400000US06037551204,551204,2024,1110,72531,72531
1400000US06037551300,551300,2024,1766,71741,71741
1400000US06037551401,551401,2024,1317,97463,97463
1400000US06037551402,551402,2024,1458,94643,94643
1400000US06037551501,551501,2024,1443,101094,101094
1400000US06037551502,551502,2024,1419,95655,95655
1400000US06037551700,551700,2024,1721,87471,87471
1400000US06037551801,551801,2024,962,96090,96090
1400000US06037551802,551802,2024,1359,85772,85772
1400000US06037551900,551900,2024,1430,111020,111020
1400000US06037552001,552001,2024,1035,103006,103006
1400000US06037552002,552002,2024,998,105750,105750
1400000US06037552100,552100,2024,1834,77350,77350
1400000US06037552200,552200,2024,1679,66827,66827
1400000US06037552301,552301,2024,1223,86125,86125
1400000US06037552302,552302,2024,1362,81705,81705
1400000US06037552400,552400,2024,550,80217,80217
1400000US06037552601,552601,2024,1141,97946,97946
1400000US06037552602,552602,2024,1022,115227,115227
1400000US06037552700,552700,2024,1670,106250,106250
1400000US06037552800,552800,2024,1676,117935,117935
1400000US06037552900,552900,2024,2001,83365,83365
1400000US06037553000,553000,2024,1138,147083,147083
1400000US06037553100,553100,2024,1893,109401,109401
1400000US06037553201,553201,2024,986,100357,100357
1400000US06037553202,553202,2024,925,93295,93295
1400000US06037553300,553300,2024,956,102336,102336
1400000US06037553400,553400,2024,992,111400,111400
1400000US06037553502,553502,2024,1253,80348,80348
1400000US06037553503,553503,2024,825,59375,59375
1400000US06037553504,553504,2024,1335,81984,81984
1400000US06037553601,553601,2024,1306,69655,69655
1400000US06037553602,553602,2024,1383,93190,93190
1400000US06037553701,553701,2024,940,71250,71250
1400000US06037553702,553702,2024,1254,66570,66570
1400000US06037553801,553801,2024,1017,66250,66250
1400000US06037553802,553802,2024,2091,64875,64875
1400000US06037553901,553901,2024,1595,87683,87683
1400000US06037553902,553902,2024,1619,77548,77548
1400000US06037554001,554001,2024,1287,89959,89959
1400000US06037554002,554002,2024,1709,83953,83953
1400000US06037554101,554101,2024,953,70087,70087
1400000US06037554105,554105,2024,1502,48553,48553
1400000US06037554106,554106,2024,1268,85000,85000
1400000US06037554201,554201,2024,1068,94457,94457
1400000US06037554203,554203,2024,1218,72083,72083
1400000US06037554204,554204,2024,1794,41750,41750
1400000US06037554301,554301,2024,1017,85694,85694
1400000US06037554302,554302,2024,1082,73882,73882
1400000US06037554403,554403,2024,1741,70736,70736
1400000US06037554404,554404,2024,1314,75972,75972
1400000US06037554405,554405,2024,1472,49342,49342
1400000US06037554406,554406,2024,1617,89562,89562
1400000US06037554511,554511,2024,1159,146250,146250
1400000US06037554512,554512,2024,2308,181179,181179
1400000US06037554513,554513,2024,832,143594,143594
1400000US06037554514,554514,2024,1615,146946,146946
1400000US06037554515,554515,2024,1183,89161,89161
1400000US06037554516,554516,2024,1244,165357,165357
1400000US06037554517,554517,2024,1429,136435,136435
1400000US06037554518,554518,2024,1589,117120,117120
1400000US06037554519,554519,2024,1190,115058,115058
1400000US06037554521,554521,2024,1981,122148,122148
1400000US06037554522,554522,2024,1535,122243,122243
1400000US06037554600,554600,2024,1274,101563,101563
1400000US06037554700,554700,2024,978,119688,119688
1400000US06037554801,554801,2024,771,113047,113047
1400000US06037554802,554802,2024,1814,109000,109000
1400000US06037554900,554900,2024,1928,91471,91471
1400000US06037555001,555001,2024,1582,92967,92967
1400000US06037555002,555002,2024,1233,88285,88285
1400000US06037555105,555105,2024,1759,108199,108199
1400000US06037555106,555106,2024,999,49041,49041
1400000US06037555107,555107,2024,1868,84222,84222
1400000US06037555202,555202,2024,1129,144583,144583
1400000US06037555211,555211,2024,1482,90962,90962
1400000US06037555212,555212,2024,1467,79078,79078
1400000US06037555300,555300,2024,1063,114698,114698
1400000US06037570001,570001,2024,1534,137500,137500
1400000US06037570002,570002,2024,845,127321,127321
1400000US06037570003,570003,2024,1310,126389,126389
1400000US06037570100,570100,2024,739,113478,113478
1400000US06037570202,570202,2024,1715,72702,72702
1400000US06037570203,570203,2024,1251,57094,57094
1400000US06037570204,570204,2024,1302,77609,77609
1400000US06037570303,570303,2024,1273,64848,64848
1400000US06037570304,570304,2024,1578,64188,64188
1400000US06037570305,570305,2024,1643,67545,67545
1400000US06037570306,570306,2024,885,108368,108368
1400000US06037570402,570402,2024,968,103953,103953
1400000US06037570403,570403,2024,1069,69391,69391
1400000US06037570404,570404,2024,911,80505,80505
1400000US06037570502,570502,2024,1926,102222,102222
1400000US06037570503,570503,2024,1144,87960,87960
1400000US06037570504,570504,2024,945,92375,92375
1400000US06037570601,570601,2024,1651,98783,98783
1400000US06037570602,570602,2024,1694,86645,86645
1400000US06037570603,570603,2024,1681,46339,46339
1400000US06037570701,570701,2024,2534,101975,101975
1400000US06037570703,570703,2024,940,116974,116974
1400000US06037570800,570800,2024,1677,130625,130625
1400000US06037570901,570901,2024,1812,121071,121071
1400000US06037570902,570902,2024,1165,147063,147063
1400000US06037571000,571000,2024,1861,132196,132196
1400000US06037571101,571101,2024,1680,130982,130982
1400000US06037571102,571102,2024,1169,140574,140574
1400000US06037571201,571201,2024,1434,179148,179148
1400000US06037571202,571202,2024,1528,104821,104821
1400000US06037571300,571300,2024,1553,136806,136806
1400000US06037571400,571400,2024,1726,120588,120588
1400000US06037571502,571502,2024,1818,102981,102981
1400000US06037571504,571504,2024,2037,89880,89880
1400000US06037571505,571505,2024,949,95871,95871
1400000US06037571600,571600,2024,850,31402,31402
1400000US06037571701,571701,2024,1727,81867,81867
1400000US06037571703,571703,2024,1057,67750,67750
1400000US06037571704,571704,2024,1230,63021,63021
1400000US06037571800,571800,2024,1192,131204,131204
1400000US06037571900,571900,2024,2355,165625,165625
1400000US06037572001,572001,2024,2290,130929,130929
1400000US06037572201,572201,2024,1990,89545,89545
1400000US06037572202,572202,2024,1046,138134,138134
1400000US06037572301,572301,2024,891,103576,103576
1400000US06037572500,572500,2024,1597,58354,58354
1400000US06037572600,572600,2024,1208,121746,121746
1400000US06037572700,572700,2024,1393,89375,89375
1400000US06037573002,573002,2024,1051,62066,62066
1400000US06037573003,573003,2024,628,97375,97375
1400000US06037573004,573004,2024,1602,65294,65294
1400000US06037573101,573101,2024,1400,64194,64194
1400000US06037573102,573102,2024,1033,99547,99547
1400000US06037573201,573201,2024,1171,54953,54953
1400000US06037573202,573202,2024,1728,89613,89613
1400000US06037573300,573300,2024,1010,57115,57115
1400000US06037573401,573401,2024,464,87708,87708
1400000US06037573402,573402,2024,2714,84831,84831
1400000US06037573403,573403,2024,1367,141950,141950
1400000US06037573601,573601,2024,2389,134436,134436
1400000US06037573700,573700,2024,1715,154266,154266
1400000US06037573800,573800,2024,1515,135434,135434
1400000US06037573902,573902,2024,939,155724,155724
1400000US06037574000,574000,2024,2017,140320,140320
1400000US06037574100,574100,2024,1816,135774,135774
1400000US06037574201,574201,2024,1069,134821,134821
1400000US06037574202,574202,2024,732,123782,123782
1400000US06037574300,574300,2024,2211,119009,119009
1400000US06037574400,574400,2024,2022,130455,130455
1400000US06037574500,574500,2024,2354,161653,161653
1400000US06037574602,574602,2024,584,158500,158500
1400000US06037574800,574800,2024,1576,108321,108321
1400000US06037574901,574901,2024,1447,140144,140144
1400000US06037574902,574902,2024,1946,88871,88871
1400000US06037575001,575001,2024,1797,96677,96677
1400000US06037575002,575002,2024,1961,102083,102083
1400000US06037575101,575101,2024,1584,65181,65181
1400000US06037575102,575102,2024,1280,55278,55278
1400000US06037575103,575103,2024,2198,59259,59259
1400000US06037575201,575201,2024,1315,54327,54327
1400000US06037575202,575202,2024,1191,63661,63661
1400000US06037575300,575300,2024,1315,45481,45481
1400000US06037575401,575401,2024,1162,50852,50852
1400000US06037575402,575402,2024,1149,72623,72623
1400000US06037575801,575801,2024,728,48696,48696
1400000US06037575802,575802,2024,1650,60863,60863
1400000US06037575803,575803,2024,1253,25268,25268
1400000US06037575901,575901,2024,1551,51297,51297
1400000US06037575902,575902,2024,3495,60904,60904
1400000US06037576001,576001,2024,3946,105933,105933
1400000US06037576200,576200,2024,3215,63250,63250
1400000US06037576301,576301,2024,1979,67594,67594
1400000US06037576302,576302,2024,1093,54095,54095
1400000US06037576401,576401,2024,1261,63860,63860
1400000US06037576402,576402,2024,1380,55313,55313
1400000US06037576403,576403,2024,1347,74356,74356
1400000US06037576501,576501,2024,1429,46172,46172
1400000US06037576502,576502,2024,2187,82569,82569
1400000US06037576503,576503,2024,1535,69345,69345
1400000US06037576601,576601,2024,2505,76560,76560
1400000US06037576602,576602,2024,2725,86916,86916
1400000US06037576700,576700,2024,2208,104483,104483
1400000US06037576801,576801,2024,1823,78627,78627
1400000US06037576802,576802,2024,1859,100871,100871
1400000US06037576901,576901,2024,1831,68422,68422
1400000US06037576903,576903,2024,1477,75302,75302
1400000US06037576904,576904,2024,1209,72442,72442
1400000US06037577000,577000,2024,3315,85020,85020
1400000US06037577100,577100,2024,3441,97094,97094
1400000US06037577200,577200,2024,3210,109805,109805
1400000US06037577300,577300,2024,3792,108548,108548
1400000US06037577400,577400,2024,1523,137098,137098
1400000US06037577501,577501,2024,1654,134896,134896
1400000US06037577504,577504,2024,689,101938,101938
1400000US06037577602,577602,2024,1605,110964,110964
1400000US06037577604,577604,2024,806,107195,107195
1400000US06037577605,577605,2024,1998,168750,168750
1400000US06037577606,577606,2024,1617,140792,140792
1400000US06037577700,577700,2024,1271,98125,98125
1400000US06037577800,577800,2024,1376,121250,121250
1400000US06037577900,577900,2024,2389,81528,81528
1400000US06037578000,578000,2024,1489,58504,58504
1400000US06037578100,578100,2024,0,,
1400000US06037599000,599000,2024,1308,101288,101288
1400000US06037599100,599100,2024,66,118882,118882
1400000US06037600100,600100,2024,2100,56102,56102
1400000US06037600201,600201,2024,1198,64583,64583
1400000US06037600202,600202,2024,2272,33134,33134
1400000US06037600302,600302,2024,986,76288,76288
1400000US06037600303,600303,2024,1281,35573,35573
1400000US06037600304,600304,2024,971,61378,61378
1400000US06037600400,600400,2024,1521,41726,41726
1400000US06037600501,600501,2024,906,95645,95645
1400000US06037600601,600601,2024,876,103333,103333
1400000US06037600602,600602,2024,721,66541,66541
1400000US06037600702,600702,2024,1686,116071,116071
1400000US06037600703,600703,2024,836,92826,92826
1400000US06037600704,600704,2024,1170,79630,79630
1400000US06037600801,600801,2024,1271,139494,139494
1400000US06037600802,600802,2024,1170,69018,69018
1400000US06037600902,600902,2024,2649,64163,64163
1400000US06037600911,600911,2024,1102,75167,75167
1400000US06037600912,600912,2024,1501,77637,77637
1400000US06037601001,601001,2024,1307,64650,64650
1400000US06037601002,601002,2024,2085,62986,62986
1400000US06037601100,601100,2024,2040,61563,61563
1400000US06037601202,601202,2024,1114,88750,88750
1400000US06037601211,601211,2024,1097,52788,52788
1400000US06037601212,601212,2024,1986,61023,61023
1400000US06037601301,601301,2024,777,126307,126307
1400000US06037601302,601302,2024,2683,78608,78608
1400000US06037601303,601303,2024,2234,43010,43010
1400000US06037601401,601401,2024,1903,62042,62042
1400000US06037601402,601402,2024,1328,82917,82917
1400000US06037601501,601501,2024,936,52708,52708
1400000US06037601502,601502,2024,925,66801,66801
1400000US06037601600,601600,2024,1294,51250,51250
1400000US06037601700,601700,2024,1294,52938,52938
1400000US06037601801,601801,2024,850,57098,57098
1400000US06037601802,601802,2024,873,85590,85590
1400000US06037601900,601900,2024,1325,68518,68518
1400000US06037602002,602002,2024,886,82770,82770
1400000US06037602003,602003,2024,1244,77736,77736
1400000US06037602103,602103,2024,1922,56660,56660
1400000US06037602104,602104,2024,1663,71959,71959
1400000US06037602105,602105,2024,1455,64276,64276
1400000US06037602106,602106,2024,2352,84431,84431
1400000US06037602201,602201,2024,1626,141857,141857
1400000US06037602202,602202,2024,991,81719,81719
1400000US06037602301,602301,2024,1979,130163,130163
1400000US06037602302,602302,2024,1836,176066,176066
1400000US06037602402,602402,2024,2063,102917,102917
1400000US06037602403,602403,2024,1511,74883,74883
1400000US06037602404,602404,2024,1854,56165,56165
1400000US06037602504,602504,2024,1819,64984,64984
1400000US06037602505,602505,2024,1604,66250,66250
1400000US06037602506,602506,2024,1810,76826,76826
1400000US06037602507,602507,2024,1912,51446,51446
1400000US06037602510,602510,2024,1270,47231,47231
1400000US06037602511,602511,2024,1519,57625,57625
1400000US06037602512,602512,2024,582,83920,83920
1400000US06037602513,602513,2024,496,66406,66406
1400000US06037602601,602601,2024,1613,104125,104125
1400000US06037602602,602602,2024,1058,57708,57708
1400000US06037602700,602700,2024,1296,114702,114702
1400000US06037602801,602801,2024,1325,55329,55329
1400000US06037602802,602802,2024,1286,97961,97961
1400000US06037602900,602900,2024,1392,106083,106083
1400000US06037603004,603004,2024,611,76696,76696
1400000US06037603005,603005,2024,1962,75459,75459
1400000US06037603006,603006,2024,839,73242,73242
1400000US06037603007,603007,2024,1185,80035,80035
1400000US06037603008,603008,2024,1136,74280,74280
1400000US06037603101,603101,2024,1604,98017,98017
1400000US06037603102,603102,2024,1274,68300,68300
1400000US06037603200,603200,2024,1318,111711,111711
1400000US06037603301,603301,2024,1444,75217,75217
1400000US06037603302,603302,2024,1626,88889,88889
1400000US06037603400,603400,2024,1438,96508,96508
1400000US06037603500,603500,2024,908,84712,84712
1400000US06037603600,603600,2024,1414,96932,96932
1400000US06037603702,603702,2024,1711,111845,111845
1400000US06037603703,603703,2024,864,131023,131023
1400000US06037603705,603705,2024,927,76622,76622
1400000US06037603706,603706,2024,1049,69476,69476
1400000US06037603801,603801,2024,1526,69706,69706
1400000US06037603802,603802,2024,1072,86744,86744
1400000US06037603901,603901,2024,1327,133378,133378
1400000US06037603902,603902,2024,1095,77199,77199
1400000US06037604001,604001,2024,1222,79167,79167
1400000US06037604002,604002,2024,1533,85967,85967
1400000US06037604101,604101,2024,1112,72051,72051
1400000US06037604102,604102,2024,851,87891,87891
1400000US06037604200,604200,2024,1736,75880,75880
1400000US06037609900,609900,2024,648,91429,91429
1400000US06037620001,620001,2024,1741,164141,164141
1400000US06037620002,620002,2024,1540,150458,150458
1400000US06037620101,620101,2024,2208,123261,123261
1400000US06037620102,620102,2024,1948,158816,158816
1400000US06037620201,620201,2024,850,196563,196563
1400000US06037620301,620301,2024,1460,241250,241250
1400000US06037620303,620303,2024,1858,217083,217083
1400000US06037620305,620305,2024,2379,211158,211158
1400000US06037620400,620400,2024,2028,172188,172188
1400000US06037620501,620501,2024,2171,182560,182560
1400000US06037620521,620521,2024,1784,126071,126071
1400000US06037620522,620522,2024,1822,138617,138617
1400000US06037620601,620601,2024,2246,132416,132416
1400000US06037620602,620602,2024,2068,158000,158000
1400000US06037620701,620701,2024,2859,205080,205080
1400000US06037620703,620703,2024,1192,248207,248207
1400000US06037620704,620704,2024,1203,194597,194597
1400000US06037620801,620801,2024,1331,219188,219188
1400000US06037620802,620802,2024,1362,191250,191250
1400000US06037620901,620901,2024,1042,250000,250000
1400000US06037620904,620904,2024,1059,212359,212359
1400000US06037621001,621001,2024,2073,175699,175699
1400000US06037621005,621005,2024,2558,156261,156261
1400000US06037621102,621102,2024,1212,183958,183958
1400000US06037621104,621104,2024,3091,145515,145515
1400000US06037621201,621201,2024,2988,147083,147083
1400000US06037621204,621204,2024,1755,98909,98909
1400000US06037621301,621301,2024,2959,121763,121763
1400000US06037621324,621324,2024,1820,120577,120577
1400000US06037621326,621326,2024,1703,113646,113646
1400000US06037621400,621400,2024,1737,173466,173466
1400000US06037650001,650001,2024,2352,105573,105573
1400000US06037650003,650003,2024,1223,96182,96182
1400000US06037650004,650004,2024,1518,103800,103800
1400000US06037650101,650101,2024,1964,100500,100500
1400000US06037650102,650102,2024,716,127628,127628
1400000US06037650200,650200,2024,1847,150742,150742
1400000US06037650300,650300,2024,2483,81885,81885
1400000US06037650401,650401,2024,1529,142566,142566
1400000US06037650501,650501,2024,938,163750,163750
1400000US06037650502,650502,2024,1595,150241,150241
1400000US06037650603,650603,2024,1483,125417,125417
1400000US06037650604,650604,2024,2714,69970,69970
1400000US06037650605,650605,2024,1022,114531,114531
1400000US06037650606,650606,2024,1635,87031,87031
1400000US06037650607,650607,2024,1001,102049,102049
1400000US06037650701,650701,2024,967,163417,163417
1400000US06037650702,650702,2024,1617,158493,158493
1400000US06037650801,650801,2024,1476,146406,146406
1400000US06037650802,650802,2024,1370,130532,130532
1400000US06037650901,650901,2024,2254,104861,104861
1400000US06037650903,650903,2024,1772,93643,93643
1400000US06037650904,650904,2024,959,126645,126645
1400000US06037651001,651001,2024,1976,123191,123191
1400000US06037651002,651002,2024,1722,119868,119868
1400000US06037651101,651101,2024,1737,126535,126535
1400000US06037651102,651102,2024,1817,84688,84688
1400000US06037651201,651201,2024,1653,162875,162875
1400000US06037651221,651221,2024,1383,99844,99844
1400000US06037651222,651222,2024,2373,105276,105276
1400000US06037651302,651302,2024,2185,150237,150237
1400000US06037651304,651304,2024,2427,125945,125945
1400000US06037651401,651401,2024,1172,88095,88095
1400000US06037651402,651402,2024,1989,124053,124053
1400000US06037670001,670001,2024,1249,98385,98385
1400000US06037670002,670002,2024,1312,78241,78241
1400000US06037670003,670003,2024,2164,92891,92891
1400000US06037670101,670101,2024,1163,127094,127094
1400000US06037670102,670102,2024,1438,97027,97027
1400000US06037670201,670201,2024,1471,166806,166806
1400000US06037670202,670202,2024,838,208700,208700
1400000US06037670324,670324,2024,2051,220644,220644
1400000US06037670326,670326,2024,1333,250000,250000
1400000US06037670328,670328,2024,1562,243269,243269
1400000US06037670405,670405,2024,1078,183889,183889
1400000US06037670406,670406,2024,629,239792,239792
1400000US06037670407,670407,2024,2335,158149,158149
1400000US06037670413,670413,2024,1719,214625,214625
1400000US06037670416,670416,2024,1528,169481,169481
1400000US06037670417,670417,2024,1046,183389,183389
1400000US06037670418,670418,2024,1502,192045,192045
1400000US06037670500,670500,2024,582,250000,250000
1400000US06037670603,670603,2024,713,198194,198194
1400000US06037670604,670604,2024,1971,159962,159962
1400000US06037670701,670701,2024,2041,176829,176829
1400000US06037670702,670702,2024,2014,203409,203409
1400000US06037700101,700101,2024,3601,89610,89610
1400000US06037700102,700102,2024,2579,68036,68036
1400000US06037700200,700200,2024,4215,97490,97490
1400000US06037700300,700300,2024,4100,92778,92778
1400000US06037700400,700400,2024,2950,101078,101078
1400000US06037700501,700501,2024,2517,111885,111885
1400000US06037700502,700502,2024,2958,113661,113661
1400000US06037700600,700600,2024,1631,250000,250000
1400000US06037700700,700700,2024,1122,250000,250000
1400000US06037700801,700801,2024,2358,85443,85443
1400000US06037700802,700802,2024,1995,121523,121523
1400000US06037700901,700901,2024,1492,104250,104250
1400000US06037700902,700902,2024,3213,89683,89683
1400000US06037701000,701000,2024,2638,149211,149211
1400000US06037701201,701201,2024,1549,190074,190074
1400000US06037701202,701202,2024,1779,131992,131992
1400000US06037701302,701302,2024,2812,130000,130000
1400000US06037701304,701304,2024,2811,134185,134185
1400000US06037701402,701402,2024,3743,84499,84499
1400000US06037701501,701501,2024,2620,147068,147068
1400000US06037701502,701502,2024,2027,122117,122117
1400000US06037701601,701601,2024,1704,196042,196042
1400000US06037701602,701602,2024,2017,96172,96172
1400000US06037701701,701701,2024,1789,84344,84344
1400000US06037701702,701702,2024,1663,80508,80508
1400000US06037701801,701801,2024,2743,91445,91445
1400000US06037701802,701802,2024,2298,96150,96150
1400000US06037701902,701902,2024,3610,107583,107583
1400000US06037702002,702002,2024,3328,103674,103674
1400000US06037702102,702102,2024,3780,134571,134571
1400000US06037702201,702201,2024,2175,114570,114570
1400000US06037702202,702202,2024,1841,170040,170040
1400000US06037702300,702300,2024,3004,121395,121395
1400000US06037702400,702400,2024,2136,149345,149345
1400000US06037702501,702501,2024,2166,157539,157539
1400000US06037702502,702502,2024,2209,125076,125076
1400000US06037702600,702600,2024,2462,110139,110139
1400000US06037702700,702700,2024,1296,162188,162188
1400000US06037702801,702801,2024,2037,89345,89345
1400000US06037702802,702802,2024,982,111061,111061
1400000US06037702803,702803,2024,1213,132188,132188
1400000US06037702900,702900,2024,5338,146623,146623
1400000US06037703002,703002,2024,2858,165217,165217
1400000US06037703003,703003,2024,3028,98912,98912
1400000US06037703100,703100,2024,2488,133824,133824
1400000US06037703200,703200,2024,2129,126761,126761
1400000US06037800101,800101,2024,1893,198141,198141
1400000US06037800103,800103,2024,1157,157386,157386
1400000US06037800104,800104,2024,1454,148464,148464
1400000US06037800202,800202,2024,1921,250000,250000
1400000US06037800204,800204,2024,1735,220986,220986
1400000US06037800205,800205,2024,1602,121348,121348
1400000US06037800206,800206,2024,1148,250000,250000
1400000US06037800324,800324,2024,2411,164289,164289
1400000US06037800325,800325,2024,1348,167000,167000
1400000US06037800328,800328,2024,402,173125,173125
1400000US06037800333,800333,2024,976,107050,107050
1400000US06037800334,800334,2024,1185,195332,195332
1400000US06037800335,800335,2024,1746,169410,169410
1400000US06037800336,800336,2024,1190,210821,210821
1400000US06037800337,800337,2024,1752,83646,83646
1400000US06037800338,800338,2024,2029,204139,204139
1400000US06037800406,800406,2024,730,239063,239063
1400000US06037800410,800410,2024,531,189028,189028
1400000US06037800411,800411,2024,935,198594,198594
1400000US06037800412,800412,2024,1428,192500,192500
1400000US06037800504,800504,2024,931,182159,182159
1400000US06037800506,800506,2024,1296,225729,225729
1400000US06037900102,900102,2024,272,45789,45789
1400000US06037900103,900103,2024,1777,56551,56551
1400000US06037900104,900104,2024,1732,64207,64207
1400000US06037900301,900301,2024,966,92024,92024
1400000US06037900501,900501,2024,2155,84149,84149
1400000US06037900504,900504,2024,2063,90175,90175
1400000US06037900505,900505,2024,1244,79432,79432
1400000US06037900506,900506,2024,1467,91359,91359
1400000US06037900508,900508,2024,1031,83508,83508
1400000US06037900509,900509,2024,1248,70053,70053
1400000US06037900510,900510,2024,1096,67632,67632
1400000US06037900602,900602,2024,1729,55550,55550
1400000US06037900606,900606,2024,1461,49507,49507
1400000US06037900607,900607,2024,1173,74729,74729
1400000US06037900608,900608,2024,1166,79486,79486
1400000US06037900609,900609,2024,1495,72070,72070
1400000US06037900610,900610,2024,1181,43352,43352
1400000US06037900611,900611,2024,1244,98591,98591
1400000US06037900701,900701,2024,1449,60250,60250
1400000US06037900703,900703,2024,2107,59589,59589
1400000US06037900704,900704,2024,1576,70469,70469
1400000US06037900705,900705,2024,1940,47130,47130
1400000US06037900804,900804,2024,1029,45391,45391
1400000US06037900805,900805,2024,1531,98750,98750
1400000US06037900806,900806,2024,2054,26735,26735
1400000US06037900807,900807,2024,1203,76510,76510
1400000US06037900808,900808,2024,1355,83297,83297
1400000US06037900901,900901,2024,933,44747,44747
1400000US06037900902,900902,2024,617,72393,72393
1400000US06037901003,901003,2024,0,,
1400000US06037901007,901007,2024,764,89063,89063
1400000US06037901008,901008,2024,1087,126906,126906
1400000US06037901009,901009,2024,1939,99801,99801
1400000US06037901010,901010,2024,1878,87232,87232
1400000US06037901011,901011,2024,1999,86573,86573
1400000US06037901012,901012,2024,1735,131250,131250
1400000US06037901013,901013,2024,1310,125929,125929
1400000US06037901014,901014,2024,1459,116615,116615
1400000US06037901101,901101,2024,1722,103125,103125
1400000US06037901102,901102,2024,1921,99420,99420
1400000US06037901209,901209,2024,447,65433,65433
1400000US06037901210,901210,2024,665,120977,120977
1400000US06037901214,901214,2024,1493,119641,119641
1400000US06037901215,901215,2024,1542,62121,62121
1400000US06037901216,901216,2024,938,143939,143939
1400000US06037901217,901217,2024,543,126250,126250
1400000US06037901218,901218,2024,748,157411,157411
1400000US06037901300,901300,2024,501,65398,65398
1400000US06037910002,910002,2024,2050,71778,71778
1400000US06037910210,910210,2024,2186,131676,131676
1400000US06037910211,910211,2024,511,208125,208125
1400000US06037910212,910212,2024,1058,145938,145938
1400000US06037910213,910213,2024,508,142661,142661
1400000US06037910214,910214,2024,1638,119615,119615
1400000US06037910215,910215,2024,2064,99128,99128
1400000US06037910216,910216,2024,1339,119505,119505
1400000US06037910217,910217,2024,1731,130170,130170
1400000US06037910218,910218,2024,1498,75625,75625
1400000US06037910301,910301,2024,1590,116056,116056
1400000US06037910302,910302,2024,1936,104722,104722
1400000US06037910401,910401,2024,1995,87580,87580
1400000US06037910404,910404,2024,1235,60542,60542
1400000US06037910405,910405,2024,1660,43409,43409
1400000US06037910501,910501,2024,2104,39403,39403
1400000US06037910502,910502,2024,1320,39433,39433
1400000US06037910504,910504,2024,1071,71007,71007
1400000US06037910505,910505,2024,847,65792,65792
1400000US06037910601,910601,2024,1641,68661,68661
1400000US06037910602,910602,2024,1490,63611,63611
1400000US06037910605,910605,2024,1339,65411,65411
1400000US06037910606,910606,2024,739,81895,81895
1400000US06037910607,910607,2024,1162,58839,58839
1400000US06037910608,910608,2024,1018,70682,70682
1400000US06037910706,910706,2024,1709,108563,108563
1400000US06037910707,910707,2024,1594,72256,72256
1400000US06037910709,910709,2024,473,102566,102566
1400000US06037910712,910712,2024,854,96324,96324
1400000US06037910713,910713,2024,1578,80764,80764
1400000US06037910714,910714,2024,973,79653,79653
1400000US06037910715,910715,2024,1910,86250,86250
1400000US06037910716,910716,2024,1672,86330,86330
1400000US06037910717,910717,2024,586,91333,91333
1400000US06037910718,910718,2024,1282,105588,105588
1400000US06037910719,910719,2024,1029,97792,97792
1400000US06037910720,910720,2024,1510,59871,59871
1400000US06037910721,910721,2024,1048,46136,46136
1400000US06037910804,910804,2024,1052,155625,155625
1400000US06037910807,910807,2024,1868,121010,121010
1400000US06037910808,910808,2024,1152,120625,120625
1400000US06037910809,910809,2024,662,153088,153088
1400000US06037910810,910810,2024,836,152778,152778
1400000US06037910814,910814,2024,1245,134250,134250
1400000US06037910815,910815,2024,1796,95435,95435
1400000US06037911001,911001,2024,1306,77381,77381
1400000US06037911100,911100,2024,2021,68038,68038
1400000US06037920013,920013,2024,2373,112083,112083
1400000US06037920015,920015,2024,1991,184496,184496
1400000US06037920016,920016,2024,1596,176591,176591
1400000US06037920017,920017,2024,1363,140365,140365
1400000US06037920018,920018,2024,703,136719,136719
1400000US06037920020,920020,2024,1942,99815,99815
1400000US06037920028,920028,2024,2481,152468,152468
1400000US06037920029,920029,2024,1202,113438,113438
1400000US06037920030,920030,2024,1945,152042,152042
1400000US06037920031,920031,2024,2664,80179,80179
1400000US06037920034,920034,2024,1601,178125,178125
1400000US06037920035,920035,2024,2411,103750,103750
1400000US06037920038,920038,2024,1698,77669,77669
1400000US06037920039,920039,2024,554,140700,140700
1400000US06037920040,920040,2024,883,144915,144915
1400000US06037920041,920041,2024,1181,129375,129375
1400000US06037920042,920042,2024,2607,120130,120130
1400000US06037920043,920043,2024,2513,162303,162303
1400000US06037920044,920044,2024,841,102796,102796
1400000US06037920045,920045,2024,1458,149167,149167
1400000US06037920046,920046,2024,563,69534,69534
1400000US06037920047,920047,2024,1815,74846,74846
1400000US06037920048,920048,2024,1769,109482,109482
1400000US06037920049,920049,2024,1851,198843,198843
1400000US06037920050,920050,2024,551,72713,72713
1400000US06037920102,920102,2024,1670,85294,85294
1400000US06037920104,920104,2024,866,143269,143269
1400000US06037920106,920106,2024,981,137813,137813
1400000US06037920109,920109,2024,1959,114469,114469
1400000US06037920110,920110,2024,990,131397,131397
1400000US06037920111,920111,2024,1049,154925,154925
1400000US06037920112,920112,2024,1513,124504,124504
1400000US06037920114,920114,2024,2154,126422,126422
1400000US06037920115,920115,2024,1723,109844,109844
1400000US06037920116,920116,2024,1548,130000,130000
1400000US06037920118,920118,2024,1851,146319,146319
1400000US06037920119,920119,2024,541,214417,214417
1400000US06037920120,920120,2024,1020,228065,228065
1400000US06037920121,920121,2024,3369,179006,179006
1400000US06037920200,920200,2024,0,,
1400000US06037920303,920303,2024,710,127045,127045
1400000US06037920312,920312,2024,2061,90625,90625
1400000US06037920313,920313,2024,1660,155833,155833
1400000US06037920314,920314,2024,982,143724,143724
1400000US06037920322,920322,2024,1003,117150,117150
1400000US06037920326,920326,2024,2535,133417,133417
1400000US06037920328,920328,2024,882,117692,117692
1400000US06037920329,920329,2024,2071,117391,117391
1400000US06037920330,920330,2024,2131,104117,104117
1400000US06037920331,920331,2024,1379,126088,126088
1400000US06037920332,920332,2024,599,100729,100729
1400000US06037920334,920334,2024,2364,110117,110117
1400000US06037920338,920338,2024,1738,194342,194342
1400000US06037920339,920339,2024,3280,164079,164079
1400000US06037920340,920340,2024,737,87448,87448
1400000US06037920341,920341,2024,821,63051,63051
1400000US06037920342,920342,2024,849,88657,88657
1400000US06037920343,920343,2024,1210,85984,85984
1400000US06037930400,930400,2024,359,99750,99750
1400000US06037980001,980001,2024,0,,
1400000US06037980002,980002,2024,0,,
1400000US06037980003,980003,2024,0,,
1400000US06037980004,980004,2024,0,,
1400000US06037980005,980005,2024,0,,
1400000US06037980006,980006,2024,0,,
1400000US06037980007,980007,2024,0,,
1400000US06037980008,980008,2024,25,,
1400000US06037980009,980009,2024,0,,
1400000US06037980010,980010,2024,76,,
1400000US06037980011,980011,2024,12,,
1400000US06037980012,980012,2024,0,,
1400000US06037980013,980013,2024,0,,
1400000US06037980014,980014,2024,10,,
1400000US06037980015,980015,2024,582,79375,79375
1400000US06037980016,980016,2024,102,70667,70667
1400000US06037980017,980017,2024,33,,
1400000US06037980018,980018,2024,0,,
1400000US06037980019,980019,2024,61,,
1400000US06037980020,980020,2024,0,,
1400000US06037980021,980021,2024,0,,
1400000US06037980022,980022,2024,0,,
1400000US06037980023,980023,2024,20,,
1400000US06037980024,980024,2024,85,130598,130598
1400000US06037980025,980025,2024,254,80227,80227
1400000US06037980026,980026,2024,15,,
1400000US06037980028,980028,2024,0,,
1400000US06037980030,980030,2024,0,,
1400000US06037980031,980031,2024,11,,
1400000US06037980033,980033,2024,0,,
1400000US06037980034,980034,2024,0,,
1400000US06037980035,980035,2024,211,68603,68603
1400000US06037980036,980036,2024,119,159088,159088
1400000US06037980037,980037,2024,0,,
1400000US06037980038,980038,2024,0,,
1400000US06037980039,980039,2024,0,,
1400000US06037990100,990100,2024,0,,
1400000US06037990200,990200,2024,0,,
1400000US06037990300,990300,2024,0,,