geoid,geoid20,year,denom_renter_housing,rent_burden_count,rent_burden_pct,severe_rent_burden_count,severe_rent_burden_pct
1400000US06037101110,101110,2024,774,579,74.806198,232,29.974161
1400000US06037101122,101122,2024,297,259,87.205391,151,50.841751
1400000US06037101220,101220,2024,678,278,41.002949,114,16.814159
1400000US06037101221,101221,2024,1038,728,70.134872,510,49.13295
1400000US06037101222,101222,2024,857,531,61.960327,391,45.624271
1400000US06037101300,101300,2024,319,180,56.426331,101,31.661442
1400000US06037101400,101400,2024,331,302,91.23867,133,40.181271
1400000US06037102103,102103,2024,395,257,65.063293,163,41.265823
1400000US06037102104,102104,2024,334,182,54.491016,116,34.730537
1400000US06037102105,102105,2024,188,102,54.255318,79,42.021278
1400000US06037102107,102107,2024,228,142,62.280701,17,7.4561405
1400000US06037103101,103101,2024,74,61,82.432434,50,67.567566
1400000US06037103102,103102,2024,506,429,84.782608,163,32.21344
1400000US06037103201,103201,2024,1050,616,58.666668,360,34.285713
1400000US06037103202,103202,2024,58,0,0,0,0
1400000US06037103300,103300,2024,183,131,71.584702,60,32.786884
1400000US06037103401,103401,2024,271,173,63.837639,117,43.173431
1400000US06037103402,103402,2024,469,183,39.019188,172,36.673775
1400000US06037104103,104103,2024,142,118,83.098595,90,63.380283
1400000US06037104105,104105,2024,778,603,77.506424,376,48.329048
1400000US06037104108,104108,2024,802,499,62.219452,300,37.406483
1400000US06037104124,104124,2024,223,153,68.609863,58,26.008968
1400000US06037104201,104201,2024,234,176,75.213676,92,39.316238
1400000US06037104203,104203,2024,481,303,62.993763,204,42.411644
1400000US06037104204,104204,2024,222,78,35.135136,58,26.126125
1400000US06037104310,104310,2024,204,105,51.470589,14,6.8627453
1400000US06037104321,104321,2024,386,262,67.875648,32,8.2901554
1400000US06037104322,104322,2024,100,78,78,18,18
1400000US06037104401,104401,2024,303,192,63.366337,69,22.772278
1400000US06037104403,104403,2024,208,134,64.42308,80,38.46154
1400000US06037104404,104404,2024,373,220,58.981232,190,50.938339
1400000US06037104500,104500,2024,173,165,95.375725,97,56.069363
1400000US06037104610,104610,2024,321,216,67.289719,89,27.725857
1400000US06037104620,104620,2024,219,151,68.949768,77,35.159817
1400000US06037104701,104701,2024,804,425,52.860695,211,26.243782
1400000US06037104703,104703,2024,350,163,46.57143,123,35.142857
1400000US06037104704,104704,2024,404,235,58.168316,75,18.564356
1400000US06037104821,104821,2024,404,221,54.702969,115,28.465347
1400000US06037104822,104822,2024,439,290,66.059227,132,30.068336
1400000US06037104823,104823,2024,158,130,82.278481,105,66.455696
1400000US06037104824,104824,2024,123,89,72.357727,61,49.593494
1400000US06037106010,106010,2024,205,126,61.463413,75,36.585365
1400000US06037106020,106020,2024,280,201,71.785713,149,53.214287
1400000US06037106111,106111,2024,85,0,0,0,0
1400000US06037106112,106112,2024,223,124,55.605381,17,7.6233182
1400000US06037106113,106113,2024,91,61,67.032967,25,27.472527
1400000US06037106114,106114,2024,803,507,63.138233,345,42.963886
1400000US06037106403,106403,2024,119,97,81.512604,59,49.57983
1400000US06037106405,106405,2024,357,117,32.773109,67,18.767508
1400000US06037106406,106406,2024,314,185,58.917198,49,15.605096
1400000US06037106407,106407,2024,640,452,70.625,261,40.78125
1400000US06037106408,106408,2024,793,553,69.735184,334,42.118538
1400000US06037106510,106510,2024,292,150,51.369862,104,35.61644
1400000US06037106520,106520,2024,452,306,67.699112,166,36.725662
1400000US06037106603,106603,2024,97,55,56.701031,25,25.773195
1400000US06037106604,106604,2024,786,459,58.396946,219,27.862595
1400000US06037106641,106641,2024,88,52,59.090908,27,30.681818
1400000US06037106642,106642,2024,99,99,100,0,0
1400000US06037106643,106643,2024,30,18,60,0,0
1400000US06037106645,106645,2024,169,140,82.84024,110,65.08876
1400000US06037106646,106646,2024,160,119,74.375,67,41.875
1400000US06037106648,106648,2024,622,417,67.041801,183,29.421223
1400000US06037106649,106649,2024,98,93,94.897957,45,45.918365
1400000US06037107010,107010,2024,234,121,51.7094,0,0
1400000US06037107020,107020,2024,336,226,67.261902,186,55.357143
1400000US06037108101,108101,2024,50,24,48,0,0
1400000US06037108102,108102,2024,126,91,72.222221,64,50.793652
1400000US06037108103,108103,2024,148,115,77.702705,62,41.891891
1400000US06037108104,108104,2024,39,27,69.230766,6,15.384615
1400000US06037108202,108202,2024,1129,844,74.756424,450,39.85828
1400000US06037108203,108203,2024,277,168,60.649818,55,19.855597
1400000US06037108204,108204,2024,37,30,81.081078,14,37.837837
1400000US06037109100,109100,2024,274,201,73.357666,132,48.175182
1400000US06037109200,109200,2024,135,30,22.222221,23,17.037037
1400000US06037109300,109300,2024,109,89,81.651375,44,40.366974
1400000US06037109400,109400,2024,286,246,86.013985,96,33.566433
1400000US06037109500,109500,2024,227,133,58.590309,25,11.013216
1400000US06037109601,109601,2024,238,189,79.411766,91,38.235294
1400000US06037109603,109603,2024,623,377,60.513645,265,42.536114
1400000US06037109604,109604,2024,210,138,65.714287,42,20
1400000US06037109700,109700,2024,333,193,57.957958,146,43.843845
1400000US06037109800,109800,2024,358,212,59.217876,146,40.782124
1400000US06037111100,111100,2024,300,154,51.333332,79,26.333334
1400000US06037111201,111201,2024,95,29,30.526316,10,10.526316
1400000US06037111202,111202,2024,709,345,48.660084,201,28.349789
1400000US06037111204,111204,2024,176,113,64.204544,17,9.659091
1400000US06037111205,111205,2024,572,305,53.321678,131,22.902098
1400000US06037111206,111206,2024,111,80,72.072075,80,72.072075
1400000US06037111302,111302,2024,839,547,65.196663,240,28.605482
1400000US06037111303,111303,2024,472,312,66.101692,136,28.813559
1400000US06037111304,111304,2024,1165,845,72.532188,650,55.793991
1400000US06037111401,111401,2024,305,173,56.72131,73,23.934425
1400000US06037111402,111402,2024,1553,959,61.75145,355,22.858982
1400000US06037113101,113101,2024,48,35,72.916664,35,72.916664
1400000US06037113102,113102,2024,29,29,100,13,44.827587
1400000US06037113211,113211,2024,359,184,51.253483,104,28.969358
1400000US06037113212,113212,2024,306,253,82.679741,163,53.267975
1400000US06037113213,113213,2024,684,406,59.356724,184,26.900585
1400000US06037113231,113231,2024,145,137,94.482758,61,42.068966
1400000US06037113232,113232,2024,210,135,64.285713,17,8.0952377
1400000US06037113234,113234,2024,809,436,53.893696,298,36.835598
1400000US06037113235,113235,2024,176,116,65.909088,73,41.477272
1400000US06037113237,113237,2024,332,151,45.481926,62,18.674698
1400000US06037113238,113238,2024,1023,657,64.222878,289,28.250244
1400000US06037113239,113239,2024,739,420,56.833557,183,24.763193
1400000US06037113301,113301,2024,937,637,67.982925,378,40.341515
1400000US06037113303,113303,2024,266,123,46.240601,70,26.31579
1400000US06037113322,113322,2024,351,207,58.974358,149,42.450142
1400000US06037113323,113323,2024,857,504,58.809803,238,27.771296
1400000US06037113324,113324,2024,922,377,40.88937,78,8.4598694
1400000US06037113423,113423,2024,235,172,73.19149,110,46.80851
1400000US06037113424,113424,2024,434,358,82.48848,175,40.322582
1400000US06037113425,113425,2024,1310,868,66.259544,400,30.534351
1400000US06037113426,113426,2024,381,252,66.141731,92,24.146982
1400000US06037113427,113427,2024,646,464,71.826622,224,34.674923
1400000US06037113428,113428,2024,167,134,80.239517,99,59.281437
1400000US06037115101,115101,2024,169,98,57.988167,56,33.136093
1400000US06037115103,115103,2024,43,38,88.372093,34,79.069771
1400000US06037115104,115104,2024,1389,935,67.314613,522,37.580994
1400000US06037115202,115202,2024,1424,1042,73.174156,759,53.30056
1400000US06037115203,115203,2024,734,470,64.0327,297,40.463215
1400000US06037115204,115204,2024,1115,613,54.977577,332,29.775785
1400000US06037115301,115301,2024,745,421,56.510067,209,28.053692
1400000US06037115302,115302,2024,666,483,72.522522,265,39.789791
1400000US06037115401,115401,2024,1343,1083,80.640358,550,40.953091
1400000US06037115403,115403,2024,823,461,56.01458,238,28.918591
1400000US06037115404,115404,2024,503,408,81.113319,221,43.936382
1400000US06037117101,117101,2024,471,379,80.467094,221,46.921444
1400000US06037117102,117102,2024,183,107,58.469944,73,39.890709
1400000US06037117201,117201,2024,889,497,55.90551,343,38.582676
1400000US06037117202,117202,2024,306,242,79.084969,105,34.313725
1400000US06037117301,117301,2024,308,186,60.38961,19,6.1688313
1400000US06037117302,117302,2024,424,295,69.57547,135,31.839622
1400000US06037117303,117303,2024,152,128,84.210526,55,36.184212
1400000US06037117404,117404,2024,314,221,70.382164,115,36.624203
1400000US06037117405,117405,2024,771,522,67.704277,342,44.357975
1400000US06037117407,117407,2024,991,671,67.709381,332,33.501514
1400000US06037117408,117408,2024,539,384,71.243042,285,52.875694
1400000US06037117510,117510,2024,992,743,74.899193,595,59.979839
1400000US06037117520,117520,2024,898,602,67.037865,386,42.984409
1400000US06037117530,117530,2024,1340,821,61.268658,555,41.417912
1400000US06037119001,119001,2024,121,31,25.619835,26,21.487604
1400000US06037119003,119003,2024,179,147,82.122902,86,48.044693
1400000US06037119004,119004,2024,110,99,90,80,72.727272
1400000US06037119201,119201,2024,93,50,53.763439,32,34.408604
1400000US06037119202,119202,2024,395,217,54.93671,67,16.962025
1400000US06037119310,119310,2024,547,411,75.137108,238,43.510056
1400000US06037119320,119320,2024,861,456,52.961674,284,32.984901
1400000US06037119340,119340,2024,980,671,68.469391,395,40.306122
1400000US06037119341,119341,2024,453,298,65.783661,168,37.086094
1400000US06037119342,119342,2024,474,282,59.493671,150,31.645569
1400000US06037119400,119400,2024,220,110,50,79,35.909092
1400000US06037119700,119700,2024,260,140,53.846153,60,23.076923
1400000US06037119801,119801,2024,100,74,74,35,35
1400000US06037119802,119802,2024,185,101,54.594593,64,34.594593
1400000US06037119900,119900,2024,304,196,64.473686,101,33.223682
1400000US06037120010,120010,2024,356,198,55.617977,108,30.337078
1400000US06037120020,120020,2024,979,665,67.926453,370,37.793667
1400000US06037120030,120030,2024,633,356,56.240128,223,35.229069
1400000US06037120103,120103,2024,752,597,79.388298,372,49.468086
1400000US06037120104,120104,2024,711,444,62.447258,304,42.75668
1400000US06037120105,120105,2024,546,374,68.498169,248,45.421246
1400000US06037120106,120106,2024,1085,885,81.566818,518,47.741936
1400000US06037120107,120107,2024,962,752,78.170479,381,39.604988
1400000US06037120108,120108,2024,837,563,67.264038,389,46.47551
1400000US06037120300,120300,2024,570,416,72.982452,297,52.105263
1400000US06037120400,120400,2024,1624,1112,68.472908,745,45.874386
1400000US06037121010,121010,2024,380,312,82.105263,190,50
1400000US06037121020,121020,2024,513,416,81.091621,217,42.300194
1400000US06037121101,121101,2024,521,280,53.742802,160,30.710173
1400000US06037121102,121102,2024,230,165,71.739128,137,59.565216
1400000US06037121210,121210,2024,314,233,74.203819,74,23.566879
1400000US06037121221,121221,2024,131,46,35.114502,40,30.534351
1400000US06037121222,121222,2024,787,462,58.703938,249,31.639135
1400000US06037121600,121600,2024,125,90,72,82,65.599998
1400000US06037121801,121801,2024,883,640,72.480179,227,25.707815
1400000US06037121802,121802,2024,201,147,73.134331,78,38.805969
1400000US06037121900,121900,2024,493,312,63.286003,228,46.247463
1400000US06037122000,122000,2024,491,259,52.749493,187,38.085541
1400000US06037122120,122120,2024,529,296,55.954632,191,36.105862
1400000US06037122121,122121,2024,444,287,64.639641,154,34.684685
1400000US06037122122,122122,2024,645,409,63.410854,191,29.612404
1400000US06037122200,122200,2024,389,300,77.120819,156,40.102829
1400000US06037122410,122410,2024,1029,488,47.424683,272,26.43343
1400000US06037122420,122420,2024,851,601,70.622795,390,45.828438
1400000US06037123010,123010,2024,714,530,74.229691,244,34.173668
1400000US06037123020,123020,2024,301,175,58.139534,114,37.873753
1400000US06037123103,123103,2024,942,554,58.811039,272,28.874735
1400000US06037123104,123104,2024,1059,641,60.528801,444,41.926346
1400000US06037123203,123203,2024,854,546,63.934425,417,48.829041
1400000US06037123204,123204,2024,892,535,59.977577,262,29.372198
1400000US06037123205,123205,2024,586,390,66.552902,298,50.853241
1400000US06037123206,123206,2024,557,288,51.705566,139,24.955116
1400000US06037123301,123301,2024,946,645,68.181816,293,30.972515
1400000US06037123303,123303,2024,535,318,59.439251,194,36.261681
1400000US06037123304,123304,2024,1328,955,71.912651,586,44.126507
1400000US06037123410,123410,2024,884,711,80.429863,425,48.076923
1400000US06037123420,123420,2024,1039,669,64.388832,270,25.986525
1400000US06037123510,123510,2024,1193,879,73.679802,531,44.50964
1400000US06037123520,123520,2024,445,322,72.35955,183,41.123596
1400000US06037123601,123601,2024,1176,676,57.482994,283,24.064627
1400000US06037123602,123602,2024,723,459,63.485477,272,37.621025
1400000US06037123700,123700,2024,870,443,50.91954,248,28.505747
1400000US06037123800,123800,2024,1336,678,50.748505,479,35.853294
1400000US06037123901,123901,2024,1127,741,65.749779,417,37.000889
1400000US06037123902,123902,2024,637,358,56.200943,195,30.612246
1400000US06037124000,124000,2024,1078,652,60.482376,481,44.619667
1400000US06037124102,124102,2024,1113,696,62.533691,519,46.630726
1400000US06037124103,124103,2024,364,234,64.285713,190,52.197803
1400000US06037124104,124104,2024,937,643,68.623268,367,39.167557
1400000US06037124105,124105,2024,696,482,69.252876,280,40.229885
1400000US06037124201,124201,2024,587,276,47.018738,99,16.865417
1400000US06037124203,124203,2024,678,435,64.159294,217,32.005901
1400000US06037124204,124204,2024,722,476,65.927979,259,35.872578
1400000US06037124300,124300,2024,883,493,55.83239,349,39.524349
1400000US06037124400,124400,2024,1058,657,62.098297,340,32.136105
1400000US06037124500,124500,2024,445,329,73.932587,195,43.820225
1400000US06037124600,124600,2024,785,546,69.554138,223,28.407642
1400000US06037124700,124700,2024,1569,735,46.845123,430,27.405991
1400000US06037124902,124902,2024,1226,575,46.90049,306,24.959217
1400000US06037124903,124903,2024,1448,793,54.765194,436,30.110497
1400000US06037125101,125101,2024,1822,1078,59.165752,471,25.850714
1400000US06037125102,125102,2024,550,438,79.63636,187,34
1400000US06037125200,125200,2024,1260,785,62.301586,366,29.047619
1400000US06037125310,125310,2024,1864,928,49.785408,361,19.366953
1400000US06037125321,125321,2024,1286,907,70.52877,484,37.636082
1400000US06037125322,125322,2024,1667,1238,74.265144,611,36.652668
1400000US06037125402,125402,2024,1696,1055,62.205189,514,30.306604
1400000US06037125403,125403,2024,1531,988,64.532982,452,29.523188
1400000US06037125404,125404,2024,1683,1033,61.37849,669,39.750446
1400000US06037125501,125501,2024,1365,751,55.018314,558,40.87912
1400000US06037125502,125502,2024,1372,818,59.620991,362,26.38484
1400000US06037125600,125600,2024,783,465,59.386974,254,32.439335
1400000US06037127102,127102,2024,901,735,81.576027,389,43.174252
1400000US06037127103,127103,2024,980,596,60.816326,370,37.7551
1400000US06037127104,127104,2024,922,730,79.175705,389,42.190891
1400000US06037127210,127210,2024,1274,700,54.945053,412,32.339088
1400000US06037127220,127220,2024,1163,837,71.969048,386,33.190025
1400000US06037127300,127300,2024,974,561,57.597534,222,22.792608
1400000US06037127400,127400,2024,1370,813,59.343067,487,35.547443
1400000US06037127520,127520,2024,1340,879,65.597015,397,29.626865
1400000US06037127603,127603,2024,772,434,56.217617,246,31.865286
1400000US06037127604,127604,2024,1278,923,72.222221,485,37.949921
1400000US06037127605,127605,2024,917,610,66.521263,329,35.877861
1400000US06037127606,127606,2024,668,345,51.646706,215,32.185627
1400000US06037127711,127711,2024,660,342,51.81818,153,23.181818
1400000US06037127712,127712,2024,1309,756,57.754009,335,25.592054
1400000US06037127803,127803,2024,1218,790,64.860428,485,39.819378
1400000US06037127804,127804,2024,1139,715,62.774364,372,32.660229
1400000US06037127805,127805,2024,786,530,67.430023,349,44.402035
1400000US06037127806,127806,2024,1077,660,61.281338,354,32.86908
1400000US06037127910,127910,2024,1251,850,67.945641,520,41.566746
1400000US06037127920,127920,2024,887,493,55.580608,306,34.49831
1400000US06037128101,128101,2024,756,455,60.185184,254,33.597885
1400000US06037128102,128102,2024,1268,729,57.492115,336,26.498423
1400000US06037128210,128210,2024,1414,994,70.297028,417,29.490807
1400000US06037128220,128220,2024,947,601,63.46357,412,43.505806
1400000US06037128302,128302,2024,1061,677,63.807728,368,34.684261
1400000US06037128303,128303,2024,1042,738,70.825333,446,42.802303
1400000US06037128400,128400,2024,861,511,59.349594,304,35.307781
1400000US06037128500,128500,2024,1308,768,58.715595,546,41.743118
1400000US06037128601,128601,2024,1492,799,53.55228,447,29.959785
1400000US06037128602,128602,2024,687,370,53.857349,258,37.554585
1400000US06037128703,128703,2024,1319,839,63.608795,537,40.712662
1400000US06037128704,128704,2024,378,122,32.275131,90,23.809525
1400000US06037128801,128801,2024,1465,958,65.392494,384,26.211603
1400000US06037128802,128802,2024,1369,863,63.038715,428,31.263697
1400000US06037128910,128910,2024,975,446,45.743591,163,16.717949
1400000US06037131021,131021,2024,717,479,66.806137,195,27.196653
1400000US06037131022,131022,2024,716,442,61.731842,224,31.284916
1400000US06037131023,131023,2024,440,269,61.136364,170,38.636364
1400000US06037131024,131024,2024,529,272,51.41777,194,36.672966
1400000US06037131100,131100,2024,205,169,82.439026,78,38.048782
1400000US06037131200,131200,2024,176,166,94.318184,121,68.75
1400000US06037131300,131300,2024,246,163,66.260162,79,32.113823
1400000US06037131400,131400,2024,796,586,73.618088,295,37.060303
1400000US06037131600,131600,2024,384,222,57.8125,110,28.645834
1400000US06037131701,131701,2024,982,691,70.3666,370,37.678207
1400000US06037131702,131702,2024,365,264,72.328766,210,57.534248
1400000US06037131801,131801,2024,666,424,63.663662,273,40.99099
1400000US06037131802,131802,2024,153,121,79.084969,101,66.013069
1400000US06037131900,131900,2024,208,96,46.153847,66,31.73077
1400000US06037132001,132001,2024,337,184,54.599407,50,14.836795
1400000US06037132002,132002,2024,353,189,53.541077,155,43.909348
1400000US06037132101,132101,2024,789,655,83.016479,385,48.795944
1400000US06037132102,132102,2024,826,484,58.595642,327,39.588379
1400000US06037132301,132301,2024,1180,679,57.542374,335,28.38983
1400000US06037132302,132302,2024,562,367,65.30249,228,40.569393
1400000US06037132501,132501,2024,672,382,56.845238,203,30.208334
1400000US06037132502,132502,2024,517,355,68.665375,215,41.586075
1400000US06037132700,132700,2024,721,482,66.851593,211,29.26491
1400000US06037132900,132900,2024,398,344,86.432159,283,71.10553
1400000US06037133000,133000,2024,355,185,52.112675,159,44.788731
1400000US06037133101,133101,2024,232,110,47.413792,77,33.189655
1400000US06037133102,133102,2024,766,520,67.885117,341,44.516972
1400000US06037134001,134001,2024,453,297,65.562912,133,29.359823
1400000US06037134002,134002,2024,697,444,63.70158,255,36.585365
1400000US06037134101,134101,2024,352,324,92.045456,120,34.090908
1400000US06037134103,134103,2024,488,401,82.172134,294,60.245903
1400000US06037134104,134104,2024,549,372,67.75956,234,42.622952
1400000US06037134201,134201,2024,214,96,44.859814,37,17.289721
1400000US06037134302,134302,2024,292,181,61.986301,96,32.876713
1400000US06037134303,134303,2024,567,189,33.333332,119,20.987654
1400000US06037134304,134304,2024,260,199,76.53846,143,55
1400000US06037134305,134305,2024,1143,639,55.90551,331,28.958879
1400000US06037134306,134306,2024,1051,769,73.168411,368,35.014271
1400000US06037134421,134421,2024,142,99,69.718307,92,64.788734
1400000US06037134422,134422,2024,380,267,70.263161,126,33.157894
1400000US06037134423,134423,2024,314,213,67.834396,193,61.46497
1400000US06037134424,134424,2024,80,63,78.75,0,0
1400000US06037134520,134520,2024,1719,1102,64.10704,509,29.610239
1400000US06037134521,134521,2024,622,400,64.308685,246,39.549839
1400000US06037134522,134522,2024,1091,689,63.153072,337,30.889093
1400000US06037134710,134710,2024,1254,882,70.33493,409,32.615631
1400000US06037134720,134720,2024,758,506,66.754616,238,31.398417
1400000US06037134801,134801,2024,282,142,50.35461,84,29.787233
1400000US06037134802,134802,2024,302,243,80.463577,119,39.403973
1400000US06037134901,134901,2024,415,292,70.361443,94,22.650602
1400000US06037134904,134904,2024,885,523,59.096046,273,30.847458
1400000US06037134905,134905,2024,2859,1806,63.168941,1084,37.915356
1400000US06037134906,134906,2024,1128,689,61.081562,336,29.787233
1400000US06037134907,134907,2024,1804,1078,59.756096,588,32.594234
1400000US06037135102,135102,2024,308,102,33.116882,59,19.155844
1400000US06037135111,135111,2024,481,192,39.91684,111,23.076923
1400000US06037135113,135113,2024,1119,563,50.312778,285,25.46917
1400000US06037135115,135115,2024,1606,726,45.205479,436,27.148193
1400000US06037135116,135116,2024,978,405,41.411041,171,17.484663
1400000US06037135201,135201,2024,101,69,68.316833,42,41.58416
1400000US06037135202,135202,2024,398,272,68.341705,159,39.949749
1400000US06037135204,135204,2024,364,231,63.46154,142,39.01099
1400000US06037135205,135205,2024,103,58,56.31068,33,32.038834
1400000US06037137000,137000,2024,155,136,87.741936,24,15.483871
1400000US06037137103,137103,2024,1257,815,64.836914,370,29.435163
1400000US06037137104,137104,2024,114,42,36.842106,23,20.175438
1400000US06037137202,137202,2024,874,512,58.581234,326,37.29977
1400000US06037137203,137203,2024,334,225,67.365273,143,42.814373
1400000US06037137301,137301,2024,27,13,48.148148,13,48.148148
1400000US06037137302,137302,2024,103,61,59.223301,0,0
1400000US06037137401,137401,2024,614,328,53.420197,229,37.296417
1400000US06037137402,137402,2024,550,378,68.727272,120,21.818182
1400000US06037137501,137501,2024,1250,861,68.879997,550,44
1400000US06037137502,137502,2024,412,265,64.320389,87,21.116505
1400000US06037137504,137504,2024,5,0,0,0,0
1400000US06037138000,138000,2024,216,126,58.333332,43,19.907408
1400000US06037139001,139001,2024,974,448,45.995892,252,25.87269
1400000US06037139200,139200,2024,1088,740,68.014709,334,30.69853
1400000US06037139301,139301,2024,195,136,69.743591,99,50.76923
1400000US06037139302,139302,2024,1427,810,56.76244,295,20.672741
1400000US06037139303,139303,2024,1602,906,56.554306,470,29.338327
1400000US06037139401,139401,2024,831,531,63.898918,381,45.848377
1400000US06037139402,139402,2024,47,36,76.595741,36,76.595741
1400000US06037139502,139502,2024,437,242,55.377575,174,39.816933
1400000US06037139504,139504,2024,1113,709,63.701706,351,31.536388
1400000US06037139505,139505,2024,1292,1054,81.578949,640,49.535603
1400000US06037139506,139506,2024,619,415,67.043617,239,38.610661
1400000US06037139600,139600,2024,965,596,61.761658,233,24.145079
1400000US06037139701,139701,2024,541,340,62.846581,184,34.011089
1400000US06037139703,139703,2024,53,48,90.56604,18,33.962265
1400000US06037139704,139704,2024,156,150,96.153847,36,23.076923
1400000US06037139705,139705,2024,49,49,100,44,89.795921
1400000US06037139801,139801,2024,25,25,100,0,0
1400000US06037139802,139802,2024,72,60,83.333336,33,45.833332
1400000US06037141101,141101,2024,1849,1178,63.710114,835,45.159546
1400000US06037141102,141102,2024,895,577,64.469276,398,44.469273
1400000US06037141201,141201,2024,1785,892,49.971989,368,20.616247
1400000US06037141202,141202,2024,807,369,45.724907,167,20.693928
1400000US06037141303,141303,2024,1297,638,49.190441,327,25.212029
1400000US06037141304,141304,2024,824,527,63.95631,361,43.81068
1400000US06037141305,141305,2024,1020,490,48.039215,216,21.17647
1400000US06037141306,141306,2024,1030,559,54.271843,231,22.427185
1400000US06037141400,141400,2024,875,573,65.485718,394,45.028572
1400000US06037141500,141500,2024,12,0,0,0,0
1400000US06037141600,141600,2024,164,112,68.292686,48,29.268293
1400000US06037141700,141700,2024,114,31,27.192982,25,21.929825
1400000US06037143101,143101,2024,460,227,49.347828,81,17.608696
1400000US06037143102,143102,2024,820,565,68.902435,273,33.292683
1400000US06037143200,143200,2024,1572,1057,67.239189,610,38.80407
1400000US06037143301,143301,2024,1181,690,58.425064,478,40.474174
1400000US06037143302,143302,2024,773,353,45.666237,173,22.380337
1400000US06037143401,143401,2024,1194,598,50.083752,181,15.159129
1400000US06037143402,143402,2024,434,189,43.548386,73,16.820276
1400000US06037143500,143500,2024,1391,599,43.062546,259,18.619698
1400000US06037143602,143602,2024,1365,835,61.172161,430,31.501831
1400000US06037143603,143603,2024,912,569,62.39035,266,29.166666
1400000US06037143605,143605,2024,867,575,66.320648,260,29.988466
1400000US06037143606,143606,2024,1015,458,45.123154,325,32.019703
1400000US06037143700,143700,2024,474,275,58.016876,175,36.91983
1400000US06037143801,143801,2024,572,237,41.433567,103,18.006992
1400000US06037143802,143802,2024,487,263,54.004108,83,17.043121
1400000US06037143901,143901,2024,160,94,58.75,72,45
1400000US06037143902,143902,2024,735,301,40.952381,210,28.571428
1400000US06037181000,181000,2024,613,325,53.017944,242,39.477978
1400000US06037181300,181300,2024,354,181,51.129944,115,32.485874
1400000US06037181400,181400,2024,928,360,38.793102,170,18.318966
1400000US06037181500,181500,2024,387,284,73.38501,195,50.387596
1400000US06037181600,181600,2024,576,338,58.680557,120,20.833334
1400000US06037183101,183101,2024,552,291,52.717392,157,28.442028
1400000US06037183103,183103,2024,1272,405,31.839622,212,16.666666
1400000US06037183104,183104,2024,234,97,41.452991,39,16.666666
1400000US06037183220,183220,2024,423,246,58.156029,76,17.966904
1400000US06037183221,183221,2024,414,270,65.217392,118,28.502415
1400000US06037183222,183222,2024,562,193,34.341637,56,9.9644127
1400000US06037183300,183300,2024,465,231,49.677418,109,23.440861
1400000US06037183401,183401,2024,424,265,62.5,80,18.867924
1400000US06037183402,183402,2024,760,403,53.026318,202,26.578947
1400000US06037183510,183510,2024,252,126,50,59,23.412699
1400000US06037183520,183520,2024,759,421,55.46772,220,28.985508
1400000US06037183610,183610,2024,693,447,64.502167,208,30.014429
1400000US06037183620,183620,2024,569,278,48.857643,91,15.99297
1400000US06037183701,183701,2024,926,574,61.987041,282,30.453564
1400000US06037183702,183702,2024,420,228,54.285713,133,31.666666
1400000US06037183810,183810,2024,1321,763,57.759274,408,30.885693
1400000US06037183820,183820,2024,1065,493,46.29108,269,25.258217
1400000US06037185101,185101,2024,680,413,60.735294,141,20.735294
1400000US06037185102,185102,2024,297,230,77.441078,47,15.824916
1400000US06037185202,185202,2024,794,404,50.881611,200,25.188917
1400000US06037185203,185203,2024,452,199,44.02655,64,14.159292
1400000US06037185204,185204,2024,87,52,59.770115,34,39.08046
1400000US06037185310,185310,2024,557,246,44.165169,143,25.67325
1400000US06037185320,185320,2024,648,290,44.753086,190,29.320988
1400000US06037186100,186100,2024,830,374,45.060242,179,21.566265
1400000US06037186201,186201,2024,786,418,53.18066,118,15.012723
1400000US06037186202,186202,2024,452,188,41.592922,75,16.59292
1400000US06037186203,186203,2024,220,80,36.363636,45,20.454546
1400000US06037186301,186301,2024,570,364,63.85965,222,38.947369
1400000US06037186302,186302,2024,634,380,59.936909,223,35.1735
1400000US06037186401,186401,2024,716,359,50.139664,184,25.698324
1400000US06037186403,186403,2024,452,177,39.15929,118,26.106195
1400000US06037186404,186404,2024,585,357,61.025642,192,32.820515
1400000US06037187101,187101,2024,686,407,59.329445,261,38.046646
1400000US06037187102,187102,2024,1030,668,64.85437,320,31.067961
1400000US06037187200,187200,2024,699,474,67.811157,179,25.608011
1400000US06037187300,187300,2024,862,500,58.004639,196,22.73782
1400000US06037188100,188100,2024,1449,804,55.486542,523,36.093857
1400000US06037188201,188201,2024,1280,764,59.6875,470,36.71875
1400000US06037188202,188202,2024,612,379,61.928104,204,33.333332
1400000US06037188300,188300,2024,692,227,32.803467,105,15.17341
1400000US06037189101,189101,2024,989,499,50.455006,295,29.82811
1400000US06037189102,189102,2024,1538,531,34.525356,127,8.2574768
1400000US06037189201,189201,2024,1709,880,51.4921,466,27.267408
1400000US06037189202,189202,2024,785,336,42.802547,142,18.089172
1400000US06037189300,189300,2024,59,16,27.118645,6,10.169492
1400000US06037189400,189400,2024,759,490,64.558632,408,53.75494
1400000US06037189501,189501,2024,1077,594,55.153202,357,33.147633
1400000US06037189502,189502,2024,1287,748,58.119659,487,37.839939
1400000US06037189600,189600,2024,1198,777,64.858093,311,25.959932
1400000US06037189702,189702,2024,803,522,65.006226,234,29.140722
1400000US06037189703,189703,2024,347,245,70.605186,190,54.755043
1400000US06037189704,189704,2024,737,360,48.846676,201,27.272728
1400000US06037189801,189801,2024,1071,589,54.995331,338,31.55929
1400000US06037189802,189802,2024,682,284,41.642227,150,21.994135
1400000US06037189903,189903,2024,1075,595,55.348839,219,20.372093
1400000US06037189904,189904,2024,1477,1038,70.277588,440,29.790115
1400000US06037189905,189905,2024,1174,643,54.770016,309,26.320272
1400000US06037189906,189906,2024,1324,762,57.552872,420,31.722054
1400000US06037189907,189907,2024,1311,570,43.47826,311,23.722349
1400000US06037190101,190101,2024,1150,917,79.739128,553,48.086956
1400000US06037190102,190102,2024,1414,709,50.141441,569,40.240452
1400000US06037190201,190201,2024,1504,985,65.49202,564,37.5
1400000US06037190202,190202,2024,2144,1423,66.371269,850,39.645523
1400000US06037190302,190302,2024,846,481,56.855793,317,37.470448
1400000US06037190303,190303,2024,1595,881,55.235111,616,38.620689
1400000US06037190401,190401,2024,1566,830,53.001278,473,30.204342
1400000US06037190402,190402,2024,1081,607,56.151711,368,34.042553
1400000US06037190510,190510,2024,1751,1021,58.309536,635,36.264992
1400000US06037190520,190520,2024,1493,824,55.190891,428,28.667112
1400000US06037190701,190701,2024,745,355,47.651009,266,35.704697
1400000US06037190702,190702,2024,682,389,57.038124,249,36.510265
1400000US06037190801,190801,2024,1389,709,51.043915,375,26.997841
1400000US06037190802,190802,2024,1617,959,59.307358,555,34.322819
1400000US06037190901,190901,2024,1163,625,53.740326,317,27.257093
1400000US06037190902,190902,2024,1565,967,61.789139,593,37.891373
1400000US06037191000,191000,2024,3222,1799,55.834885,952,29.546865
1400000US06037191110,191110,2024,1126,697,61.900532,242,21.492006
1400000US06037191120,191120,2024,1516,855,56.398418,576,37.994724
1400000US06037191201,191201,2024,1553,881,56.728912,535,34.449451
1400000US06037191203,191203,2024,860,487,56.627907,386,44.88372
1400000US06037191204,191204,2024,651,356,54.685101,162,24.884792
1400000US06037191301,191301,2024,822,406,49.391727,215,26.155718
1400000US06037191302,191302,2024,846,482,56.973995,312,36.879433
1400000US06037191410,191410,2024,1225,725,59.183674,347,28.32653
1400000US06037191420,191420,2024,806,605,75.062035,194,24.069479
1400000US06037191500,191500,2024,1531,799,52.188114,450,29.392553
1400000US06037191610,191610,2024,1321,904,68.433006,400,30.28009
1400000US06037191620,191620,2024,920,539,58.586956,249,27.065218
1400000US06037191710,191710,2024,1027,764,74.391434,398,38.753651
1400000US06037191720,191720,2024,1307,824,63.045143,578,44.223412
1400000US06037191810,191810,2024,1210,686,56.694214,443,36.611568
1400000US06037191820,191820,2024,1635,898,54.923546,437,26.727829
1400000US06037191901,191901,2024,2288,1213,53.015736,582,25.437063
1400000US06037191902,191902,2024,743,502,67.563927,293,39.434723
1400000US06037192001,192001,2024,813,490,60.270603,282,34.686348
1400000US06037192002,192002,2024,735,342,46.530613,175,23.809525
1400000US06037192300,192300,2024,1088,685,62.95956,465,42.738972
1400000US06037192410,192410,2024,1122,477,42.513371,249,22.192513
1400000US06037192420,192420,2024,1155,581,50.303032,281,24.329004
1400000US06037192510,192510,2024,1164,722,62.027493,493,42.353951
1400000US06037192520,192520,2024,1432,929,64.874298,454,31.703911
1400000US06037192610,192610,2024,1525,996,65.311478,605,39.672131
1400000US06037192620,192620,2024,1192,661,55.453022,345,28.942953
1400000US06037192700,192700,2024,1135,610,53.744492,256,22.555065
1400000US06037194101,194101,2024,1215,710,58.436214,391,32.181068
1400000US06037194102,194102,2024,302,238,78.807945,192,63.57616
1400000US06037194200,194200,2024,518,397,76.64093,302,58.301159
1400000US06037194300,194300,2024,273,203,74.358971,130,47.619049
1400000US06037194401,194401,2024,1241,623,50.20145,314,25.302176
1400000US06037194402,194402,2024,1555,963,61.92926,577,37.10611
1400000US06037194500,194500,2024,631,369,58.478607,224,35.499207
1400000US06037195100,195100,2024,598,359,60.033443,137,22.909698
1400000US06037195201,195201,2024,1217,362,29.745275,139,11.421529
1400000US06037195202,195202,2024,646,328,50.773994,191,29.566563
1400000US06037195300,195300,2024,1250,673,53.84,362,28.959999
1400000US06037195400,195400,2024,1296,694,53.549381,388,29.938272
1400000US06037195500,195500,2024,1308,505,38.608562,242,18.50153
1400000US06037195600,195600,2024,706,337,47.733711,110,15.580736
1400000US06037195710,195710,2024,1207,930,77.050537,540,44.739021
1400000US06037195720,195720,2024,733,441,60.163712,292,39.836288
1400000US06037195802,195802,2024,761,377,49.540077,192,25.229961
1400000US06037195803,195803,2024,914,386,42.231949,165,18.052517
1400000US06037195804,195804,2024,880,304,34.545456,86,9.772727
1400000US06037195901,195901,2024,943,440,46.659595,206,21.845175
1400000US06037195902,195902,2024,636,197,30.974842,55,8.6477985
1400000US06037195903,195903,2024,670,334,49.850746,152,22.686567
1400000US06037197200,197200,2024,609,253,41.543514,144,23.645321
1400000US06037197300,197300,2024,1263,570,45.130642,403,31.908155
1400000US06037197410,197410,2024,790,357,45.189873,157,19.873417
1400000US06037197420,197420,2024,1046,470,44.933079,326,31.166348
1400000US06037197500,197500,2024,1613,760,47.117172,360,22.318661
1400000US06037197600,197600,2024,765,364,47.581699,217,28.366013
1400000US06037197700,197700,2024,1915,1209,63.13316,657,34.308094
1400000US06037199001,199001,2024,669,435,65.022423,245,36.621822
1400000US06037199002,199002,2024,750,523,69.73333,261,34.799999
1400000US06037199110,199110,2024,240,102,42.5,53,22.083334
1400000US06037199120,199120,2024,788,564,71.573601,347,44.035534
1400000US06037199201,199201,2024,967,542,56.049637,221,22.854189
1400000US06037199202,199202,2024,339,159,46.902657,20,5.8997049
1400000US06037199300,199300,2024,374,277,74.064171,124,33.155079
1400000US06037199400,199400,2024,1077,642,59.610027,393,36.49025
1400000US06037199700,199700,2024,1012,660,65.217392,364,35.96838
1400000US06037199801,199801,2024,644,414,64.285713,179,27.795031
1400000US06037199802,199802,2024,409,210,51.344742,149,36.430317
1400000US06037199900,199900,2024,679,420,61.855671,285,41.973492
1400000US06037201110,201110,2024,303,140,46.20462,30,9.9009905
1400000US06037201120,201120,2024,788,323,40.989849,163,20.68528
1400000US06037201200,201200,2024,378,149,39.417988,85,22.486773
1400000US06037201301,201301,2024,518,211,40.733589,130,25.096525
1400000US06037201302,201302,2024,388,104,26.804123,28,7.216495
1400000US06037201401,201401,2024,748,576,77.005348,399,53.342247
1400000US06037201402,201402,2024,369,113,30.623306,40,10.840109
1400000US06037201501,201501,2024,783,480,61.302681,170,21.711367
1400000US06037201503,201503,2024,586,309,52.730377,76,12.969283
1400000US06037201504,201504,2024,257,156,60.70039,16,6.2256808
1400000US06037201601,201601,2024,204,108,52.941177,37,18.137255
1400000US06037201602,201602,2024,305,148,48.52459,61,20
1400000US06037201700,201700,2024,719,381,52.990265,257,35.744087
1400000US06037203100,203100,2024,1126,517,45.914742,267,23.712255
1400000US06037203200,203200,2024,848,516,60.849056,280,33.018867
1400000US06037203300,203300,2024,420,256,60.952381,142,33.809525
1400000US06037203500,203500,2024,670,353,52.686565,178,26.567163
1400000US06037203601,203601,2024,673,445,66.121841,273,40.564636
1400000US06037203602,203602,2024,424,212,50,52,12.264151
1400000US06037203710,203710,2024,618,241,38.996765,144,23.30097
1400000US06037203720,203720,2024,613,441,71.941269,235,38.336052
1400000US06037203800,203800,2024,786,405,51.526718,163,20.737913
1400000US06037203900,203900,2024,371,148,39.892181,111,29.919138
1400000US06037204110,204110,2024,544,347,63.786766,155,28.492647
1400000US06037204120,204120,2024,399,202,50.626568,61,15.28822
1400000US06037204200,204200,2024,898,499,55.567928,341,37.973274
1400000US06037204300,204300,2024,842,459,54.513065,181,21.496437
1400000US06037204410,204410,2024,537,305,56.79702,178,33.147114
1400000US06037204420,204420,2024,817,429,52.509178,203,24.847002
1400000US06037204600,204600,2024,926,645,69.654427,465,50.215984
1400000US06037204700,204700,2024,604,332,54.966888,161,26.655628
1400000US06037204810,204810,2024,930,588,63.225807,277,29.784946
1400000US06037204820,204820,2024,278,200,71.942444,72,25.899281
1400000US06037204910,204910,2024,653,374,57.27412,145,22.205206
1400000US06037204920,204920,2024,351,182,51.851852,135,38.46154
1400000US06037205110,205110,2024,837,480,57.347672,282,33.691757
1400000US06037205120,205120,2024,844,568,67.298576,396,46.91943
1400000US06037206010,206010,2024,1484,869,58.557953,407,27.425877
1400000US06037206020,206020,2024,274,97,35.401459,42,15.328467
1400000US06037206050,206050,2024,736,340,46.195652,140,19.02174
1400000US06037206051,206051,2024,767,367,47.848763,221,28.813559
1400000US06037206052,206052,2024,1566,770,49.169861,364,23.243933
1400000US06037206053,206053,2024,897,444,49.498329,306,34.113712
1400000US06037206054,206054,2024,571,204,35.726795,107,18.739054
1400000US06037206201,206201,2024,1107,488,44.083107,311,28.093948
1400000US06037206202,206202,2024,918,648,70.588234,372,40.522877
1400000US06037206301,206301,2024,1120,591,52.767857,286,25.535715
1400000US06037206302,206302,2024,581,302,51.979347,189,32.530121
1400000US06037206303,206303,2024,392,216,55.102039,188,47.959183
1400000US06037207101,207101,2024,1715,1131,65.947525,605,35.276966
1400000US06037207102,207102,2024,1544,817,52.914509,201,13.018135
1400000US06037207103,207103,2024,789,462,58.555134,264,33.460075
1400000US06037207303,207303,2024,1829,1086,59.376709,591,32.31274
1400000US06037207304,207304,2024,1394,932,66.857964,520,37.302727
1400000US06037207305,207305,2024,581,442,76.075729,131,22.547333
1400000US06037207306,207306,2024,1479,838,56.659904,352,23.799866
1400000US06037207307,207307,2024,1038,634,61.078999,325,31.310211
1400000US06037207308,207308,2024,683,392,57.393852,264,38.653
1400000US06037207400,207400,2024,905,601,66.408836,340,37.569061
1400000US06037207501,207501,2024,987,436,44.174267,200,20.263424
1400000US06037207502,207502,2024,2688,1378,51.264881,446,16.592262
1400000US06037207711,207711,2024,1553,736,47.392143,501,32.260143
1400000US06037207712,207712,2024,2848,1819,63.869381,765,26.860954
1400000US06037207901,207901,2024,2000,1112,55.599998,595,29.75
1400000US06037207902,207902,2024,3953,2321,58.714901,1292,32.684036
1400000US06037208001,208001,2024,1280,668,52.1875,326,25.46875
1400000US06037208002,208002,2024,1206,722,59.867329,395,32.752903
1400000US06037208301,208301,2024,496,314,63.30645,220,44.354839
1400000US06037208302,208302,2024,1370,693,50.583942,214,15.620438
1400000US06037208401,208401,2024,1395,825,59.139786,495,35.483871
1400000US06037208402,208402,2024,789,392,49.683144,208,26.362484
1400000US06037208501,208501,2024,799,379,47.434292,244,30.538172
1400000US06037208502,208502,2024,1279,953,74.511337,461,36.043785
1400000US06037208610,208610,2024,1247,675,54.129913,370,29.671211
1400000US06037208620,208620,2024,1484,784,52.830189,430,28.97574
1400000US06037208710,208710,2024,1684,907,53.859856,481,28.562946
1400000US06037208720,208720,2024,1346,908,67.459137,558,41.456165
1400000US06037208801,208801,2024,1115,707,63.408073,434,38.923767
1400000US06037208802,208802,2024,1553,1122,72.247261,499,32.131359
1400000US06037208902,208902,2024,643,406,63.141525,204,31.726282
1400000US06037208903,208903,2024,1067,648,60.731022,340,31.865042
1400000US06037208904,208904,2024,1276,891,69.827583,369,28.918495
1400000US06037209103,209103,2024,1050,631,60.095238,392,37.333332
1400000US06037209104,209104,2024,887,477,53.776775,251,28.297632
1400000US06037209105,209105,2024,954,692,72.53669,396,41.509434
1400000US06037209106,209106,2024,1135,711,62.643173,321,28.281939
1400000US06037209201,209201,2024,2076,1430,68.882469,721,34.730251
1400000US06037209202,209202,2024,477,362,75.890984,243,50.943398
1400000US06037209300,209300,2024,2221,1550,69.788383,945,42.548401
1400000US06037209401,209401,2024,1421,888,62.491203,384,27.023224
1400000US06037209402,209402,2024,1153,581,50.390285,291,25.238508
1400000US06037209403,209403,2024,1394,986,70.731705,525,37.661407
1400000US06037209510,209510,2024,948,640,67.510551,382,40.295357
1400000US06037209520,209520,2024,909,507,55.775578,370,40.704071
1400000US06037209810,209810,2024,761,476,62.549278,277,36.399475
1400000US06037209820,209820,2024,637,329,51.64835,173,27.158556
1400000US06037210010,210010,2024,862,496,57.540604,254,29.466358
1400000US06037211000,211000,2024,942,543,57.643311,294,31.210192
1400000US06037211121,211121,2024,936,552,58.974358,351,37.5
1400000US06037211122,211122,2024,994,707,71.126762,438,44.064384
1400000US06037211123,211123,2024,985,559,56.75127,182,18.477158
1400000US06037211124,211124,2024,1752,945,53.938354,654,37.328766
1400000US06037211201,211201,2024,994,540,54.325954,280,28.169014
1400000US06037211202,211202,2024,1021,531,52.007835,311,30.460333
1400000US06037211310,211310,2024,1395,1037,74.336914,545,39.0681
1400000US06037211320,211320,2024,1085,567,52.258064,368,33.917049
1400000US06037211410,211410,2024,1059,868,81.964119,325,30.689329
1400000US06037211420,211420,2024,1050,799,76.095238,382,36.380951
1400000US06037211500,211500,2024,1342,832,61.997021,514,38.301044
1400000US06037211701,211701,2024,739,407,55.074425,173,23.410013
1400000US06037211703,211703,2024,2081,1171,56.271023,542,26.04517
1400000US06037211704,211704,2024,1409,829,58.836056,502,35.628105
1400000US06037211802,211802,2024,2099,1652,78.704147,918,43.735111
1400000US06037211803,211803,2024,1676,973,58.054893,642,38.305489
1400000US06037211804,211804,2024,1212,762,62.871288,465,38.366337
1400000US06037211910,211910,2024,1803,965,53.521908,399,22.129784
1400000US06037211921,211921,2024,894,571,63.870247,358,40.044743
1400000US06037211922,211922,2024,1350,776,57.48148,414,30.666666
1400000US06037212101,212101,2024,1375,745,54.18182,448,32.581818
1400000US06037212102,212102,2024,1169,738,63.130882,309,26.432848
1400000US06037212202,212202,2024,1126,680,60.390762,326,28.952044
1400000US06037212203,212203,2024,1435,900,62.71777,441,30.731707
1400000US06037212204,212204,2024,1582,1210,76.485458,659,41.656132
1400000US06037212303,212303,2024,1632,1141,69.914215,787,48.223038
1400000US06037212304,212304,2024,801,494,61.672909,317,39.575531
1400000US06037212305,212305,2024,991,620,62.563068,264,26.639757
1400000US06037212306,212306,2024,1028,663,64.494164,371,36.089493
1400000US06037212410,212410,2024,1561,1010,64.70211,538,34.465088
1400000US06037212420,212420,2024,1181,723,61.219307,340,28.789162
1400000US06037212501,212501,2024,871,492,56.486797,268,30.76923
1400000US06037212502,212502,2024,1716,1088,63.403263,660,38.46154
1400000US06037212610,212610,2024,1675,1012,60.417912,714,42.626865
1400000US06037212620,212620,2024,1489,1057,70.987236,573,38.482204
1400000US06037212701,212701,2024,536,323,60.261192,166,30.97015
1400000US06037212702,212702,2024,647,446,68.93354,280,43.276661
1400000US06037212800,212800,2024,647,337,52.086552,163,25.193199
1400000US06037212900,212900,2024,1269,646,50.906227,288,22.695036
1400000US06037213100,213100,2024,854,537,62.880562,328,38.407494
1400000US06037213201,213201,2024,1521,1034,67.98159,647,42.537804
1400000US06037213202,213202,2024,917,498,54.307526,258,28.135223
1400000US06037213310,213310,2024,744,377,50.672043,239,32.123657
1400000US06037213320,213320,2024,774,434,56.07235,224,28.940569
1400000US06037213401,213401,2024,1492,794,53.217159,442,29.624664
1400000US06037213402,213402,2024,1694,1162,68.595039,635,37.485241
1400000US06037214000,214000,2024,555,291,52.432434,186,33.513512
1400000US06037214100,214100,2024,1164,618,53.092785,354,30.412371
1400000US06037214400,214400,2024,1671,795,47.576302,536,32.076599
1400000US06037214501,214501,2024,1686,1030,61.091339,421,24.970345
1400000US06037214503,214503,2024,1467,850,57.941376,338,23.040218
1400000US06037214504,214504,2024,1556,769,49.421593,400,25.706942
1400000US06037214505,214505,2024,936,566,60.470085,313,33.44017
1400000US06037214600,214600,2024,1001,513,51.248753,296,29.570429
1400000US06037214700,214700,2024,738,479,64.905151,296,40.108402
1400000US06037214800,214800,2024,1218,681,55.911331,348,28.571428
1400000US06037214902,214902,2024,1072,676,63.0597,277,25.839552
1400000US06037214903,214903,2024,974,710,72.895279,563,57.802876
1400000US06037214904,214904,2024,691,291,42.112881,165,23.878437
1400000US06037215101,215101,2024,1944,1050,54.012344,640,32.92181
1400000US06037215102,215102,2024,2034,1103,54.228123,436,21.435595
1400000US06037216100,216100,2024,394,215,54.568527,86,21.827412
1400000US06037216201,216201,2024,1055,604,57.251186,363,34.407581
1400000US06037216202,216202,2024,1137,604,53.122253,399,35.09235
1400000US06037216301,216301,2024,243,170,69.958847,80,32.92181
1400000US06037216302,216302,2024,1517,766,50.494396,506,33.355305
1400000US06037216401,216401,2024,1904,1119,58.771008,504,26.470589
1400000US06037216402,216402,2024,954,549,57.547169,276,28.930819
1400000US06037216700,216700,2024,968,565,58.367767,311,32.128098
1400000US06037216800,216800,2024,888,458,51.576576,250,28.153152
1400000US06037216901,216901,2024,616,394,63.96104,184,29.870131
1400000US06037216902,216902,2024,839,426,50.774731,332,39.570919
1400000US06037217001,217001,2024,707,396,56.011314,209,29.561527
1400000US06037217002,217002,2024,1804,1086,60.199558,313,17.350332
1400000US06037217101,217101,2024,758,321,42.348286,201,26.517151
1400000US06037217102,217102,2024,903,517,57.253597,346,38.316723
1400000US06037217200,217200,2024,1183,635,53.677094,331,27.979713
1400000US06037218110,218110,2024,949,617,65.015808,308,32.455215
1400000US06037218120,218120,2024,1071,510,47.619049,232,21.661999
1400000US06037218210,218210,2024,1077,569,52.83194,282,26.183844
1400000US06037218220,218220,2024,959,545,56.830032,290,30.239834
1400000US06037218300,218300,2024,1627,810,49.784882,539,33.128456
1400000US06037218400,218400,2024,916,500,54.585152,288,31.441048
1400000US06037218500,218500,2024,701,434,61.911556,181,25.820257
1400000US06037218600,218600,2024,612,374,61.111111,137,22.38562
1400000US06037218701,218701,2024,384,289,75.260414,194,50.520832
1400000US06037218702,218702,2024,576,360,62.5,101,17.534721
1400000US06037218800,218800,2024,682,553,81.085045,353,51.759529
1400000US06037218900,218900,2024,1740,1021,58.678162,580,33.333332
1400000US06037219010,219010,2024,521,317,60.844528,155,29.750481
1400000US06037219020,219020,2024,522,356,68.199234,151,28.927202
1400000US06037219300,219300,2024,1082,653,60.3512,397,36.691311
1400000US06037219500,219500,2024,232,81,34.913792,24,10.344828
1400000US06037219700,219700,2024,694,356,51.296829,139,20.028818
1400000US06037219800,219800,2024,680,254,37.35294,146,21.470589
1400000US06037219901,219901,2024,1204,883,73.338867,312,25.913622
1400000US06037219902,219902,2024,1005,579,57.611938,268,26.666666
1400000US06037220000,220000,2024,1428,990,69.327728,611,42.787113
1400000US06037220100,220100,2024,518,264,50.965252,155,29.922779
1400000US06037221110,221110,2024,965,440,45.595856,220,22.797928
1400000US06037221120,221120,2024,688,396,57.55814,228,33.139534
1400000US06037221210,221210,2024,651,358,54.992321,185,28.417818
1400000US06037221220,221220,2024,746,447,59.919571,256,34.316353
1400000US06037221302,221302,2024,1043,695,66.634705,363,34.803452
1400000US06037221303,221303,2024,584,317,54.280823,173,29.623287
1400000US06037221304,221304,2024,964,611,63.381744,278,28.838175
1400000US06037221401,221401,2024,1056,724,68.560608,369,34.94318
1400000US06037221402,221402,2024,788,451,57.233501,299,37.944164
1400000US06037221500,221500,2024,996,495,49.698795,323,32.429718
1400000US06037221601,221601,2024,648,371,57.253086,225,34.722221
1400000US06037221602,221602,2024,689,389,56.458637,95,13.788098
1400000US06037221710,221710,2024,664,429,64.608437,271,40.813251
1400000US06037221810,221810,2024,774,540,69.767441,381,49.224808
1400000US06037221820,221820,2024,786,669,85.114502,424,53.944019
1400000US06037221900,221900,2024,886,587,66.252823,280,31.602709
1400000US06037222001,222001,2024,434,259,59.677418,138,31.797235
1400000US06037222002,222002,2024,773,443,57.309185,283,36.610607
1400000US06037222100,222100,2024,840,609,72.5,342,40.714287
1400000US06037222200,222200,2024,875,520,59.42857,334,38.171429
1400000US06037222500,222500,2024,915,441,48.19672,254,27.759563
1400000US06037222600,222600,2024,1166,703,60.291595,573,49.142368
1400000US06037222700,222700,2024,156,120,76.92308,76,48.717949
1400000US06037224010,224010,2024,1618,972,60.074165,652,40.296661
1400000US06037224020,224020,2024,958,705,73.590813,322,33.611691
1400000US06037224200,224200,2024,624,332,53.205128,144,23.076923
1400000US06037224310,224310,2024,486,220,45.26749,100,20.576132
1400000US06037224320,224320,2024,993,625,62.940582,338,34.038269
1400000US06037224410,224410,2024,780,541,69.358971,308,39.487179
1400000US06037224420,224420,2024,798,502,62.907269,172,21.553885
1400000US06037224600,224600,2024,680,443,65.147057,168,24.705883
1400000US06037224701,224701,2024,422,293,69.431282,239,56.635071
1400000US06037224702,224702,2024,596,522,87.583893,440,73.8255
1400000US06037226001,226001,2024,505,408,80.792076,288,57.029701
1400000US06037226002,226002,2024,1016,659,64.862206,345,33.956692
1400000US06037226410,226410,2024,748,376,50.26738,209,27.941177
1400000US06037226420,226420,2024,1021,736,72.086189,309,30.264446
1400000US06037226701,226701,2024,358,230,64.245811,143,39.944134
1400000US06037226702,226702,2024,510,252,49.411766,68,13.333333
1400000US06037227010,227010,2024,877,453,51.653362,209,23.831244
1400000US06037227020,227020,2024,464,321,69.181038,170,36.637932
1400000US06037228100,228100,2024,709,406,57.263752,203,28.631876
1400000US06037228210,228210,2024,707,570,80.622345,240,33.946251
1400000US06037228220,228220,2024,719,456,63.421417,258,35.883171
1400000US06037228310,228310,2024,795,518,65.157234,263,33.08176
1400000US06037228320,228320,2024,592,351,59.290539,212,35.81081
1400000US06037228410,228410,2024,559,303,54.203934,196,35.062611
1400000US06037228420,228420,2024,515,282,54.757282,158,30.679611
1400000US06037228500,228500,2024,816,558,68.382355,312,38.235294
1400000US06037228600,228600,2024,755,476,63.046356,341,45.165562
1400000US06037228710,228710,2024,577,403,69.844017,193,33.448872
1400000US06037228720,228720,2024,783,400,51.085567,269,34.355045
1400000US06037228800,228800,2024,873,579,66.323021,231,26.460482
1400000US06037228900,228900,2024,804,470,58.45771,243,30.223881
1400000US06037229100,229100,2024,668,438,65.568863,207,30.988024
1400000US06037229200,229200,2024,966,729,75.465836,437,45.238094
1400000US06037229300,229300,2024,1078,645,59.833023,344,31.910946
1400000US06037229410,229410,2024,665,485,72.932327,372,55.93985
1400000US06037229420,229420,2024,755,423,56.026489,303,40.13245
1400000US06037231100,231100,2024,537,259,48.230911,125,23.277468
1400000US06037231210,231210,2024,1106,718,64.918625,452,40.867992
1400000US06037231220,231220,2024,1259,829,65.845909,386,30.659254
1400000US06037231301,231301,2024,505,344,68.118813,220,43.564358
1400000US06037231302,231302,2024,451,297,65.853661,157,34.811531
1400000US06037231400,231400,2024,904,667,73.783188,272,30.088495
1400000US06037231500,231500,2024,540,295,54.629631,242,44.814816
1400000US06037231601,231601,2024,458,192,41.921398,67,14.628821
1400000US06037231602,231602,2024,343,233,67.930031,122,35.568512
1400000US06037231603,231603,2024,633,358,56.556084,216,34.123222
1400000US06037231710,231710,2024,1030,569,55.242718,294,28.54369
1400000US06037231720,231720,2024,1084,721,66.512917,375,34.594097
1400000US06037231800,231800,2024,1044,707,67.720306,443,42.432949
1400000US06037231901,231901,2024,459,176,38.344227,94,20.479303
1400000US06037231902,231902,2024,542,337,62.17712,169,31.180811
1400000US06037232110,232110,2024,585,375,64.102562,249,42.564102
1400000US06037232120,232120,2024,1200,703,58.583332,358,29.833334
1400000US06037232200,232200,2024,491,208,42.362526,113,23.014257
1400000US06037232300,232300,2024,595,292,49.07563,125,21.008404
1400000US06037232401,232401,2024,595,454,76.302521,267,44.873951
1400000US06037232402,232402,2024,418,154,36.842106,68,16.267942
1400000US06037232500,232500,2024,939,706,75.186371,417,44.408947
1400000US06037232601,232601,2024,370,198,53.513512,97,26.216217
1400000US06037232602,232602,2024,757,386,50.990753,262,34.610302
1400000US06037232701,232701,2024,293,131,44.709896,108,36.860069
1400000US06037232702,232702,2024,597,416,69.68174,230,38.525963
1400000US06037232800,232800,2024,590,357,60.508476,181,30.677965
1400000US06037234001,234001,2024,278,91,32.733814,34,12.230216
1400000US06037234002,234002,2024,638,383,60.031349,345,54.075233
1400000US06037234200,234200,2024,327,214,65.443428,94,28.746178
1400000US06037234301,234301,2024,710,605,85.211266,396,55.774647
1400000US06037234302,234302,2024,1076,669,62.174721,446,41.449814
1400000US06037234501,234501,2024,368,217,58.967392,163,44.29348
1400000US06037234502,234502,2024,673,472,70.133728,279,41.456165
1400000US06037234600,234600,2024,531,411,77.401131,292,54.990585
1400000US06037234700,234700,2024,440,286,65,168,38.18182
1400000US06037234800,234800,2024,433,246,56.812935,185,42.725174
1400000US06037234901,234901,2024,1053,474,45.014244,349,33.143398
1400000US06037234902,234902,2024,1865,1515,81.233246,983,52.707775
1400000US06037235100,235100,2024,424,204,48.113209,114,26.886793
1400000US06037235201,235201,2024,291,232,79.725082,163,56.013744
1400000US06037235202,235202,2024,980,789,80.510201,520,53.061226
1400000US06037236001,236001,2024,377,205,54.376659,171,45.358089
1400000US06037236101,236101,2024,883,665,75.31144,469,53.114384
1400000US06037236102,236102,2024,1504,875,58.178192,789,52.460106
1400000US06037236203,236203,2024,1301,967,74.327438,535,41.122215
1400000US06037236204,236204,2024,1222,811,66.366615,515,42.144028
1400000US06037236205,236205,2024,1080,620,57.407406,505,46.759258
1400000US06037236206,236206,2024,1219,639,52.420017,329,26.989336
1400000US06037236400,236400,2024,960,450,46.875,284,29.583334
1400000US06037237101,237101,2024,634,386,60.883282,283,44.637222
1400000US06037237102,237102,2024,633,391,61.769352,254,40.126381
1400000US06037237201,237201,2024,521,282,54.126678,145,27.831095
1400000US06037237202,237202,2024,651,605,92.933945,500,76.804916
1400000US06037237300,237300,2024,704,462,65.625,198,28.125
1400000US06037237401,237401,2024,337,224,66.468842,178,52.818993
1400000US06037237402,237402,2024,363,250,68.870522,100,27.54821
1400000US06037237500,237500,2024,587,419,71.379898,229,39.011925
1400000US06037237600,237600,2024,923,569,61.646805,210,22.751896
1400000US06037237710,237710,2024,703,518,73.684212,334,47.51067
1400000US06037237720,237720,2024,776,559,72.036079,265,34.149483
1400000US06037237800,237800,2024,363,270,74.380165,153,42.148762
1400000US06037237900,237900,2024,311,189,60.771706,163,52.411575
1400000US06037238000,238000,2024,818,637,77.872864,369,45.110023
1400000US06037238100,238100,2024,1147,647,56.40802,547,47.689625
1400000US06037238200,238200,2024,1538,941,61.183353,504,32.769833
1400000US06037238310,238310,2024,1162,748,64.371773,447,38.468159
1400000US06037238320,238320,2024,923,595,64.463707,534,57.85482
1400000US06037238400,238400,2024,514,385,74.902725,333,64.785995
1400000US06037239201,239201,2024,571,380,66.549911,176,30.823118
1400000US06037239202,239202,2024,894,410,45.861298,269,30.089485
1400000US06037239310,239310,2024,724,393,54.281769,264,36.464088
1400000US06037239320,239320,2024,468,314,67.094017,221,47.222221
1400000US06037239330,239330,2024,543,200,36.832413,109,20.073666
1400000US06037239501,239501,2024,634,425,67.034698,234,36.908516
1400000US06037239502,239502,2024,466,323,69.313301,117,25.107296
1400000US06037239601,239601,2024,635,344,54.173229,193,30.393702
1400000US06037239602,239602,2024,686,412,60.058308,228,33.236153
1400000US06037239701,239701,2024,605,442,73.057854,339,56.033058
1400000US06037239702,239702,2024,823,469,56.986633,249,30.255163
1400000US06037239801,239801,2024,532,356,66.91729,261,49.06015
1400000US06037239802,239802,2024,979,690,70.48008,490,50.051071
1400000US06037240010,240010,2024,857,558,65.110855,357,41.656944
1400000US06037240020,240020,2024,741,544,73.414307,431,58.164642
1400000US06037240200,240200,2024,854,585,68.501167,357,41.80328
1400000US06037240301,240301,2024,655,315,48.091602,213,32.519085
1400000US06037240302,240302,2024,425,327,76.941177,133,31.294117
1400000US06037240401,240401,2024,1099,843,76.706093,560,50.955414
1400000US06037240402,240402,2024,427,352,82.4356,240,56.206089
1400000US06037240500,240500,2024,1195,798,66.778244,571,47.782425
1400000US06037240600,240600,2024,724,468,64.640884,293,40.469612
1400000US06037240700,240700,2024,753,536,71.181938,417,55.378487
1400000US06037240800,240800,2024,542,378,69.741699,271,50
1400000US06037240901,240901,2024,196,142,72.448982,74,37.7551
1400000US06037240902,240902,2024,386,245,63.471504,226,58.549221
1400000US06037241001,241001,2024,574,129,22.473867,118,20.557491
1400000US06037241002,241002,2024,626,446,71.24601,345,55.11182
1400000US06037241110,241110,2024,531,365,68.738228,132,24.858757
1400000US06037241120,241120,2024,1039,776,74.687202,504,48.508183
1400000US06037241201,241201,2024,382,319,83.507851,138,36.125656
1400000US06037241202,241202,2024,948,712,75.105484,438,46.20253
1400000US06037241300,241300,2024,382,294,76.963348,131,34.293194
1400000US06037241400,241400,2024,479,301,62.839249,256,53.444675
1400000US06037242000,242000,2024,831,553,66.546333,226,27.19615
1400000US06037242100,242100,2024,672,386,57.440475,179,26.636906
1400000US06037242201,242201,2024,584,297,50.856163,188,32.19178
1400000US06037242202,242202,2024,552,426,77.173912,138,25
1400000US06037242300,242300,2024,896,523,58.370537,306,34.151787
1400000US06037242600,242600,2024,1197,811,67.752716,542,45.279865
1400000US06037242700,242700,2024,619,448,72.374802,290,46.849758
1400000US06037243001,243001,2024,367,285,77.656677,132,35.967304
1400000US06037243002,243002,2024,262,148,56.488548,106,40.458015
1400000US06037243100,243100,2024,1017,773,76.007866,390,38.348083
1400000US06037261102,261102,2024,105,63,60,45,42.857143
1400000US06037261103,261103,2024,59,51,86.440681,34,57.627117
1400000US06037261104,261104,2024,121,109,90.082642,50,41.322315
1400000US06037261200,261200,2024,150,116,77.333336,116,77.333336
1400000US06037262100,262100,2024,139,53,38.129498,53,38.129498
1400000US06037262200,262200,2024,489,240,49.079754,106,21.676891
1400000US06037262301,262301,2024,74,49,66.216217,38,51.351353
1400000US06037262302,262302,2024,355,119,33.521126,87,24.507042
1400000US06037262303,262303,2024,8,0,0,0,0
1400000US06037262400,262400,2024,118,83,70.338982,83,70.338982
1400000US06037262501,262501,2024,140,84,60,82,58.57143
1400000US06037262601,262601,2024,46,14,30.434782,2,4.347826
1400000US06037262604,262604,2024,563,263,46.714031,263,46.714031
1400000US06037262704,262704,2024,444,245,55.18018,129,29.054054
1400000US06037262706,262706,2024,315,193,61.26984,143,45.396824
1400000US06037262802,262802,2024,76,76,100,58,76.315788
1400000US06037264000,264000,2024,221,142,64.253395,56,25.339367
1400000US06037264102,264102,2024,1074,406,37.802608,222,20.670391
1400000US06037264103,264103,2024,1151,485,42.137272,276,23.979149
1400000US06037264303,264303,2024,1159,491,42.364105,275,23.72735
1400000US06037264304,264304,2024,1202,553,46.006657,272,22.628952
1400000US06037264305,264305,2024,858,326,37.995338,134,15.617716
1400000US06037264306,264306,2024,587,340,57.921635,135,22.998297
1400000US06037265100,265100,2024,627,420,66.985649,397,63.317383
1400000US06037265201,265201,2024,168,110,65.476189,94,55.952381
1400000US06037265203,265203,2024,692,478,69.075142,360,52.023121
1400000US06037265204,265204,2024,538,418,77.695168,291,54.089218
1400000US06037265301,265301,2024,0,0,,0,
1400000US06037265303,265303,2024,1376,1180,85.755814,1009,73.328491
1400000US06037265304,265304,2024,893,774,86.674133,743,83.20269
1400000US06037265306,265306,2024,317,248,78.233437,178,56.151421
1400000US06037265307,265307,2024,841,670,79.667061,579,68.846611
1400000US06037265410,265410,2024,171,119,69.590645,46,26.900585
1400000US06037265420,265420,2024,187,93,49.73262,43,22.994652
1400000US06037265521,265521,2024,937,563,60.085381,299,31.910353
1400000US06037265522,265522,2024,717,483,67.364014,212,29.567642
1400000US06037265523,265523,2024,847,592,69.893745,439,51.829987
1400000US06037265524,265524,2024,1067,616,57.73196,307,28.772259
1400000US06037265601,265601,2024,587,323,55.025555,249,42.419079
1400000US06037265602,265602,2024,468,363,77.564102,285,60.897434
1400000US06037265701,265701,2024,410,181,44.146343,142,34.634148
1400000US06037265702,265702,2024,801,626,78.152313,228,28.46442
1400000US06037267101,267101,2024,900,561,62.333332,336,37.333332
1400000US06037267102,267102,2024,697,455,65.27977,357,51.219513
1400000US06037267201,267201,2024,923,522,56.554714,213,23.076923
1400000US06037267202,267202,2024,982,669,68.126274,238,24.236252
1400000US06037267300,267300,2024,1787,767,42.921097,484,27.084499
1400000US06037267403,267403,2024,1670,829,49.64072,486,29.101797
1400000US06037267404,267404,2024,1425,1059,74.315788,386,27.087719
1400000US06037267405,267405,2024,1219,588,48.236259,246,20.180475
1400000US06037267406,267406,2024,882,495,56.122448,186,21.088436
1400000US06037267502,267502,2024,1135,661,58.237885,286,25.198238
1400000US06037267503,267503,2024,988,385,38.967613,255,25.809717
1400000US06037267504,267504,2024,1541,811,52.628162,595,38.61129
1400000US06037267600,267600,2024,884,426,48.190044,325,36.764706
1400000US06037267700,267700,2024,1446,563,38.934994,290,20.055325
1400000US06037267800,267800,2024,750,423,56.400002,183,24.4
1400000US06037267901,267901,2024,443,314,70.880363,186,41.986458
1400000US06037267902,267902,2024,959,417,43.482796,161,16.788321
1400000US06037269000,269000,2024,824,343,41.626213,135,16.383495
1400000US06037269100,269100,2024,1175,799,68,496,42.212765
1400000US06037269300,269300,2024,225,128,56.888889,64,28.444445
1400000US06037269500,269500,2024,40,10,25,10,25
1400000US06037269601,269601,2024,893,589,65.957443,317,35.498322
1400000US06037269602,269602,2024,644,373,57.919254,279,43.322983
1400000US06037269700,269700,2024,782,249,31.841433,146,18.670076
1400000US06037269800,269800,2024,1098,521,47.449909,237,21.5847
1400000US06037269903,269903,2024,1979,906,45.780697,420,21.222839
1400000US06037269905,269905,2024,1355,639,47.158672,276,20.369003
1400000US06037269906,269906,2024,1537,550,35.783997,230,14.964216
1400000US06037269907,269907,2024,1309,601,45.91291,180,13.750955
1400000US06037269908,269908,2024,1307,604,46.2127,234,17.903597
1400000US06037269909,269909,2024,1356,633,46.681416,155,11.430678
1400000US06037270101,270101,2024,958,562,58.663883,225,23.486429
1400000US06037270102,270102,2024,997,318,31.895687,194,19.458376
1400000US06037270200,270200,2024,829,570,68.757538,330,39.806995
1400000US06037270300,270300,2024,352,152,43.18182,90,25.568182
1400000US06037271100,271100,2024,358,197,55.027931,107,29.888268
1400000US06037271200,271200,2024,1119,584,52.189453,312,27.882038
1400000US06037271300,271300,2024,941,628,66.737511,186,19.766207
1400000US06037271400,271400,2024,133,80,60.150375,80,60.150375
1400000US06037271500,271500,2024,578,325,56.228374,191,33.044983
1400000US06037271600,271600,2024,1259,526,41.77919,349,27.720413
1400000US06037271702,271702,2024,1291,667,51.665375,329,25.484121
1400000US06037271703,271703,2024,979,400,40.858017,186,18.998978
1400000US06037271704,271704,2024,1073,345,32.152843,184,17.148182
1400000US06037271801,271801,2024,1569,932,59.400894,422,26.896112
1400000US06037271803,271803,2024,1561,890,57.014732,383,24.535555
1400000US06037271804,271804,2024,766,401,52.349869,185,24.151436
1400000US06037271901,271901,2024,937,416,44.397011,235,25.080042
1400000US06037271902,271902,2024,1217,615,50.5341,325,26.705013
1400000US06037272100,272100,2024,614,330,53.74593,219,35.667751
1400000US06037272201,272201,2024,680,295,43.382355,139,20.441177
1400000US06037272202,272202,2024,1206,561,46.517414,296,24.543947
1400000US06037272301,272301,2024,863,363,42.062572,117,13.557358
1400000US06037272302,272302,2024,1730,710,41.040462,259,14.971098
1400000US06037273100,273100,2024,795,376,47.295597,128,16.10063
1400000US06037273200,273200,2024,945,358,37.883598,201,21.269842
1400000US06037273300,273300,2024,1070,619,57.850468,309,28.878504
1400000US06037273403,273403,2024,771,420,54.474709,231,29.96109
1400000US06037273404,273404,2024,938,635,67.697227,361,38.486141
1400000US06037273502,273502,2024,1312,509,38.795731,232,17.682926
1400000US06037273600,273600,2024,543,272,50.092079,236,43.462246
1400000US06037273700,273700,2024,699,326,46.638054,117,16.738197
1400000US06037273800,273800,2024,1060,574,54.150944,339,31.981133
1400000US06037273902,273902,2024,1281,760,59.328648,297,23.185011
1400000US06037274100,274100,2024,1183,833,70.4142,478,40.405746
1400000US06037274202,274202,2024,1317,534,40.546696,300,22.779043
1400000US06037275101,275101,2024,286,135,47.202797,90,31.468531
1400000US06037275102,275102,2024,859,466,54.249126,247,28.754366
1400000US06037275200,275200,2024,1186,405,34.148399,201,16.947723
1400000US06037275311,275311,2024,1369,628,45.872898,209,15.266618
1400000US06037275312,275312,2024,540,203,37.592594,69,12.777778
1400000US06037275313,275313,2024,467,197,42.184155,160,34.261242
1400000US06037275400,275400,2024,1409,709,50.319374,476,33.782825
1400000US06037275500,275500,2024,1330,614,46.165413,173,13.007519
1400000US06037275603,275603,2024,610,308,50.491802,139,22.786884
1400000US06037275604,275604,2024,2997,1626,54.254253,690,23.023024
1400000US06037275605,275605,2024,1380,650,47.101448,331,23.985508
1400000US06037276000,276000,2024,1114,555,49.820465,395,35.457809
1400000US06037276101,276101,2024,1840,999,54.29348,384,20.869566
1400000US06037276102,276102,2024,1115,692,62.062778,428,38.385651
1400000US06037276400,276400,2024,351,172,49.00285,106,30.19943
1400000US06037276500,276500,2024,254,156,61.417324,97,38.188976
1400000US06037276601,276601,2024,664,327,49.246986,225,33.885544
1400000US06037276605,276605,2024,797,396,49.686325,107,13.425345
1400000US06037276606,276606,2024,1115,536,48.071751,288,25.829596
1400000US06037276607,276607,2024,907,624,68.798233,416,45.86549
1400000US06037276608,276608,2024,634,359,56.624607,162,25.55205
1400000US06037277000,277000,2024,607,364,59.967052,265,43.65733
1400000US06037277100,277100,2024,211,88,41.706161,81,38.388626
1400000US06037277200,277200,2024,788,603,76.522842,209,26.522842
1400000US06037277400,277400,2024,0,0,,0,
1400000US06037278001,278001,2024,507,312,61.53846,274,54.043392
1400000US06037278102,278102,2024,714,249,34.873951,145,20.308123
1400000US06037291110,291110,2024,992,353,35.584679,196,19.758064
1400000US06037291120,291120,2024,463,272,58.747299,212,45.788338
1400000US06037291130,291130,2024,278,118,42.446045,83,29.856115
1400000US06037291210,291210,2024,838,431,51.43198,183,21.837709
1400000US06037291220,291220,2024,571,285,49.912434,134,23.4676
1400000US06037291300,291300,2024,226,65,28.761063,45,19.911505
1400000US06037292001,292001,2024,1157,766,66.205704,396,34.226448
1400000US06037292002,292002,2024,143,77,53.846153,8,5.5944057
1400000US06037293203,293203,2024,673,532,79.049034,279,41.456165
1400000US06037293204,293204,2024,593,286,48.229343,49,8.2630692
1400000US06037293205,293205,2024,1042,731,70.153549,290,27.831095
1400000US06037293206,293206,2024,580,386,66.551727,235,40.517242
1400000US06037293301,293301,2024,205,101,49.268291,79,38.536587
1400000US06037293302,293302,2024,599,358,59.766277,134,22.370617
1400000US06037293304,293304,2024,982,635,64.663948,209,21.283096
1400000US06037293306,293306,2024,220,72,32.727272,21,9.545455
1400000US06037293307,293307,2024,664,379,57.078312,169,25.451807
1400000US06037294110,294110,2024,472,263,55.720341,170,36.016949
1400000US06037294120,294120,2024,370,205,55.405407,183,49.459461
1400000US06037294200,294200,2024,540,327,60.555557,175,32.407406
1400000US06037294301,294301,2024,147,123,83.67347,98,66.666664
1400000US06037294302,294302,2024,625,452,72.32,216,34.560001
1400000US06037294410,294410,2024,809,410,50.679852,211,26.081583
1400000US06037294421,294421,2024,499,322,64.52906,86,17.234468
1400000US06037294510,294510,2024,638,366,57.366772,193,30.250784
1400000US06037294520,294520,2024,562,372,66.192169,255,45.373665
1400000US06037294610,294610,2024,825,429,52,298,36.121212
1400000US06037294620,294620,2024,451,192,42.572063,91,20.177383
1400000US06037294701,294701,2024,692,546,78.901733,308,44.508671
1400000US06037294810,294810,2024,810,598,73.827164,350,43.209877
1400000US06037294820,294820,2024,873,596,68.270332,414,47.42268
1400000US06037294830,294830,2024,735,382,51.97279,279,37.959183
1400000US06037294900,294900,2024,735,480,65.306122,337,45.850342
1400000US06037295103,295103,2024,571,365,63.922943,179,31.348511
1400000US06037296210,296210,2024,807,548,67.905823,271,33.581165
1400000US06037296220,296220,2024,1929,1158,60.031105,402,20.839813
1400000US06037296300,296300,2024,765,444,58.039215,226,29.542484
1400000US06037296401,296401,2024,179,120,67.039108,101,56.42458
1400000US06037296402,296402,2024,241,107,44.398342,32,13.278008
1400000US06037296500,296500,2024,759,295,38.866932,202,26.613966
1400000US06037296600,296600,2024,1602,1111,69.350815,795,49.625469
1400000US06037296901,296901,2024,1248,649,52.003204,393,31.490385
1400000US06037296902,296902,2024,1233,842,68.288727,587,47.60746
1400000US06037297001,297001,2024,149,83,55.704697,62,41.610737
1400000US06037297002,297002,2024,868,316,36.405529,216,24.884792
1400000US06037297110,297110,2024,1215,701,57.695473,326,26.831276
1400000US06037297120,297120,2024,655,496,75.725189,247,37.709923
1400000US06037297201,297201,2024,866,502,57.967667,306,35.334873
1400000US06037297202,297202,2024,850,352,41.411766,228,26.82353
1400000US06037297300,297300,2024,359,219,61.002785,54,15.041782
1400000US06037297400,297400,2024,168,86,51.190475,50,29.761906
1400000US06037297501,297501,2024,197,74,37.563454,42,21.319798
1400000US06037297502,297502,2024,513,276,53.80117,105,20.467836
1400000US06037297601,297601,2024,1022,613,59.980431,243,23.776909
1400000US06037297602,297602,2024,997,462,46.339016,149,14.944835
1400000US06037300100,300100,2024,378,85,22.486773,18,4.7619047
1400000US06037300200,300200,2024,576,298,51.736111,151,26.215279
1400000US06037300301,300301,2024,279,141,50.537636,80,28.673836
1400000US06037300400,300400,2024,360,149,41.388889,52,14.444445
1400000US06037300501,300501,2024,366,329,89.890709,208,56.830601
1400000US06037300503,300503,2024,1627,903,55.500923,446,27.412415
1400000US06037300601,300601,2024,1160,705,60.775864,500,43.103447
1400000US06037300602,300602,2024,406,254,62.561577,154,37.931034
1400000US06037300701,300701,2024,336,224,66.666664,212,63.095238
1400000US06037300702,300702,2024,255,196,76.862747,76,29.803921
1400000US06037300800,300800,2024,1408,839,59.58807,375,26.633522
1400000US06037300901,300901,2024,155,125,80.645164,84,54.19355
1400000US06037300902,300902,2024,67,62,92.537315,17,25.373135
1400000US06037301000,301000,2024,928,545,58.728447,123,13.254311
1400000US06037301100,301100,2024,1654,1162,70.253929,891,53.869408
1400000US06037301203,301203,2024,945,559,59.153439,322,34.074074
1400000US06037301204,301204,2024,1781,1062,59.629421,652,36.608646
1400000US06037301205,301205,2024,214,198,92.523361,132,61.682243
1400000US06037301206,301206,2024,1285,767,59.688717,550,42.801556
1400000US06037301300,301300,2024,7,3,42.857143,0,0
1400000US06037301400,301400,2024,118,72,61.016949,41,34.745762
1400000US06037301501,301501,2024,85,35,41.176472,30,35.294117
1400000US06037301502,301502,2024,2136,1411,66.058052,652,30.524345
1400000US06037301601,301601,2024,1892,1035,54.704018,841,44.450317
1400000US06037301602,301602,2024,1017,597,58.702065,410,40.314651
1400000US06037301701,301701,2024,513,262,51.072124,160,31.189083
1400000US06037301702,301702,2024,1509,913,60.503643,582,38.568588
1400000US06037301801,301801,2024,2093,1455,69.517441,904,43.191589
1400000US06037301802,301802,2024,2157,1204,55.818268,661,30.644413
1400000US06037301901,301901,2024,1016,488,48.031498,322,31.692913
1400000US06037301902,301902,2024,679,395,58.173786,227,33.431519
1400000US06037302002,302002,2024,1266,920,72.669823,610,48.183254
1400000US06037302003,302003,2024,1029,681,66.180756,466,45.286686
1400000US06037302004,302004,2024,1210,791,65.371902,551,45.537189
1400000US06037302102,302102,2024,1271,667,52.478363,349,27.458694
1400000US06037302103,302103,2024,1519,936,61.619488,606,39.894669
1400000US06037302104,302104,2024,1083,622,57.433056,319,29.455217
1400000US06037302201,302201,2024,1587,1065,67.10775,533,33.585381
1400000US06037302202,302202,2024,1580,1000,63.291138,660,41.772152
1400000US06037302301,302301,2024,1000,620,62,371,37.099998
1400000US06037302302,302302,2024,1627,1104,67.85495,659,40.503994
1400000US06037302401,302401,2024,2473,1571,63.526081,688,27.820461
1400000US06037302503,302503,2024,1142,725,63.485115,572,50.087566
1400000US06037302504,302504,2024,1128,779,69.060287,588,52.127659
1400000US06037302505,302505,2024,1215,765,62.962963,448,36.872429
1400000US06037302506,302506,2024,675,488,72.296295,333,49.333332
1400000US06037310100,310100,2024,127,99,77.952759,39,30.708662
1400000US06037310201,310201,2024,851,538,63.219742,312,36.66275
1400000US06037310202,310202,2024,1034,711,68.762093,447,43.230175
1400000US06037310300,310300,2024,24,24,100,19,79.166664
1400000US06037310400,310400,2024,528,305,57.765152,116,21.969696
1400000US06037310501,310501,2024,1293,668,51.6628,290,22.428461
1400000US06037310601,310601,2024,1842,1281,69.543976,695,37.730728
1400000US06037310602,310602,2024,582,388,66.666664,274,47.079037
1400000US06037310701,310701,2024,1054,562,53.320683,269,25.521822
1400000US06037310703,310703,2024,1481,989,66.779205,644,43.484131
1400000US06037310704,310704,2024,1803,1278,70.881866,765,42.429283
1400000US06037310705,310705,2024,1183,858,72.527473,412,34.826714
1400000US06037310800,310800,2024,1168,816,69.863014,621,53.167809
1400000US06037310900,310900,2024,491,308,62.729126,173,35.234215
1400000US06037311000,311000,2024,743,362,48.721401,216,29.071333
1400000US06037311100,311100,2024,529,168,31.758034,65,12.287334
1400000US06037311200,311200,2024,681,388,56.975037,170,24.963289
1400000US06037311300,311300,2024,669,330,49.327354,100,14.947683
1400000US06037311400,311400,2024,445,194,43.595505,65,14.606742
1400000US06037311500,311500,2024,1304,650,49.846626,337,25.843557
1400000US06037311601,311601,2024,545,243,44.587154,142,26.055046
1400000US06037311602,311602,2024,1724,1034,59.976799,480,27.842228
1400000US06037311700,311700,2024,1073,545,50.792171,360,33.550793
1400000US06037311801,311801,2024,1010,605,59.90099,403,39.90099
1400000US06037311802,311802,2024,1156,525,45.415226,326,28.200691
1400000US06037320101,320101,2024,116,116,100,38,32.758621
1400000US06037320102,320102,2024,240,168,70,106,44.166668
1400000US06037320201,320201,2024,829,468,56.45356,276,33.293125
1400000US06037320202,320202,2024,334,230,68.862274,116,34.730537
1400000US06037320300,320300,2024,755,580,76.82119,340,45.033112
1400000US06037400205,400205,2024,62,55,88.709679,18,29.032259
1400000US06037400206,400206,2024,116,49,42.241379,36,31.034483
1400000US06037400207,400207,2024,125,109,87.199997,80,64
1400000US06037400208,400208,2024,38,29,76.315788,17,44.736843
1400000US06037400209,400209,2024,168,47,27.976191,47,27.976191
1400000US06037400304,400304,2024,1405,1074,76.441284,560,39.857651
1400000US06037400402,400402,2024,466,234,50.214592,155,33.261803
1400000US06037400403,400403,2024,444,300,67.567566,140,31.531532
1400000US06037400404,400404,2024,95,0,0,0,0
1400000US06037400501,400501,2024,37,13,35.135136,0,0
1400000US06037400602,400602,2024,745,391,52.483223,186,24.966442
1400000US06037400603,400603,2024,442,182,41.176472,117,26.470589
1400000US06037400605,400605,2024,454,293,64.537445,165,36.343613
1400000US06037400801,400801,2024,491,259,52.749493,142,28.92057
1400000US06037401001,401001,2024,121,94,77.685951,80,66.1157
1400000US06037401002,401002,2024,848,503,59.316036,287,33.844341
1400000US06037401101,401101,2024,955,607,63.560211,319,33.403141
1400000US06037401102,401102,2024,819,354,43.223442,194,23.687424
1400000US06037401201,401201,2024,163,38,23.312883,10,6.1349692
1400000US06037401202,401202,2024,215,115,53.488373,81,37.674419
1400000US06037401203,401203,2024,423,325,76.832153,224,52.955082
1400000US06037401303,401303,2024,75,69,92,48,64
1400000US06037401304,401304,2024,28,18,64.285713,5,17.857143
1400000US06037401311,401311,2024,807,395,48.946716,366,45.353161
1400000US06037401312,401312,2024,155,137,88.3871,99,63.870968
1400000US06037401500,401500,2024,579,288,49.740932,172,29.70639
1400000US06037401601,401601,2024,740,378,51.081081,152,20.540541
1400000US06037401602,401602,2024,928,487,52.478447,142,15.301724
1400000US06037401705,401705,2024,96,44,45.833332,31,32.291668
1400000US06037401706,401706,2024,1196,702,58.695652,415,34.698997
1400000US06037401707,401707,2024,1133,843,74.404236,546,48.190643
1400000US06037401801,401801,2024,407,136,33.415234,86,21.13022
1400000US06037401802,401802,2024,231,117,50.649349,74,32.034634
1400000US06037401901,401901,2024,60,22,36.666668,11,18.333334
1400000US06037401902,401902,2024,1839,1046,56.878738,443,24.089178
1400000US06037402001,402001,2024,762,512,67.191605,361,47.375328
1400000US06037402002,402002,2024,627,398,63.476875,186,29.665071
1400000US06037402101,402101,2024,226,92,40.707966,30,13.274336
1400000US06037402102,402102,2024,351,201,57.264957,131,37.321938
1400000US06037402200,402200,2024,720,443,61.527779,262,36.388889
1400000US06037402301,402301,2024,532,326,61.278194,236,44.360901
1400000US06037402303,402303,2024,651,454,69.738861,221,33.947773
1400000US06037402304,402304,2024,774,463,59.819122,293,37.855297
1400000US06037402403,402403,2024,259,155,59.845558,77,29.729731
1400000US06037402404,402404,2024,0,0,,0,
1400000US06037402405,402405,2024,69,54,78.260872,27,39.130436
1400000US06037402406,402406,2024,442,339,76.696831,201,45.475113
1400000US06037402501,402501,2024,1051,592,56.327309,350,33.301617
1400000US06037402503,402503,2024,784,513,65.43367,204,26.020409
1400000US06037402504,402504,2024,368,285,77.445656,245,66.576088
1400000US06037402601,402601,2024,400,235,58.75,147,36.75
1400000US06037402602,402602,2024,1100,458,41.636364,172,15.636364
1400000US06037402702,402702,2024,886,545,61.512417,327,36.907448
1400000US06037402703,402703,2024,428,348,81.308411,136,31.775702
1400000US06037402705,402705,2024,137,46,33.576641,41,29.927008
1400000US06037402706,402706,2024,200,98,49,91,45.5
1400000US06037402801,402801,2024,741,485,65.452095,235,31.7139
1400000US06037402803,402803,2024,379,228,60.15831,134,35.356201
1400000US06037402804,402804,2024,679,445,65.537552,225,33.136967
1400000US06037402902,402902,2024,741,387,52.226719,112,15.11471
1400000US06037402903,402903,2024,432,181,41.898148,88,20.370371
1400000US06037402904,402904,2024,227,158,69.603523,87,38.325993
1400000US06037403000,403000,2024,310,153,49.354839,83,26.774193
1400000US06037403305,403305,2024,173,93,53.757225,77,44.508671
1400000US06037403316,403316,2024,606,440,72.607262,372,61.386139
1400000US06037403317,403317,2024,142,71,50,29,20.422535
1400000US06037403318,403318,2024,221,138,62.443439,95,42.986423
1400000US06037403319,403319,2024,526,331,62.927757,191,36.311787
1400000US06037403320,403320,2024,245,102,41.632652,44,17.959183
1400000US06037403321,403321,2024,285,242,84.912277,192,67.368423
1400000US06037403323,403323,2024,407,291,71.498772,212,52.088451
1400000US06037403324,403324,2024,462,313,67.748917,166,35.930737
1400000US06037403325,403325,2024,335,263,78.507462,91,27.164179
1400000US06037403326,403326,2024,169,63,37.278107,21,12.426036
1400000US06037403327,403327,2024,51,8,15.686275,8,15.686275
1400000US06037403328,403328,2024,418,288,68.899521,115,27.511961
1400000US06037403401,403401,2024,253,165,65.217392,10,3.9525692
1400000US06037403402,403402,2024,239,153,64.016739,89,37.238495
1400000US06037403403,403403,2024,156,71,45.512821,28,17.948717
1400000US06037403404,403404,2024,35,29,82.85714,25,71.428574
1400000US06037403407,403407,2024,51,40,78.431374,11,21.568628
1400000US06037403408,403408,2024,139,76,54.676258,33,23.741007
1400000US06037403409,403409,2024,267,167,62.546818,129,48.314606
1400000US06037403500,403500,2024,158,134,84.810127,128,81.012657
1400000US06037403601,403601,2024,529,207,39.130436,188,35.538754
1400000US06037403702,403702,2024,128,70,54.6875,53,41.40625
1400000US06037403703,403703,2024,250,144,57.599998,68,27.200001
1400000US06037403721,403721,2024,628,484,77.070061,169,26.910828
1400000US06037403722,403722,2024,940,663,70.531914,394,41.914894
1400000US06037403801,403801,2024,1020,405,39.705883,92,9.0196075
1400000US06037403802,403802,2024,778,462,59.383034,79,10.154242
1400000US06037403901,403901,2024,269,128,47.583645,62,23.048326
1400000US06037403902,403902,2024,435,266,61.149426,182,41.839081
1400000US06037404000,404000,2024,517,235,45.454544,72,13.926499
1400000US06037404100,404100,2024,414,327,78.985504,37,8.9371977
1400000US06037404201,404201,2024,534,359,67.228462,103,19.288389
1400000US06037404203,404203,2024,474,307,64.767929,133,28.059072
1400000US06037404301,404301,2024,1189,590,49.621532,285,23.969723
1400000US06037404302,404302,2024,225,126,56,91,40.444443
1400000US06037404401,404401,2024,496,204,41.129032,39,7.8629031
1400000US06037404402,404402,2024,385,199,51.688313,71,18.441559
1400000US06037404501,404501,2024,346,263,76.011559,115,33.236996
1400000US06037404503,404503,2024,172,74,43.023254,44,25.581396
1400000US06037404504,404504,2024,983,418,42.522888,218,22.17701
1400000US06037404600,404600,2024,87,38,43.678162,6,6.8965516
1400000US06037404701,404701,2024,514,293,57.003891,97,18.871595
1400000US06037404702,404702,2024,546,246,45.054947,137,25.091576
1400000US06037404703,404703,2024,390,177,45.384617,84,21.538462
1400000US06037404804,404804,2024,484,298,61.570248,174,35.950413
1400000US06037404805,404805,2024,407,175,42.997543,58,14.250614
1400000US06037404806,404806,2024,671,474,70.640831,258,38.450073
1400000US06037404901,404901,2024,503,347,68.986084,170,33.797218
1400000US06037404902,404902,2024,187,114,60.962566,95,50.802139
1400000US06037404903,404903,2024,139,86,61.870502,34,24.460432
1400000US06037405001,405001,2024,338,243,71.893494,81,23.964497
1400000US06037405002,405002,2024,231,164,70.995674,80,34.632034
1400000US06037405101,405101,2024,419,216,51.551311,161,38.42482
1400000US06037405102,405102,2024,742,366,49.326145,261,35.175201
1400000US06037405201,405201,2024,556,278,50,134,24.100719
1400000US06037405202,405202,2024,527,259,49.146111,49,9.2979126
1400000US06037405203,405203,2024,200,127,63.5,18,9
1400000US06037405301,405301,2024,470,231,49.148937,119,25.319149
1400000US06037405302,405302,2024,625,304,48.639999,87,13.92
1400000US06037405400,405400,2024,284,96,33.802818,74,26.056337
1400000US06037405500,405500,2024,526,308,58.555134,230,43.726234
1400000US06037405600,405600,2024,517,318,61.508705,120,23.210833
1400000US06037405701,405701,2024,422,265,62.796207,70,16.587677
1400000US06037405702,405702,2024,439,149,33.940773,36,8.2004557
1400000US06037405800,405800,2024,445,225,50.561798,97,21.797752
1400000US06037405900,405900,2024,318,159,50,51,16.037735
1400000US06037406000,406000,2024,313,161,51.437698,95,30.351439
1400000US06037406101,406101,2024,559,287,51.341682,103,18.42576
1400000US06037406103,406103,2024,1700,787,46.294117,345,20.294117
1400000US06037406201,406201,2024,911,616,67.618004,308,33.809002
1400000US06037406300,406300,2024,624,334,53.525642,131,20.993589
1400000US06037406413,406413,2024,510,344,67.450981,84,16.470589
1400000US06037406500,406500,2024,823,476,57.837181,323,39.246658
1400000US06037406601,406601,2024,277,168,60.649818,122,44.04332
1400000US06037406602,406602,2024,318,127,39.937107,90,28.301888
1400000US06037406701,406701,2024,304,208,68.421051,110,36.184212
1400000US06037406702,406702,2024,1412,942,66.713882,347,24.575071
1400000US06037406801,406801,2024,390,178,45.641026,88,22.564102
1400000US06037406903,406903,2024,848,666,78.537735,405,47.759434
1400000US06037407001,407001,2024,290,137,47.241379,20,6.8965516
1400000US06037407002,407002,2024,64,21,32.8125,0,0
1400000US06037407101,407101,2024,379,222,58.575199,105,27.704485
1400000US06037407102,407102,2024,330,183,55.454544,64,19.39394
1400000US06037407201,407201,2024,255,110,43.137257,53,20.784313
1400000US06037407202,407202,2024,99,37,37.373737,13,13.131313
1400000US06037407301,407301,2024,191,169,88.481674,63,32.984295
1400000US06037407302,407302,2024,174,128,73.563217,44,25.287355
1400000US06037407400,407400,2024,45,45,100,39,86.666664
1400000US06037407501,407501,2024,364,239,65.65934,100,27.472527
1400000US06037407502,407502,2024,287,103,35.8885,30,10.452962
1400000US06037407601,407601,2024,781,407,52.112675,163,20.870678
1400000US06037407602,407602,2024,366,225,61.47541,107,29.234972
1400000US06037407701,407701,2024,627,384,61.244019,180,28.708134
1400000US06037407702,407702,2024,418,195,46.650719,95,22.727272
1400000US06037407801,407801,2024,85,36,42.35294,5,5.8823528
1400000US06037407802,407802,2024,126,17,13.492064,3,2.3809524
1400000US06037407901,407901,2024,112,85,75.89286,35,31.25
1400000US06037407902,407902,2024,149,107,71.81208,29,19.463087
1400000US06037408003,408003,2024,185,58,31.351351,28,15.135135
1400000US06037408004,408004,2024,403,262,65.012405,160,39.702232
1400000US06037408005,408005,2024,379,135,35.620052,114,30.079155
1400000US06037408006,408006,2024,696,483,69.396553,271,38.936783
1400000US06037408133,408133,2024,956,445,46.548119,269,28.138075
1400000US06037408134,408134,2024,105,44,41.904762,15,14.285714
1400000US06037408135,408135,2024,648,306,47.222221,231,35.648148
1400000US06037408136,408136,2024,171,98,57.30994,22,12.865497
1400000US06037408137,408137,2024,816,450,55.14706,302,37.009804
1400000US06037408138,408138,2024,247,139,56.275303,93,37.651821
1400000US06037408139,408139,2024,168,103,61.309525,63,37.5
1400000US06037408140,408140,2024,180,43,23.888889,3,1.6666666
1400000US06037408141,408141,2024,221,109,49.321266,78,35.294117
1400000US06037408212,408212,2024,176,78,44.31818,70,39.772728
1400000US06037408213,408213,2024,709,356,50.211567,154,21.720734
1400000US06037408301,408301,2024,420,257,61.190475,150,35.714287
1400000US06037408302,408302,2024,227,139,61.233479,101,44.493393
1400000US06037408303,408303,2024,81,52,64.197533,52,64.197533
1400000US06037408401,408401,2024,300,177,59,87,29
1400000US06037408402,408402,2024,262,62,23.664122,22,8.3969469
1400000US06037408503,408503,2024,199,84,42.211056,45,22.613066
1400000US06037408504,408504,2024,604,259,42.880795,124,20.5298
1400000US06037408505,408505,2024,92,83,90.217392,59,64.130432
1400000US06037408623,408623,2024,277,114,41.155235,64,23.104692
1400000US06037408624,408624,2024,159,74,46.540882,42,26.415094
1400000US06037408625,408625,2024,144,101,70.138885,20,13.888889
1400000US06037408626,408626,2024,339,241,71.091446,213,62.83186
1400000US06037408627,408627,2024,92,55,59.782608,29,31.52174
1400000US06037408628,408628,2024,609,392,64.367813,188,30.870279
1400000US06037408629,408629,2024,137,63,45.985401,58,42.335766
1400000US06037408631,408631,2024,240,172,71.666664,90,37.5
1400000US06037408703,408703,2024,98,57,58.163265,32,32.653061
1400000US06037408705,408705,2024,439,330,75.170845,111,25.284739
1400000US06037408707,408707,2024,230,98,42.608696,83,36.086956
1400000US06037408722,408722,2024,183,183,100,98,53.551914
1400000US06037408724,408724,2024,1514,752,49.66975,409,27.01453
1400000US06037408725,408725,2024,752,523,69.547874,324,43.085106
1400000US06037408800,408800,2024,1541,1058,68.656715,554,35.95068
1400000US06037408900,408900,2024,733,409,55.798092,262,35.743519
1400000US06037409000,409000,2024,1128,546,48.404255,289,25.620567
1400000US06037409100,409100,2024,446,212,47.533634,92,20.627802
1400000US06037430003,430003,2024,211,91,43.12796,55,26.066351
1400000US06037430004,430004,2024,453,240,52.980133,42,9.2715235
1400000US06037430005,430005,2024,425,199,46.823528,49,11.529411
1400000US06037430101,430101,2024,1201,712,59.283932,426,35.47044
1400000US06037430102,430102,2024,532,251,47.18045,176,33.082706
1400000US06037430200,430200,2024,174,140,80.45977,64,36.781609
1400000US06037430301,430301,2024,293,72,24.57338,27,9.2150173
1400000US06037430302,430302,2024,718,298,41.504177,117,16.295265
1400000US06037430400,430400,2024,194,70,36.082474,60,30.927835
1400000US06037430501,430501,2024,338,87,25.739645,53,15.680473
1400000US06037430502,430502,2024,1481,741,50.03376,345,23.295071
1400000US06037430600,430600,2024,88,5,5.681818,5,5.681818
1400000US06037430701,430701,2024,677,393,58.05022,235,34.711964
1400000US06037430721,430721,2024,626,410,65.495209,181,28.913738
1400000US06037430723,430723,2024,1066,709,66.510323,266,24.953096
1400000US06037430724,430724,2024,1446,620,42.876904,389,26.901798
1400000US06037430801,430801,2024,1276,659,51.645767,374,29.310345
1400000US06037430802,430802,2024,277,161,58.122746,72,25.992781
1400000US06037430803,430803,2024,474,339,71.51899,156,32.911392
1400000US06037430901,430901,2024,985,606,61.522842,333,33.807106
1400000US06037430902,430902,2024,1206,660,54.726368,312,25.870647
1400000US06037431002,431002,2024,515,409,79.417473,208,40.388348
1400000US06037431003,431003,2024,1071,517,48.272644,335,31.279179
1400000US06037431004,431004,2024,867,467,53.863899,317,36.562859
1400000US06037431100,431100,2024,1458,888,60.90535,391,26.817558
1400000US06037431200,431200,2024,488,106,21.721312,60,12.295082
1400000US06037431300,431300,2024,354,183,51.694916,99,27.966103
1400000US06037431400,431400,2024,352,187,53.125,116,32.954544
1400000US06037431501,431501,2024,596,343,57.550335,237,39.765102
1400000US06037431502,431502,2024,519,321,61.849712,203,39.113682
1400000US06037431600,431600,2024,353,250,70.821533,118,33.427761
1400000US06037431701,431701,2024,647,483,74.652245,182,28.129829
1400000US06037431800,431800,2024,677,449,66.322006,197,29.098967
1400000US06037431900,431900,2024,664,337,50.753014,252,37.951809
1400000US06037432001,432001,2024,175,96,54.857143,29,16.571428
1400000US06037432002,432002,2024,490,323,65.918365,181,36.938774
1400000US06037432101,432101,2024,312,55,17.628204,26,8.333333
1400000US06037432102,432102,2024,213,156,73.239433,106,49.765259
1400000US06037432201,432201,2024,534,366,68.53933,116,21.722847
1400000US06037432202,432202,2024,379,129,34.036938,87,22.955145
1400000US06037432300,432300,2024,369,202,54.742546,145,39.295391
1400000US06037432401,432401,2024,531,269,50.659134,107,20.15066
1400000US06037432402,432402,2024,998,612,61.322647,383,38.376755
1400000US06037432501,432501,2024,559,200,35.778175,55,9.8389978
1400000US06037432502,432502,2024,266,92,34.586468,29,10.902256
1400000US06037432601,432601,2024,904,597,66.039825,378,41.814159
1400000US06037432602,432602,2024,417,269,64.508392,172,41.247002
1400000US06037432700,432700,2024,743,405,54.508747,253,34.051144
1400000US06037432801,432801,2024,553,332,60.036167,226,40.867992
1400000US06037432802,432802,2024,1220,668,54.754097,264,21.639345
1400000US06037432901,432901,2024,774,491,63.436691,324,41.860466
1400000US06037432902,432902,2024,243,140,57.613171,56,23.045267
1400000US06037433103,433103,2024,1099,662,60.23658,277,25.204731
1400000US06037433200,433200,2024,805,539,66.95652,292,36.273293
1400000US06037433302,433302,2024,390,197,50.512821,67,17.179487
1400000US06037433304,433304,2024,918,549,59.803921,406,44.226578
1400000US06037433305,433305,2024,1053,577,54.795822,241,22.88699
1400000US06037433306,433306,2024,350,148,42.285713,96,27.428572
1400000US06037433307,433307,2024,401,222,55.361595,96,23.940149
1400000US06037433402,433402,2024,960,548,57.083332,207,21.5625
1400000US06037433403,433403,2024,888,567,63.851353,364,40.99099
1400000US06037433505,433505,2024,683,314,45.973644,153,22.401171
1400000US06037433506,433506,2024,731,489,66.894669,311,42.54446
1400000US06037433601,433601,2024,658,360,54.711246,153,23.252279
1400000US06037433602,433602,2024,388,272,70.103096,171,44.072166
1400000US06037433803,433803,2024,259,155,59.845558,24,9.2664089
1400000US06037433804,433804,2024,620,366,59.032257,248,40
1400000US06037433901,433901,2024,1030,587,56.990292,281,27.281553
1400000US06037433903,433903,2024,828,555,67.028984,388,46.859905
1400000US06037434001,434001,2024,304,207,68.092102,109,35.855263
1400000US06037434003,434003,2024,483,325,67.287788,120,24.844721
1400000US06037434004,434004,2024,286,147,51.398602,72,25.174826
1400000US06037434100,434100,2024,613,448,73.083199,284,46.329529
1400000US06037460001,460001,2024,62,23,37.096775,17,27.419355
1400000US06037460002,460002,2024,116,89,76.724136,58,50
1400000US06037460101,460101,2024,143,95,66.433563,53,37.062939
1400000US06037460200,460200,2024,439,313,71.298409,169,38.496582
1400000US06037460301,460301,2024,184,83,45.108696,39,21.195652
1400000US06037460302,460302,2024,230,123,53.47826,80,34.782608
1400000US06037460401,460401,2024,138,88,63.768116,10,7.246377
1400000US06037460501,460501,2024,147,56,38.095238,32,21.768707
1400000US06037460502,460502,2024,133,31,23.308271,31,23.308271
1400000US06037460601,460601,2024,376,231,61.436169,58,15.425532
1400000US06037460700,460700,2024,118,58,49.152542,22,18.644068
1400000US06037460800,460800,2024,102,40,39.215687,32,31.372549
1400000US06037460900,460900,2024,694,348,50.144093,240,34.582134
1400000US06037461000,461000,2024,425,277,65.176468,60,14.117647
1400000US06037461100,461100,2024,489,405,82.822083,288,58.895706
1400000US06037461200,461200,2024,206,128,62.135921,39,18.932039
1400000US06037461300,461300,2024,826,415,50.24213,247,29.903149
1400000US06037461400,461400,2024,644,397,61.645962,151,23.447205
1400000US06037461501,461501,2024,507,326,64.299805,156,30.76923
1400000US06037461502,461502,2024,773,462,59.767139,256,33.117722
1400000US06037461600,461600,2024,866,609,70.323326,386,44.57275
1400000US06037461700,461700,2024,81,63,77.777779,44,54.320988
1400000US06037461901,461901,2024,1335,801,60,382,28.614233
1400000US06037461902,461902,2024,1250,597,47.759998,312,24.959999
1400000US06037462001,462001,2024,834,421,50.479618,302,36.211033
1400000US06037462002,462002,2024,959,723,75.391029,322,33.576641
1400000US06037462100,462100,2024,872,367,42.087154,186,21.330275
1400000US06037462201,462201,2024,1805,1181,65.429359,606,33.573406
1400000US06037462202,462202,2024,1381,702,50.832729,431,31.209269
1400000US06037462301,462301,2024,1367,723,52.889538,378,27.651793
1400000US06037462302,462302,2024,1311,665,50.724636,321,24.485126
1400000US06037462400,462400,2024,457,177,38.730854,132,28.884026
1400000US06037462500,462500,2024,700,390,55.714287,118,16.857143
1400000US06037462600,462600,2024,247,62,25.101215,29,11.740891
1400000US06037462700,462700,2024,1621,1055,65.083282,523,32.264034
1400000US06037462800,462800,2024,690,342,49.565216,139,20.144928
1400000US06037462900,462900,2024,229,101,44.104805,25,10.91703
1400000US06037463000,463000,2024,570,291,51.052631,137,24.035088
1400000US06037463103,463103,2024,535,348,65.04673,242,45.233646
1400000US06037463200,463200,2024,560,356,63.57143,154,27.5
1400000US06037463300,463300,2024,366,201,54.918034,81,22.131147
1400000US06037463400,463400,2024,1380,777,56.304348,509,36.884056
1400000US06037463500,463500,2024,1721,959,55.723415,493,28.646135
1400000US06037463601,463601,2024,2581,1190,46.106159,569,22.045719
1400000US06037463602,463602,2024,2678,1161,43.353249,415,15.496639
1400000US06037463700,463700,2024,1176,388,32.993198,170,14.455782
1400000US06037463800,463800,2024,139,49,35.251797,49,35.251797
1400000US06037463900,463900,2024,585,307,52.478634,92,15.726496
1400000US06037464000,464000,2024,897,301,33.556297,95,10.590858
1400000US06037464101,464101,2024,68,11,16.17647,0,0
1400000US06037464102,464102,2024,249,70,28.11245,19,7.6305223
1400000US06037464200,464200,2024,279,193,69.175629,113,40.501793
1400000US06037480002,480002,2024,252,50,19.84127,15,5.9523811
1400000US06037480011,480011,2024,1021,602,58.961803,363,35.553379
1400000US06037480012,480012,2024,757,405,53.50066,191,25.231176
1400000US06037480101,480101,2024,601,362,60.232944,199,33.111481
1400000US06037480102,480102,2024,388,142,36.597939,100,25.773195
1400000US06037480201,480201,2024,157,109,69.42675,76,48.407642
1400000US06037480202,480202,2024,172,124,72.093025,17,9.8837214
1400000US06037480302,480302,2024,908,425,46.806168,208,22.90749
1400000US06037480303,480303,2024,1274,581,45.604397,315,24.725275
1400000US06037480304,480304,2024,1382,785,56.801735,350,25.325615
1400000US06037480400,480400,2024,1282,773,60.296413,301,23.478939
1400000US06037480500,480500,2024,847,406,47.933884,234,27.626919
1400000US06037480601,480601,2024,1332,578,43.393394,130,9.7597599
1400000US06037480602,480602,2024,1065,416,39.061031,195,18.309858
1400000US06037480702,480702,2024,435,258,59.310345,98,22.528736
1400000US06037480703,480703,2024,507,304,59.960552,134,26.429979
1400000US06037480704,480704,2024,1363,606,44.460747,201,14.746881
1400000US06037480802,480802,2024,311,175,56.270096,144,46.30225
1400000US06037480803,480803,2024,366,133,36.338799,72,19.672131
1400000US06037480804,480804,2024,1233,580,47.039742,285,23.114355
1400000US06037480901,480901,2024,1139,602,52.853378,336,29.499561
1400000US06037480902,480902,2024,1068,655,61.32959,406,38.01498
1400000US06037480903,480903,2024,528,241,45.64394,207,39.204544
1400000US06037481001,481001,2024,1112,695,62.5,304,27.338129
1400000US06037481002,481002,2024,1384,733,52.962429,242,17.48555
1400000US06037481101,481101,2024,962,463,48.128899,241,25.051975
1400000US06037481102,481102,2024,1167,595,50.985432,390,33.419022
1400000US06037481103,481103,2024,635,252,39.68504,110,17.322834
1400000US06037481201,481201,2024,673,392,58.246658,234,34.769688
1400000US06037481203,481203,2024,956,576,60.251045,250,26.150627
1400000US06037481300,481300,2024,299,202,67.558525,59,19.732441
1400000US06037481401,481401,2024,877,404,46.066135,269,30.672749
1400000US06037481403,481403,2024,433,228,52.655888,179,41.339493
1400000US06037481404,481404,2024,389,197,50.642673,84,21.59383
1400000US06037481500,481500,2024,474,281,59.2827,176,37.130802
1400000US06037481603,481603,2024,686,279,40.670555,116,16.90962
1400000US06037481604,481604,2024,890,490,55.056179,260,29.213484
1400000US06037481605,481605,2024,572,185,32.342659,103,18.006992
1400000US06037481606,481606,2024,1211,661,54.582989,350,28.901733
1400000US06037481711,481711,2024,949,622,65.542679,389,40.990517
1400000US06037481712,481712,2024,1052,846,80.418251,481,45.722435
1400000US06037481713,481713,2024,599,292,48.747913,187,31.218699
1400000US06037481714,481714,2024,622,453,72.829582,272,43.729904
1400000US06037481800,481800,2024,136,63,46.323528,14,10.294118
1400000US06037481901,481901,2024,643,348,54.121307,232,36.080872
1400000US06037481902,481902,2024,400,242,60.5,121,30.25
1400000US06037482001,482001,2024,97,41,42.26804,31,31.958763
1400000US06037482002,482002,2024,1127,657,58.296364,327,29.015085
1400000US06037482101,482101,2024,672,416,61.904762,181,26.934525
1400000US06037482102,482102,2024,218,77,35.321102,14,6.4220185
1400000US06037482201,482201,2024,636,352,55.345913,184,28.930819
1400000US06037482202,482202,2024,1114,650,58.348293,336,30.161579
1400000US06037482301,482301,2024,729,418,57.338821,176,24.142662
1400000US06037482303,482303,2024,879,493,56.08646,252,28.668941
1400000US06037482304,482304,2024,604,387,64.072845,156,25.827814
1400000US06037482401,482401,2024,758,429,56.596306,325,42.875988
1400000US06037482403,482403,2024,491,313,63.747456,158,32.179226
1400000US06037482404,482404,2024,150,121,80.666664,32,21.333334
1400000US06037482502,482502,2024,439,287,65.375854,178,40.546696
1400000US06037482503,482503,2024,561,320,57.040997,151,26.916222
1400000US06037482521,482521,2024,502,266,52.988049,157,31.2749
1400000US06037482522,482522,2024,397,227,57.178841,97,24.433249
1400000US06037482600,482600,2024,477,344,72.117401,237,49.685535
1400000US06037482701,482701,2024,549,276,50.273224,168,30.601093
1400000US06037482702,482702,2024,170,95,55.882355,27,15.882353
1400000US06037482801,482801,2024,372,196,52.688171,78,20.967741
1400000US06037500100,500100,2024,41,41,100,29,70.731705
1400000US06037500202,500202,2024,131,87,66.412216,55,41.984734
1400000US06037500203,500203,2024,128,89,69.53125,4,3.125
1400000US06037500204,500204,2024,138,9,6.521739,0,0
1400000US06037500300,500300,2024,132,87,65.909088,57,43.18182
1400000US06037500402,500402,2024,530,323,60.943398,101,19.056604
1400000US06037500403,500403,2024,9,9,100,9,100
1400000US06037500404,500404,2024,180,76,42.222221,19,10.555555
1400000US06037500500,500500,2024,179,131,73.184357,76,42.458099
1400000US06037500600,500600,2024,274,194,70.802917,115,41.970802
1400000US06037500700,500700,2024,363,165,45.454544,108,29.752066
1400000US06037500800,500800,2024,314,238,75.796181,89,28.343948
1400000US06037500900,500900,2024,883,700,79.2752,370,41.902603
1400000US06037501001,501001,2024,174,110,63.218391,21,12.068966
1400000US06037501002,501002,2024,139,111,79.856117,71,51.079136
1400000US06037501200,501200,2024,410,238,58.048782,81,19.756098
1400000US06037501301,501301,2024,218,105,48.165138,69,31.651377
1400000US06037501302,501302,2024,844,460,54.502369,129,15.28436
1400000US06037501400,501400,2024,584,353,60.445206,181,30.993151
1400000US06037501501,501501,2024,152,71,46.710526,26,17.105263
1400000US06037501503,501503,2024,1470,634,43.129253,323,21.97279
1400000US06037501504,501504,2024,1313,840,63.975628,381,29.017517
1400000US06037501600,501600,2024,939,587,62.513313,152,16.187433
1400000US06037501700,501700,2024,492,271,55.081303,71,14.430894
1400000US06037501802,501802,2024,614,359,58.469055,202,32.899021
1400000US06037501803,501803,2024,1057,755,71.428574,285,26.963102
1400000US06037501804,501804,2024,565,414,73.274338,130,23.00885
1400000US06037501900,501900,2024,250,100,40,28,11.2
1400000US06037502003,502003,2024,267,221,82.771538,165,61.797752
1400000US06037502004,502004,2024,388,239,61.597939,138,35.567009
1400000US06037502005,502005,2024,362,227,62.707184,34,9.3922653
1400000US06037502100,502100,2024,401,227,56.608479,113,28.17955
1400000US06037502200,502200,2024,587,176,29.982964,76,12.947189
1400000US06037502303,502303,2024,738,557,75.474258,211,28.590786
1400000US06037502401,502401,2024,370,243,65.675674,39,10.540541
1400000US06037502402,502402,2024,88,59,67.045456,35,39.772728
1400000US06037502500,502500,2024,311,133,42.765274,91,29.26045
1400000US06037502602,502602,2024,730,510,69.863014,165,22.602739
1400000US06037502603,502603,2024,77,61,79.220779,34,44.155846
1400000US06037502604,502604,2024,149,76,51.00671,15,10.067114
1400000US06037502700,502700,2024,625,237,37.919998,44,7.04
1400000US06037502801,502801,2024,142,80,56.338028,17,11.971831
1400000US06037502901,502901,2024,301,149,49.501659,63,20.930233
1400000US06037503000,503000,2024,722,314,43.490303,223,30.886427
1400000US06037503103,503103,2024,331,185,55.891239,37,11.178247
1400000US06037503104,503104,2024,119,71,59.663864,33,27.731092
1400000US06037503105,503105,2024,419,187,44.63007,16,3.8186157
1400000US06037503106,503106,2024,372,239,64.247314,101,27.150537
1400000US06037503201,503201,2024,92,74,80.434784,36,39.130436
1400000US06037503202,503202,2024,396,200,50.505051,105,26.515152
1400000US06037503301,503301,2024,124,73,58.870968,0,0
1400000US06037503302,503302,2024,727,414,56.946354,172,23.658873
1400000US06037503401,503401,2024,706,374,52.974503,129,18.271955
1400000US06037503402,503402,2024,362,186,51.381214,82,22.651934
1400000US06037503501,503501,2024,830,421,50.722893,196,23.614458
1400000US06037503502,503502,2024,263,161,61.216728,75,28.517111
1400000US06037503601,503601,2024,308,261,84.740257,91,29.545454
1400000US06037503602,503602,2024,129,98,75.968994,7,5.4263568
1400000US06037503701,503701,2024,666,391,58.70871,225,33.783783
1400000US06037503702,503702,2024,553,144,26.039783,47,8.4990959
1400000US06037503704,503704,2024,537,300,55.865921,155,28.864059
1400000US06037503705,503705,2024,105,74,70.476189,32,30.476191
1400000US06037503801,503801,2024,312,198,63.46154,113,36.217949
1400000US06037503802,503802,2024,596,315,52.852348,61,10.2349
1400000US06037503901,503901,2024,58,21,36.206898,6,10.344828
1400000US06037503902,503902,2024,238,153,64.285713,123,51.680672
1400000US06037504001,504001,2024,382,245,64.136124,38,9.9476442
1400000US06037504002,504002,2024,218,61,27.981651,0,0
1400000US06037504101,504101,2024,504,297,58.92857,188,37.301586
1400000US06037504200,504200,2024,1575,1073,68.126984,575,36.507938
1400000US06037530005,530005,2024,66,53,80.303032,36,54.545456
1400000US06037530006,530006,2024,1228,699,56.921825,301,24.5114
1400000US06037530007,530007,2024,627,400,63.795853,262,41.786285
1400000US06037530101,530101,2024,1244,708,56.913185,401,32.234726
1400000US06037530102,530102,2024,904,581,64.269913,266,29.424778
1400000US06037530202,530202,2024,413,327,79.176758,121,29.297821
1400000US06037530203,530203,2024,676,540,79.88166,232,34.319527
1400000US06037530204,530204,2024,818,394,48.16626,194,23.716381
1400000US06037530301,530301,2024,450,253,56.222221,95,21.111111
1400000US06037530302,530302,2024,1141,669,58.632778,402,35.232254
1400000US06037530400,530400,2024,749,362,48.331108,211,28.170895
1400000US06037530500,530500,2024,606,242,39.933994,87,14.356436
1400000US06037530603,530603,2024,586,274,46.757679,148,25.255972
1400000US06037530700,530700,2024,266,133,50,61,22.932331
1400000US06037530801,530801,2024,704,253,35.9375,157,22.301136
1400000US06037530802,530802,2024,317,198,62.460567,78,24.605679
1400000US06037530901,530901,2024,682,321,47.067448,227,33.284458
1400000US06037530902,530902,2024,766,387,50.522194,162,21.148825
1400000US06037531000,531000,2024,586,203,34.64164,99,16.894197
1400000US06037531101,531101,2024,794,428,53.904282,222,27.959698
1400000US06037531102,531102,2024,560,240,42.857143,132,23.571428
1400000US06037531201,531201,2024,721,355,49.237171,190,26.352289
1400000US06037531202,531202,2024,886,495,55.869076,303,34.198647
1400000US06037531301,531301,2024,1086,637,58.655617,384,35.359116
1400000US06037531302,531302,2024,819,498,60.805862,182,22.222221
1400000US06037531502,531502,2024,541,356,65.80407,161,29.759705
1400000US06037531503,531503,2024,574,201,35.017422,127,22.125435
1400000US06037531504,531504,2024,657,420,63.926941,284,43.226788
1400000US06037531602,531602,2024,691,295,42.69175,163,23.589001
1400000US06037531603,531603,2024,547,242,44.241318,105,19.195612
1400000US06037531604,531604,2024,551,348,63.157894,210,38.112522
1400000US06037531701,531701,2024,760,368,48.421051,128,16.842106
1400000US06037531702,531702,2024,857,448,52.275379,148,17.269545
1400000US06037531800,531800,2024,986,309,31.338743,138,13.995943
1400000US06037531901,531901,2024,1017,516,50.737465,186,18.289085
1400000US06037531902,531902,2024,535,262,48.971962,133,24.859814
1400000US06037532001,532001,2024,567,393,69.312172,203,35.802467
1400000US06037532002,532002,2024,575,239,41.565216,157,27.304348
1400000US06037532101,532101,2024,1350,971,71.925926,522,38.666668
1400000US06037532102,532102,2024,280,200,71.428574,81,28.928572
1400000US06037532200,532200,2024,1143,513,44.881889,179,15.660542
1400000US06037532302,532302,2024,287,181,63.0662,132,45.993031
1400000US06037532303,532303,2024,648,291,44.907406,178,27.469135
1400000US06037532304,532304,2024,520,328,63.076923,145,27.884615
1400000US06037532500,532500,2024,656,478,72.865852,171,26.067074
1400000US06037532605,532605,2024,998,543,54.408817,318,31.863728
1400000US06037532606,532606,2024,1031,553,53.637245,316,30.649855
1400000US06037532607,532607,2024,1107,705,63.685638,388,35.049683
1400000US06037532700,532700,2024,424,214,50.471699,95,22.405661
1400000US06037532800,532800,2024,695,391,56.258991,192,27.625898
1400000US06037532900,532900,2024,1302,892,68.509987,452,34.71582
1400000US06037533001,533001,2024,677,341,50.369278,125,18.463812
1400000US06037533002,533002,2024,328,160,48.780487,92,28.04878
1400000US06037533103,533103,2024,653,396,60.643185,157,24.042879
1400000US06037533104,533104,2024,1051,626,59.562321,257,24.452902
1400000US06037533105,533105,2024,545,355,65.137611,139,25.504587
1400000US06037533108,533108,2024,1061,563,53.063148,274,25.824694
1400000US06037533201,533201,2024,448,217,48.4375,129,28.794643
1400000US06037533204,533204,2024,680,319,46.911766,259,38.088234
1400000US06037533300,533300,2024,575,376,65.391304,311,54.086956
1400000US06037533401,533401,2024,907,391,43.10915,249,27.453142
1400000US06037533402,533402,2024,765,444,58.039215,221,28.888889
1400000US06037533403,533403,2024,445,254,57.078651,99,22.24719
1400000US06037533501,533501,2024,602,283,47.009968,125,20.76412
1400000US06037533504,533504,2024,697,475,68.149208,215,30.846485
1400000US06037533601,533601,2024,1097,557,50.774841,307,27.985415
1400000US06037533602,533602,2024,1075,673,62.604652,274,25.488373
1400000US06037533603,533603,2024,1327,962,72.494347,617,46.495853
1400000US06037533701,533701,2024,510,210,41.176472,117,22.941177
1400000US06037533702,533702,2024,713,380,53.295933,270,37.868164
1400000US06037533703,533703,2024,537,443,82.495346,120,22.346369
1400000US06037533803,533803,2024,1069,772,72.217026,585,54.724041
1400000US06037533804,533804,2024,559,332,59.391769,173,30.948122
1400000US06037533805,533805,2024,735,498,67.755104,264,35.918365
1400000US06037533806,533806,2024,645,372,57.674419,210,32.55814
1400000US06037533901,533901,2024,1098,708,64.480873,401,36.520947
1400000US06037533902,533902,2024,695,440,63.309353,225,32.3741
1400000US06037534001,534001,2024,1029,460,44.703594,205,19.922255
1400000US06037534002,534002,2024,624,335,53.685898,119,19.070513
1400000US06037534101,534101,2024,317,70,22.08202,41,12.933754
1400000US06037534102,534102,2024,1233,706,57.25872,479,38.848339
1400000US06037534201,534201,2024,742,489,65.902962,282,38.00539
1400000US06037534202,534202,2024,946,534,56.448204,291,30.761099
1400000US06037534203,534203,2024,707,422,59.688828,186,26.308346
1400000US06037534301,534301,2024,813,506,62.238621,259,31.857319
1400000US06037534302,534302,2024,795,491,61.761005,248,31.194969
1400000US06037534403,534403,2024,721,460,63.800278,200,27.73925
1400000US06037534404,534404,2024,636,333,52.35849,210,33.018867
1400000US06037534405,534405,2024,789,450,57.034222,223,28.263624
1400000US06037534406,534406,2024,965,653,67.668396,356,36.891193
1400000US06037534501,534501,2024,789,439,55.640049,240,30.418251
1400000US06037534502,534502,2024,427,198,46.370022,126,29.508196
1400000US06037534700,534700,2024,274,176,64.233574,120,43.79562
1400000US06037534802,534802,2024,246,168,68.292686,65,26.422764
1400000US06037534803,534803,2024,675,385,57.037037,212,31.407408
1400000US06037534804,534804,2024,588,302,51.360546,160,27.210884
1400000US06037534900,534900,2024,938,508,54.157784,282,30.063967
1400000US06037535001,535001,2024,618,423,68.446602,154,24.919094
1400000US06037535002,535002,2024,562,336,59.786476,176,31.316727
1400000US06037535101,535101,2024,1099,543,49.408554,237,21.56506
1400000US06037535102,535102,2024,655,494,75.419846,242,36.946564
1400000US06037535200,535200,2024,592,431,72.804054,160,27.027027
1400000US06037535300,535300,2024,636,400,62.893082,222,34.905659
1400000US06037535400,535400,2024,364,257,70.604393,175,48.076923
1400000US06037535501,535501,2024,742,459,61.859837,183,24.663073
1400000US06037535502,535502,2024,931,487,52.309345,273,29.323309
1400000US06037535503,535503,2024,373,154,41.286861,95,25.46917
1400000US06037535603,535603,2024,731,447,61.149113,221,30.232557
1400000US06037535604,535604,2024,541,290,53.604435,151,27.911276
1400000US06037535605,535605,2024,783,301,38.441891,139,17.752235
1400000US06037535606,535606,2024,364,189,51.923077,138,37.912086
1400000US06037535607,535607,2024,243,107,44.032921,43,17.695473
1400000US06037535701,535701,2024,968,520,53.719009,344,35.537189
1400000US06037535702,535702,2024,945,444,46.984127,277,29.31217
1400000US06037535802,535802,2024,724,302,41.712708,191,26.381216
1400000US06037535803,535803,2024,603,445,73.797676,125,20.729685
1400000US06037535804,535804,2024,895,459,51.284916,272,30.391062
1400000US06037535901,535901,2024,694,497,71.613831,420,60.51873
1400000US06037535902,535902,2024,444,209,47.072071,62,13.963964
1400000US06037536000,536000,2024,655,376,57.404579,278,42.442749
1400000US06037536102,536102,2024,274,262,95.620438,178,64.963501
1400000US06037536103,536103,2024,745,477,64.026848,296,39.731544
1400000US06037536104,536104,2024,664,349,52.560242,214,32.228916
1400000US06037536201,536201,2024,365,172,47.123287,63,17.260275
1400000US06037536202,536202,2024,575,272,47.304348,113,19.652174
1400000US06037540000,540000,2024,804,563,70.024872,318,39.552238
1400000US06037540101,540101,2024,446,271,60.762333,110,24.663677
1400000US06037540102,540102,2024,337,97,28.783382,54,16.023739
1400000US06037540201,540201,2024,419,262,62.529835,67,15.990454
1400000US06037540202,540202,2024,1136,695,61.179577,356,31.338028
1400000US06037540203,540203,2024,935,501,53.58289,229,24.491978
1400000US06037540300,540300,2024,478,306,64.016739,100,20.920502
1400000US06037540400,540400,2024,216,117,54.166668,75,34.722221
1400000US06037540501,540501,2024,381,335,87.926506,227,59.580051
1400000US06037540502,540502,2024,1353,836,61.788616,448,33.111603
1400000US06037540600,540600,2024,644,471,73.136642,248,38.509315
1400000US06037540700,540700,2024,563,244,43.339252,106,18.827709
1400000US06037540800,540800,2024,389,179,46.015423,110,28.277636
1400000US06037540901,540901,2024,598,462,77.257523,199,33.277592
1400000US06037540902,540902,2024,439,257,58.542141,231,52.619591
1400000US06037541003,541003,2024,325,190,58.46154,164,50.46154
1400000US06037541100,541100,2024,328,189,57.621952,99,30.182926
1400000US06037541200,541200,2024,463,224,48.380131,129,27.861771
1400000US06037541300,541300,2024,277,209,75.451263,153,55.234657
1400000US06037541401,541401,2024,692,500,72.254333,195,28.179192
1400000US06037541402,541402,2024,280,187,66.785713,74,26.428572
1400000US06037541500,541500,2024,737,377,51.153324,139,18.860245
1400000US06037541603,541603,2024,463,243,52.483803,134,28.941685
1400000US06037541604,541604,2024,858,577,67.24942,384,44.755245
1400000US06037541605,541605,2024,783,343,43.805874,209,26.692209
1400000US06037541606,541606,2024,466,233,50,177,37.982834
1400000US06037541700,541700,2024,325,135,41.53846,94,28.923077
1400000US06037541801,541801,2024,744,410,55.107529,258,34.677418
1400000US06037541802,541802,2024,349,308,88.252151,199,57.020058
1400000US06037542000,542000,2024,380,168,44.210526,80,21.052631
1400000US06037542103,542103,2024,291,163,56.013744,96,32.989689
1400000US06037542104,542104,2024,390,209,53.589745,117,30
1400000US06037542105,542105,2024,644,351,54.503105,203,31.52174
1400000US06037542106,542106,2024,438,216,49.315067,112,25.570776
1400000US06037542200,542200,2024,417,284,68.105515,102,24.460432
1400000US06037542401,542401,2024,324,247,76.234566,149,45.987656
1400000US06037542402,542402,2024,327,159,48.623852,127,38.837921
1400000US06037542501,542501,2024,589,312,52.971138,107,18.166384
1400000US06037542502,542502,2024,801,396,49.438202,229,28.589264
1400000US06037542601,542601,2024,492,264,53.658535,179,36.382114
1400000US06037542602,542602,2024,758,468,61.741425,232,30.606859
1400000US06037542700,542700,2024,383,247,64.49086,121,31.59269
1400000US06037542800,542800,2024,142,98,69.014084,6,4.2253523
1400000US06037542900,542900,2024,204,102,50,32,15.686275
1400000US06037543000,543000,2024,368,315,85.597824,230,62.5
1400000US06037543100,543100,2024,250,162,64.800003,87,34.799999
1400000US06037543201,543201,2024,317,140,44.16404,68,21.451103
1400000US06037543203,543203,2024,614,394,64.16938,281,45.765472
1400000US06037543304,543304,2024,209,72,34.44976,47,22.488039
1400000US06037543305,543305,2024,184,73,39.673912,0,0
1400000US06037543306,543306,2024,258,137,53.100777,62,24.031008
1400000US06037543321,543321,2024,315,175,55.555557,158,50.15873
1400000US06037543322,543322,2024,208,16,7.6923075,0,0
1400000US06037543400,543400,2024,86,58,67.441864,41,47.674419
1400000US06037543501,543501,2024,888,516,58.108109,308,34.684685
1400000US06037543502,543502,2024,411,265,64.476883,133,32.360096
1400000US06037543503,543503,2024,736,340,46.195652,121,16.440218
1400000US06037543601,543601,2024,349,160,45.845272,34,9.7421207
1400000US06037543603,543603,2024,210,158,75.238098,144,68.571426
1400000US06037543605,543605,2024,308,213,69.155846,131,42.532467
1400000US06037543606,543606,2024,465,275,59.139786,208,44.731182
1400000US06037543607,543607,2024,129,121,93.798447,108,83.720932
1400000US06037543701,543701,2024,88,49,55.68182,7,7.9545455
1400000US06037543703,543703,2024,326,166,50.920246,110,33.742332
1400000US06037543704,543704,2024,330,179,54.242424,104,31.515152
1400000US06037543705,543705,2024,333,149,44.744743,25,7.5075073
1400000US06037543801,543801,2024,376,141,37.5,28,7.4468083
1400000US06037543803,543803,2024,636,463,72.798744,205,32.232704
1400000US06037543804,543804,2024,366,164,44.808743,88,24.043716
1400000US06037543903,543903,2024,298,122,40.939598,92,30.872482
1400000US06037543905,543905,2024,570,352,61.754387,153,26.842106
1400000US06037544001,544001,2024,238,89,37.394958,29,12.184874
1400000US06037544002,544002,2024,215,103,47.906979,67,31.16279
1400000US06037550101,550101,2024,108,5,4.6296296,0,0
1400000US06037550201,550201,2024,303,148,48.844883,83,27.392738
1400000US06037550202,550202,2024,271,97,35.793358,97,35.793358
1400000US06037550301,550301,2024,372,314,84.4086,137,36.827957
1400000US06037550501,550501,2024,476,381,80.042015,166,34.873951
1400000US06037550502,550502,2024,267,220,82.397003,12,4.4943819
1400000US06037550601,550601,2024,918,425,46.296295,290,31.590414
1400000US06037550602,550602,2024,232,113,48.706898,56,24.137932
1400000US06037550700,550700,2024,552,332,60.144928,100,18.115942
1400000US06037550801,550801,2024,590,401,67.966103,7,1.1864407
1400000US06037550802,550802,2024,302,184,60.927151,154,50.993378
1400000US06037550901,550901,2024,1106,524,47.377937,157,14.195298
1400000US06037550902,550902,2024,1298,736,56.702618,303,23.343605
1400000US06037551001,551001,2024,266,154,57.894737,72,27.067669
1400000US06037551002,551002,2024,377,182,48.275864,42,11.140584
1400000US06037551101,551101,2024,715,315,44.055943,105,14.685315
1400000US06037551102,551102,2024,1728,1064,61.574074,465,26.909721
1400000US06037551201,551201,2024,547,461,84.277878,203,37.111519
1400000US06037551203,551203,2024,314,227,72.292992,129,41.082802
1400000US06037551204,551204,2024,556,362,65.10791,62,11.151079
1400000US06037551300,551300,2024,1442,788,54.646324,455,31.553398
1400000US06037551401,551401,2024,732,384,52.459015,218,29.781422
1400000US06037551402,551402,2024,507,336,66.272186,221,43.589745
1400000US06037551501,551501,2024,669,372,55.605381,111,16.591928
1400000US06037551502,551502,2024,663,385,58.069382,221,33.333332
1400000US06037551700,551700,2024,553,283,51.175407,192,34.719711
1400000US06037551801,551801,2024,402,212,52.736317,141,35.074627
1400000US06037551802,551802,2024,762,486,63.779526,113,14.829396
1400000US06037551900,551900,2024,148,77,52.027027,48,32.432434
1400000US06037552001,552001,2024,196,125,63.775509,66,33.67347
1400000US06037552002,552002,2024,437,184,42.105263,90,20.594965
1400000US06037552100,552100,2024,716,378,52.793297,152,21.22905
1400000US06037552200,552200,2024,1238,795,64.216476,494,39.903069
1400000US06037552301,552301,2024,239,146,61.087868,35,14.644351
1400000US06037552302,552302,2024,605,323,53.388432,185,30.578512
1400000US06037552400,552400,2024,46,40,86.95652,21,45.652172
1400000US06037552601,552601,2024,276,137,49.63768,131,47.463768
1400000US06037552602,552602,2024,503,220,43.737576,197,39.165009
1400000US06037552700,552700,2024,386,235,60.880829,137,35.492229
1400000US06037552800,552800,2024,470,268,57.021278,139,29.574469
1400000US06037552900,552900,2024,903,691,76.522705,394,43.632336
1400000US06037553000,553000,2024,101,0,0,0,0
1400000US06037553100,553100,2024,852,360,42.253521,248,29.107981
1400000US06037553201,553201,2024,384,206,53.645832,114,29.6875
1400000US06037553202,553202,2024,286,181,63.286713,118,41.258739
1400000US06037553300,553300,2024,193,77,39.896374,12,6.2176166
1400000US06037553400,553400,2024,404,167,41.336632,39,9.6534653
1400000US06037553502,553502,2024,670,307,45.820896,164,24.477612
1400000US06037553503,553503,2024,509,365,71.709236,137,26.91552
1400000US06037553504,553504,2024,450,309,68.666664,137,30.444445
1400000US06037553601,553601,2024,748,474,63.368984,369,49.331551
1400000US06037553602,553602,2024,904,501,55.420353,204,22.566372
1400000US06037553701,553701,2024,546,244,44.688644,168,30.76923
1400000US06037553702,553702,2024,553,285,51.537071,215,38.878841
1400000US06037553801,553801,2024,702,532,75.783478,265,37.749287
1400000US06037553802,553802,2024,968,610,63.016529,272,28.099174
1400000US06037553901,553901,2024,852,464,54.460094,206,24.178404
1400000US06037553902,553902,2024,1113,614,55.166218,283,25.426775
1400000US06037554001,554001,2024,485,224,46.185566,48,9.8969069
1400000US06037554002,554002,2024,1046,649,62.045891,289,27.629063
1400000US06037554101,554101,2024,715,424,59.300701,246,34.405594
1400000US06037554105,554105,2024,1334,917,68.740631,558,41.829086
1400000US06037554106,554106,2024,639,419,65.571205,154,24.100157
1400000US06037554201,554201,2024,364,222,60.98901,60,16.483517
1400000US06037554203,554203,2024,806,484,60.049629,338,41.935482
1400000US06037554204,554204,2024,1430,762,53.286713,351,24.545454
1400000US06037554301,554301,2024,501,339,67.664673,114,22.754492
1400000US06037554302,554302,2024,835,450,53.892216,124,14.8503
1400000US06037554403,554403,2024,1194,691,57.872696,424,35.510887
1400000US06037554404,554404,2024,988,557,56.376518,311,31.477734
1400000US06037554405,554405,2024,1188,779,65.572388,458,38.552189
1400000US06037554406,554406,2024,728,348,47.802197,82,11.263737
1400000US06037554511,554511,2024,288,91,31.597221,56,19.444445
1400000US06037554512,554512,2024,676,186,27.514793,66,9.7633133
1400000US06037554513,554513,2024,170,92,54.117645,29,17.058823
1400000US06037554514,554514,2024,512,70,13.671875,22,4.296875
1400000US06037554515,554515,2024,97,48,49.484535,18,18.556702
1400000US06037554516,554516,2024,195,89,45.641026,45,23.076923
1400000US06037554517,554517,2024,527,224,42.504745,115,21.821632
1400000US06037554518,554518,2024,288,163,56.597221,137,47.569443
1400000US06037554519,554519,2024,53,18,33.962265,18,33.962265
1400000US06037554521,554521,2024,520,279,53.653847,179,34.423077
1400000US06037554522,554522,2024,229,12,5.2401748,0,0
1400000US06037554600,554600,2024,506,251,49.604744,92,18.181818
1400000US06037554700,554700,2024,138,70,50.724636,53,38.405796
1400000US06037554801,554801,2024,239,85,35.564854,56,23.430962
1400000US06037554802,554802,2024,782,369,47.186699,169,21.611254
1400000US06037554900,554900,2024,1197,612,51.127819,315,26.31579
1400000US06037555001,555001,2024,643,325,50.544323,136,21.150856
1400000US06037555002,555002,2024,714,449,62.885155,227,31.792717
1400000US06037555105,555105,2024,1080,553,51.203705,272,25.185184
1400000US06037555106,555106,2024,543,402,74.03315,198,36.464088
1400000US06037555107,555107,2024,731,436,59.644321,217,29.685362
1400000US06037555202,555202,2024,96,79,82.291664,11,11.458333
1400000US06037555211,555211,2024,892,443,49.663677,268,30.044844
1400000US06037555212,555212,2024,713,316,44.319775,152,21.318373
1400000US06037555300,555300,2024,183,114,62.295082,57,31.147541
1400000US06037570001,570001,2024,250,110,44,20,8
1400000US06037570002,570002,2024,113,29,25.663717,7,6.1946902
1400000US06037570003,570003,2024,130,95,73.07692,15,11.538462
1400000US06037570100,570100,2024,137,85,62.043797,66,48.175182
1400000US06037570202,570202,2024,638,424,66.45768,334,52.351097
1400000US06037570203,570203,2024,903,588,65.11628,294,32.55814
1400000US06037570204,570204,2024,816,449,55.024509,160,19.607843
1400000US06037570303,570303,2024,797,567,71.141785,184,23.086575
1400000US06037570304,570304,2024,1105,576,52.126698,348,31.493212
1400000US06037570305,570305,2024,1028,659,64.105057,269,26.167315
1400000US06037570306,570306,2024,287,140,48.780487,109,37.979095
1400000US06037570402,570402,2024,157,108,68.78981,85,54.140129
1400000US06037570403,570403,2024,660,352,53.333332,208,31.515152
1400000US06037570404,570404,2024,269,189,70.260223,133,49.442379
1400000US06037570502,570502,2024,898,578,64.365257,375,41.759464
1400000US06037570503,570503,2024,473,152,32.135307,79,16.701902
1400000US06037570504,570504,2024,222,75,33.783783,33,14.864865
1400000US06037570601,570601,2024,967,475,49.120995,222,22.957602
1400000US06037570602,570602,2024,771,461,59.792477,371,48.119324
1400000US06037570603,570603,2024,1390,903,64.964027,500,35.971222
1400000US06037570701,570701,2024,1313,659,50.190403,313,23.838537
1400000US06037570703,570703,2024,118,95,80.508476,26,22.033897
1400000US06037570800,570800,2024,310,133,42.903225,37,11.935484
1400000US06037570901,570901,2024,100,39,39,0,0
1400000US06037570902,570902,2024,261,82,31.417625,71,27.203066
1400000US06037571000,571000,2024,220,104,47.272728,31,14.090909
1400000US06037571101,571101,2024,243,168,69.135803,106,43.621399
1400000US06037571102,571102,2024,211,122,57.819904,35,16.587677
1400000US06037571201,571201,2024,445,169,37.977528,12,2.6966293
1400000US06037571202,571202,2024,797,422,52.948559,199,24.968632
1400000US06037571300,571300,2024,205,177,86.341461,67,32.682926
1400000US06037571400,571400,2024,607,276,45.469521,75,12.355848
1400000US06037571502,571502,2024,780,388,49.743591,208,26.666666
1400000US06037571504,571504,2024,720,438,60.833332,201,27.916666
1400000US06037571505,571505,2024,444,217,48.873875,61,13.738739
1400000US06037571600,571600,2024,726,356,49.035812,74,10.192838
1400000US06037571701,571701,2024,1037,561,54.098362,374,36.065575
1400000US06037571703,571703,2024,585,350,59.82906,111,18.97436
1400000US06037571704,571704,2024,764,494,64.659683,264,34.554974
1400000US06037571800,571800,2024,396,257,64.898987,158,39.898991
1400000US06037571900,571900,2024,1089,377,34.618916,252,23.140495
1400000US06037572001,572001,2024,540,341,63.148148,212,39.259258
1400000US06037572201,572201,2024,652,430,65.95092,311,47.699387
1400000US06037572202,572202,2024,438,195,44.52055,156,35.61644
1400000US06037572301,572301,2024,355,198,55.774647,137,38.591549
1400000US06037572500,572500,2024,1016,507,49.901573,252,24.80315
1400000US06037572600,572600,2024,186,44,23.655914,30,16.129032
1400000US06037572700,572700,2024,412,203,49.271843,122,29.61165
1400000US06037573002,573002,2024,930,506,54.408604,262,28.172043
1400000US06037573003,573003,2024,289,151,52.249134,108,37.370243
1400000US06037573004,573004,2024,1350,728,53.925926,351,26
1400000US06037573101,573101,2024,1026,654,63.742691,293,28.557505
1400000US06037573102,573102,2024,461,206,44.685467,35,7.5921907
1400000US06037573201,573201,2024,882,561,63.605442,237,26.870749
1400000US06037573202,573202,2024,1069,400,37.418148,200,18.709074
1400000US06037573300,573300,2024,728,439,60.302197,267,36.675823
1400000US06037573401,573401,2024,204,94,46.07843,27,13.235294
1400000US06037573402,573402,2024,1817,767,42.212437,226,12.438085
1400000US06037573403,573403,2024,206,39,18.932039,0,0
1400000US06037573601,573601,2024,146,72,49.315067,24,16.438356
1400000US06037573700,573700,2024,193,114,59.067356,53,27.46114
1400000US06037573800,573800,2024,133,56,42.105263,25,18.796993
1400000US06037573902,573902,2024,79,36,45.569622,24,30.379747
1400000US06037574000,574000,2024,200,77,38.5,23,11.5
1400000US06037574100,574100,2024,339,183,53.9823,55,16.224188
1400000US06037574201,574201,2024,136,110,80.882355,37,27.205883
1400000US06037574202,574202,2024,332,100,30.120481,50,15.060241
1400000US06037574300,574300,2024,829,417,50.301567,238,28.709288
1400000US06037574400,574400,2024,177,121,68.36158,22,12.429379
1400000US06037574500,574500,2024,257,47,18.287937,19,7.3929963
1400000US06037574602,574602,2024,112,86,76.785713,42,37.5
1400000US06037574800,574800,2024,625,247,39.52,141,22.559999
1400000US06037574901,574901,2024,415,128,30.843374,32,7.7108436
1400000US06037574902,574902,2024,1372,744,54.227406,367,26.749271
1400000US06037575001,575001,2024,1049,649,61.868446,364,34.699715
1400000US06037575002,575002,2024,1180,622,52.711864,310,26.271187
1400000US06037575101,575101,2024,1151,882,76.629021,378,32.841007
1400000US06037575102,575102,2024,999,750,75.075073,434,43.443443
1400000US06037575103,575103,2024,1821,1166,64.030754,430,23.6134
1400000US06037575201,575201,2024,1051,727,69.172218,341,32.44529
1400000US06037575202,575202,2024,940,582,61.914894,386,41.063831
1400000US06037575300,575300,2024,1203,735,61.097256,493,40.980881
1400000US06037575401,575401,2024,1109,569,51.307484,303,27.321911
1400000US06037575402,575402,2024,792,365,46.085857,303,38.257576
1400000US06037575801,575801,2024,680,481,70.735291,289,42.5
1400000US06037575802,575802,2024,1159,704,60.74202,345,29.76704
1400000US06037575803,575803,2024,1107,889,80.307137,405,36.585365
1400000US06037575901,575901,2024,938,618,65.884865,452,48.187634
1400000US06037575902,575902,2024,2599,1748,67.256638,775,29.81916
1400000US06037576001,576001,2024,2647,1130,42.689838,559,21.118248
1400000US06037576200,576200,2024,2726,1764,64.710197,813,29.823917
1400000US06037576301,576301,2024,1629,914,56.10804,473,29.036219
1400000US06037576302,576302,2024,889,501,56.355457,259,29.133858
1400000US06037576401,576401,2024,1103,596,54.034451,455,41.251133
1400000US06037576402,576402,2024,1026,685,66.76413,449,43.762184
1400000US06037576403,576403,2024,1070,644,60.186916,339,31.682243
1400000US06037576501,576501,2024,1126,751,66.696266,390,34.63588
1400000US06037576502,576502,2024,1851,1068,57.69854,498,26.904375
1400000US06037576503,576503,2024,1266,725,57.266983,283,22.35387
1400000US06037576601,576601,2024,1750,1045,59.714287,475,27.142857
1400000US06037576602,576602,2024,2263,1404,62.041538,514,22.713213
1400000US06037576700,576700,2024,1371,753,54.923412,228,16.630198
1400000US06037576801,576801,2024,1334,735,55.09745,329,24.662668
1400000US06037576802,576802,2024,1417,646,45.589272,361,25.476358
1400000US06037576901,576901,2024,1467,713,48.602589,313,21.33606
1400000US06037576903,576903,2024,1239,706,56.981438,331,26.715094
1400000US06037576904,576904,2024,914,556,60.831509,260,28.44639
1400000US06037577000,577000,2024,2611,1434,54.921486,864,33.090771
1400000US06037577100,577100,2024,2089,1018,48.731449,353,16.898037
1400000US06037577200,577200,2024,2205,768,34.829933,303,13.741497
1400000US06037577300,577300,2024,2772,1225,44.191917,395,14.24964
1400000US06037577400,577400,2024,901,350,38.845726,105,11.653718
1400000US06037577501,577501,2024,541,284,52.49538,194,35.85952
1400000US06037577504,577504,2024,337,232,68.842728,153,45.400593
1400000US06037577602,577602,2024,490,252,51.42857,128,26.12245
1400000US06037577604,577604,2024,97,50,51.546391,22,22.680412
1400000US06037577605,577605,2024,434,162,37.32719,97,22.350231
1400000US06037577606,577606,2024,1014,404,39.842209,145,14.299803
1400000US06037577700,577700,2024,493,148,30.020285,90,18.255579
1400000US06037577800,577800,2024,174,74,42.528736,8,4.5977011
1400000US06037577900,577900,2024,1395,842,60.358421,543,38.924732
1400000US06037578000,578000,2024,897,487,54.292084,280,31.215162
1400000US06037578100,578100,2024,0,0,,0,
1400000US06037599000,599000,2024,560,329,58.75,0,0
1400000US06037599100,599100,2024,66,38,57.575756,0,0
1400000US06037600100,600100,2024,1614,1106,68.525406,571,35.377941
1400000US06037600201,600201,2024,868,444,51.152073,344,39.631336
1400000US06037600202,600202,2024,1565,1257,80.319489,994,63.514378
1400000US06037600302,600302,2024,385,232,60.259739,171,44.415585
1400000US06037600303,600303,2024,1096,689,62.864964,556,50.729927
1400000US06037600304,600304,2024,804,524,65.174126,260,32.33831
1400000US06037600400,600400,2024,768,621,80.859375,350,45.572918
1400000US06037600501,600501,2024,315,269,85.396828,183,58.095238
1400000US06037600601,600601,2024,263,183,69.581749,144,54.752853
1400000US06037600602,600602,2024,659,419,63.581184,159,24.127466
1400000US06037600702,600702,2024,473,375,79.281181,201,42.494713
1400000US06037600703,600703,2024,152,121,79.605263,39,25.657894
1400000US06037600704,600704,2024,713,470,65.918655,263,36.886395
1400000US06037600801,600801,2024,356,182,51.123596,53,14.88764
1400000US06037600802,600802,2024,644,413,64.130432,154,23.913044
1400000US06037600902,600902,2024,2172,1378,63.443832,470,21.639042
1400000US06037600911,600911,2024,651,397,60.983105,230,35.330261
1400000US06037600912,600912,2024,644,327,50.776398,135,20.962732
1400000US06037601001,601001,2024,831,488,58.72443,210,25.270758
1400000US06037601002,601002,2024,1419,858,60.465115,623,43.90416
1400000US06037601100,601100,2024,1654,1257,75.997581,747,45.163242
1400000US06037601202,601202,2024,400,313,78.25,138,34.5
1400000US06037601211,601211,2024,777,487,62.676964,325,41.827541
1400000US06037601212,601212,2024,1483,889,59.946056,486,32.771408
1400000US06037601301,601301,2024,299,154,51.505016,70,23.411371
1400000US06037601302,601302,2024,2094,1230,58.739254,484,23.113659
1400000US06037601303,601303,2024,1863,1362,73.107887,756,40.579712
1400000US06037601401,601401,2024,1399,770,55.039314,344,24.588993
1400000US06037601402,601402,2024,615,387,62.92683,316,51.382114
1400000US06037601501,601501,2024,811,516,63.625153,319,39.334156
1400000US06037601502,601502,2024,551,200,36.297642,81,14.700544
1400000US06037601600,601600,2024,846,514,60.7565,353,41.725769
1400000US06037601700,601700,2024,979,612,62.512768,300,30.643515
1400000US06037601801,601801,2024,597,336,56.281406,228,38.190956
1400000US06037601802,601802,2024,537,222,41.340782,126,23.463688
1400000US06037601900,601900,2024,911,592,64.983536,187,20.526894
1400000US06037602002,602002,2024,592,339,57.263512,211,35.641891
1400000US06037602003,602003,2024,678,436,64.306786,259,38.200588
1400000US06037602103,602103,2024,1527,1161,76.031433,590,38.637852
1400000US06037602104,602104,2024,1255,793,63.187252,430,34.262947
1400000US06037602105,602105,2024,1247,789,63.271851,452,36.246994
1400000US06037602106,602106,2024,1916,968,50.521919,388,20.250523
1400000US06037602201,602201,2024,837,405,48.387096,198,23.655914
1400000US06037602202,602202,2024,720,353,49.027779,138,19.166666
1400000US06037602301,602301,2024,386,236,61.139896,136,35.233162
1400000US06037602302,602302,2024,216,121,56.01852,61,28.24074
1400000US06037602402,602402,2024,1169,534,45.680069,217,18.562874
1400000US06037602403,602403,2024,1233,734,59.529602,342,27.737226
1400000US06037602404,602404,2024,1322,867,65.582451,502,37.972767
1400000US06037602504,602504,2024,1604,884,55.112221,397,24.750624
1400000US06037602505,602505,2024,1439,823,57.192493,448,31.13273
1400000US06037602506,602506,2024,1606,591,36.799503,445,27.708593
1400000US06037602507,602507,2024,1703,1140,66.940689,606,35.584263
1400000US06037602510,602510,2024,1003,618,61.615154,388,38.683949
1400000US06037602511,602511,2024,1301,954,73.328209,405,31.1299
1400000US06037602512,602512,2024,279,111,39.784946,41,14.69534
1400000US06037602513,602513,2024,449,304,67.706017,175,38.975502
1400000US06037602601,602601,2024,584,457,78.253426,283,48.458904
1400000US06037602602,602602,2024,492,422,85.772354,320,65.040649
1400000US06037602700,602700,2024,232,108,46.551723,56,24.137932
1400000US06037602801,602801,2024,976,697,71.413933,449,46.004097
1400000US06037602802,602802,2024,184,105,57.065216,94,51.086956
1400000US06037602900,602900,2024,616,86,13.961039,54,8.7662334
1400000US06037603004,603004,2024,523,284,54.302105,169,32.313576
1400000US06037603005,603005,2024,1285,805,62.645916,378,29.416342
1400000US06037603006,603006,2024,483,212,43.892338,122,25.258799
1400000US06037603007,603007,2024,593,526,88.701515,208,35.075886
1400000US06037603008,603008,2024,634,196,30.914827,92,14.511041
1400000US06037603101,603101,2024,1062,608,57.250469,363,34.18079
1400000US06037603102,603102,2024,872,565,64.793579,199,22.8211
1400000US06037603200,603200,2024,415,268,64.578316,81,19.518072
1400000US06037603301,603301,2024,975,442,45.333332,256,26.256411
1400000US06037603302,603302,2024,640,258,40.3125,122,19.0625
1400000US06037603400,603400,2024,494,179,36.234818,88,17.813765
1400000US06037603500,603500,2024,278,178,64.028778,126,45.323742
1400000US06037603600,603600,2024,244,156,63.934425,46,18.852459
1400000US06037603702,603702,2024,283,135,47.703178,109,38.5159
1400000US06037603703,603703,2024,63,5,7.9365077,0,0
1400000US06037603705,603705,2024,724,458,63.25967,269,37.154697
1400000US06037603706,603706,2024,985,638,64.771576,131,13.299493
1400000US06037603801,603801,2024,998,734,73.547096,527,52.805611
1400000US06037603802,603802,2024,549,294,53.551914,168,30.601093
1400000US06037603901,603901,2024,589,183,31.069609,106,17.996605
1400000US06037603902,603902,2024,588,406,69.047623,249,42.346939
1400000US06037604001,604001,2024,755,403,53.377483,150,19.86755
1400000US06037604002,604002,2024,1057,642,60.737938,276,26.111637
1400000US06037604101,604101,2024,839,514,61.263409,173,20.619785
1400000US06037604102,604102,2024,468,201,42.948719,133,28.418804
1400000US06037604200,604200,2024,773,492,63.648125,141,18.240622
1400000US06037609900,609900,2024,270,110,40.740742,59,21.851852
1400000US06037620001,620001,2024,866,367,42.378754,113,13.048499
1400000US06037620002,620002,2024,978,484,49.488754,134,13.701431
1400000US06037620101,620101,2024,1005,331,32.935322,91,9.0547266
1400000US06037620102,620102,2024,1292,297,22.987616,179,13.854489
1400000US06037620201,620201,2024,566,191,33.745583,38,6.7137809
1400000US06037620301,620301,2024,180,145,80.555557,131,72.777779
1400000US06037620303,620303,2024,562,274,48.754448,242,43.060497
1400000US06037620305,620305,2024,1122,449,40.017826,279,24.86631
1400000US06037620400,620400,2024,690,260,37.68116,98,14.202899
1400000US06037620501,620501,2024,817,343,41.982864,143,17.503059
1400000US06037620521,620521,2024,846,322,38.061466,188,22.222221
1400000US06037620522,620522,2024,784,322,41.07143,147,18.75
1400000US06037620601,620601,2024,1104,532,48.188404,132,11.956522
1400000US06037620602,620602,2024,619,216,34.894993,69,11.147012
1400000US06037620701,620701,2024,1386,493,35.569984,287,20.707071
1400000US06037620703,620703,2024,246,69,28.04878,16,6.504065
1400000US06037620704,620704,2024,308,124,40.259739,56,18.181818
1400000US06037620801,620801,2024,93,51,54.838711,30,32.258064
1400000US06037620802,620802,2024,607,128,21.087315,48,7.907743
1400000US06037620901,620901,2024,126,62,49.206348,53,42.063492
1400000US06037620904,620904,2024,430,199,46.279068,90,20.930233
1400000US06037621001,621001,2024,783,459,58.620689,171,21.839081
1400000US06037621005,621005,2024,1136,460,40.492958,166,14.612676
1400000US06037621102,621102,2024,406,147,36.206898,31,7.635468
1400000US06037621104,621104,2024,1863,810,43.47826,283,15.190553
1400000US06037621201,621201,2024,1405,582,41.423489,256,18.22064
1400000US06037621204,621204,2024,1190,829,69.663864,357,30
1400000US06037621301,621301,2024,851,474,55.699177,289,33.960049
1400000US06037621324,621324,2024,1181,660,55.884842,254,21.507196
1400000US06037621326,621326,2024,1276,659,51.645767,254,19.905956
1400000US06037621400,621400,2024,806,380,47.1464,232,28.784119
1400000US06037650001,650001,2024,779,551,70.731705,255,32.734276
1400000US06037650003,650003,2024,674,371,55.04451,90,13.353116
1400000US06037650004,650004,2024,912,482,52.850876,174,19.078947
1400000US06037650101,650101,2024,403,336,83.374687,241,59.801487
1400000US06037650102,650102,2024,209,93,44.497608,38,18.181818
1400000US06037650200,650200,2024,358,218,60.893856,116,32.402233
1400000US06037650300,650300,2024,1303,711,54.566383,450,34.535686
1400000US06037650401,650401,2024,234,89,38.034187,71,30.341881
1400000US06037650501,650501,2024,103,84,81.553398,45,43.68932
1400000US06037650502,650502,2024,343,117,34.110786,56,16.32653
1400000US06037650603,650603,2024,544,322,59.191177,146,26.838236
1400000US06037650604,650604,2024,2423,1192,49.195213,436,17.994223
1400000US06037650605,650605,2024,731,288,39.398087,122,16.689466
1400000US06037650606,650606,2024,1425,633,44.421051,395,27.719297
1400000US06037650607,650607,2024,809,431,53.27565,153,18.912237
1400000US06037650701,650701,2024,147,94,63.94558,59,40.136055
1400000US06037650702,650702,2024,258,175,67.82946,66,25.581396
1400000US06037650801,650801,2024,550,237,43.090908,94,17.09091
1400000US06037650802,650802,2024,452,296,65.486725,111,24.557522
1400000US06037650901,650901,2024,1164,543,46.649483,215,18.470791
1400000US06037650903,650903,2024,1109,754,67.989182,229,20.649233
1400000US06037650904,650904,2024,462,117,25.324675,43,9.3073597
1400000US06037651001,651001,2024,558,462,82.7957,143,25.627239
1400000US06037651002,651002,2024,674,248,36.795254,85,12.611276
1400000US06037651101,651101,2024,735,452,61.496597,205,27.891157
1400000US06037651102,651102,2024,701,373,53.209702,207,29.529243
1400000US06037651201,651201,2024,72,36,50,11,15.277778
1400000US06037651221,651221,2024,846,497,58.747044,274,32.387707
1400000US06037651222,651222,2024,1667,872,52.30954,465,27.894421
1400000US06037651302,651302,2024,398,214,53.768845,56,14.070352
1400000US06037651304,651304,2024,1068,420,39.325844,247,23.12734
1400000US06037651401,651401,2024,404,184,45.544556,111,27.475248
1400000US06037651402,651402,2024,821,446,54.323994,209,25.45676
1400000US06037670001,670001,2024,465,275,59.139786,62,13.333333
1400000US06037670002,670002,2024,740,377,50.945946,173,23.378378
1400000US06037670003,670003,2024,989,657,66.43074,285,28.816986
1400000US06037670101,670101,2024,674,194,28.783382,117,17.359051
1400000US06037670102,670102,2024,920,472,51.304348,122,13.26087
1400000US06037670201,670201,2024,355,159,44.788731,34,9.5774651
1400000US06037670202,670202,2024,71,40,56.338028,29,40.84507
1400000US06037670324,670324,2024,323,254,78.637772,137,42.41486
1400000US06037670326,670326,2024,51,31,60.784313,22,43.137257
1400000US06037670328,670328,2024,58,58,100,44,75.862068
1400000US06037670405,670405,2024,246,105,42.682926,87,35.365852
1400000US06037670406,670406,2024,72,33,45.833332,0,0
1400000US06037670407,670407,2024,904,294,32.522125,145,16.039824
1400000US06037670413,670413,2024,346,230,66.473991,75,21.6763
1400000US06037670416,670416,2024,566,352,62.190811,101,17.844522
1400000US06037670417,670417,2024,182,90,49.45055,55,30.21978
1400000US06037670418,670418,2024,82,53,64.634148,13,15.853659
1400000US06037670500,670500,2024,28,0,0,0,0
1400000US06037670603,670603,2024,34,12,35.294117,12,35.294117
1400000US06037670604,670604,2024,233,101,43.347641,0,0
1400000US06037670701,670701,2024,119,34,28.571428,34,28.571428
1400000US06037670702,670702,2024,132,71,53.78788,7,5.3030305
1400000US06037700101,700101,2024,3223,1311,40.676388,779,24.170029
1400000US06037700102,700102,2024,2244,1041,46.390373,397,17.691622
1400000US06037700200,700200,2024,3678,1624,44.15443,884,24.034801
1400000US06037700300,700300,2024,2708,1200,44.313145,752,27.769571
1400000US06037700400,700400,2024,2370,1073,45.274261,579,24.43038
1400000US06037700501,700501,2024,1452,633,43.595043,322,22.176308
1400000US06037700502,700502,2024,2028,1014,50,532,26.232742
1400000US06037700600,700600,2024,51,10,19.607843,10,19.607843
1400000US06037700700,700700,2024,125,69,55.200001,55,44
1400000US06037700801,700801,2024,1423,870,61.138439,619,43.499649
1400000US06037700802,700802,2024,1306,716,54.823891,473,36.217457
1400000US06037700901,700901,2024,818,480,58.679707,307,37.530563
1400000US06037700902,700902,2024,2474,1481,59.862572,801,32.376717
1400000US06037701000,701000,2024,1769,727,41.096664,510,28.829847
1400000US06037701201,701201,2024,220,107,48.636364,51,23.181818
1400000US06037701202,701202,2024,1034,583,56.38298,234,22.630562
1400000US06037701302,701302,2024,1964,963,49.032585,558,28.411406
1400000US06037701304,701304,2024,1296,497,38.348766,225,17.361111
1400000US06037701402,701402,2024,3424,1404,41.004673,892,26.051401
1400000US06037701501,701501,2024,2002,576,28.771229,336,16.783216
1400000US06037701502,701502,2024,1772,583,32.900677,316,17.832956
1400000US06037701601,701601,2024,747,302,40.428379,176,23.560911
1400000US06037701602,701602,2024,1404,657,46.794872,345,24.572649
1400000US06037701701,701701,2024,1360,662,48.676472,363,26.691177
1400000US06037701702,701702,2024,1359,718,52.832966,489,35.982342
1400000US06037701801,701801,2024,1958,835,42.645557,346,17.671093
1400000US06037701802,701802,2024,1754,872,49.714939,329,18.757126
1400000US06037701902,701902,2024,3265,1552,47.534458,727,22.266462
1400000US06037702002,702002,2024,2652,1271,47.926094,800,30.165913
1400000US06037702102,702102,2024,2912,1102,37.843407,581,19.951923
1400000US06037702201,702201,2024,1460,740,50.684933,359,24.589041
1400000US06037702202,702202,2024,888,428,48.198196,220,24.774775
1400000US06037702300,702300,2024,1198,706,58.931553,394,32.888145
1400000US06037702400,702400,2024,1280,522,40.78125,240,18.75
1400000US06037702501,702501,2024,1042,438,42.03455,260,24.952015
1400000US06037702502,702502,2024,537,241,44.878956,128,23.836126
1400000US06037702600,702600,2024,551,373,67.695099,201,36.47913
1400000US06037702700,702700,2024,247,119,48.178139,35,14.17004
1400000US06037702801,702801,2024,1187,789,66.470093,538,45.324348
1400000US06037702802,702802,2024,634,285,44.952682,166,26.182966
1400000US06037702803,702803,2024,788,382,48.477158,235,29.822334
1400000US06037702900,702900,2024,4984,2254,45.22472,1176,23.595505
1400000US06037703002,703002,2024,993,503,50.654583,126,12.688822
1400000US06037703003,703003,2024,1444,911,63.088642,393,27.216066
1400000US06037703100,703100,2024,698,134,19.197708,82,11.747851
1400000US06037703200,703200,2024,671,422,62.891209,286,42.622952
1400000US06037800101,800101,2024,101,68,67.326736,68,67.326736
1400000US06037800103,800103,2024,81,69,85.185188,69,85.185188
1400000US06037800104,800104,2024,337,238,70.623146,110,32.640949
1400000US06037800202,800202,2024,167,100,59.880241,52,31.137724
1400000US06037800204,800204,2024,382,330,86.387436,292,76.439789
1400000US06037800205,800205,2024,846,547,64.657211,252,29.787233
1400000US06037800206,800206,2024,64,0,0,0,0
1400000US06037800324,800324,2024,213,143,67.136147,95,44.600941
1400000US06037800325,800325,2024,280,167,59.642857,97,34.642857
1400000US06037800328,800328,2024,69,36,52.173912,36,52.173912
1400000US06037800333,800333,2024,578,347,60.034603,239,41.34948
1400000US06037800334,800334,2024,110,82,74.545456,45,40.909092
1400000US06037800335,800335,2024,239,86,35.983265,55,23.012552
1400000US06037800336,800336,2024,100,26,26,12,12
1400000US06037800337,800337,2024,1010,804,79.603958,587,58.118813
1400000US06037800338,800338,2024,277,98,35.379063,30,10.830325
1400000US06037800406,800406,2024,92,34,36.95652,34,36.95652
1400000US06037800410,800410,2024,90,52,57.777779,24,26.666666
1400000US06037800411,800411,2024,126,94,74.603172,59,46.825397
1400000US06037800412,800412,2024,157,64,40.764332,64,40.764332
1400000US06037800504,800504,2024,288,131,45.486111,131,45.486111
1400000US06037800506,800506,2024,276,152,55.072464,127,46.014492
1400000US06037900102,900102,2024,20,11,55,5,25
1400000US06037900103,900103,2024,435,356,81.839081,201,46.206898
1400000US06037900104,900104,2024,408,276,67.647057,213,52.205883
1400000US06037900301,900301,2024,219,110,50.22831,110,50.22831
1400000US06037900501,900501,2024,612,478,78.104576,311,50.816994
1400000US06037900504,900504,2024,737,506,68.656715,228,30.936228
1400000US06037900505,900505,2024,434,305,70.276497,188,43.317974
1400000US06037900506,900506,2024,647,392,60.587326,177,27.357033
1400000US06037900508,900508,2024,113,101,89.380531,56,49.557522
1400000US06037900509,900509,2024,402,203,50.497513,97,24.129353
1400000US06037900510,900510,2024,334,218,65.269463,127,38.023952
1400000US06037900602,900602,2024,517,329,63.636364,209,40.425533
1400000US06037900606,900606,2024,1002,510,50.898205,381,38.023952
1400000US06037900607,900607,2024,446,266,59.641254,230,51.569508
1400000US06037900608,900608,2024,327,169,51.681957,76,23.24159
1400000US06037900609,900609,2024,563,347,61.634102,181,32.1492
1400000US06037900610,900610,2024,203,85,41.871922,9,4.4334974
1400000US06037900611,900611,2024,99,45,45.454544,21,21.212122
1400000US06037900701,900701,2024,590,507,85.932205,331,56.101696
1400000US06037900703,900703,2024,1643,956,58.186245,579,35.240414
1400000US06037900704,900704,2024,1568,928,59.183674,359,22.895409
1400000US06037900705,900705,2024,1351,839,62.102146,467,34.566986
1400000US06037900804,900804,2024,498,307,61.646587,242,48.594376
1400000US06037900805,900805,2024,316,212,67.088608,58,18.354431
1400000US06037900806,900806,2024,1771,1092,61.66008,743,41.953697
1400000US06037900807,900807,2024,339,223,65.781708,98,28.908554
1400000US06037900808,900808,2024,384,274,71.354164,207,53.90625
1400000US06037900901,900901,2024,462,441,95.454544,313,67.748917
1400000US06037900902,900902,2024,35,9,25.714285,0,0
1400000US06037901003,901003,2024,0,0,,0,
1400000US06037901007,901007,2024,88,31,35.227272,5,5.681818
1400000US06037901008,901008,2024,538,172,31.970261,64,11.895911
1400000US06037901009,901009,2024,567,428,75.485008,209,36.860672
1400000US06037901010,901010,2024,506,309,61.067192,212,41.897232
1400000US06037901011,901011,2024,1068,565,52.902622,198,18.539326
1400000US06037901012,901012,2024,178,91,51.123596,75,42.13483
1400000US06037901013,901013,2024,231,148,64.069267,117,50.649349
1400000US06037901014,901014,2024,286,130,45.454544,98,34.265736
1400000US06037901101,901101,2024,453,171,37.748344,104,22.958057
1400000US06037901102,901102,2024,410,225,54.878048,175,42.682926
1400000US06037901209,901209,2024,61,47,77.049179,26,42.622952
1400000US06037901210,901210,2024,33,23,69.696968,9,27.272728
1400000US06037901214,901214,2024,195,137,70.256409,32,16.410257
1400000US06037901215,901215,2024,623,532,85.393257,343,55.056179
1400000US06037901216,901216,2024,0,0,,0,
1400000US06037901217,901217,2024,26,0,0,0,0
1400000US06037901218,901218,2024,0,0,,0,
1400000US06037901300,901300,2024,128,101,78.90625,35,27.34375
1400000US06037910002,910002,2024,390,344,88.205132,224,57.435898
1400000US06037910210,910210,2024,291,58,19.931271,24,8.2474222
1400000US06037910211,910211,2024,88,36,40.909092,6,6.818182
1400000US06037910212,910212,2024,189,105,55.555557,105,55.555557
1400000US06037910213,910213,2024,134,35,26.119404,6,4.477612
1400000US06037910214,910214,2024,308,223,72.402596,136,44.155846
1400000US06037910215,910215,2024,544,275,50.551472,234,43.014706
1400000US06037910216,910216,2024,146,52,35.61644,35,23.972603
1400000US06037910217,910217,2024,149,127,85.234901,118,79.194633
1400000US06037910218,910218,2024,647,520,80.370941,361,55.795982
1400000US06037910301,910301,2024,324,69,21.296297,69,21.296297
1400000US06037910302,910302,2024,98,27,27.55102,0,0
1400000US06037910401,910401,2024,1048,658,62.786259,349,33.301525
1400000US06037910404,910404,2024,538,302,56.133827,147,27.32342
1400000US06037910405,910405,2024,1144,771,67.395103,605,52.884617
1400000US06037910501,910501,2024,1961,1182,60.275372,727,37.072922
1400000US06037910502,910502,2024,731,521,71.272232,369,50.478798
1400000US06037910504,910504,2024,429,268,62.470863,114,26.573427
1400000US06037910505,910505,2024,216,142,65.740738,65,30.092592
1400000US06037910601,910601,2024,466,258,55.364807,143,30.686695
1400000US06037910602,910602,2024,880,707,80.340912,419,47.613636
1400000US06037910605,910605,2024,441,244,55.328796,165,37.414967
1400000US06037910606,910606,2024,236,108,45.762711,62,26.271187
1400000US06037910607,910607,2024,576,235,40.798611,161,27.951389
1400000US06037910608,910608,2024,318,263,82.704399,89,27.987421
1400000US06037910706,910706,2024,299,253,84.615387,115,38.46154
1400000US06037910707,910707,2024,743,523,70.390312,402,54.10498
1400000US06037910709,910709,2024,25,17,68,17,68
1400000US06037910712,910712,2024,112,46,41.07143,16,14.285714
1400000US06037910713,910713,2024,162,143,88.271606,93,57.407406
1400000US06037910714,910714,2024,175,90,51.42857,61,34.857143
1400000US06037910715,910715,2024,344,329,95.639534,268,77.906975
1400000US06037910716,910716,2024,422,342,81.042656,137,32.464455
1400000US06037910717,910717,2024,100,89,89,4,4
1400000US06037910718,910718,2024,121,40,33.05785,28,23.140495
1400000US06037910719,910719,2024,220,127,57.727272,62,28.181818
1400000US06037910720,910720,2024,521,306,58.733204,277,53.166988
1400000US06037910721,910721,2024,560,437,78.035713,141,25.178572
1400000US06037910804,910804,2024,29,11,37.931034,11,37.931034
1400000US06037910807,910807,2024,203,96,47.290642,17,8.3743839
1400000US06037910808,910808,2024,25,8,32,0,0
1400000US06037910809,910809,2024,14,14,100,14,100
1400000US06037910810,910810,2024,57,57,100,57,100
1400000US06037910814,910814,2024,90,28,31.111111,28,31.111111
1400000US06037910815,910815,2024,160,110,68.75,50,31.25
1400000US06037911001,911001,2024,105,51,48.57143,24,22.857143
1400000US06037911100,911100,2024,778,495,63.62468,204,26.221079
1400000US06037920013,920013,2024,218,162,74.311928,149,68.348625
1400000US06037920015,920015,2024,62,62,100,0,0
1400000US06037920016,920016,2024,329,201,61.094223,147,44.680851
1400000US06037920017,920017,2024,241,140,58.091286,82,34.024895
1400000US06037920018,920018,2024,41,11,26.829268,4,9.7560978
1400000US06037920020,920020,2024,244,188,77.049179,0,0
1400000US06037920028,920028,2024,266,113,42.481201,113,42.481201
1400000US06037920029,920029,2024,267,168,62.921349,65,24.34457
1400000US06037920030,920030,2024,354,141,39.830509,97,27.401131
1400000US06037920031,920031,2024,343,208,60.641399,96,27.988338
1400000US06037920034,920034,2024,260,121,46.53846,72,27.692308
1400000US06037920035,920035,2024,874,506,57.894737,355,40.617847
1400000US06037920038,920038,2024,909,506,55.665565,262,28.822882
1400000US06037920039,920039,2024,18,12,66.666664,6,33.333332
1400000US06037920040,920040,2024,170,97,57.058823,55,32.35294
1400000US06037920041,920041,2024,664,405,60.993977,265,39.909637
1400000US06037920042,920042,2024,1027,483,47.030186,183,17.81889
1400000US06037920043,920043,2024,280,153,54.642857,39,13.928572
1400000US06037920044,920044,2024,225,144,64,75,33.333332
1400000US06037920045,920045,2024,113,64,56.637169,14,12.38938
1400000US06037920046,920046,2024,214,167,78.037384,66,30.841122
1400000US06037920047,920047,2024,1747,964,55.180309,531,30.394962
1400000US06037920048,920048,2024,417,231,55.395683,95,22.781775
1400000US06037920049,920049,2024,135,125,92.59259,94,69.629631
1400000US06037920050,920050,2024,114,72,63.157894,58,50.877193
1400000US06037920102,920102,2024,743,642,86.406464,367,49.394348
1400000US06037920104,920104,2024,60,19,31.666666,19,31.666666
1400000US06037920106,920106,2024,135,73,54.074074,8,5.9259257
1400000US06037920109,920109,2024,669,345,51.569508,206,30.792227
1400000US06037920110,920110,2024,335,231,68.955223,105,31.343283
1400000US06037920111,920111,2024,151,80,52.980133,61,40.39735
1400000US06037920112,920112,2024,418,324,77.511963,279,66.746414
1400000US06037920114,920114,2024,955,512,53.612564,201,21.047121
1400000US06037920115,920115,2024,690,475,68.840576,285,41.304348
1400000US06037920116,920116,2024,104,61,58.653847,15,14.423077
1400000US06037920118,920118,2024,132,46,34.848484,25,18.939394
1400000US06037920119,920119,2024,15,4,26.666666,4,26.666666
1400000US06037920120,920120,2024,82,48,58.536587,48,58.536587
1400000US06037920121,920121,2024,762,430,56.430447,224,29.396326
1400000US06037920200,920200,2024,0,0,,0,
1400000US06037920303,920303,2024,385,237,61.558441,97,25.194805
1400000US06037920312,920312,2024,923,699,75.731308,247,26.760563
1400000US06037920313,920313,2024,169,110,65.08876,38,22.485207
1400000US06037920314,920314,2024,222,105,47.297298,54,24.324324
1400000US06037920322,920322,2024,212,109,51.415092,73,34.433964
1400000US06037920326,920326,2024,1234,790,64.019447,376,30.470016
1400000US06037920328,920328,2024,396,228,57.575756,137,34.595959
1400000US06037920329,920329,2024,517,343,66.344292,115,22.243713
1400000US06037920330,920330,2024,585,325,55.555557,160,27.350428
1400000US06037920331,920331,2024,344,105,30.523256,36,10.465117
1400000US06037920332,920332,2024,104,53,50.96154,42,40.384617
1400000US06037920334,920334,2024,741,567,76.518219,270,36.437248
1400000US06037920338,920338,2024,192,174,90.625,37,19.270834
1400000US06037920339,920339,2024,998,543,54.408817,238,23.847696
1400000US06037920340,920340,2024,381,272,71.391075,182,47.769028
1400000US06037920341,920341,2024,761,506,66.491455,283,37.187912
1400000US06037920342,920342,2024,583,349,59.862778,129,22.12693
1400000US06037920343,920343,2024,711,578,81.293953,195,27.426161
1400000US06037930400,930400,2024,73,21,28.767124,5,6.8493152
1400000US06037980001,980001,2024,0,0,,0,
1400000US06037980002,980002,2024,0,0,,0,
1400000US06037980003,980003,2024,0,0,,0,
1400000US06037980004,980004,2024,0,0,,0,
1400000US06037980005,980005,2024,0,0,,0,
1400000US06037980006,980006,2024,0,0,,0,
1400000US06037980007,980007,2024,0,0,,0,
1400000US06037980008,980008,2024,25,20,80,20,80
1400000US06037980009,980009,2024,0,0,,0,
1400000US06037980010,980010,2024,64,50,78.125,34,53.125
1400000US06037980011,980011,2024,0,0,,0,
1400000US06037980012,980012,2024,0,0,,0,
1400000US06037980013,980013,2024,0,0,,0,
1400000US06037980014,980014,2024,6,6,100,6,100
1400000US06037980015,980015,2024,492,296,60.162601,81,16.463415
1400000US06037980016,980016,2024,89,26,29.213484,12,13.483146
1400000US06037980017,980017,2024,19,0,0,0,0
1400000US06037980018,980018,2024,0,0,,0,
1400000US06037980019,980019,2024,19,12,63.157894,12,63.157894
1400000US06037980020,980020,2024,0,0,,0,
1400000US06037980021,980021,2024,0,0,,0,
1400000US06037980022,980022,2024,0,0,,0,
1400000US06037980023,980023,2024,0,0,,0,
1400000US06037980024,980024,2024,29,6,20.689655,6,20.689655
1400000US06037980025,980025,2024,254,183,72.047241,122,48.031498
1400000US06037980026,980026,2024,5,5,100,5,100
1400000US06037980028,980028,2024,0,0,,0,
1400000US06037980030,980030,2024,0,0,,0,
1400000US06037980031,980031,2024,5,0,0,0,0
1400000US06037980033,980033,2024,0,0,,0,
1400000US06037980034,980034,2024,0,0,,0,
1400000US06037980035,980035,2024,125,61,48.799999,12,9.6000004
1400000US06037980036,980036,2024,11,6,54.545456,6,54.545456
1400000US06037980037,980037,2024,0,0,,0,
1400000US06037980038,980038,2024,0,0,,0,
1400000US06037980039,980039,2024,0,0,,0,
1400000US06037990100,990100,2024,0,0,,0,
1400000US06037990200,990200,2024,0,0,,0,
1400000US06037990300,990300,2024,0,0,,0,