gid,geoid,tot_occ_units,tot_own_occ,overcrowded_own_occ,tot_rent_occ,overcrowded_rent_occ,tot_overcrowded,tot_overcrowded_perc,csa,city,puma,puma_label,spa,sd,Shape__Area,Shape__Length
1,06037101110,1616,771,19,845,143,162,10,Los Angeles - Tujunga,Los Angeles,03708,"Los Angeles County (North)--LA City (Northeast/Sunland, Sun Valley & Tujunga) PUMA",SPA 2,DISTRICT 5,12329774.1757812,14765.6263323369
2,06037101122,1362,1005,29,357,13,42,3.1,Los Angeles - Tujunga,Los Angeles,03708,"Los Angeles County (North)--LA City (Northeast/Sunland, Sun Valley & Tujunga) PUMA",SPA 2,DISTRICT 5,29088580.7792969,30028.1746664687
3,06037101220,1344,592,0,752,30,30,2.2,Los Angeles - Tujunga,Los Angeles,03708,"Los Angeles County (North)--LA City (Northeast/Sunland, Sun Valley & Tujunga) PUMA",SPA 2,DISTRICT 5,7532607.58203125,12504.5024261793
4,06037101221,1451,393,33,1058,224,257,17.7,Los Angeles - Tujunga,Los Angeles,03708,"Los Angeles County (North)--LA City (Northeast/Sunland, Sun Valley & Tujunga) PUMA",SPA 2,DISTRICT 5,3874389.41601562,8938.40604390962
5,06037101222,943,86,0,857,115,115,12.2,Los Angeles - Tujunga,Los Angeles,03708,"Los Angeles County (North)--LA City (Northeast/Sunland, Sun Valley & Tujunga) PUMA",SPA 2,DISTRICT 5,3090521.09082031,9750.92981545127
6,06037101300,1550,1193,47,357,29,76,4.9,Los Angeles - Tujunga,Los Angeles,03708,"Los Angeles County (North)--LA City (Northeast/Sunland, Sun Valley & Tujunga) PUMA",SPA 2,DISTRICT 5,27694584.7246094,28700.6633699132
7,06037101400,1432,1088,71,344,16,87,6.1,Los Angeles - Tujunga,Los Angeles,03708,"Los Angeles County (North)--LA City (Northeast/Sunland, Sun Valley & Tujunga) PUMA",SPA 2,DISTRICT 5,67867151.7705078,41887.0968410677
8,06037102103,764,369,11,395,39,50,6.5,Los Angeles - Sun Valley,Los Angeles,03708,"Los Angeles County (North)--LA City (Northeast/Sunland, Sun Valley & Tujunga) PUMA",SPA 2,DISTRICT 5,12772945.0117188,16195.8235131371
9,06037102104,1311,919,0,392,46,46,3.5,Los Angeles - Sun Valley,Los Angeles,03708,"Los Angeles County (North)--LA City (Northeast/Sunland, Sun Valley & Tujunga) PUMA",SPA 2,DISTRICT 5,17880280.5722656,27239.8899933683
10,06037102105,519,319,26,200,0,26,5,Los Angeles - Sun Valley,Los Angeles,03708,"Los Angeles County (North)--LA City (Northeast/Sunland, Sun Valley & Tujunga) PUMA",SPA 2,DISTRICT 5,5256991.99511719,9952.58277600372
11,06037102107,1174,922,14,252,0,14,1.2,Los Angeles - Sunland,Los Angeles,03708,"Los Angeles County (North)--LA City (Northeast/Sunland, Sun Valley & Tujunga) PUMA",SPA 2,DISTRICT 5,139120397.639648,63442.3939800822
12,06037103101,968,835,10,133,0,10,1,Los Angeles - Sunland,Los Angeles,03708,"Los Angeles County (North)--LA City (Northeast/Sunland, Sun Valley & Tujunga) PUMA",SPA 2,DISTRICT 5,21293437.4472656,24135.5227654287
13,06037103102,1659,1121,34,538,0,34,2,Los Angeles - Sunland,Los Angeles,03708,"Los Angeles County (North)--LA City (Northeast/Sunland, Sun Valley & Tujunga) PUMA",SPA 2,DISTRICT 5,13323844.5605469,16273.2219034634
14,06037103201,1615,540,26,1075,221,247,15.3,Los Angeles - Sunland,Los Angeles,03708,"Los Angeles County (North)--LA City (Northeast/Sunland, Sun Valley & Tujunga) PUMA",SPA 2,DISTRICT 5,21040364.2587891,18173.2071873948
15,06037103202,679,621,27,58,0,27,4,Los Angeles - Lakeview Terrace,Los Angeles,03708,"Los Angeles County (North)--LA City (Northeast/Sunland, Sun Valley & Tujunga) PUMA",SPA 2,DISTRICT 5,51131357.7919922,44503.3763215946
16,06037103300,1308,1082,20,226,0,20,1.5,Los Angeles - Shadow Hills,Los Angeles,03708,"Los Angeles County (North)--LA City (Northeast/Sunland, Sun Valley & Tujunga) PUMA",SPA 2,DISTRICT 5,65851571.1972656,36775.3704379364
17,06037103401,986,715,35,271,0,35,3.5,Los Angeles - Sunland,Los Angeles,03708,"Los Angeles County (North)--LA City (Northeast/Sunland, Sun Valley & Tujunga) PUMA",SPA 2,DISTRICT 5,15045265.5449219,20208.4361481133
18,06037103402,1375,906,0,469,87,87,6.3,Los Angeles - Sunland,Los Angeles,03708,"Los Angeles County (North)--LA City (Northeast/Sunland, Sun Valley & Tujunga) PUMA",SPA 2,DISTRICT 5,11987322.9199219,14259.8269500074
19,06037104103,843,687,84,156,18,102,12.1,Los Angeles - Lakeview Terrace,Los Angeles,03707,Los Angeles County--LA (North Central/Arleta & Pacoima) & San Fernando Cities PUMA,SPA 2,DISTRICT 5,10007482.3203125,12992.0317142378
20,06037104105,1686,836,157,850,40,197,11.7,Los Angeles - Pacoima,Los Angeles,03707,Los Angeles County--LA (North Central/Arleta & Pacoima) & San Fernando Cities PUMA,SPA 2,DISTRICT 3,6295464.27636719,11639.7029589178
21,06037104108,1343,502,85,841,211,296,22,Los Angeles - Pacoima,Los Angeles,03707,Los Angeles County--LA (North Central/Arleta & Pacoima) & San Fernando Cities PUMA,SPA 2,DISTRICT 3,11664240.0351562,18502.8281438228
22,06037104124,1338,1100,70,238,18,88,6.6,Unincorporated - Kagel/Lopez Canyons,Unincorporated,03707,Los Angeles County--LA (North Central/Arleta & Pacoima) & San Fernando Cities PUMA,SPA 2,DISTRICT 5,48125366.7792969,37488.7278321924
23,06037104201,854,607,127,247,72,199,23.3,Los Angeles - Pacoima,Los Angeles,03707,Los Angeles County--LA (North Central/Arleta & Pacoima) & San Fernando Cities PUMA,SPA 2,DISTRICT 3,11778987.1425781,14691.8943117995
24,06037104203,1082,595,105,487,112,217,20.1,Los Angeles - Pacoima,Los Angeles,03707,Los Angeles County--LA (North Central/Arleta & Pacoima) & San Fernando Cities PUMA,SPA 2,DISTRICT 3,7619753.52832031,11052.5220890744
25,06037104204,735,513,84,222,12,96,13.1,Los Angeles - Lakeview Terrace,Los Angeles,03707,Los Angeles County--LA (North Central/Arleta & Pacoima) & San Fernando Cities PUMA,SPA 2,DISTRICT 5,28696042.5791016,29782.1223036664
26,06037104310,913,704,186,209,54,240,26.3,Los Angeles - Pacoima,Los Angeles,03707,Los Angeles County--LA (North Central/Arleta & Pacoima) & San Fernando Cities PUMA,SPA 2,DISTRICT 3,16008667.7011719,19026.2045830634
27,06037104321,761,375,96,386,32,128,16.8,Los Angeles - Pacoima,Los Angeles,03707,Los Angeles County--LA (North Central/Arleta & Pacoima) & San Fernando Cities PUMA,SPA 2,DISTRICT 3,5595369.99316406,10641.7037656064
28,06037104322,408,308,50,100,32,82,20.1,Los Angeles - Pacoima,Los Angeles,03707,Los Angeles County--LA (North Central/Arleta & Pacoima) & San Fernando Cities PUMA,SPA 2,DISTRICT 3,7498673.16796875,14606.3830729043
29,06037104401,632,329,80,303,69,149,23.6,Los Angeles - Pacoima,Los Angeles,03707,Los Angeles County--LA (North Central/Arleta & Pacoima) & San Fernando Cities PUMA,SPA 2,DISTRICT 3,7474266.03222656,12419.6463646083
30,06037104403,530,322,65,208,111,176,33.2,Los Angeles - Pacoima,Los Angeles,03707,Los Angeles County--LA (North Central/Arleta & Pacoima) & San Fernando Cities PUMA,SPA 2,DISTRICT 3,7398381.11035156,16067.7327598341
31,06037104404,740,323,124,417,123,247,33.4,Los Angeles - Pacoima,Los Angeles,03707,Los Angeles County--LA (North Central/Arleta & Pacoima) & San Fernando Cities PUMA,SPA 2,DISTRICT 3,5808073.97460938,10935.7144879324
32,06037104500,659,472,149,187,81,230,34.9,Los Angeles - Pacoima,Los Angeles,03707,Los Angeles County--LA (North Central/Arleta & Pacoima) & San Fernando Cities PUMA,SPA 2,DISTRICT 3,5715315.87597656,11300.6490309672
33,06037104610,680,359,76,321,79,155,22.8,Los Angeles - Pacoima,Los Angeles,03707,Los Angeles County--LA (North Central/Arleta & Pacoima) & San Fernando Cities PUMA,SPA 2,DISTRICT 3,6371672.6875,11599.2281556494
34,06037104620,698,479,134,219,83,217,31.1,Los Angeles - Pacoima,Los Angeles,03707,Los Angeles County--LA (North Central/Arleta & Pacoima) & San Fernando Cities PUMA,SPA 2,DISTRICT 3,5716576.27148438,11300.4210822633
35,06037104701,1038,228,30,810,178,208,20,Los Angeles - Pacoima,Los Angeles,03707,Los Angeles County--LA (North Central/Arleta & Pacoima) & San Fernando Cities PUMA,SPA 2,DISTRICT 3,5925366.17773438,11097.7332868355
36,06037104703,633,255,42,378,90,132,20.9,Los Angeles - Pacoima,Los Angeles,03707,Los Angeles County--LA (North Central/Arleta & Pacoima) & San Fernando Cities PUMA,SPA 2,DISTRICT 3,12533399.9833984,15263.7475916111
37,06037104704,1241,827,182,414,178,360,29,Los Angeles - Pacoima,Los Angeles,03707,Los Angeles County--LA (North Central/Arleta & Pacoima) & San Fernando Cities PUMA,SPA 2,DISTRICT 3,17921951.6660156,16919.1894298368
38,06037104821,764,352,53,412,68,121,15.8,Los Angeles - Pacoima,Los Angeles,03707,Los Angeles County--LA (North Central/Arleta & Pacoima) & San Fernando Cities PUMA,SPA 2,DISTRICT 3,5724279.14746094,11302.1953593228
39,06037104822,646,203,35,443,139,174,26.9,Los Angeles - Pacoima,Los Angeles,03707,Los Angeles County--LA (North Central/Arleta & Pacoima) & San Fernando Cities PUMA,SPA 2,DISTRICT 3,6475170.16015625,13768.5817097766
40,06037104823,702,538,213,164,64,277,39.5,Los Angeles - Pacoima,Los Angeles,03707,Los Angeles County--LA (North Central/Arleta & Pacoima) & San Fernando Cities PUMA,SPA 2,DISTRICT 3,5718909.10644531,11300.7637384765
41,06037104824,471,344,34,127,42,76,16.1,Los Angeles - Pacoima,Los Angeles,03707,Los Angeles County--LA (North Central/Arleta & Pacoima) & San Fernando Cities PUMA,SPA 2,DISTRICT 3,6374063.77636719,11599.6474443085
42,06037106010,917,671,74,246,58,132,14.4,Los Angeles - Sylmar,Los Angeles,03706,Los Angeles County (North)--LA City (North Central/Granada Hills & Sylmar) PUMA,SPA 2,DISTRICT 3,27335435.2548828,23881.0537214744
43,06037106020,1315,981,142,334,37,179,13.6,Los Angeles - Sylmar,Los Angeles,03706,Los Angeles County (North)--LA City (North Central/Granada Hills & Sylmar) PUMA,SPA 2,DISTRICT 3,21441396.8525391,22165.1361007818
44,06037106111,1419,1319,115,100,0,115,8.1,Los Angeles - Sylmar,Los Angeles,03707,Los Angeles County--LA (North Central/Arleta & Pacoima) & San Fernando Cities PUMA,SPA 2,DISTRICT 3,29889385.3330078,27383.0293958437
45,06037106112,1500,1265,113,235,5,118,7.9,Los Angeles - Sylmar,Los Angeles,03707,Los Angeles County--LA (North Central/Arleta & Pacoima) & San Fernando Cities PUMA,SPA 2,DISTRICT 3,34678350.7324219,48948.5807648122
46,06037106113,1047,956,123,91,0,123,11.7,Los Angeles - Sylmar,Los Angeles,03706,Los Angeles County (North)--LA City (North Central/Granada Hills & Sylmar) PUMA,SPA 2,DISTRICT 3,15679095.8310547,19767.5483013146
47,06037106114,1818,995,34,823,207,241,13.3,Los Angeles - Sylmar,Los Angeles,03706,Los Angeles County (North)--LA City (North Central/Granada Hills & Sylmar) PUMA,SPA 2,DISTRICT 3,10988103.2226562,17058.2461181171
48,06037106403,855,678,67,177,25,92,10.8,Los Angeles - Sylmar,Los Angeles,03706,Los Angeles County (North)--LA City (North Central/Granada Hills & Sylmar) PUMA,SPA 2,DISTRICT 3,11902774.1259766,14300.0311899549
49,06037106405,1181,767,9,414,45,54,4.6,Los Angeles - Sylmar,Los Angeles,03706,Los Angeles County (North)--LA City (North Central/Granada Hills & Sylmar) PUMA,SPA 2,DISTRICT 3,12580822.6542969,14491.0442639252
50,06037106406,1922,1555,136,367,65,201,10.5,Los Angeles - Sylmar,Los Angeles,03706,Los Angeles County (North)--LA City (North Central/Granada Hills & Sylmar) PUMA,SPA 2,DISTRICT 3,21572414.515625,20945.5494112616
51,06037106407,813,142,19,671,72,91,11.2,Los Angeles - Sylmar,Los Angeles,03706,Los Angeles County (North)--LA City (North Central/Granada Hills & Sylmar) PUMA,SPA 2,DISTRICT 3,2497837.11328125,6355.49121228877
52,06037106408,1039,190,17,849,290,307,29.5,Los Angeles - Sylmar,Los Angeles,03706,Los Angeles County (North)--LA City (North Central/Granada Hills & Sylmar) PUMA,SPA 2,DISTRICT 3,2465520.41503906,6295.50830580243
53,06037106510,1585,1293,176,292,90,266,16.8,Los Angeles - Sylmar,Los Angeles,03706,Los Angeles County (North)--LA City (North Central/Granada Hills & Sylmar) PUMA,SPA 2,DISTRICT 3,62138941.3349609,36810.4126064443
54,06037106520,1357,880,133,477,51,184,13.6,Los Angeles - Sylmar,Los Angeles,03706,Los Angeles County (North)--LA City (North Central/Granada Hills & Sylmar) PUMA,SPA 2,DISTRICT 3,23742781.4550781,19779.1852710848
55,06037106603,1207,1096,0,111,0,0,0,Los Angeles - Granada Hills,Los Angeles,03706,Los Angeles County (North)--LA City (North Central/Granada Hills & Sylmar) PUMA,SPA 2,DISTRICT 3,111008180.958008,48127.3171095372
56,06037106604,1304,469,53,835,327,380,29.1,Los Angeles - Sylmar,Los Angeles,03706,Los Angeles County (North)--LA City (North Central/Granada Hills & Sylmar) PUMA,SPA 2,DISTRICT 3,28109103.7509766,26134.1749822859
57,06037106641,737,639,33,98,0,33,4.5,Los Angeles - Granada Hills,Los Angeles,03706,Los Angeles County (North)--LA City (North Central/Granada Hills & Sylmar) PUMA,SPA 2,DISTRICT 3,12439794.5087891,18205.3368103309
58,06037106642,1196,1063,21,133,0,21,1.8,Los Angeles - Granada Hills,Los Angeles,03706,Los Angeles County (North)--LA City (North Central/Granada Hills & Sylmar) PUMA,SPA 2,DISTRICT 3,16895029.7158203,19815.4142371707
59,06037106643,1300,1257,0,43,0,0,0,Los Angeles - Granada Hills,Los Angeles,03706,Los Angeles County (North)--LA City (North Central/Granada Hills & Sylmar) PUMA,SPA 2,DISTRICT 3,46860541.0712891,31724.7280533482
60,06037106645,1238,1069,7,169,12,19,1.5,Los Angeles - Granada Hills,Los Angeles,03706,Los Angeles County (North)--LA City (North Central/Granada Hills & Sylmar) PUMA,SPA 2,DISTRICT 3,26946690.4589844,29643.9941280857
61,06037106646,1023,863,51,160,0,51,5,Los Angeles - Granada Hills,Los Angeles,03706,Los Angeles County (North)--LA City (North Central/Granada Hills & Sylmar) PUMA,SPA 2,DISTRICT 3,16141385.0087891,23002.4776667498
62,06037106648,1172,531,48,641,108,156,13.3,Los Angeles - Sylmar,Los Angeles,03706,Los Angeles County (North)--LA City (North Central/Granada Hills & Sylmar) PUMA,SPA 2,DISTRICT 3,8770049.70019531,12817.021349514
63,06037106649,641,538,86,103,0,86,13.4,Los Angeles - Sylmar,Los Angeles,03706,Los Angeles County (North)--LA City (North Central/Granada Hills & Sylmar) PUMA,SPA 2,DISTRICT 3,11900115.5292969,19875.8568024737
64,06037107010,764,525,63,239,93,156,20.4,Los Angeles - Sylmar,Los Angeles,03706,Los Angeles County (North)--LA City (North Central/Granada Hills & Sylmar) PUMA,SPA 2,DISTRICT 3,7378649.81640625,12969.8869511547
65,06037107020,1251,831,132,420,177,309,24.7,Los Angeles - Sylmar,Los Angeles,03706,Los Angeles County (North)--LA City (North Central/Granada Hills & Sylmar) PUMA,SPA 2,DISTRICT 3,10674903.0869141,14598.5880318879
66,06037108101,757,698,7,59,0,7,0.9,Los Angeles - Porter Ranch,Los Angeles,03705,Los Angeles County (North)--LA City (Northwest/Chatsworth & Porter Ranch) PUMA,SPA 2,DISTRICT 3,12267654.6669922,14439.4415884535
67,06037108102,1223,1086,61,137,0,61,5,Los Angeles - Porter Ranch,Los Angeles,03705,Los Angeles County (North)--LA City (Northwest/Chatsworth & Porter Ranch) PUMA,SPA 2,DISTRICT 3,23202649.7695312,18381.680767819
68,06037108103,1010,855,10,155,0,10,1,Los Angeles - Porter Ranch,Los Angeles,03705,Los Angeles County (North)--LA City (Northwest/Chatsworth & Porter Ranch) PUMA,SPA 2,DISTRICT 3,27809331.7080078,35492.9380021642
69,06037108104,555,506,26,49,0,26,4.7,Los Angeles - Porter Ranch,Los Angeles,03705,Los Angeles County (North)--LA City (Northwest/Chatsworth & Porter Ranch) PUMA,SPA 2,DISTRICT 3,8864132.20410156,14320.759910781
70,06037108202,3900,2748,20,1152,42,62,1.6,Los Angeles - Porter Ranch,Los Angeles,03705,Los Angeles County (North)--LA City (Northwest/Chatsworth & Porter Ranch) PUMA,SPA 2,DISTRICT 3,64331059.9355469,35630.4484131098
71,06037108203,1174,897,0,277,0,0,0,Los Angeles - Porter Ranch,Los Angeles,03705,Los Angeles County (North)--LA City (Northwest/Chatsworth & Porter Ranch) PUMA,SPA 2,DISTRICT 3,14333603.6425781,16253.2779201448
72,06037108204,659,603,0,56,0,0,0,Los Angeles - Porter Ranch,Los Angeles,03705,Los Angeles County (North)--LA City (Northwest/Chatsworth & Porter Ranch) PUMA,SPA 2,DISTRICT 3,15890154.6865234,21806.2463935504
73,06037109100,928,626,23,302,62,85,9.2,Los Angeles - Mission Hills,Los Angeles,03706,Los Angeles County (North)--LA City (North Central/Granada Hills & Sylmar) PUMA,SPA 2,DISTRICT 3,29201787.2617188,26280.0700295769
74,06037109200,1128,979,35,149,0,35,3.1,Los Angeles - Granada Hills,Los Angeles,03706,Los Angeles County (North)--LA City (North Central/Granada Hills & Sylmar) PUMA,SPA 2,DISTRICT 3,10956307.3085938,15922.3426134245
75,06037109300,973,850,28,123,0,28,2.9,Los Angeles - Granada Hills,Los Angeles,03706,Los Angeles County (North)--LA City (North Central/Granada Hills & Sylmar) PUMA,SPA 2,DISTRICT 3,13116623.8115234,17334.5112194589
76,06037109400,1074,763,92,311,10,102,9.5,Los Angeles - Mission Hills,Los Angeles,03723,Los Angeles County (North)--LA City (North Central/Mission Hills & Panorama City) PUMA,SPA 2,DISTRICT 3,13685638.3378906,17525.9234076806
77,06037109500,983,756,84,227,97,181,18.4,Los Angeles - Mission Hills,Los Angeles,03707,Los Angeles County--LA (North Central/Arleta & Pacoima) & San Fernando Cities PUMA,SPA 2,DISTRICT 3,12907393.0839844,20454.3601005284
78,06037109601,1329,1091,136,238,0,136,10.2,Los Angeles - Mission Hills,Los Angeles,03723,Los Angeles County (North)--LA City (North Central/Mission Hills & Panorama City) PUMA,SPA 2,DISTRICT 3,24327551.6494141,20047.8749303128
79,06037109603,1290,667,99,623,98,197,15.3,Los Angeles - Mission Hills,Los Angeles,03723,Los Angeles County (North)--LA City (North Central/Mission Hills & Panorama City) PUMA,SPA 2,DISTRICT 3,10751153.6591797,13424.2771919545
80,06037109604,915,694,55,221,6,61,6.7,Los Angeles - Mission Hills,Los Angeles,03723,Los Angeles County (North)--LA City (North Central/Mission Hills & Panorama City) PUMA,SPA 2,DISTRICT 3,12653711.5634766,14351.5964213618
81,06037109700,1315,982,37,333,52,89,6.8,Los Angeles - Granada Hills,Los Angeles,03706,Los Angeles County (North)--LA City (North Central/Granada Hills & Sylmar) PUMA,SPA 2,DISTRICT 3,17187339.8955078,17925.4029067375
82,06037109800,1491,1133,62,358,14,76,5.1,Los Angeles - North Hills,Los Angeles,03706,Los Angeles County (North)--LA City (North Central/Granada Hills & Sylmar) PUMA,SPA 2,DISTRICT 3,15020595.8193359,16573.9794295539
83,06037111100,931,604,56,327,20,76,8.2,Los Angeles - Granada Hills,Los Angeles,03706,Los Angeles County (North)--LA City (North Central/Granada Hills & Sylmar) PUMA,SPA 2,DISTRICT 3,11389472.7285156,13559.3830331673
84,06037111201,1034,933,13,101,0,13,1.3,Los Angeles - Granada Hills,Los Angeles,03706,Los Angeles County (North)--LA City (North Central/Granada Hills & Sylmar) PUMA,SPA 2,DISTRICT 3,20442829.7197266,25153.9977631932
85,06037111202,1970,1202,43,768,40,83,4.2,Los Angeles - Granada Hills,Los Angeles,03706,Los Angeles County (North)--LA City (North Central/Granada Hills & Sylmar) PUMA,SPA 2,DISTRICT 3,20046496.0556641,20742.5335064714
86,06037111204,1878,1561,45,317,0,45,2.4,Los Angeles - Porter Ranch,Los Angeles,03705,Los Angeles County (North)--LA City (Northwest/Chatsworth & Porter Ranch) PUMA,SPA 2,DISTRICT 3,35796901.7734375,25671.7882936503
87,06037111205,1371,799,0,572,51,51,3.7,Los Angeles - Northridge,Los Angeles,03705,Los Angeles County (North)--LA City (Northwest/Chatsworth & Porter Ranch) PUMA,SPA 2,DISTRICT 3,12511001.4990234,14704.3549570208
88,06037111206,1375,1264,0,111,0,0,0,Los Angeles - Porter Ranch,Los Angeles,03705,Los Angeles County (North)--LA City (Northwest/Chatsworth & Porter Ranch) PUMA,SPA 2,DISTRICT 3,28276295.2832031,24004.0231356708
89,06037111302,1737,885,20,852,150,170,9.8,Los Angeles - Northridge,Los Angeles,03706,Los Angeles County (North)--LA City (North Central/Granada Hills & Sylmar) PUMA,SPA 2,DISTRICT 3,16688534.7294922,17841.3389181736
90,06037111303,1457,985,0,472,38,38,2.6,Los Angeles - Granada Hills,Los Angeles,03706,Los Angeles County (North)--LA City (North Central/Granada Hills & Sylmar) PUMA,SPA 2,DISTRICT 3,16839830.2421875,18128.3927085387
91,06037111304,1361,131,11,1230,205,216,15.9,Los Angeles - Granada Hills,Los Angeles,03706,Los Angeles County (North)--LA City (North Central/Granada Hills & Sylmar) PUMA,SPA 2,DISTRICT 3,4698372.0390625,8760.4845318231
92,06037111401,696,391,12,305,44,56,8,Los Angeles - North Hills,Los Angeles,03706,Los Angeles County (North)--LA City (North Central/Granada Hills & Sylmar) PUMA,SPA 2,DISTRICT 3,9089169.44921875,12350.6950422485
93,06037111402,2147,534,8,1613,387,395,18.4,Los Angeles - Granada Hills,Los Angeles,03706,Los Angeles County (North)--LA City (North Central/Granada Hills & Sylmar) PUMA,SPA 2,DISTRICT 3,10445363.3701172,13232.4879114758
94,06037113101,1189,1108,21,81,0,21,1.8,Los Angeles - Chatsworth,Los Angeles,03705,Los Angeles County (North)--LA City (Northwest/Chatsworth & Porter Ranch) PUMA,SPA 2,DISTRICT 3,24556124.6083984,21357.1861751558
95,06037113102,1048,1019,0,29,0,0,0,Los Angeles - Chatsworth,Los Angeles,03705,Los Angeles County (North)--LA City (Northwest/Chatsworth & Porter Ranch) PUMA,SPA 2,DISTRICT 3,39188229.2265625,24707.099419555
96,06037113211,1619,1217,19,402,28,47,2.9,Los Angeles - Chatsworth,Los Angeles,03705,Los Angeles County (North)--LA City (Northwest/Chatsworth & Porter Ranch) PUMA,SPA 2,DISTRICT 3,78384780.6894531,37661.0605677034
97,06037113212,969,663,27,306,35,62,6.4,Los Angeles - Chatsworth,Los Angeles,03705,Los Angeles County (North)--LA City (Northwest/Chatsworth & Porter Ranch) PUMA,SPA 2,DISTRICT 3,10616024.25,14122.7447932125
98,06037113213,1742,1050,37,692,96,133,7.6,Los Angeles - Chatsworth,Los Angeles,03705,Los Angeles County (North)--LA City (Northwest/Chatsworth & Porter Ranch) PUMA,SPA 2,DISTRICT 3,13967317.2978516,16838.9211905789
99,06037113231,873,718,0,155,0,0,0,Unincorporated - West Chatsworth,Unincorporated,03705,Los Angeles County (North)--LA City (Northwest/Chatsworth & Porter Ranch) PUMA,SPA 2,DISTRICT 3,44795170.7626953,42106.1556626333
100,06037113232,1557,1333,0,224,20,20,1.3,Los Angeles - West Hills,Los Angeles,03705,Los Angeles County (North)--LA City (Northwest/Chatsworth & Porter Ranch) PUMA,SPA 2,DISTRICT 3,22026125.7285156,23299.4531222024
101,06037113234,1654,774,21,880,320,341,20.6,Los Angeles - Canoga Park,Los Angeles,03705,Los Angeles County (North)--LA City (Northwest/Chatsworth & Porter Ranch) PUMA,SPA 2,DISTRICT 3,10966588.0917969,16773.9037022962
102,06037113235,688,512,17,176,19,36,5.2,Unincorporated - Lake Manor,Unincorporated,03705,Los Angeles County (North)--LA City (Northwest/Chatsworth & Porter Ranch) PUMA,SPA 2,DISTRICT 3,15416590.2011719,28491.2379622766
103,06037113237,1568,1161,30,407,31,61,3.9,Los Angeles - Chatsworth,Los Angeles,03705,Los Angeles County (North)--LA City (Northwest/Chatsworth & Porter Ranch) PUMA,SPA 2,DISTRICT 3,51197850.4326172,36157.5873283682
104,06037113238,1435,341,4,1094,149,153,10.7,Los Angeles - Canoga Park,Los Angeles,03705,Los Angeles County (North)--LA City (Northwest/Chatsworth & Porter Ranch) PUMA,SPA 2,DISTRICT 3,7593936.10546875,10850.3844444081
105,06037113239,867,128,0,739,63,63,7.3,Los Angeles - Canoga Park,Los Angeles,03705,Los Angeles County (North)--LA City (Northwest/Chatsworth & Porter Ranch) PUMA,SPA 2,DISTRICT 3,4738073.19238281,9738.96634436178
106,06037113301,1699,752,4,947,60,64,3.8,Los Angeles - Northridge,Los Angeles,03705,Los Angeles County (North)--LA City (Northwest/Chatsworth & Porter Ranch) PUMA,SPA 2,DISTRICT 3,24237311.3603516,22493.9056675915
107,06037113303,1421,1104,13,317,22,35,2.5,Los Angeles - Chatsworth,Los Angeles,03705,Los Angeles County (North)--LA City (Northwest/Chatsworth & Porter Ranch) PUMA,SPA 2,DISTRICT 3,44020790.6503906,30964.7249868505
108,06037113322,1537,1176,0,361,8,8,0.5,Los Angeles - Chatsworth,Los Angeles,03705,Los Angeles County (North)--LA City (Northwest/Chatsworth & Porter Ranch) PUMA,SPA 2,DISTRICT 3,19184434.0390625,20113.5120596385
109,06037113323,1462,580,9,882,214,223,15.3,Los Angeles - Chatsworth,Los Angeles,03705,Los Angeles County (North)--LA City (Northwest/Chatsworth & Porter Ranch) PUMA,SPA 2,DISTRICT 3,7772528.09179688,11011.5240862274
110,06037113324,1008,78,0,930,321,321,31.8,Los Angeles - Chatsworth,Los Angeles,03705,Los Angeles County (North)--LA City (Northwest/Chatsworth & Porter Ranch) PUMA,SPA 2,DISTRICT 3,3492135.78222656,7928.51601966507
111,06037113423,877,620,7,257,25,32,3.6,Los Angeles - Winnetka,Los Angeles,03705,Los Angeles County (North)--LA City (Northwest/Chatsworth & Porter Ranch) PUMA,SPA 2,DISTRICT 3,7649737.21484375,11075.0997601697
112,06037113424,1127,693,16,434,23,39,3.5,Los Angeles - Northridge,Los Angeles,03705,Los Angeles County (North)--LA City (Northwest/Chatsworth & Porter Ranch) PUMA,SPA 2,DISTRICT 3,18739520.9316406,20657.6364379298
113,06037113425,1346,36,0,1310,224,224,16.6,Los Angeles - Canoga Park,Los Angeles,03705,Los Angeles County (North)--LA City (Northwest/Chatsworth & Porter Ranch) PUMA,SPA 2,DISTRICT 3,3667038.51660156,7971.41807084949
114,06037113426,737,356,28,381,37,65,8.8,Los Angeles - Winnetka,Los Angeles,03705,Los Angeles County (North)--LA City (Northwest/Chatsworth & Porter Ranch) PUMA,SPA 2,DISTRICT 3,20184448.8583984,21371.7626864773
115,06037113427,893,217,0,676,123,123,13.8,Los Angeles - Winnetka,Los Angeles,03705,Los Angeles County (North)--LA City (Northwest/Chatsworth & Porter Ranch) PUMA,SPA 2,DISTRICT 3,2806204.73242188,9023.96737304985
116,06037113428,1091,913,69,178,37,106,9.7,Los Angeles - Winnetka,Los Angeles,03705,Los Angeles County (North)--LA City (Northwest/Chatsworth & Porter Ranch) PUMA,SPA 2,DISTRICT 3,13673392.3808594,15162.1789228902
117,06037115101,1884,1630,10,254,11,21,1.1,Los Angeles - Northridge,Los Angeles,03705,Los Angeles County (North)--LA City (Northwest/Chatsworth & Porter Ranch) PUMA,SPA 2,DISTRICT 3,41811974.8076172,26388.3210594676
118,06037115103,47,0,0,47,17,17,36.2,Los Angeles - Northridge,Los Angeles,03705,Los Angeles County (North)--LA City (Northwest/Chatsworth & Porter Ranch) PUMA,SPA 2,DISTRICT 3,16388673.2832031,22250.2720073081
119,06037115104,1941,526,0,1415,260,260,13.4,Los Angeles - Northridge,Los Angeles,03705,Los Angeles County (North)--LA City (Northwest/Chatsworth & Porter Ranch) PUMA,SPA 2,DISTRICT 3,10927711.4423828,20288.2933892329
120,06037115202,2151,698,26,1453,62,88,4.1,Los Angeles - Northridge,Los Angeles,03705,Los Angeles County (North)--LA City (Northwest/Chatsworth & Porter Ranch) PUMA,SPA 2,DISTRICT 3,18737568.4765625,18731.272851408
121,06037115203,1008,256,0,752,59,59,5.9,Los Angeles - Northridge,Los Angeles,03705,Los Angeles County (North)--LA City (Northwest/Chatsworth & Porter Ranch) PUMA,SPA 2,DISTRICT 3,6509957.47167969,13182.0756755097
122,06037115204,1711,574,73,1137,83,156,9.1,Los Angeles - Northridge,Los Angeles,03705,Los Angeles County (North)--LA City (Northwest/Chatsworth & Porter Ranch) PUMA,SPA 2,DISTRICT 3,8315363.87792969,12879.0923868426
123,06037115301,1662,908,14,754,229,243,14.6,Los Angeles - Northridge,Los Angeles,03705,Los Angeles County (North)--LA City (Northwest/Chatsworth & Porter Ranch) PUMA,SPA 2,DISTRICT 3,17666188.796875,21836.0799254879
124,06037115302,1028,354,10,674,138,148,14.4,Los Angeles - Northridge,Los Angeles,03705,Los Angeles County (North)--LA City (Northwest/Chatsworth & Porter Ranch) PUMA,SPA 2,DISTRICT 3,9022156.51953125,12561.1443637516
125,06037115401,2011,668,77,1343,292,369,18.3,Los Angeles - Northridge,Los Angeles,03705,Los Angeles County (North)--LA City (Northwest/Chatsworth & Porter Ranch) PUMA,SPA 2,DISTRICT 3,20506768.5537109,20433.0894913783
126,06037115403,1114,269,4,845,213,217,19.5,Los Angeles - Northridge,Los Angeles,03705,Los Angeles County (North)--LA City (Northwest/Chatsworth & Porter Ranch) PUMA,SPA 2,DISTRICT 3,7553334.30761719,11099.6477959575
127,06037115404,860,336,3,524,71,74,8.6,Los Angeles - Northridge,Los Angeles,03705,Los Angeles County (North)--LA City (Northwest/Chatsworth & Porter Ranch) PUMA,SPA 2,DISTRICT 3,10269121.6796875,13011.3430654946
128,06037117101,1476,968,86,508,251,337,22.8,Los Angeles - North Hills,Los Angeles,03723,Los Angeles County (North)--LA City (North Central/Mission Hills & Panorama City) PUMA,SPA 2,DISTRICT 3,8417751.17285156,11698.7469295094
129,06037117102,822,635,29,187,18,47,5.7,Los Angeles - North Hills,Los Angeles,03723,Los Angeles County (North)--LA City (North Central/Mission Hills & Panorama City) PUMA,SPA 2,DISTRICT 3,11085553.7001953,13712.378307731
130,06037117201,1227,329,41,898,191,232,18.9,Los Angeles - North Hills,Los Angeles,03723,Los Angeles County (North)--LA City (North Central/Mission Hills & Panorama City) PUMA,SPA 2,DISTRICT 3,8548153.8671875,13679.0567887427
131,06037117202,953,607,37,346,0,37,3.9,Los Angeles - North Hills,Los Angeles,03723,Los Angeles County (North)--LA City (North Central/Mission Hills & Panorama City) PUMA,SPA 2,DISTRICT 3,19495220.4199219,18086.0824690407
132,06037117301,1172,864,10,308,0,10,0.9,Los Angeles - North Hills,Los Angeles,03723,Los Angeles County (North)--LA City (North Central/Mission Hills & Panorama City) PUMA,SPA 2,DISTRICT 3,14300253.1035156,16164.6863112897
133,06037117302,1560,1127,39,433,93,132,8.5,Los Angeles - Northridge,Los Angeles,03705,Los Angeles County (North)--LA City (Northwest/Chatsworth & Porter Ranch) PUMA,SPA 2,DISTRICT 3,22083272.0927734,26162.9885258124
134,06037117303,1195,1039,45,156,0,45,3.8,Los Angeles - North Hills,Los Angeles,03705,Los Angeles County (North)--LA City (Northwest/Chatsworth & Porter Ranch) PUMA,SPA 2,DISTRICT 3,19442378.6972656,18092.4423516779
135,06037117404,1408,1074,48,334,102,150,10.7,Los Angeles - North Hills,Los Angeles,03723,Los Angeles County (North)--LA City (North Central/Mission Hills & Panorama City) PUMA,SPA 2,DISTRICT 3,19003927.4619141,17700.5996769478
136,06037117405,854,62,0,792,247,247,28.9,Los Angeles - North Hills,Los Angeles,03723,Los Angeles County (North)--LA City (North Central/Mission Hills & Panorama City) PUMA,SPA 2,DISTRICT 3,2175606.453125,5942.64645175194
137,06037117407,1005,0,0,1005,415,415,41.3,Los Angeles - North Hills,Los Angeles,03723,Los Angeles County (North)--LA City (North Central/Mission Hills & Panorama City) PUMA,SPA 2,DISTRICT 3,2148918.33203125,5890.45882450691
138,06037117408,719,151,23,568,256,279,38.8,Los Angeles - North Hills,Los Angeles,03723,Los Angeles County (North)--LA City (North Central/Mission Hills & Panorama City) PUMA,SPA 2,DISTRICT 3,4052379.84082031,8246.88990452511
139,06037117510,1120,128,13,992,244,257,22.9,Los Angeles - North Hills,Los Angeles,03723,Los Angeles County (North)--LA City (North Central/Mission Hills & Panorama City) PUMA,SPA 2,DISTRICT 3,3630245.44042969,8174.71971840356
140,06037117520,974,57,8,917,383,391,40.1,Los Angeles - North Hills,Los Angeles,03723,Los Angeles County (North)--LA City (North Central/Mission Hills & Panorama City) PUMA,SPA 2,DISTRICT 3,3460490.76464844,7761.70771541088
141,06037117530,1721,242,37,1479,463,500,29.1,Los Angeles - North Hills,Los Angeles,03723,Los Angeles County (North)--LA City (North Central/Mission Hills & Panorama City) PUMA,SPA 2,DISTRICT 3,6033853.83300781,9945.43007550505
142,06037119001,1017,869,99,148,29,128,12.6,Los Angeles - Arleta,Los Angeles,03723,Los Angeles County (North)--LA City (North Central/Mission Hills & Panorama City) PUMA,SPA 2,DISTRICT 3,11577219.5908203,13962.0821251701
143,06037119003,821,625,183,196,46,229,27.9,Los Angeles - Arleta,Los Angeles,03707,Los Angeles County--LA (North Central/Arleta & Pacoima) & San Fernando Cities PUMA,SPA 2,DISTRICT 3,9152014.46386719,12876.9831021162
144,06037119004,639,510,64,129,68,132,20.7,Los Angeles - Arleta,Los Angeles,03707,Los Angeles County--LA (North Central/Arleta & Pacoima) & San Fernando Cities PUMA,SPA 2,DISTRICT 3,9171640.58203125,12937.9666294935
145,06037119201,855,731,195,124,36,231,27,Los Angeles - Arleta,Los Angeles,03707,Los Angeles County--LA (North Central/Arleta & Pacoima) & San Fernando Cities PUMA,SPA 2,DISTRICT 3,10255201.3251953,12946.5137803278
146,06037119202,1132,730,182,402,182,364,32.2,Los Angeles - Arleta,Los Angeles,03707,Los Angeles County--LA (North Central/Arleta & Pacoima) & San Fernando Cities PUMA,SPA 2,DISTRICT 3,10447375.75,16853.7480423588
147,06037119310,1249,673,59,576,54,113,9,Los Angeles - Panorama City,Los Angeles,03723,Los Angeles County (North)--LA City (North Central/Mission Hills & Panorama City) PUMA,SPA 2,DISTRICT 3,4722434.7421875,10015.221001794
148,06037119320,1273,404,41,869,157,198,15.6,Los Angeles - Panorama City,Los Angeles,03723,Los Angeles County (North)--LA City (North Central/Mission Hills & Panorama City) PUMA,SPA 2,DISTRICT 3,5316823.93066406,9350.15529133524
149,06037119340,1008,9,0,999,391,391,38.8,Los Angeles - Panorama City,Los Angeles,03723,Los Angeles County (North)--LA City (North Central/Mission Hills & Panorama City) PUMA,SPA 2,DISTRICT 3,1314693.57519531,4632.26273582265
150,06037119341,888,435,15,453,64,79,8.9,Los Angeles - Panorama City,Los Angeles,03723,Los Angeles County (North)--LA City (North Central/Mission Hills & Panorama City) PUMA,SPA 2,DISTRICT 3,3525005.55859375,8359.22207213502
151,06037119342,805,331,23,474,138,161,20,Los Angeles - Panorama City,Los Angeles,03723,Los Angeles County (North)--LA City (North Central/Mission Hills & Panorama City) PUMA,SPA 2,DISTRICT 3,2358135.8515625,6104.92569619751
152,06037119400,1127,907,191,220,18,209,18.5,Los Angeles - Arleta,Los Angeles,03707,Los Angeles County--LA (North Central/Arleta & Pacoima) & San Fernando Cities PUMA,SPA 2,DISTRICT 3,12059337.0712891,14162.5981979189
153,06037119700,1334,1049,108,285,33,141,10.6,Los Angeles - Panorama City,Los Angeles,03723,Los Angeles County (North)--LA City (North Central/Mission Hills & Panorama City) PUMA,SPA 2,DISTRICT 3,14189026.7363281,20293.0532237465
154,06037119801,628,522,121,106,26,147,23.4,Los Angeles - Arleta,Los Angeles,03707,Los Angeles County--LA (North Central/Arleta & Pacoima) & San Fernando Cities PUMA,SPA 2,DISTRICT 3,6592539.01074219,11988.3277725725
155,06037119802,787,569,120,218,52,172,21.9,Los Angeles - Arleta,Los Angeles,03707,Los Angeles County--LA (North Central/Arleta & Pacoima) & San Fernando Cities PUMA,SPA 2,DISTRICT 3,6776136.56445312,12322.1124812739
156,06037119900,1191,887,84,304,39,123,10.3,Los Angeles - Panorama City,Los Angeles,03723,Los Angeles County (North)--LA City (North Central/Mission Hills & Panorama City) PUMA,SPA 2,DISTRICT 3,11327533.734375,14582.8077780002
157,06037120010,752,371,27,381,56,83,11,Los Angeles - Panorama City,Los Angeles,03723,Los Angeles County (North)--LA City (North Central/Mission Hills & Panorama City) PUMA,SPA 2,DISTRICT 3,6102170.25,10220.1187610583
158,06037120020,1284,290,31,994,424,455,35.4,Los Angeles - Panorama City,Los Angeles,03723,Los Angeles County (North)--LA City (North Central/Mission Hills & Panorama City) PUMA,SPA 2,DISTRICT 3,5732409.65136719,12179.8402329624
159,06037120030,704,67,0,637,244,244,34.7,Los Angeles - Panorama City,Los Angeles,03723,Los Angeles County (North)--LA City (North Central/Mission Hills & Panorama City) PUMA,SPA 2,DISTRICT 3,4042017.25292969,8097.69803016003
160,06037120103,822,53,0,769,299,299,36.4,Los Angeles - Panorama City,Los Angeles,03723,Los Angeles County (North)--LA City (North Central/Mission Hills & Panorama City) PUMA,SPA 2,DISTRICT 3,1531752.0234375,5627.77004204738
161,06037120104,815,58,6,757,113,119,14.6,Los Angeles - Panorama City,Los Angeles,03723,Los Angeles County (North)--LA City (North Central/Mission Hills & Panorama City) PUMA,SPA 2,DISTRICT 3,4855857.24804688,10161.9330176781
162,06037120105,896,285,39,611,129,168,18.8,Los Angeles - Panorama City,Los Angeles,03723,Los Angeles County (North)--LA City (North Central/Mission Hills & Panorama City) PUMA,SPA 2,DISTRICT 3,5888863.765625,15689.2562593164
163,06037120106,1309,224,15,1085,344,359,27.4,Los Angeles - Panorama City,Los Angeles,03723,Los Angeles County (North)--LA City (North Central/Mission Hills & Panorama City) PUMA,SPA 2,DISTRICT 3,2207495.97851562,6070.95006154802
164,06037120107,1110,100,41,1010,452,493,44.4,Los Angeles - Panorama City,Los Angeles,03723,Los Angeles County (North)--LA City (North Central/Mission Hills & Panorama City) PUMA,SPA 2,DISTRICT 3,2219485.11328125,6074.72866566977
165,06037120108,1389,530,79,859,222,301,21.7,Los Angeles - Panorama City,Los Angeles,03723,Los Angeles County (North)--LA City (North Central/Mission Hills & Panorama City) PUMA,SPA 2,DISTRICT 3,4153169.52441406,8437.95549880502
166,06037120300,1547,970,140,577,122,262,16.9,Los Angeles - Panorama City,Los Angeles,03723,Los Angeles County (North)--LA City (North Central/Mission Hills & Panorama City) PUMA,SPA 2,DISTRICT 3,18625140.2919922,18461.1790044925
167,06037120400,2149,509,11,1640,364,375,17.4,Los Angeles - Panorama City,Los Angeles,03723,Los Angeles County (North)--LA City (North Central/Mission Hills & Panorama City) PUMA,SPA 2,DISTRICT 3,11342988.8486328,17254.6805264128
168,06037121010,1196,816,171,380,132,303,25.3,Los Angeles - Sun Valley,Los Angeles,03708,"Los Angeles County (North)--LA City (Northeast/Sunland, Sun Valley & Tujunga) PUMA",SPA 2,DISTRICT 3,21942628.3759766,19436.5309044477
169,06037121020,1059,541,5,518,143,148,14,Los Angeles - North Hollywood,Los Angeles,03708,"Los Angeles County (North)--LA City (Northeast/Sunland, Sun Valley & Tujunga) PUMA",SPA 2,DISTRICT 3,8862736.94726562,13123.525472626
170,06037121101,999,412,54,587,132,186,18.6,Los Angeles - Sun Valley,Los Angeles,03708,"Los Angeles County (North)--LA City (Northeast/Sunland, Sun Valley & Tujunga) PUMA",SPA 2,DISTRICT 5,5047979.98730469,10718.4241558688
171,06037121102,773,500,49,273,40,89,11.5,Los Angeles - Sun Valley,Los Angeles,03708,"Los Angeles County (North)--LA City (Northeast/Sunland, Sun Valley & Tujunga) PUMA",SPA 2,DISTRICT 5,81281133.2011719,37511.468892874
172,06037121210,851,519,89,332,109,198,23.3,Los Angeles - Sun Valley,Los Angeles,03708,"Los Angeles County (North)--LA City (Northeast/Sunland, Sun Valley & Tujunga) PUMA",SPA 2,DISTRICT 3,21740952.7871094,18362.8604716677
173,06037121221,527,391,57,136,72,129,24.5,Los Angeles - Sun Valley,Los Angeles,03708,"Los Angeles County (North)--LA City (Northeast/Sunland, Sun Valley & Tujunga) PUMA",SPA 2,DISTRICT 3,5368595.90136719,11031.0896687191
174,06037121222,1262,453,102,809,304,406,32.2,Los Angeles - Sun Valley,Los Angeles,03708,"Los Angeles County (North)--LA City (Northeast/Sunland, Sun Valley & Tujunga) PUMA",SPA 2,DISTRICT 3,14360458.1308594,18205.6424124067
175,06037121600,763,626,31,137,5,36,4.7,Los Angeles - North Hollywood,Los Angeles,03708,"Los Angeles County (North)--LA City (Northeast/Sunland, Sun Valley & Tujunga) PUMA",SPA 2,DISTRICT 3,12226147.6796875,16319.2468105327
176,06037121801,1168,259,34,909,345,379,32.4,Los Angeles - North Hollywood,Los Angeles,03708,"Los Angeles County (North)--LA City (Northeast/Sunland, Sun Valley & Tujunga) PUMA",SPA 2,DISTRICT 3,5227852.14550781,10560.1580543954
177,06037121802,728,484,103,244,36,139,19.1,Los Angeles - North Hollywood,Los Angeles,03708,"Los Angeles County (North)--LA City (Northeast/Sunland, Sun Valley & Tujunga) PUMA",SPA 2,DISTRICT 3,10313251.0322266,14870.6170064053
178,06037121900,987,454,52,533,48,100,10.1,Los Angeles - Sun Valley,Los Angeles,03708,"Los Angeles County (North)--LA City (Northeast/Sunland, Sun Valley & Tujunga) PUMA",SPA 2,DISTRICT 3,18163549.4257812,20085.7463470817
179,06037122000,1558,1059,106,499,43,149,9.6,Los Angeles - North Hollywood,Los Angeles,03708,"Los Angeles County (North)--LA City (Northeast/Sunland, Sun Valley & Tujunga) PUMA",SPA 2,DISTRICT 3,35116110.5029297,30430.8741845915
180,06037122120,1208,610,53,598,94,147,12.2,Los Angeles - Sun Valley,Los Angeles,03708,"Los Angeles County (North)--LA City (Northeast/Sunland, Sun Valley & Tujunga) PUMA",SPA 2,DISTRICT 3,7747438.49609375,13223.6606370729
181,06037122121,791,310,45,481,217,262,33.1,Los Angeles - Sun Valley,Los Angeles,03708,"Los Angeles County (North)--LA City (Northeast/Sunland, Sun Valley & Tujunga) PUMA",SPA 2,DISTRICT 3,4433640.25488281,11865.954323403
182,06037122122,723,71,0,652,154,154,21.3,Los Angeles - Sun Valley,Los Angeles,03708,"Los Angeles County (North)--LA City (Northeast/Sunland, Sun Valley & Tujunga) PUMA",SPA 2,DISTRICT 3,11149637.4277344,15220.9784203543
183,06037122200,841,430,116,411,141,257,30.6,Los Angeles - Sun Valley,Los Angeles,03708,"Los Angeles County (North)--LA City (Northeast/Sunland, Sun Valley & Tujunga) PUMA",SPA 2,DISTRICT 5,18368421.9697266,19316.1224882171
184,06037122410,1230,166,39,1064,197,236,19.2,Los Angeles - North Hollywood,Los Angeles,03708,"Los Angeles County (North)--LA City (Northeast/Sunland, Sun Valley & Tujunga) PUMA",SPA 2,DISTRICT 3,7614088.38574219,11116.6116234004
185,06037122420,1275,424,76,851,339,415,32.5,Los Angeles - North Hollywood,Los Angeles,03708,"Los Angeles County (North)--LA City (Northeast/Sunland, Sun Valley & Tujunga) PUMA",SPA 2,DISTRICT 3,9284522.85253906,12386.7251994279
186,06037123010,970,256,0,714,356,356,36.7,Los Angeles - Sun Valley,Los Angeles,03708,"Los Angeles County (North)--LA City (Northeast/Sunland, Sun Valley & Tujunga) PUMA",SPA 2,DISTRICT 3,10933943.6132812,13636.3021036437
187,06037123020,702,390,92,312,86,178,25.4,Los Angeles - Sun Valley,Los Angeles,03708,"Los Angeles County (North)--LA City (Northeast/Sunland, Sun Valley & Tujunga) PUMA",SPA 2,DISTRICT 3,6042252.0625,9835.06093195692
188,06037123103,1595,627,8,968,222,230,14.4,Los Angeles - North Hollywood,Los Angeles,03721,Los Angeles County (North)--LA City (Northeast/North Hollywood & Valley Village) PUMA,SPA 2,DISTRICT 5,9593308.79296875,13292.923558035
189,06037123104,1652,593,61,1059,165,226,13.7,Los Angeles - North Hollywood,Los Angeles,03721,Los Angeles County (North)--LA City (Northeast/North Hollywood & Valley Village) PUMA,SPA 2,DISTRICT 5,8368797.79394531,11515.8779788601
190,06037123203,997,82,36,915,191,227,22.8,Los Angeles - North Hollywood,Los Angeles,03721,Los Angeles County (North)--LA City (Northeast/North Hollywood & Valley Village) PUMA,SPA 2,DISTRICT 3,6324901.44726562,12755.793562981
191,06037123204,1021,129,27,892,226,253,24.8,Los Angeles - North Hollywood,Los Angeles,03721,Los Angeles County (North)--LA City (Northeast/North Hollywood & Valley Village) PUMA,SPA 2,DISTRICT 3,3489506.79296875,7925.98735803749
192,06037123205,770,178,29,592,167,196,25.5,Los Angeles - North Hollywood,Los Angeles,03721,Los Angeles County (North)--LA City (Northeast/North Hollywood & Valley Village) PUMA,SPA 2,DISTRICT 3,8155707.60058594,11532.513233036
193,06037123206,812,218,40,594,190,230,28.3,Los Angeles - North Hollywood,Los Angeles,03721,Los Angeles County (North)--LA City (Northeast/North Hollywood & Valley Village) PUMA,SPA 2,DISTRICT 3,6488734.55175781,10269.7394029939
194,06037123301,1668,695,20,973,41,61,3.7,Los Angeles - North Hollywood,Los Angeles,03721,Los Angeles County (North)--LA City (Northeast/North Hollywood & Valley Village) PUMA,SPA 2,DISTRICT 3,14044141.3652344,17672.1241284767
195,06037123303,892,348,41,544,124,165,18.5,Los Angeles - North Hollywood,Los Angeles,03721,Los Angeles County (North)--LA City (Northeast/North Hollywood & Valley Village) PUMA,SPA 2,DISTRICT 3,6799699.82324219,13016.1753358019
196,06037123304,1767,384,22,1383,233,255,14.4,Los Angeles - North Hollywood,Los Angeles,03721,Los Angeles County (North)--LA City (Northeast/North Hollywood & Valley Village) PUMA,SPA 2,DISTRICT 3,9447367.82910156,13402.2653187775
197,06037123410,1212,320,0,892,123,123,10.1,Los Angeles - North Hollywood,Los Angeles,03721,Los Angeles County (North)--LA City (Northeast/North Hollywood & Valley Village) PUMA,SPA 2,DISTRICT 3,5327853.81542969,9495.27301398684
198,06037123420,1524,467,0,1057,182,182,11.9,Los Angeles - Valley Glen,Los Angeles,03721,Los Angeles County (North)--LA City (Northeast/North Hollywood & Valley Village) PUMA,SPA 2,DISTRICT 3,8475941.54785156,14726.7696449955
199,06037123510,1612,327,11,1285,392,403,25,Los Angeles - Van Nuys,Los Angeles,03722,Los Angeles County (Northwest)--LA City (North Central/Van Nuys & North Sherman Oaks) PUMA,SPA 2,DISTRICT 3,8603490.4921875,12258.4125789693
200,06037123520,770,287,42,483,88,130,16.9,Los Angeles - Valley Glen,Los Angeles,03722,Los Angeles County (Northwest)--LA City (North Central/Van Nuys & North Sherman Oaks) PUMA,SPA 2,DISTRICT 3,5504798.6640625,12484.5876358768
201,06037123601,1952,729,7,1223,178,185,9.5,Los Angeles - Valley Glen,Los Angeles,03722,Los Angeles County (Northwest)--LA City (North Central/Van Nuys & North Sherman Oaks) PUMA,SPA 2,DISTRICT 3,16517365.5009766,18181.8228607312
202,06037123602,1255,474,24,781,97,121,9.6,Los Angeles - Valley Glen,Los Angeles,03722,Los Angeles County (Northwest)--LA City (North Central/Van Nuys & North Sherman Oaks) PUMA,SPA 2,DISTRICT 3,9916059.62597656,14181.4079151307
203,06037123700,1729,826,44,903,27,71,4.1,Los Angeles - North Hollywood,Los Angeles,03721,Los Angeles County (North)--LA City (Northeast/North Hollywood & Valley Village) PUMA,SPA 2,DISTRICT 3,10250401.9619141,13103.8568956966
204,06037123800,2237,877,68,1360,152,220,9.8,Los Angeles - North Hollywood,Los Angeles,03721,Los Angeles County (North)--LA City (Northeast/North Hollywood & Valley Village) PUMA,SPA 2,DISTRICT 3,13918388.3720703,17428.5356052899
205,06037123901,1667,459,0,1208,193,193,11.6,Los Angeles - North Hollywood,Los Angeles,03721,Los Angeles County (North)--LA City (Northeast/North Hollywood & Valley Village) PUMA,SPA 2,DISTRICT 3,13835057.3652344,14956.1043021303
206,06037123902,1112,461,0,651,41,41,3.7,Los Angeles - North Hollywood,Los Angeles,03721,Los Angeles County (North)--LA City (Northeast/North Hollywood & Valley Village) PUMA,SPA 2,DISTRICT 5,7183303.67871094,11622.768019319
207,06037124000,2098,927,0,1171,44,44,2.1,Los Angeles - Valley Village,Los Angeles,03721,Los Angeles County (North)--LA City (Northeast/North Hollywood & Valley Village) PUMA,SPA 2,DISTRICT 5,14495848.8662109,16685.7923574011
208,06037124102,1561,432,0,1129,104,104,6.7,Los Angeles - North Hollywood,Los Angeles,03721,Los Angeles County (North)--LA City (Northeast/North Hollywood & Valley Village) PUMA,SPA 2,DISTRICT 5,6986969.24121094,10572.9929634306
209,06037124103,541,164,10,377,120,130,24,Los Angeles - North Hollywood,Los Angeles,03721,Los Angeles County (North)--LA City (Northeast/North Hollywood & Valley Village) PUMA,SPA 2,DISTRICT 3,3486391.9921875,7921.93036701892
210,06037124104,1087,115,0,972,176,176,16.2,Los Angeles - North Hollywood,Los Angeles,03721,Los Angeles County (North)--LA City (Northeast/North Hollywood & Valley Village) PUMA,SPA 2,DISTRICT 5,3492250.05859375,7927.07002025088
211,06037124105,847,139,0,708,160,160,18.9,Los Angeles - North Hollywood,Los Angeles,03721,Los Angeles County (North)--LA City (Northeast/North Hollywood & Valley Village) PUMA,SPA 2,DISTRICT 5,3493048.78613281,7928.99062947382
212,06037124201,1170,557,0,613,132,132,11.3,Los Angeles - North Hollywood,Los Angeles,03721,Los Angeles County (North)--LA City (Northeast/North Hollywood & Valley Village) PUMA,SPA 2,DISTRICT 5,10467933.3818359,13209.5497508803
213,06037124203,853,175,0,678,134,134,15.7,Los Angeles - North Hollywood,Los Angeles,03721,Los Angeles County (North)--LA City (Northeast/North Hollywood & Valley Village) PUMA,SPA 2,DISTRICT 5,3490791.33789062,7927.04801057721
214,06037124204,961,215,12,746,121,133,13.8,Los Angeles - North Hollywood,Los Angeles,03721,Los Angeles County (North)--LA City (Northeast/North Hollywood & Valley Village) PUMA,SPA 2,DISTRICT 5,3491024.39453125,7925.21072788306
215,06037124300,1300,404,39,896,184,223,17.2,Los Angeles - North Hollywood,Los Angeles,03721,Los Angeles County (North)--LA City (Northeast/North Hollywood & Valley Village) PUMA,SPA 2,DISTRICT 5,9589952.36425781,12560.820027324
216,06037124400,1636,559,8,1077,205,213,13,Los Angeles - North Hollywood,Los Angeles,03721,Los Angeles County (North)--LA City (Northeast/North Hollywood & Valley Village) PUMA,SPA 2,DISTRICT 3,10416238.1767578,13080.1588314463
217,06037124500,1261,696,0,565,56,56,4.4,Los Angeles - Sherman Oaks,Los Angeles,03722,Los Angeles County (Northwest)--LA City (North Central/Van Nuys & North Sherman Oaks) PUMA,SPA 2,DISTRICT 3,8816061.234375,14043.9685285798
218,06037124600,1336,535,0,801,6,6,0.4,Los Angeles - Sherman Oaks,Los Angeles,03722,Los Angeles County (Northwest)--LA City (North Central/Van Nuys & North Sherman Oaks) PUMA,SPA 2,DISTRICT 3,12032001.7128906,14288.9204512902
219,06037124700,2488,919,14,1569,0,14,0.6,Los Angeles - Sherman Oaks,Los Angeles,03722,Los Angeles County (Northwest)--LA City (North Central/Van Nuys & North Sherman Oaks) PUMA,SPA 2,DISTRICT 3,14717161.1826172,17847.3318592264
220,06037124902,1477,191,0,1286,192,192,13,Los Angeles - Valley Village,Los Angeles,03721,Los Angeles County (North)--LA City (Northeast/North Hollywood & Valley Village) PUMA,SPA 2,DISTRICT 5,3655221.796875,8060.42190783447
221,06037124903,1692,244,19,1448,100,119,7,Los Angeles - Valley Village,Los Angeles,03721,Los Angeles County (North)--LA City (Northeast/North Hollywood & Valley Village) PUMA,SPA 2,DISTRICT 5,3340984.08496094,7810.15425438794
222,06037125101,2247,382,19,1865,151,170,7.6,Los Angeles - Valley Village,Los Angeles,03721,Los Angeles County (North)--LA City (Northeast/North Hollywood & Valley Village) PUMA,SPA 2,DISTRICT 5,6995938.19433594,10577.4182358879
223,06037125102,987,419,0,568,0,0,0,Los Angeles - Valley Village,Los Angeles,03721,Los Angeles County (North)--LA City (Northeast/North Hollywood & Valley Village) PUMA,SPA 2,DISTRICT 5,6983567.8359375,10570.832159269
224,06037125200,2037,606,3,1431,179,182,8.9,Los Angeles - Valley Village,Los Angeles,03721,Los Angeles County (North)--LA City (Northeast/North Hollywood & Valley Village) PUMA,SPA 2,DISTRICT 5,14022559.8457031,15858.3457826798
225,06037125310,2312,426,0,1886,62,62,2.7,Los Angeles - North Hollywood,Los Angeles,03721,Los Angeles County (North)--LA City (Northeast/North Hollywood & Valley Village) PUMA,SPA 2,DISTRICT 5,11305308.8183594,19083.4681803856
226,06037125321,1426,140,0,1286,52,52,3.6,Los Angeles - North Hollywood,Los Angeles,03721,Los Angeles County (North)--LA City (Northeast/North Hollywood & Valley Village) PUMA,SPA 2,DISTRICT 5,2794391.48730469,6880.67006162823
227,06037125322,1697,0,0,1697,126,126,7.4,Los Angeles - North Hollywood,Los Angeles,03721,Los Angeles County (North)--LA City (Northeast/North Hollywood & Valley Village) PUMA,SPA 2,DISTRICT 5,4016750.69335938,8863.4361698278
228,06037125402,2084,358,0,1726,34,34,1.6,Los Angeles - North Hollywood,Los Angeles,03721,Los Angeles County (North)--LA City (Northeast/North Hollywood & Valley Village) PUMA,SPA 2,DISTRICT 5,7851850.11035156,11262.0525958971
229,06037125403,1617,66,5,1551,32,37,2.3,Los Angeles - North Hollywood,Los Angeles,03721,Los Angeles County (North)--LA City (Northeast/North Hollywood & Valley Village) PUMA,SPA 2,DISTRICT 5,1812261.34570312,6036.3483409147
230,06037125404,1716,23,0,1693,105,105,6.1,Los Angeles - North Hollywood,Los Angeles,03721,Los Angeles County (North)--LA City (Northeast/North Hollywood & Valley Village) PUMA,SPA 2,DISTRICT 5,2465947.48828125,8590.4044442329
231,06037125501,1603,238,0,1365,50,50,3.1,Los Angeles - North Hollywood,Los Angeles,03721,Los Angeles County (North)--LA City (Northeast/North Hollywood & Valley Village) PUMA,SPA 2,DISTRICT 5,4997265.92675781,9227.53003583618
232,06037125502,1913,469,0,1444,73,73,3.8,Los Angeles - Toluca Lake,Los Angeles,03721,Los Angeles County (North)--LA City (Northeast/North Hollywood & Valley Village) PUMA,SPA 2,DISTRICT 5,5668277.12207031,9620.75275325319
233,06037125600,1309,516,0,793,0,0,0,Los Angeles - Toluca Woods,Los Angeles,03721,Los Angeles County (North)--LA City (Northeast/North Hollywood & Valley Village) PUMA,SPA 2,DISTRICT 5,10979527.90625,14762.3909811521
234,06037127102,1645,669,13,976,168,181,11,Los Angeles - Van Nuys,Los Angeles,03722,Los Angeles County (Northwest)--LA City (North Central/Van Nuys & North Sherman Oaks) PUMA,SPA 2,DISTRICT 3,9245322.54785156,12295.9441851126
235,06037127103,1371,289,34,1082,288,322,23.5,Los Angeles - Van Nuys,Los Angeles,03722,Los Angeles County (Northwest)--LA City (North Central/Van Nuys & North Sherman Oaks) PUMA,SPA 2,DISTRICT 3,3094207.85253906,7528.8083848207
236,06037127104,1420,488,30,932,392,422,29.7,Los Angeles - Van Nuys,Los Angeles,03722,Los Angeles County (Northwest)--LA City (North Central/Van Nuys & North Sherman Oaks) PUMA,SPA 2,DISTRICT 3,7664502.74316406,11264.9421794674
237,06037127210,1939,620,116,1319,139,255,13.2,Los Angeles - Van Nuys,Los Angeles,03722,Los Angeles County (Northwest)--LA City (North Central/Van Nuys & North Sherman Oaks) PUMA,SPA 2,DISTRICT 3,16561892.0927734,19659.7520143027
238,06037127220,1672,441,52,1231,399,451,27,Los Angeles - Van Nuys,Los Angeles,03722,Los Angeles County (Northwest)--LA City (North Central/Van Nuys & North Sherman Oaks) PUMA,SPA 2,DISTRICT 3,7041092.24023438,10593.4066011253
239,06037127300,1430,434,0,996,143,143,10,Los Angeles - Van Nuys,Los Angeles,03722,Los Angeles County (Northwest)--LA City (North Central/Van Nuys & North Sherman Oaks) PUMA,SPA 2,DISTRICT 3,11462962.7998047,15054.0177085534
240,06037127400,1925,461,26,1464,347,373,19.4,Los Angeles - Van Nuys,Los Angeles,03722,Los Angeles County (Northwest)--LA City (North Central/Van Nuys & North Sherman Oaks) PUMA,SPA 2,DISTRICT 3,23338854.3447266,25020.315047517
241,06037127520,1411,0,0,1411,437,437,31,Los Angeles - Van Nuys,Los Angeles,03723,Los Angeles County (North)--LA City (North Central/Mission Hills & Panorama City) PUMA,SPA 2,DISTRICT 3,3908322.88671875,7974.68915696902
242,06037127603,908,117,9,791,204,213,23.5,Los Angeles - Lake Balboa,Los Angeles,03722,Los Angeles County (Northwest)--LA City (North Central/Van Nuys & North Sherman Oaks) PUMA,SPA 2,DISTRICT 3,4663187.60839844,9720.46639024654
243,06037127604,1541,181,17,1360,205,222,14.4,Los Angeles - Lake Balboa,Los Angeles,03722,Los Angeles County (Northwest)--LA City (North Central/Van Nuys & North Sherman Oaks) PUMA,SPA 2,DISTRICT 3,4661869.38769531,9870.0337946426
244,06037127605,1169,252,87,917,272,359,30.7,Los Angeles - Lake Balboa,Los Angeles,03722,Los Angeles County (Northwest)--LA City (North Central/Van Nuys & North Sherman Oaks) PUMA,SPA 2,DISTRICT 3,6980829.86523438,10568.6003239349
245,06037127606,1120,421,18,699,297,315,28.1,Los Angeles - Lake Balboa,Los Angeles,03722,Los Angeles County (Northwest)--LA City (North Central/Van Nuys & North Sherman Oaks) PUMA,SPA 2,DISTRICT 3,5874630.9375,9732.32053106221
246,06037127711,1155,446,13,709,189,202,17.5,Los Angeles - Van Nuys,Los Angeles,03722,Los Angeles County (Northwest)--LA City (North Central/Van Nuys & North Sherman Oaks) PUMA,SPA 2,DISTRICT 3,10267726.2402344,13552.032638452
247,06037127712,1556,247,26,1309,375,401,25.8,Los Angeles - Van Nuys,Los Angeles,03722,Los Angeles County (Northwest)--LA City (North Central/Van Nuys & North Sherman Oaks) PUMA,SPA 2,DISTRICT 3,6130123.34472656,9823.64054972676
248,06037127803,1681,416,29,1265,422,451,26.8,Los Angeles - Van Nuys,Los Angeles,03722,Los Angeles County (Northwest)--LA City (North Central/Van Nuys & North Sherman Oaks) PUMA,SPA 2,DISTRICT 3,6890512.77246094,10517.3349394392
249,06037127804,1613,398,78,1215,208,286,17.7,Los Angeles - Van Nuys,Los Angeles,03722,Los Angeles County (Northwest)--LA City (North Central/Van Nuys & North Sherman Oaks) PUMA,SPA 2,DISTRICT 3,6868871.10449219,10483.5254142345
250,06037127805,1150,269,33,881,97,130,11.3,Los Angeles - Van Nuys,Los Angeles,03722,Los Angeles County (Northwest)--LA City (North Central/Van Nuys & North Sherman Oaks) PUMA,SPA 2,DISTRICT 3,6614163.125,13204.7662038476
251,06037127806,1314,227,0,1087,263,263,20,Los Angeles - Van Nuys,Los Angeles,03722,Los Angeles County (Northwest)--LA City (North Central/Van Nuys & North Sherman Oaks) PUMA,SPA 2,DISTRICT 3,7353202.77734375,13484.4702141269
252,06037127910,1619,333,31,1286,307,338,20.9,Los Angeles - Van Nuys,Los Angeles,03722,Los Angeles County (Northwest)--LA City (North Central/Van Nuys & North Sherman Oaks) PUMA,SPA 2,DISTRICT 3,6989074.00683594,10580.1508629164
253,06037127920,1518,603,17,915,219,236,15.5,Los Angeles - Van Nuys,Los Angeles,03722,Los Angeles County (Northwest)--LA City (North Central/Van Nuys & North Sherman Oaks) PUMA,SPA 2,DISTRICT 3,6982276.71191406,10569.156943953
254,06037128101,1191,387,0,804,92,92,7.7,Los Angeles - Valley Glen,Los Angeles,03722,Los Angeles County (Northwest)--LA City (North Central/Van Nuys & North Sherman Oaks) PUMA,SPA 2,DISTRICT 3,6984076.91210938,10570.7061171316
255,06037128102,1588,295,79,1293,401,480,30.2,Los Angeles - Van Nuys,Los Angeles,03722,Los Angeles County (Northwest)--LA City (North Central/Van Nuys & North Sherman Oaks) PUMA,SPA 2,DISTRICT 3,6983325.05664062,10570.6465409087
256,06037128210,1544,67,0,1477,370,370,24,Los Angeles - Van Nuys,Los Angeles,03722,Los Angeles County (Northwest)--LA City (North Central/Van Nuys & North Sherman Oaks) PUMA,SPA 2,DISTRICT 3,5919155.56054688,9764.38957781381
257,06037128220,1269,297,0,972,203,203,16,Los Angeles - Valley Glen,Los Angeles,03722,Los Angeles County (Northwest)--LA City (North Central/Van Nuys & North Sherman Oaks) PUMA,SPA 2,DISTRICT 3,5997580.6015625,10037.0809730287
258,06037128302,1414,346,9,1068,356,365,25.8,Los Angeles - Van Nuys,Los Angeles,03722,Los Angeles County (Northwest)--LA City (North Central/Van Nuys & North Sherman Oaks) PUMA,SPA 2,DISTRICT 3,7414380.48535156,12437.4658159449
259,06037128303,1163,90,0,1073,443,443,38.1,Los Angeles - Van Nuys,Los Angeles,03722,Los Angeles County (Northwest)--LA City (North Central/Van Nuys & North Sherman Oaks) PUMA,SPA 2,DISTRICT 3,4455045.82714844,9765.81146216635
260,06037128400,1820,948,7,872,86,93,5.1,Los Angeles - Sherman Oaks,Los Angeles,03722,Los Angeles County (Northwest)--LA City (North Central/Van Nuys & North Sherman Oaks) PUMA,SPA 2,DISTRICT 3,18552817.8515625,22481.5469104501
261,06037128500,2296,945,0,1351,12,12,0.5,Los Angeles - Sherman Oaks,Los Angeles,03722,Los Angeles County (Northwest)--LA City (North Central/Van Nuys & North Sherman Oaks) PUMA,SPA 2,DISTRICT 3,10466926.4863281,13208.3032393797
262,06037128601,1851,316,0,1535,319,319,17.2,Los Angeles - Sherman Oaks,Los Angeles,03722,Los Angeles County (Northwest)--LA City (North Central/Van Nuys & North Sherman Oaks) PUMA,SPA 2,DISTRICT 3,7321349.66992188,13837.6339001388
263,06037128602,1255,544,0,711,35,35,2.8,Los Angeles - Sherman Oaks,Los Angeles,03722,Los Angeles County (Northwest)--LA City (North Central/Van Nuys & North Sherman Oaks) PUMA,SPA 2,DISTRICT 3,12208990.2197266,14527.1364256218
264,06037128703,1658,301,0,1357,38,38,2.3,Los Angeles - Sherman Oaks,Los Angeles,03722,Los Angeles County (Northwest)--LA City (North Central/Van Nuys & North Sherman Oaks) PUMA,SPA 2,DISTRICT 3,8810731.30371094,11742.3812515228
265,06037128704,1027,630,0,397,9,9,0.9,Los Angeles - Sherman Oaks,Los Angeles,03722,Los Angeles County (Northwest)--LA City (North Central/Van Nuys & North Sherman Oaks) PUMA,SPA 2,DISTRICT 3,8972317.296875,12103.1185556813
266,06037128801,2088,502,14,1586,29,43,2.1,Los Angeles - Sherman Oaks,Los Angeles,03722,Los Angeles County (Northwest)--LA City (North Central/Van Nuys & North Sherman Oaks) PUMA,SPA 2,DISTRICT 3,5203106.27636719,9434.43458875474
267,06037128802,2177,800,0,1377,33,33,1.5,Los Angeles - Sherman Oaks,Los Angeles,03722,Los Angeles County (Northwest)--LA City (North Central/Van Nuys & North Sherman Oaks) PUMA,SPA 2,DISTRICT 3,10467692.3789062,13207.6056715462
268,06037128910,1885,862,21,1023,67,88,4.7,Los Angeles - Sherman Oaks,Los Angeles,03722,Los Angeles County (Northwest)--LA City (North Central/Van Nuys & North Sherman Oaks) PUMA,SPA 2,DISTRICT 3,14370227.9726562,17392.1502779615
269,06037131021,1016,232,28,784,332,360,35.4,Los Angeles - Reseda,Los Angeles,03724,Los Angeles County (Northwest)--LA City (Northwest/Encino & Tarzana) PUMA,SPA 2,DISTRICT 3,6073816.12011719,10587.1332124651
270,06037131022,970,254,18,716,216,234,24.1,Los Angeles - Reseda,Los Angeles,03724,Los Angeles County (Northwest)--LA City (Northwest/Encino & Tarzana) PUMA,SPA 2,DISTRICT 3,5429092.10644531,10053.9628305628
271,06037131023,833,393,21,440,74,95,11.4,Los Angeles - Reseda,Los Angeles,03724,Los Angeles County (Northwest)--LA City (Northwest/Encino & Tarzana) PUMA,SPA 2,DISTRICT 3,6331623.5078125,10094.9814994982
272,06037131024,1111,548,23,563,123,146,13.1,Los Angeles - Reseda,Los Angeles,03724,Los Angeles County (Northwest)--LA City (Northwest/Encino & Tarzana) PUMA,SPA 2,DISTRICT 3,9118245.45800781,12239.2835292072
273,06037131100,1055,820,9,235,0,9,0.9,Los Angeles - Lake Balboa,Los Angeles,03724,Los Angeles County (Northwest)--LA City (Northwest/Encino & Tarzana) PUMA,SPA 2,DISTRICT 3,11901821.0332031,14161.6071417424
274,06037131200,1165,981,25,184,29,54,4.6,Los Angeles - Northridge,Los Angeles,03724,Los Angeles County (Northwest)--LA City (Northwest/Encino & Tarzana) PUMA,SPA 2,DISTRICT 3,12145554.2607422,14480.972594562
275,06037131300,1171,920,136,251,58,194,16.6,Los Angeles - Reseda,Los Angeles,03724,Los Angeles County (Northwest)--LA City (Northwest/Encino & Tarzana) PUMA,SPA 2,DISTRICT 3,12032435.6894531,14396.2080891353
276,06037131400,1755,949,64,806,174,238,13.6,Los Angeles - Reseda,Los Angeles,03724,Los Angeles County (Northwest)--LA City (Northwest/Encino & Tarzana) PUMA,SPA 2,DISTRICT 3,11915923.1748047,14307.2024427927
277,06037131600,1266,877,115,389,105,220,17.4,Los Angeles - Reseda Ranch,Los Angeles,03724,Los Angeles County (Northwest)--LA City (Northwest/Encino & Tarzana) PUMA,SPA 2,DISTRICT 3,23559428.1210938,19403.9033231176
278,06037131701,1886,886,2,1000,221,223,11.8,Los Angeles - Reseda,Los Angeles,03724,Los Angeles County (Northwest)--LA City (Northwest/Encino & Tarzana) PUMA,SPA 2,DISTRICT 3,7099625.50390625,10658.4696801572
279,06037131702,1205,840,34,365,35,69,5.7,Los Angeles - Reseda,Los Angeles,03724,Los Angeles County (Northwest)--LA City (Northwest/Encino & Tarzana) PUMA,SPA 2,DISTRICT 3,7771581.69824219,11154.7225481251
280,06037131801,973,288,79,685,194,273,28.1,Los Angeles - Reseda,Los Angeles,03724,Los Angeles County (Northwest)--LA City (Northwest/Encino & Tarzana) PUMA,SPA 2,DISTRICT 3,7078372.39550781,10631.5202656079
281,06037131802,784,566,19,218,45,64,8.2,Los Angeles - Reseda,Los Angeles,03724,Los Angeles County (Northwest)--LA City (Northwest/Encino & Tarzana) PUMA,SPA 2,DISTRICT 3,7096060.42089844,10655.7905931193
282,06037131900,1411,1182,81,229,25,106,7.5,Los Angeles - Lake Balboa,Los Angeles,03724,Los Angeles County (Northwest)--LA City (Northwest/Encino & Tarzana) PUMA,SPA 2,DISTRICT 3,14187227.1142578,15934.6465268514
283,06037132001,1205,868,26,337,11,37,3.1,Los Angeles - Lake Balboa,Los Angeles,03724,Los Angeles County (Northwest)--LA City (Northwest/Encino & Tarzana) PUMA,SPA 2,DISTRICT 3,10424518.8740234,13176.7115225552
284,06037132002,1120,763,37,357,8,45,4,Los Angeles - Lake Balboa,Los Angeles,03724,Los Angeles County (Northwest)--LA City (Northwest/Encino & Tarzana) PUMA,SPA 2,DISTRICT 3,17223417.1630859,21045.8138372886
285,06037132101,1633,694,8,939,163,171,10.5,Los Angeles - Lake Balboa,Los Angeles,03724,Los Angeles County (Northwest)--LA City (Northwest/Encino & Tarzana) PUMA,SPA 2,DISTRICT 3,8723731.64453125,11887.8417390331
286,06037132102,2138,1240,90,898,116,206,9.6,Los Angeles - Lake Balboa,Los Angeles,03724,Los Angeles County (Northwest)--LA City (Northwest/Encino & Tarzana) PUMA,SPA 2,DISTRICT 3,14731874.0673828,18773.0166494677
287,06037132301,1355,141,5,1214,350,355,26.2,Los Angeles - Reseda,Los Angeles,03724,Los Angeles County (Northwest)--LA City (Northwest/Encino & Tarzana) PUMA,SPA 2,DISTRICT 3,6777751,13144.4387117624
288,06037132302,919,336,0,583,186,186,20.2,Los Angeles - Reseda,Los Angeles,03724,Los Angeles County (Northwest)--LA City (Northwest/Encino & Tarzana) PUMA,SPA 2,DISTRICT 3,6970666.71484375,13199.8609461143
289,06037132501,1377,666,126,711,179,305,22.1,Los Angeles - Reseda,Los Angeles,03724,Los Angeles County (Northwest)--LA City (Northwest/Encino & Tarzana) PUMA,SPA 2,DISTRICT 3,7580187.05371094,11007.9069337015
290,06037132502,1364,821,21,543,32,53,3.9,Los Angeles - Reseda,Los Angeles,03724,Los Angeles County (Northwest)--LA City (Northwest/Encino & Tarzana) PUMA,SPA 2,DISTRICT 3,6813820.00585938,10928.756715792
291,06037132700,1695,965,36,730,273,309,18.2,Los Angeles - Reseda,Los Angeles,03724,Los Angeles County (Northwest)--LA City (Northwest/Encino & Tarzana) PUMA,SPA 2,DISTRICT 3,14225959.8164062,15685.6748951849
292,06037132900,1295,890,77,405,87,164,12.7,Los Angeles - Reseda,Los Angeles,03724,Los Angeles County (Northwest)--LA City (Northwest/Encino & Tarzana) PUMA,SPA 2,DISTRICT 3,12955124.2529297,18087.2712338975
293,06037133000,1431,983,93,448,18,111,7.8,Los Angeles - Reseda,Los Angeles,03724,Los Angeles County (Northwest)--LA City (Northwest/Encino & Tarzana) PUMA,SPA 2,DISTRICT 3,10838529.6767578,14143.5896011801
294,06037133101,639,387,8,252,0,8,1.3,Los Angeles - Reseda,Los Angeles,03724,Los Angeles County (Northwest)--LA City (Northwest/Encino & Tarzana) PUMA,SPA 2,DISTRICT 3,7116523.08398438,10968.5528945882
295,06037133102,1255,482,4,773,207,211,16.8,Los Angeles - Reseda,Los Angeles,03724,Los Angeles County (Northwest)--LA City (Northwest/Encino & Tarzana) PUMA,SPA 2,DISTRICT 3,9208787.60253906,12060.4934553097
296,06037134001,922,447,105,475,137,242,26.2,Los Angeles - Canoga Park,Los Angeles,03725,"Los Angeles County--LA City (Northwest/Canoga Park, Winnetka & Woodland Hills) PUMA",SPA 2,DISTRICT 3,6275461.71875,12140.5226982363
297,06037134002,1251,530,21,721,249,270,21.6,Los Angeles - Winnetka,Los Angeles,03725,"Los Angeles County--LA City (Northwest/Canoga Park, Winnetka & Woodland Hills) PUMA",SPA 2,DISTRICT 3,8228864.21289062,13601.0225690741
298,06037134101,1380,943,7,437,57,64,4.6,Los Angeles - Winnetka,Los Angeles,03725,"Los Angeles County--LA City (Northwest/Canoga Park, Winnetka & Woodland Hills) PUMA",SPA 2,DISTRICT 3,11471120.5527344,13966.1024706493
299,06037134103,1314,800,55,514,127,182,13.9,Los Angeles - Winnetka,Los Angeles,03725,"Los Angeles County--LA City (Northwest/Canoga Park, Winnetka & Woodland Hills) PUMA",SPA 2,DISTRICT 3,11265863.5498047,17398.4819045645
300,06037134104,1330,729,73,601,140,213,16,Los Angeles - Winnetka,Los Angeles,03725,"Los Angeles County--LA City (Northwest/Canoga Park, Winnetka & Woodland Hills) PUMA",SPA 2,DISTRICT 3,6973905.0703125,10562.5335244912
301,06037134201,1316,1102,140,214,24,164,12.5,Los Angeles - Canoga Park,Los Angeles,03725,"Los Angeles County--LA City (Northwest/Canoga Park, Winnetka & Woodland Hills) PUMA",SPA 2,DISTRICT 3,15828402.3652344,16417.6373646534
302,06037134302,1418,1116,85,302,0,85,6,Los Angeles - West Hills,Los Angeles,03725,"Los Angeles County--LA City (Northwest/Canoga Park, Winnetka & Woodland Hills) PUMA",SPA 2,DISTRICT 3,14067384.3642578,15258.5630693924
303,06037134303,1956,1345,90,611,13,103,5.3,Los Angeles - Canoga Park,Los Angeles,03725,"Los Angeles County--LA City (Northwest/Canoga Park, Winnetka & Woodland Hills) PUMA",SPA 2,DISTRICT 3,17092933.7421875,17147.9327679911
304,06037134304,929,645,7,284,20,27,2.9,Los Angeles - Canoga Park,Los Angeles,03725,"Los Angeles County--LA City (Northwest/Canoga Park, Winnetka & Woodland Hills) PUMA",SPA 2,DISTRICT 3,10982976.3867188,13572.0680240062
305,06037134305,1189,14,0,1175,283,283,23.8,Los Angeles - Canoga Park,Los Angeles,03725,"Los Angeles County--LA City (Northwest/Canoga Park, Winnetka & Woodland Hills) PUMA",SPA 2,DISTRICT 3,3847926.03808594,8097.00233548786
306,06037134306,1396,302,0,1094,244,244,17.5,Los Angeles - Canoga Park,Los Angeles,03725,"Los Angeles County--LA City (Northwest/Canoga Park, Winnetka & Woodland Hills) PUMA",SPA 2,DISTRICT 3,6671199.96289062,10337.3865632605
307,06037134421,1578,1436,0,142,0,0,0,Los Angeles - West Hills,Los Angeles,03725,"Los Angeles County--LA City (Northwest/Canoga Park, Winnetka & Woodland Hills) PUMA",SPA 2,DISTRICT 3,23249633.6884766,19067.8824990996
308,06037134422,1654,1247,8,407,0,8,0.5,Los Angeles - West Hills,Los Angeles,03725,"Los Angeles County--LA City (Northwest/Canoga Park, Winnetka & Woodland Hills) PUMA",SPA 2,DISTRICT 3,25052188.2783203,25358.4012452697
309,06037134423,1319,973,0,346,0,0,0,Los Angeles - West Hills,Los Angeles,03705,Los Angeles County (North)--LA City (Northwest/Chatsworth & Porter Ranch) PUMA,SPA 2,DISTRICT 3,16881725.5527344,18387.0317258603
310,06037134424,1027,947,0,80,0,0,0,Los Angeles - West Hills,Los Angeles,03705,Los Angeles County (North)--LA City (Northwest/Chatsworth & Porter Ranch) PUMA,SPA 2,DISTRICT 3,39660882.5869141,27007.4710061134
311,06037134520,2025,245,71,1780,339,410,20.2,Los Angeles - Canoga Park,Los Angeles,03725,"Los Angeles County--LA City (Northwest/Canoga Park, Winnetka & Woodland Hills) PUMA",SPA 2,DISTRICT 3,10410693.3789062,13162.3894004258
312,06037134521,721,99,19,622,273,292,40.5,Los Angeles - Canoga Park,Los Angeles,03725,"Los Angeles County--LA City (Northwest/Canoga Park, Winnetka & Woodland Hills) PUMA",SPA 2,DISTRICT 3,3797102.9609375,8182.95292861493
313,06037134522,1398,236,13,1162,359,372,26.6,Los Angeles - Canoga Park,Los Angeles,03725,"Los Angeles County--LA City (Northwest/Canoga Park, Winnetka & Woodland Hills) PUMA",SPA 2,DISTRICT 3,6612030.39941406,10272.3267425893
314,06037134710,1584,303,49,1281,321,370,23.4,Los Angeles - Winnetka,Los Angeles,03725,"Los Angeles County--LA City (Northwest/Canoga Park, Winnetka & Woodland Hills) PUMA",SPA 2,DISTRICT 3,6140947.46582031,9944.65891799506
315,06037134720,1791,935,50,856,225,275,15.4,Los Angeles - Winnetka,Los Angeles,03725,"Los Angeles County--LA City (Northwest/Canoga Park, Winnetka & Woodland Hills) PUMA",SPA 2,DISTRICT 3,10651178.4951172,13301.2845483121
316,06037134801,1130,848,28,282,31,59,5.2,Los Angeles - Winnetka,Los Angeles,03725,"Los Angeles County--LA City (Northwest/Canoga Park, Winnetka & Woodland Hills) PUMA",SPA 2,DISTRICT 3,9864918.56152344,12990.9417400011
317,06037134802,839,508,59,331,62,121,14.4,Los Angeles - Winnetka,Los Angeles,03725,"Los Angeles County--LA City (Northwest/Canoga Park, Winnetka & Woodland Hills) PUMA",SPA 2,DISTRICT 3,10211063.5126953,12881.7779623358
318,06037134901,997,569,34,428,17,51,5.1,Los Angeles - Reseda,Los Angeles,03725,"Los Angeles County--LA City (Northwest/Canoga Park, Winnetka & Woodland Hills) PUMA",SPA 2,DISTRICT 3,11386596.5410156,15163.5737766416
319,06037134904,1422,521,128,901,153,281,19.8,Los Angeles - Winnetka,Los Angeles,03725,"Los Angeles County--LA City (Northwest/Canoga Park, Winnetka & Woodland Hills) PUMA",SPA 2,DISTRICT 3,11172430.5820312,15663.052749487
320,06037134905,3212,198,0,3014,355,355,11.1,Los Angeles - Woodland Hills,Los Angeles,03725,"Los Angeles County--LA City (Northwest/Canoga Park, Winnetka & Woodland Hills) PUMA",SPA 2,DISTRICT 3,27819948.640625,21977.5406387473
321,06037134906,1171,0,0,1171,210,210,17.9,Los Angeles - Canoga Park,Los Angeles,03725,"Los Angeles County--LA City (Northwest/Canoga Park, Winnetka & Woodland Hills) PUMA",SPA 2,DISTRICT 3,1885230.59863281,7329.18914357178
322,06037134907,2078,0,0,2078,132,132,6.4,Los Angeles - Canoga Park,Los Angeles,03725,"Los Angeles County--LA City (Northwest/Canoga Park, Winnetka & Woodland Hills) PUMA",SPA 2,DISTRICT 3,4216460.33496094,9405.27368921326
323,06037135102,1279,960,0,319,64,64,5,Los Angeles - West Hills,Los Angeles,03725,"Los Angeles County--LA City (Northwest/Canoga Park, Winnetka & Woodland Hills) PUMA",SPA 2,DISTRICT 3,17942088.3027344,18910.3449414045
324,06037135111,1261,599,12,662,217,229,18.2,Los Angeles - Canoga Park,Los Angeles,03725,"Los Angeles County--LA City (Northwest/Canoga Park, Winnetka & Woodland Hills) PUMA",SPA 2,DISTRICT 3,11166847.6757812,13427.9739923141
325,06037135113,1317,171,0,1146,100,100,7.6,Los Angeles - Woodland Hills,Los Angeles,03725,"Los Angeles County--LA City (Northwest/Canoga Park, Winnetka & Woodland Hills) PUMA",SPA 2,DISTRICT 3,6904502.64550781,13067.3013291152
326,06037135115,1905,280,0,1625,478,478,25.1,Los Angeles - Woodland Hills,Los Angeles,03725,"Los Angeles County--LA City (Northwest/Canoga Park, Winnetka & Woodland Hills) PUMA",SPA 2,DISTRICT 3,3603917.27441406,8171.34731815433
327,06037135116,1058,60,0,998,33,33,3.1,Los Angeles - Canoga Park,Los Angeles,03725,"Los Angeles County--LA City (Northwest/Canoga Park, Winnetka & Woodland Hills) PUMA",SPA 2,DISTRICT 3,10079194.1269531,13024.3027292249
328,06037135201,888,787,38,101,14,52,5.9,Los Angeles - West Hills,Los Angeles,03725,"Los Angeles County--LA City (Northwest/Canoga Park, Winnetka & Woodland Hills) PUMA",SPA 2,DISTRICT 3,16462003.8720703,18522.8483444453
329,06037135202,1530,1093,22,437,100,122,8,Los Angeles - West Hills,Los Angeles,03725,"Los Angeles County--LA City (Northwest/Canoga Park, Winnetka & Woodland Hills) PUMA",SPA 2,DISTRICT 3,18984707.0546875,17789.1123934409
330,06037135204,1698,1307,48,391,0,48,2.8,Los Angeles - West Hills,Los Angeles,03725,"Los Angeles County--LA City (Northwest/Canoga Park, Winnetka & Woodland Hills) PUMA",SPA 2,DISTRICT 3,19985530.9863281,18644.4790804921
331,06037135205,776,646,0,130,18,18,2.3,Los Angeles - West Hills,Los Angeles,03725,"Los Angeles County--LA City (Northwest/Canoga Park, Winnetka & Woodland Hills) PUMA",SPA 2,DISTRICT 3,28652348.3066406,24462.7661605712
332,06037137000,1688,1439,0,249,6,6,0.4,Los Angeles - Woodland Hills,Los Angeles,03725,"Los Angeles County--LA City (Northwest/Canoga Park, Winnetka & Woodland Hills) PUMA",SPA 2,DISTRICT 3,32554627.4990234,32427.7971322447
333,06037137103,2569,1221,20,1348,166,186,7.2,Los Angeles - Woodland Hills,Los Angeles,03725,"Los Angeles County--LA City (Northwest/Canoga Park, Winnetka & Woodland Hills) PUMA",SPA 2,DISTRICT 3,8198233.44238281,11739.7039264679
334,06037137104,1017,851,12,166,0,12,1.2,Los Angeles - Woodland Hills,Los Angeles,03725,"Los Angeles County--LA City (Northwest/Canoga Park, Winnetka & Woodland Hills) PUMA",SPA 2,DISTRICT 3,27545300.1015625,23292.5509466939
335,06037137202,1390,405,17,985,102,119,8.6,Los Angeles - Woodland Hills,Los Angeles,03725,"Los Angeles County--LA City (Northwest/Canoga Park, Winnetka & Woodland Hills) PUMA",SPA 2,DISTRICT 3,9423314.5078125,12952.7565561614
336,06037137203,823,467,0,356,16,16,1.9,Los Angeles - Woodland Hills,Los Angeles,03725,"Los Angeles County--LA City (Northwest/Canoga Park, Winnetka & Woodland Hills) PUMA",SPA 2,DISTRICT 3,12090760.8261719,14492.1231940108
337,06037137301,729,688,0,41,0,0,0,Los Angeles - Woodland Hills,Los Angeles,03725,"Los Angeles County--LA City (Northwest/Canoga Park, Winnetka & Woodland Hills) PUMA",SPA 2,DISTRICT 3,17235174.1630859,20112.8048732241
338,06037137302,1576,1383,9,193,0,9,0.6,Los Angeles - Woodland Hills,Los Angeles,03725,"Los Angeles County--LA City (Northwest/Canoga Park, Winnetka & Woodland Hills) PUMA",SPA 2,DISTRICT 3,26225170.6269531,24375.0551969873
339,06037137401,1807,1143,90,664,71,161,8.9,Los Angeles - Woodland Hills,Los Angeles,03725,"Los Angeles County--LA City (Northwest/Canoga Park, Winnetka & Woodland Hills) PUMA",SPA 2,DISTRICT 3,25691168.7744141,25174.0787608995
340,06037137402,2093,1529,0,564,0,0,0,Los Angeles - Woodland Hills,Los Angeles,03725,"Los Angeles County--LA City (Northwest/Canoga Park, Winnetka & Woodland Hills) PUMA",SPA 2,DISTRICT 3,32962543.3710938,29595.2683661497
341,06037137501,1991,687,18,1304,230,248,12.5,Los Angeles - Woodland Hills,Los Angeles,03725,"Los Angeles County--LA City (Northwest/Canoga Park, Winnetka & Woodland Hills) PUMA",SPA 2,DISTRICT 3,26943769.2617188,23995.9296652375
342,06037137502,1782,1322,31,460,36,67,3.8,Los Angeles - Woodland Hills,Los Angeles,03725,"Los Angeles County--LA City (Northwest/Canoga Park, Winnetka & Woodland Hills) PUMA",SPA 2,DISTRICT 3,22636804.9902344,19152.2853783936
343,06037137504,653,627,0,26,0,0,0,Los Angeles - Woodland Hills,Los Angeles,03725,"Los Angeles County--LA City (Northwest/Canoga Park, Winnetka & Woodland Hills) PUMA",SPA 2,DISTRICT 3,41307597.9609375,32235.0751355872
344,06037138000,1815,1599,0,216,13,13,0.7,Los Angeles - Woodland Hills,Los Angeles,03725,"Los Angeles County--LA City (Northwest/Canoga Park, Winnetka & Woodland Hills) PUMA",SPA 2,DISTRICT 3,48095915.7109375,30901.350877911
345,06037139001,2294,1142,54,1152,42,96,4.2,Los Angeles - Encino,Los Angeles,03724,Los Angeles County (Northwest)--LA City (Northwest/Encino & Tarzana) PUMA,SPA 2,DISTRICT 3,13388285.90625,17664.2359352349
346,06037139200,2299,1184,0,1115,80,80,3.5,Los Angeles - Encino,Los Angeles,03724,Los Angeles County (Northwest)--LA City (Northwest/Encino & Tarzana) PUMA,SPA 2,DISTRICT 3,12294716.8603516,13946.331678863
347,06037139301,1425,1202,36,223,0,36,2.5,Los Angeles - Tarzana,Los Angeles,03724,Los Angeles County (Northwest)--LA City (Northwest/Encino & Tarzana) PUMA,SPA 2,DISTRICT 3,30973897.546875,26880.7546057415
348,06037139302,2049,622,0,1427,139,139,6.8,Los Angeles - Tarzana,Los Angeles,03724,Los Angeles County (Northwest)--LA City (Northwest/Encino & Tarzana) PUMA,SPA 2,DISTRICT 3,3643948.11035156,7958.19252254428
349,06037139303,2225,572,7,1653,158,165,7.4,Los Angeles - Tarzana,Los Angeles,03724,Los Angeles County (Northwest)--LA City (Northwest/Encino & Tarzana) PUMA,SPA 2,DISTRICT 3,4472690.80761719,9037.00685287901
350,06037139401,1202,306,0,896,122,122,10.1,Los Angeles - Tarzana,Los Angeles,03724,Los Angeles County (Northwest)--LA City (Northwest/Encino & Tarzana) PUMA,SPA 2,DISTRICT 3,9822139.734375,12394.0925740617
351,06037139402,954,898,14,56,7,21,2.2,Los Angeles - Tarzana,Los Angeles,03724,Los Angeles County (Northwest)--LA City (Northwest/Encino & Tarzana) PUMA,SPA 2,DISTRICT 3,26588014.6230469,28064.7151234036
352,06037139502,1206,758,0,448,16,16,1.3,Los Angeles - Tarzana,Los Angeles,03724,Los Angeles County (Northwest)--LA City (Northwest/Encino & Tarzana) PUMA,SPA 2,DISTRICT 3,11171278.9462891,16552.0087761591
353,06037139504,1784,603,0,1181,130,130,7.3,Los Angeles - Encino,Los Angeles,03724,Los Angeles County (Northwest)--LA City (Northwest/Encino & Tarzana) PUMA,SPA 2,DISTRICT 3,3106944.37402344,8097.40473898368
354,06037139505,1582,279,0,1303,68,68,4.3,Los Angeles - Encino,Los Angeles,03724,Los Angeles County (Northwest)--LA City (Northwest/Encino & Tarzana) PUMA,SPA 2,DISTRICT 3,1814369.92089844,6640.62541235181
355,06037139506,1494,875,22,619,194,216,14.5,Los Angeles - Encino,Los Angeles,03724,Los Angeles County (Northwest)--LA City (Northwest/Encino & Tarzana) PUMA,SPA 2,DISTRICT 3,1968978.37011719,6279.62971378034
356,06037139600,2253,1183,0,1070,110,110,4.9,Los Angeles - Encino,Los Angeles,03724,Los Angeles County (Northwest)--LA City (Northwest/Encino & Tarzana) PUMA,SPA 2,DISTRICT 3,26656884.9990234,20667.9989987225
357,06037139701,2137,1523,0,614,0,0,0,Los Angeles - Encino,Los Angeles,03724,Los Angeles County (Northwest)--LA City (Northwest/Encino & Tarzana) PUMA,SPA 2,DISTRICT 3,36515454.0175781,32247.2788533101
358,06037139703,940,874,31,66,0,31,3.3,Los Angeles - Encino,Los Angeles,03724,Los Angeles County (Northwest)--LA City (Northwest/Encino & Tarzana) PUMA,SPA 2,DISTRICT 3,51244691.0175781,39235.5683485797
359,06037139704,1029,850,0,179,0,0,0,Los Angeles - Encino,Los Angeles,03724,Los Angeles County (Northwest)--LA City (Northwest/Encino & Tarzana) PUMA,SPA 2,DISTRICT 3,68328761.9189453,41865.0422952729
360,06037139705,1257,1208,0,49,0,0,0,Los Angeles - Encino,Los Angeles,03724,Los Angeles County (Northwest)--LA City (Northwest/Encino & Tarzana) PUMA,SPA 2,DISTRICT 3,32443765.4931641,36767.2281477462
361,06037139801,1212,1187,10,25,0,10,0.8,Los Angeles - Tarzana,Los Angeles,03724,Los Angeles County (Northwest)--LA City (Northwest/Encino & Tarzana) PUMA,SPA 2,DISTRICT 3,39346774.9746094,27312.5439980647
362,06037139802,1305,1185,0,120,0,0,0,Los Angeles - Tarzana,Los Angeles,03724,Los Angeles County (Northwest)--LA City (Northwest/Encino & Tarzana) PUMA,SPA 2,DISTRICT 3,64925627.0205078,45122.5643631619
363,06037141101,2625,695,0,1930,29,29,1.1,Los Angeles - Sherman Oaks,Los Angeles,03775,Los Angeles County (Central)--LA City (Central) PUMA,SPA 2,DISTRICT 3,8193900.1796875,11726.7847702116
364,06037141102,1321,413,8,908,22,30,2.3,Los Angeles - Sherman Oaks,Los Angeles,03775,Los Angeles County (Central)--LA City (Central) PUMA,SPA 2,DISTRICT 3,8406298.09960938,15221.9144665863
365,06037141201,2297,464,0,1833,28,28,1.2,Los Angeles - Sherman Oaks,Los Angeles,03775,Los Angeles County (Central)--LA City (Central) PUMA,SPA 2,DISTRICT 3,7585623.75390625,12063.4300094828
366,06037141202,1482,661,30,821,29,59,4,Los Angeles - Sherman Oaks,Los Angeles,03775,Los Angeles County (Central)--LA City (Central) PUMA,SPA 2,DISTRICT 3,7586999.07128906,12201.2663575115
367,06037141303,1609,301,0,1308,45,45,2.8,Los Angeles - Sherman Oaks,Los Angeles,03775,Los Angeles County (Central)--LA City (Central) PUMA,SPA 2,DISTRICT 3,2866040.82324219,7091.69827768989
368,06037141304,1547,723,16,824,0,16,1,Los Angeles - Sherman Oaks,Los Angeles,03775,Los Angeles County (Central)--LA City (Central) PUMA,SPA 2,DISTRICT 3,7478043.38867188,13831.5721769474
369,06037141305,1427,407,28,1020,17,45,3.2,Los Angeles - Sherman Oaks,Los Angeles,03775,Los Angeles County (Central)--LA City (Central) PUMA,SPA 2,DISTRICT 3,7457705.5859375,11405.6565332083
370,06037141306,1553,514,5,1039,0,5,0.3,Los Angeles - Sherman Oaks,Los Angeles,03775,Los Angeles County (Central)--LA City (Central) PUMA,SPA 2,DISTRICT 3,6502180.75390625,12090.4202292405
371,06037141400,2031,1156,0,875,139,139,6.8,Los Angeles - Encino,Los Angeles,03775,Los Angeles County (Central)--LA City (Central) PUMA,SPA 2,DISTRICT 3,21282786.3613281,19138.1707859807
372,06037141500,1114,1088,0,26,0,0,0,Los Angeles - Encino,Los Angeles,03775,Los Angeles County (Central)--LA City (Central) PUMA,SPA 2,DISTRICT 3,35510744.2060547,30210.0891309126
373,06037141600,1799,1635,0,164,0,0,0,Los Angeles - Sherman Oaks,Los Angeles,03775,Los Angeles County (Central)--LA City (Central) PUMA,SPA 2,DISTRICT 3,41998201.9121094,36001.9908702834
374,06037141700,1209,1087,8,122,0,8,0.7,Los Angeles - Sherman Oaks,Los Angeles,03775,Los Angeles County (Central)--LA City (Central) PUMA,SPA 2,DISTRICT 3,34862771.0283203,29123.6841448527
375,06037143101,1049,578,0,471,0,0,0,Los Angeles - Toluca Lake,Los Angeles,03775,Los Angeles County (Central)--LA City (Central) PUMA,SPA 2,DISTRICT 5,14595459.8183594,18180.4803184723
376,06037143102,1208,324,0,884,69,69,5.7,Los Angeles - Toluca Lake,Los Angeles,03775,Los Angeles County (Central)--LA City (Central) PUMA,SPA 2,DISTRICT 5,4280301.99707031,8421.64921585765
377,06037143200,2214,632,11,1582,109,120,5.4,Los Angeles - North Hollywood,Los Angeles,03775,Los Angeles County (Central)--LA City (Central) PUMA,SPA 2,DISTRICT 5,10324051.6152344,13964.3193257159
378,06037143301,1601,420,0,1181,232,232,14.5,Los Angeles - Valley Village,Los Angeles,03775,Los Angeles County (Central)--LA City (Central) PUMA,SPA 2,DISTRICT 5,6246513.16503906,13102.0914728316
379,06037143302,1638,766,0,872,50,50,3.1,Los Angeles - Studio City,Los Angeles,03775,Los Angeles County (Central)--LA City (Central) PUMA,SPA 2,DISTRICT 5,11156322.9550781,16033.1341734863
380,06037143401,2327,1039,18,1288,15,33,1.4,Los Angeles - Sherman Oaks,Los Angeles,03775,Los Angeles County (Central)--LA City (Central) PUMA,SPA 2,DISTRICT 3,11925107.3398438,14981.3754823318
381,06037143402,825,372,0,453,6,6,0.7,Los Angeles - Sherman Oaks,Los Angeles,03775,Los Angeles County (Central)--LA City (Central) PUMA,SPA 2,DISTRICT 5,6976291.47753906,10582.2707426471
382,06037143500,2500,1100,0,1400,0,0,0,Los Angeles - Sherman Oaks,Los Angeles,03775,Los Angeles County (Central)--LA City (Central) PUMA,SPA 2,DISTRICT 3,13476054.0634766,18716.3461138847
383,06037143602,2411,1002,38,1409,22,60,2.5,Los Angeles - Studio City,Los Angeles,03775,Los Angeles County (Central)--LA City (Central) PUMA,SPA 2,DISTRICT 5,13047779.1796875,16639.6765192414
384,06037143603,1386,451,0,935,18,18,1.3,Los Angeles - Studio City,Los Angeles,03775,Los Angeles County (Central)--LA City (Central) PUMA,SPA 2,DISTRICT 5,5679277.98632812,13392.9704317034
385,06037143605,1018,31,0,987,83,83,8.2,Los Angeles - North Hollywood,Los Angeles,03775,Los Angeles County (Central)--LA City (Central) PUMA,SPA 2,DISTRICT 5,3482395.36816406,8221.02397069591
386,06037143606,1061,30,0,1031,36,36,3.4,Los Angeles - Studio City,Los Angeles,03775,Los Angeles County (Central)--LA City (Central) PUMA,SPA 2,DISTRICT 5,2708680.70019531,12230.0250018481
387,06037143700,1937,1379,0,558,8,8,0.4,Los Angeles - Hollywood Hills,Los Angeles,03775,Los Angeles County (Central)--LA City (Central) PUMA,SPA 2,DISTRICT 5,35861483.3662109,33017.5147657438
388,06037143801,1426,835,13,591,20,33,2.3,Los Angeles - Studio City,Los Angeles,03775,Los Angeles County (Central)--LA City (Central) PUMA,SPA 2,DISTRICT 5,15629272.1484375,19472.91786871
389,06037143802,1064,539,0,525,54,54,5.1,Los Angeles - Studio City,Los Angeles,03775,Los Angeles County (Central)--LA City (Central) PUMA,SPA 2,DISTRICT 5,12100309.1142578,27469.4432876724
390,06037143901,1744,1558,0,186,21,21,1.2,Los Angeles - Studio City,Los Angeles,03775,Los Angeles County (Central)--LA City (Central) PUMA,SPA 2,DISTRICT 3,56864507.4433594,39622.022757937
391,06037143902,1416,681,0,735,27,27,1.9,Los Angeles - Sherman Oaks,Los Angeles,03775,Los Angeles County (Central)--LA City (Central) PUMA,SPA 2,DISTRICT 3,27090623.9375,30930.0888246839
392,06037181000,2103,1473,58,630,0,58,2.8,Los Angeles - Eagle Rock,Los Angeles,03735,"Los Angeles County--LA City (Mount Washington, Highland Park & Glassell Park) PUMA",SPA 4,DISTRICT 1,44487845.8886719,37021.9973279651
393,06037181300,1369,1005,12,364,111,123,9,Los Angeles - Eagle Rock,Los Angeles,03735,"Los Angeles County--LA City (Mount Washington, Highland Park & Glassell Park) PUMA",SPA 4,DISTRICT 1,15554030.6005859,20335.6806250867
394,06037181400,1587,642,15,945,126,141,8.9,Los Angeles - Eagle Rock,Los Angeles,03735,"Los Angeles County--LA City (Mount Washington, Highland Park & Glassell Park) PUMA",SPA 4,DISTRICT 1,9425603.984375,14270.2925060476
395,06037181500,1343,948,83,395,26,109,8.1,Los Angeles - Eagle Rock,Los Angeles,03735,"Los Angeles County--LA City (Mount Washington, Highland Park & Glassell Park) PUMA",SPA 4,DISTRICT 1,11760631.5507812,17618.1705531992
396,06037181600,1122,537,11,585,48,59,5.3,Los Angeles - Eagle Rock,Los Angeles,03735,"Los Angeles County--LA City (Mount Washington, Highland Park & Glassell Park) PUMA",SPA 4,DISTRICT 1,13301462.6181641,17265.3704111547
397,06037183101,1236,675,11,561,8,19,1.5,Los Angeles - Highland Park,Los Angeles,03735,"Los Angeles County--LA City (Mount Washington, Highland Park & Glassell Park) PUMA",SPA 4,DISTRICT 1,10625607.3818359,16425.5867822143
398,06037183103,1687,393,0,1294,178,178,10.6,Los Angeles - Highland Park,Los Angeles,03736,Los Angeles County (Central)--Alhambra & South Pasadena Cities PUMA,SPA 4,DISTRICT 1,7014860.78222656,19083.4185837829
399,06037183104,804,536,11,268,6,17,2.1,Los Angeles - Highland Park,Los Angeles,03736,Los Angeles County (Central)--Alhambra & South Pasadena Cities PUMA,SPA 4,DISTRICT 1,6971989.95410156,15336.667031516
400,06037183220,1081,634,94,447,102,196,18.1,Los Angeles - Highland Park,Los Angeles,03735,"Los Angeles County--LA City (Mount Washington, Highland Park & Glassell Park) PUMA",SPA 4,DISTRICT 1,5876177.58691406,12529.507768274
401,06037183221,1119,705,8,414,68,76,6.8,Los Angeles - Eagle Rock,Los Angeles,03735,"Los Angeles County--LA City (Mount Washington, Highland Park & Glassell Park) PUMA",SPA 4,DISTRICT 1,7556537.9453125,11919.8536876781
402,06037183222,1461,863,73,598,24,97,6.6,Los Angeles - Eagle Rock,Los Angeles,03735,"Los Angeles County--LA City (Mount Washington, Highland Park & Glassell Park) PUMA",SPA 4,DISTRICT 1,9912633.77636719,16250.9510129041
403,06037183300,1026,548,44,478,84,128,12.5,Los Angeles - Eagle Rock,Los Angeles,03735,"Los Angeles County--LA City (Mount Washington, Highland Park & Glassell Park) PUMA",SPA 4,DISTRICT 1,5867762.95996094,10062.9423976923
404,06037183401,840,404,32,436,38,70,8.3,Los Angeles - Eagle Rock,Los Angeles,03735,"Los Angeles County--LA City (Mount Washington, Highland Park & Glassell Park) PUMA",SPA 4,DISTRICT 1,5345312.25097656,10177.288661813
405,06037183402,1151,381,16,770,94,110,9.6,Los Angeles - Eagle Rock,Los Angeles,03735,"Los Angeles County--LA City (Mount Washington, Highland Park & Glassell Park) PUMA",SPA 4,DISTRICT 1,5718085.69140625,10796.4838890985
406,06037183510,758,506,18,252,27,45,5.9,Los Angeles - Highland Park,Los Angeles,03735,"Los Angeles County--LA City (Mount Washington, Highland Park & Glassell Park) PUMA",SPA 4,DISTRICT 1,5247157.92480469,10222.8511913483
407,06037183520,1157,391,23,766,238,261,22.6,Los Angeles - Highland Park,Los Angeles,03735,"Los Angeles County--LA City (Mount Washington, Highland Park & Glassell Park) PUMA",SPA 4,DISTRICT 1,4701623.37792969,9080.08819870513
408,06037183610,981,288,0,693,99,99,10.1,Los Angeles - Highland Park,Los Angeles,03735,"Los Angeles County--LA City (Mount Washington, Highland Park & Glassell Park) PUMA",SPA 4,DISTRICT 1,4014607.87988281,9658.3828351687
409,06037183620,1081,501,22,580,84,106,9.8,Los Angeles - Highland Park,Los Angeles,03735,"Los Angeles County--LA City (Mount Washington, Highland Park & Glassell Park) PUMA",SPA 4,DISTRICT 1,5605065.86425781,9297.11764462725
410,06037183701,1381,424,22,957,175,197,14.3,Los Angeles - Highland Park,Los Angeles,03735,"Los Angeles County--LA City (Mount Washington, Highland Park & Glassell Park) PUMA",SPA 4,DISTRICT 1,5759804.21777344,12281.5951828102
411,06037183702,1082,654,44,428,13,57,5.3,Los Angeles - Highland Park,Los Angeles,03735,"Los Angeles County--LA City (Mount Washington, Highland Park & Glassell Park) PUMA",SPA 4,DISTRICT 1,9523925.83007812,16581.584681846
412,06037183810,1658,298,0,1360,245,245,14.8,Los Angeles - Highland Park,Los Angeles,03735,"Los Angeles County--LA City (Mount Washington, Highland Park & Glassell Park) PUMA",SPA 4,DISTRICT 1,4841142.60351562,10223.4960089175
413,06037183820,1348,254,47,1094,160,207,15.4,Los Angeles - Highland Park,Los Angeles,03735,"Los Angeles County--LA City (Mount Washington, Highland Park & Glassell Park) PUMA",SPA 4,DISTRICT 1,3348929.88964844,10237.9949234576
414,06037185101,1044,364,0,680,95,95,9.1,Los Angeles - Mt. Washington,Los Angeles,03735,"Los Angeles County--LA City (Mount Washington, Highland Park & Glassell Park) PUMA",SPA 4,DISTRICT 1,8706525.77050781,16955.0863351171
415,06037185102,1437,1094,25,343,154,179,12.5,Los Angeles - Mt. Washington,Los Angeles,03735,"Los Angeles County--LA City (Mount Washington, Highland Park & Glassell Park) PUMA",SPA 4,DISTRICT 1,15985349.5,25631.9090608569
416,06037185202,1630,813,29,817,69,98,6,Los Angeles - Mt. Washington,Los Angeles,03735,"Los Angeles County--LA City (Mount Washington, Highland Park & Glassell Park) PUMA",SPA 4,DISTRICT 1,12953651.2880859,16276.4372387693
417,06037185203,848,366,19,482,68,87,10.3,Los Angeles - Mt. Washington,Los Angeles,03735,"Los Angeles County--LA City (Mount Washington, Highland Park & Glassell Park) PUMA",SPA 4,DISTRICT 1,5849752.77050781,11295.8601778054
418,06037185204,729,567,9,162,33,42,5.8,Los Angeles - Mt. Washington,Los Angeles,03735,"Los Angeles County--LA City (Mount Washington, Highland Park & Glassell Park) PUMA",SPA 4,DISTRICT 1,10302880.2265625,15511.1760502349
419,06037185310,865,281,55,584,163,218,25.2,Los Angeles - Mt. Washington,Los Angeles,03735,"Los Angeles County--LA City (Mount Washington, Highland Park & Glassell Park) PUMA",SPA 4,DISTRICT 1,4461616.79003906,11883.4177997546
420,06037185320,948,277,25,671,187,212,22.4,Los Angeles - Elysian Valley,Los Angeles,03735,"Los Angeles County--LA City (Mount Washington, Highland Park & Glassell Park) PUMA",SPA 4,DISTRICT 1,6087462.82910156,12706.7035625483
421,06037186100,1895,1065,43,830,23,66,3.5,Los Angeles - Glassell Park,Los Angeles,03735,"Los Angeles County--LA City (Mount Washington, Highland Park & Glassell Park) PUMA",SPA 4,DISTRICT 1,14320667.0576172,20971.2050959343
422,06037186201,1330,482,0,848,180,180,13.5,Los Angeles - Glassell Park,Los Angeles,03735,"Los Angeles County--LA City (Mount Washington, Highland Park & Glassell Park) PUMA",SPA 4,DISTRICT 1,5351061.55859375,11939.7315498087
423,06037186202,749,291,14,458,58,72,9.6,Los Angeles - Glassell Park,Los Angeles,03735,"Los Angeles County--LA City (Mount Washington, Highland Park & Glassell Park) PUMA",SPA 4,DISTRICT 1,4409673.76171875,10679.7400128687
424,06037186203,1063,829,0,234,22,22,2.1,Los Angeles - Glassell Park,Los Angeles,03735,"Los Angeles County--LA City (Mount Washington, Highland Park & Glassell Park) PUMA",SPA 4,DISTRICT 1,9091751.140625,15362.1566363143
425,06037186301,893,311,32,582,80,112,12.5,Los Angeles - Glassell Park,Los Angeles,03735,"Los Angeles County--LA City (Mount Washington, Highland Park & Glassell Park) PUMA",SPA 4,DISTRICT 1,12776944.5195312,17739.3686782584
426,06037186302,1929,1235,31,694,30,61,3.2,Los Angeles - Glassell Park,Los Angeles,03735,"Los Angeles County--LA City (Mount Washington, Highland Park & Glassell Park) PUMA",SPA 4,DISTRICT 1,18285264.5,17522.3625435708
427,06037186401,880,148,20,732,198,218,24.8,Los Angeles - Glassell Park,Los Angeles,03735,"Los Angeles County--LA City (Mount Washington, Highland Park & Glassell Park) PUMA",SPA 4,DISTRICT 1,10106492.3808594,17565.126756439
428,06037186403,759,294,27,465,126,153,20.2,Los Angeles - Glassell Park,Los Angeles,03735,"Los Angeles County--LA City (Mount Washington, Highland Park & Glassell Park) PUMA",SPA 4,DISTRICT 1,5905619.4609375,11856.8312511179
429,06037186404,792,185,0,607,79,79,10,Los Angeles - Glassell Park,Los Angeles,03735,"Los Angeles County--LA City (Mount Washington, Highland Park & Glassell Park) PUMA",SPA 4,DISTRICT 1,4294632.28417969,8708.29983939465
430,06037187101,1262,504,0,758,10,10,0.8,Los Angeles - Atwater Village,Los Angeles,03720,Los Angeles County (Central)--Burbank City PUMA,SPA 4,DISTRICT 1,8507022.06738281,12901.6611034835
431,06037187102,1552,522,92,1030,364,456,29.4,Los Angeles - Atwater Village,Los Angeles,03734,"Los Angeles County--LA City (East Central/Silver Lake, Echo Park & Westlake) PUMA",SPA 4,DISTRICT 1,23596010.8867188,38157.2988995561
432,06037187200,1116,362,41,754,144,185,16.6,Los Angeles - Silverlake,Los Angeles,03734,"Los Angeles County--LA City (East Central/Silver Lake, Echo Park & Westlake) PUMA",SPA 4,DISTRICT 1,10208347.6123047,15467.9991505992
433,06037187300,1679,735,18,944,0,18,1.1,Los Angeles - Silverlake,Los Angeles,03734,"Los Angeles County--LA City (East Central/Silver Lake, Echo Park & Westlake) PUMA",SPA 4,DISTRICT 1,12536144.28125,19422.4966928239
434,06037188100,1929,446,0,1483,152,152,7.9,Los Angeles - Atwater Village,Los Angeles,03720,Los Angeles County (Central)--Burbank City PUMA,SPA 4,DISTRICT 1,22637366.3564453,25920.7705215057
435,06037188201,1734,392,0,1342,87,87,5,Los Angeles - Los Feliz,Los Angeles,03732,Los Angeles County (Central)--LA City (East Central & Hollywood) PUMA,SPA 4,DISTRICT 5,8583557.41992188,16919.288348255
436,06037188202,1332,720,0,612,12,12,0.9,Los Angeles - Los Feliz,Los Angeles,03732,Los Angeles County (Central)--LA City (East Central & Hollywood) PUMA,SPA 4,DISTRICT 5,8229961.80371094,11771.437263471
437,06037188300,1359,637,20,722,93,113,8.3,Los Angeles - Atwater Village,Los Angeles,03720,Los Angeles County (Central)--Burbank City PUMA,SPA 4,DISTRICT 1,9856252.515625,12658.8491260419
438,06037189101,1263,268,0,995,8,8,0.6,Los Angeles - Los Feliz,Los Angeles,03732,Los Angeles County (Central)--LA City (East Central & Hollywood) PUMA,SPA 4,DISTRICT 5,4253714.87890625,8256.44807631349
439,06037189102,1970,390,0,1580,57,57,2.9,Los Angeles - Los Feliz,Los Angeles,03732,Los Angeles County (Central)--LA City (East Central & Hollywood) PUMA,SPA 4,DISTRICT 5,6967683.85644531,12043.4474649183
440,06037189201,1853,63,0,1790,126,126,6.8,Los Angeles - Los Feliz,Los Angeles,03732,Los Angeles County (Central)--LA City (East Central & Hollywood) PUMA,SPA 4,DISTRICT 5,3505959.96289062,7950.74294303156
441,06037189202,1420,635,0,785,90,90,6.3,Los Angeles - Los Feliz,Los Angeles,03732,Los Angeles County (Central)--LA City (East Central & Hollywood) PUMA,SPA 4,DISTRICT 5,11047491.5341797,16385.0998159843
442,06037189300,1357,1268,0,89,0,0,0,Los Angeles - Los Feliz,Los Angeles,03732,Los Angeles County (Central)--LA City (East Central & Hollywood) PUMA,SPA 4,DISTRICT 5,20696529.0478516,24716.013063872
443,06037189400,1552,773,0,779,12,12,0.8,Los Angeles - Hollywood Hills,Los Angeles,03732,Los Angeles County (Central)--LA City (East Central & Hollywood) PUMA,SPA 4,DISTRICT 5,15285582.96875,23778.8447108389
444,06037189501,1556,305,32,1251,26,58,3.7,Los Angeles - Hollywood Hills,Los Angeles,03732,Los Angeles County (Central)--LA City (East Central & Hollywood) PUMA,SPA 4,DISTRICT 5,3813715.46875,8060.05243188116
445,06037189502,1385,39,0,1346,22,22,1.6,Los Angeles - Hollywood Hills,Los Angeles,03732,Los Angeles County (Central)--LA City (East Central & Hollywood) PUMA,SPA 4,DISTRICT 5,2663615.68847656,6911.2631224815
446,06037189600,1917,705,0,1212,16,16,0.8,Los Angeles - Hollywood Hills,Los Angeles,03732,Los Angeles County (Central)--LA City (East Central & Hollywood) PUMA,SPA 4,DISTRICT 5,11519995.4716797,18443.2204674646
447,06037189702,1486,582,9,904,20,29,2,Los Angeles - Hollywood Hills,Los Angeles,03732,Los Angeles County (Central)--LA City (East Central & Hollywood) PUMA,SPA 4,DISTRICT 5,15611135.2470703,21204.1614990389
448,06037189703,1029,657,0,372,8,8,0.8,Los Angeles - Hollywood Hills,Los Angeles,03720,Los Angeles County (Central)--Burbank City PUMA,SPA 4,DISTRICT 5,35915346.7558594,39727.2882101947
449,06037189704,1180,400,0,780,85,85,7.2,Los Angeles - Hollywood Hills,Los Angeles,03720,Los Angeles County (Central)--Burbank City PUMA,SPA 4,DISTRICT 5,10990283.3173828,22790.0130177373
450,06037189801,1547,304,0,1243,0,0,0,Los Angeles - Hollywood,Los Angeles,03731,Los Angeles County (Central)--West Hollywood & Beverly Hills Cities PUMA,SPA 4,DISTRICT 3,4463681.05957031,9921.7726290104
451,06037189802,1080,398,0,682,38,38,3.5,Los Angeles - Hollywood,Los Angeles,03731,Los Angeles County (Central)--West Hollywood & Beverly Hills Cities PUMA,SPA 4,DISTRICT 3,3406635.76269531,7860.59029611097
452,06037189903,1666,555,0,1111,8,8,0.5,Los Angeles - Hollywood,Los Angeles,03731,Los Angeles County (Central)--West Hollywood & Beverly Hills Cities PUMA,SPA 4,DISTRICT 3,911051.431640625,4147.00210758648
453,06037189904,1543,49,0,1494,103,103,6.7,Los Angeles - Hollywood,Los Angeles,03731,Los Angeles County (Central)--West Hollywood & Beverly Hills Cities PUMA,SPA 4,DISTRICT 3,1717962.8828125,5282.02312452568
454,06037189905,1424,193,0,1231,153,153,10.7,Los Angeles - Hollywood,Los Angeles,03731,Los Angeles County (Central)--West Hollywood & Beverly Hills Cities PUMA,SPA 4,DISTRICT 3,2781419.36523438,6976.44020453267
455,06037189906,1519,150,0,1369,111,111,7.3,Los Angeles - Hollywood,Los Angeles,03731,Los Angeles County (Central)--West Hollywood & Beverly Hills Cities PUMA,SPA 4,DISTRICT 3,2180578.08984375,5942.97437750293
456,06037189907,1493,120,0,1373,76,76,5.1,Los Angeles - Hollywood,Los Angeles,03731,Los Angeles County (Central)--West Hollywood & Beverly Hills Cities PUMA,SPA 4,DISTRICT 3,1746386.85449219,5286.43351537856
457,06037190101,1328,0,0,1328,30,30,2.3,Los Angeles - Hollywood,Los Angeles,03732,Los Angeles County (Central)--LA City (East Central & Hollywood) PUMA,SPA 4,DISTRICT 3,2408241.57519531,6809.18958989731
458,06037190102,1451,37,0,1414,122,122,8.4,Los Angeles - Hollywood,Los Angeles,03732,Los Angeles County (Central)--LA City (East Central & Hollywood) PUMA,SPA 4,DISTRICT 3,4050001.58398438,8765.95076551733
459,06037190201,1612,0,0,1612,233,233,14.5,Los Angeles - Hollywood,Los Angeles,03732,Los Angeles County (Central)--LA City (East Central & Hollywood) PUMA,SPA 4,DISTRICT 3,2414858.99121094,6702.44816885464
460,06037190202,2244,0,0,2244,29,29,1.3,Los Angeles - Hollywood,Los Angeles,03732,Los Angeles County (Central)--LA City (East Central & Hollywood) PUMA,SPA 4,DISTRICT 3,2268287.30175781,6272.79405200615
461,06037190302,1117,161,0,956,200,200,17.9,Los Angeles - Hollywood,Los Angeles,03732,Los Angeles County (Central)--LA City (East Central & Hollywood) PUMA,SPA 4,DISTRICT 3,2672602.17480469,9399.48206179122
462,06037190303,1669,0,0,1669,77,77,4.6,Los Angeles - Hollywood,Los Angeles,03732,Los Angeles County (Central)--LA City (East Central & Hollywood) PUMA,SPA 4,DISTRICT 3,1758691.49609375,5299.04265439138
463,06037190401,1667,23,0,1644,165,165,9.9,Los Angeles - Thai Town,Los Angeles,03732,Los Angeles County (Central)--LA City (East Central & Hollywood) PUMA,SPA 4,DISTRICT 1,1794681.68945312,5352.33302216461
464,06037190402,1132,0,0,1132,89,89,7.9,Los Angeles - Thai Town,Los Angeles,03732,Los Angeles County (Central)--LA City (East Central & Hollywood) PUMA,SPA 4,DISTRICT 1,1703384.7421875,5220.90940821397
465,06037190510,1778,19,0,1759,406,406,22.8,Los Angeles - Hollywood,Los Angeles,03732,Los Angeles County (Central)--LA City (East Central & Hollywood) PUMA,SPA 4,DISTRICT 3,3431070.16699219,7980.84610719377
466,06037190520,1589,70,4,1519,151,155,9.8,Los Angeles - Thai Town,Los Angeles,03732,Los Angeles County (Central)--LA City (East Central & Hollywood) PUMA,SPA 4,DISTRICT 1,2623762.92285156,6611.87785647296
467,06037190701,829,14,0,815,124,124,15,Los Angeles - Hollywood,Los Angeles,03732,Los Angeles County (Central)--LA City (East Central & Hollywood) PUMA,SPA 4,DISTRICT 3,4762820.40820312,9891.51394364809
468,06037190702,829,140,0,689,20,20,2.4,Los Angeles - Hollywood,Los Angeles,03732,Los Angeles County (Central)--LA City (East Central & Hollywood) PUMA,SPA 4,DISTRICT 3,2152937.84667969,5909.26955895134
469,06037190801,1528,49,8,1479,132,140,9.2,Los Angeles - Hollywood,Los Angeles,03732,Los Angeles County (Central)--LA City (East Central & Hollywood) PUMA,SPA 4,DISTRICT 3,3489239.49511719,7925.24967117236
470,06037190802,1812,148,0,1664,73,73,4,Los Angeles - Hollywood,Los Angeles,03732,Los Angeles County (Central)--LA City (East Central & Hollywood) PUMA,SPA 4,DISTRICT 3,5239330.17578125,9249.60689915867
471,06037190901,1278,21,0,1257,408,408,31.9,Los Angeles - Hollywood,Los Angeles,03732,Los Angeles County (Central)--LA City (East Central & Hollywood) PUMA,SPA 4,DISTRICT 3,5276618.7890625,9290.71834794002
472,06037190902,1788,142,0,1646,125,125,7,Los Angeles - Hollywood,Los Angeles,03732,Los Angeles County (Central)--LA City (East Central & Hollywood) PUMA,SPA 4,DISTRICT 3,5241337.02929688,9256.95858505919
473,06037191000,3552,90,0,3462,183,183,5.2,Los Angeles - Hollywood,Los Angeles,03732,Los Angeles County (Central)--LA City (East Central & Hollywood) PUMA,SPA 4,DISTRICT 3,6889223.97460938,11150.1518229211
474,06037191110,1181,36,0,1145,143,143,12.1,Los Angeles - Little Armenia,Los Angeles,03732,Los Angeles County (Central)--LA City (East Central & Hollywood) PUMA,SPA 4,DISTRICT 1,2935720.39453125,7507.24580156376
475,06037191120,1618,80,0,1538,352,352,21.8,Los Angeles - Little Armenia,Los Angeles,03732,Los Angeles County (Central)--LA City (East Central & Hollywood) PUMA,SPA 4,DISTRICT 1,4086157.8984375,8372.94233226205
476,06037191201,1630,22,0,1608,262,262,16.1,Los Angeles - East Hollywood,Los Angeles,03732,Los Angeles County (Central)--LA City (East Central & Hollywood) PUMA,SPA 4,DISTRICT 1,6159725.84472656,9951.69980996438
477,06037191203,976,79,0,897,107,107,11,Los Angeles - East Hollywood,Los Angeles,03732,Los Angeles County (Central)--LA City (East Central & Hollywood) PUMA,SPA 4,DISTRICT 1,2208599.66992188,5985.08237543834
478,06037191204,774,83,0,691,126,126,16.3,Los Angeles - East Hollywood,Los Angeles,03732,Los Angeles County (Central)--LA City (East Central & Hollywood) PUMA,SPA 4,DISTRICT 1,2164393.90722656,5918.93087570397
479,06037191301,978,132,0,846,129,129,13.2,Los Angeles - East Hollywood,Los Angeles,03732,Los Angeles County (Central)--LA City (East Central & Hollywood) PUMA,SPA 4,DISTRICT 1,2907920.296875,8513.38324248765
480,06037191302,914,68,0,846,145,145,15.9,Los Angeles - East Hollywood,Los Angeles,03732,Los Angeles County (Central)--LA City (East Central & Hollywood) PUMA,SPA 4,DISTRICT 1,4550087.21875,9354.82907029394
481,06037191410,1405,78,0,1327,322,322,22.9,Los Angeles - East Hollywood,Los Angeles,03732,Los Angeles County (Central)--LA City (East Central & Hollywood) PUMA,SPA 4,DISTRICT 1,3351760.21289062,7438.532656185
482,06037191420,1006,189,76,817,111,187,18.6,Los Angeles - East Hollywood,Los Angeles,03732,Los Angeles County (Central)--LA City (East Central & Hollywood) PUMA,SPA 4,DISTRICT 1,2445287.12988281,6614.89832798562
483,06037191500,1840,226,29,1614,495,524,28.5,Los Angeles - East Hollywood,Los Angeles,03732,Los Angeles County (Central)--LA City (East Central & Hollywood) PUMA,SPA 4,DISTRICT 1,6905239.58496094,10328.2987872832
484,06037191610,1449,116,0,1333,247,247,17,Los Angeles - Melrose,Los Angeles,03732,Los Angeles County (Central)--LA City (East Central & Hollywood) PUMA,SPA 4,DISTRICT 3,4516286.84179688,9408.17229951922
485,06037191620,937,12,0,925,329,329,35.1,Los Angeles - Melrose,Los Angeles,03732,Los Angeles County (Central)--LA City (East Central & Hollywood) PUMA,SPA 4,DISTRICT 3,2444942.71679688,7017.07023506562
486,06037191710,1180,80,0,1100,219,219,18.6,Los Angeles - Melrose,Los Angeles,03732,Los Angeles County (Central)--LA City (East Central & Hollywood) PUMA,SPA 4,DISTRICT 3,7626990.08886719,13208.8876635601
487,06037191720,1415,69,8,1346,441,449,31.7,Los Angeles - Melrose,Los Angeles,03732,Los Angeles County (Central)--LA City (East Central & Hollywood) PUMA,SPA 4,DISTRICT 3,2845246.79785156,6946.24306134834
488,06037191810,1218,8,0,1210,197,197,16.2,Los Angeles - Melrose,Los Angeles,03732,Los Angeles County (Central)--LA City (East Central & Hollywood) PUMA,SPA 4,DISTRICT 3,4350542.83886719,9234.40157707981
489,06037191820,1940,168,0,1772,43,43,2.2,Los Angeles - Melrose,Los Angeles,03732,Los Angeles County (Central)--LA City (East Central & Hollywood) PUMA,SPA 4,DISTRICT 3,4356906.609375,9240.00148734577
490,06037191901,2552,105,0,2447,212,212,8.3,Los Angeles - Melrose,Los Angeles,03732,Los Angeles County (Central)--LA City (East Central & Hollywood) PUMA,SPA 4,DISTRICT 3,8323469.15429688,11867.2003955581
491,06037191902,1519,762,10,757,0,10,0.7,Los Angeles - Melrose,Los Angeles,03732,Los Angeles County (Central)--LA City (East Central & Hollywood) PUMA,SPA 4,DISTRICT 3,7818582.62207031,11569.0889313922
492,06037192001,1169,356,0,813,57,57,4.9,Los Angeles - Melrose,Los Angeles,03731,Los Angeles County (Central)--West Hollywood & Beverly Hills Cities PUMA,SPA 4,DISTRICT 3,5713103.45605469,11592.6005998075
493,06037192002,1468,733,2,735,5,7,0.5,Los Angeles - Melrose,Los Angeles,03731,Los Angeles County (Central)--West Hollywood & Beverly Hills Cities PUMA,SPA 4,DISTRICT 3,9235679.09375,12792.8321144249
494,06037192300,1459,359,7,1100,10,17,1.2,Los Angeles - Melrose,Los Angeles,03732,Los Angeles County (Central)--LA City (East Central & Hollywood) PUMA,SPA 4,DISTRICT 3,9456391.30957031,12470.492935412
495,06037192410,1932,767,0,1165,54,54,2.8,Los Angeles - Melrose,Los Angeles,03732,Los Angeles County (Central)--LA City (East Central & Hollywood) PUMA,SPA 4,DISTRICT 3,7360397.04882812,10853.8182051735
496,06037192420,1462,265,0,1197,12,12,0.8,Los Angeles - Melrose,Los Angeles,03732,Los Angeles County (Central)--LA City (East Central & Hollywood) PUMA,SPA 4,DISTRICT 3,3494225.73046875,7935.29977936247
497,06037192510,1325,161,0,1164,278,278,21,Los Angeles - Melrose,Los Angeles,03732,Los Angeles County (Central)--LA City (East Central & Hollywood) PUMA,SPA 4,DISTRICT 3,3676140.21191406,8083.39956535116
498,06037192520,1653,180,33,1473,495,528,31.9,Los Angeles - Melrose,Los Angeles,03732,Los Angeles County (Central)--LA City (East Central & Hollywood) PUMA,SPA 4,DISTRICT 3,3307624.68457031,7772.37119099684
499,06037192610,1572,36,0,1536,341,341,21.7,Los Angeles - Melrose,Los Angeles,03732,Los Angeles County (Central)--LA City (East Central & Hollywood) PUMA,SPA 4,DISTRICT 3,4469513.86328125,9148.52475212265
500,06037192620,1293,34,7,1259,500,507,39.2,Los Angeles - Melrose,Los Angeles,03732,Los Angeles County (Central)--LA City (East Central & Hollywood) PUMA,SPA 4,DISTRICT 3,2621300.11328125,7268.85174507516
501,06037192700,1314,107,10,1207,189,199,15.1,Los Angeles - Silverlake,Los Angeles,03732,Los Angeles County (Central)--LA City (East Central & Hollywood) PUMA,SPA 4,DISTRICT 1,5724699.93261719,9589.30939665303
502,06037194101,1844,566,9,1278,22,31,1.7,Los Angeles - Hollywood Hills,Los Angeles,03731,Los Angeles County (Central)--West Hollywood & Beverly Hills Cities PUMA,SPA 4,DISTRICT 3,27187312.7382812,31077.4642252063
503,06037194102,1272,886,0,386,0,0,0,Los Angeles - Hollywood Hills,Los Angeles,03731,Los Angeles County (Central)--West Hollywood & Beverly Hills Cities PUMA,SPA 4,DISTRICT 3,37644811.9111328,34914.3496972076
504,06037194200,1725,1195,70,530,0,70,4.1,Los Angeles - Hollywood,Los Angeles,03731,Los Angeles County (Central)--West Hollywood & Beverly Hills Cities PUMA,SPA 4,DISTRICT 3,28371809.1337891,25984.1925096391
505,06037194300,1376,1097,0,279,0,0,0,Los Angeles - Hollywood,Los Angeles,03731,Los Angeles County (Central)--West Hollywood & Beverly Hills Cities PUMA,SPA 4,DISTRICT 3,26320891.9980469,31154.6552995343
506,06037194401,1497,230,0,1267,7,7,0.5,Los Angeles - Melrose,Los Angeles,03731,Los Angeles County (Central)--West Hollywood & Beverly Hills Cities PUMA,SPA 4,DISTRICT 3,5144967.59472656,9246.62244740768
507,06037194402,2250,666,0,1584,15,15,0.7,Los Angeles - Melrose,Los Angeles,03731,Los Angeles County (Central)--West Hollywood & Beverly Hills Cities PUMA,SPA 4,DISTRICT 3,6332724.99121094,14182.148847186
508,06037194500,1034,393,0,641,0,0,0,Los Angeles - Melrose,Los Angeles,03730,Los Angeles County (West Central)--LA City (Central/Hancock Park & Mid-Wilshire) PUMA,SPA 4,DISTRICT 3,7280924.6484375,14479.326475019
509,06037195100,2278,1668,0,610,0,0,0,Los Angeles - Silverlake,Los Angeles,03734,"Los Angeles County--LA City (East Central/Silver Lake, Echo Park & Westlake) PUMA",SPA 4,DISTRICT 1,20429669.7529297,21095.9411243154
510,06037195201,1681,416,0,1265,20,20,1.2,Los Angeles - Silverlake,Los Angeles,03734,"Los Angeles County--LA City (East Central/Silver Lake, Echo Park & Westlake) PUMA",SPA 4,DISTRICT 1,6368635.56835938,13707.9388451114
511,06037195202,1483,813,0,670,6,6,0.4,Los Angeles - Silverlake,Los Angeles,03734,"Los Angeles County--LA City (East Central/Silver Lake, Echo Park & Westlake) PUMA",SPA 4,DISTRICT 1,9353182.34863281,14469.4128599909
512,06037195300,1569,308,6,1261,100,106,6.8,Los Angeles - Silverlake,Los Angeles,03734,"Los Angeles County--LA City (East Central/Silver Lake, Echo Park & Westlake) PUMA",SPA 4,DISTRICT 1,6250872.875,11069.9976189832
513,06037195400,2358,996,25,1362,29,54,2.3,Los Angeles - Silverlake,Los Angeles,03734,"Los Angeles County--LA City (East Central/Silver Lake, Echo Park & Westlake) PUMA",SPA 4,DISTRICT 1,11004447.9023438,16123.4260052999
514,06037195500,2497,1107,12,1390,48,60,2.4,Los Angeles - Silverlake,Los Angeles,03734,"Los Angeles County--LA City (East Central/Silver Lake, Echo Park & Westlake) PUMA",SPA 4,DISTRICT 1,13176340.5117188,19076.4655054197
515,06037195600,1165,375,12,790,212,224,19.2,Los Angeles - Silverlake,Los Angeles,03734,"Los Angeles County--LA City (East Central/Silver Lake, Echo Park & Westlake) PUMA",SPA 4,DISTRICT 1,5712449.19140625,10997.0019570867
516,06037195710,1468,204,7,1264,228,235,16,Los Angeles - Temple-Beaudry,Los Angeles,03734,"Los Angeles County--LA City (East Central/Silver Lake, Echo Park & Westlake) PUMA",SPA 4,DISTRICT 1,5191898.31445312,9745.63851058382
517,06037195720,903,148,0,755,82,82,9.1,Los Angeles - Temple-Beaudry,Los Angeles,03734,"Los Angeles County--LA City (East Central/Silver Lake, Echo Park & Westlake) PUMA",SPA 4,DISTRICT 1,3066937.56542969,8340.67813282633
518,06037195802,1075,250,19,825,168,187,17.4,Los Angeles - Temple-Beaudry,Los Angeles,03734,"Los Angeles County--LA City (East Central/Silver Lake, Echo Park & Westlake) PUMA",SPA 4,DISTRICT 1,4339915.38378906,9929.58345023761
519,06037195803,1137,211,13,926,47,60,5.3,Los Angeles - Temple-Beaudry,Los Angeles,03734,"Los Angeles County--LA City (East Central/Silver Lake, Echo Park & Westlake) PUMA",SPA 4,DISTRICT 1,4074104.69238281,9002.19097885499
520,06037195804,1123,227,17,896,96,113,10.1,Los Angeles - Temple-Beaudry,Los Angeles,03734,"Los Angeles County--LA City (East Central/Silver Lake, Echo Park & Westlake) PUMA",SPA 4,DISTRICT 1,3621295.05957031,7702.75488410233
521,06037195901,1191,201,0,990,71,71,6,Los Angeles - Silverlake,Los Angeles,03734,"Los Angeles County--LA City (East Central/Silver Lake, Echo Park & Westlake) PUMA",SPA 4,DISTRICT 1,3202249.17675781,7990.10712354047
522,06037195902,1042,393,8,649,0,8,0.8,Los Angeles - Silverlake,Los Angeles,03734,"Los Angeles County--LA City (East Central/Silver Lake, Echo Park & Westlake) PUMA",SPA 4,DISTRICT 1,3659706.81347656,8148.27261328278
523,06037195903,880,174,28,706,120,148,16.8,Los Angeles - Silverlake,Los Angeles,03734,"Los Angeles County--LA City (East Central/Silver Lake, Echo Park & Westlake) PUMA",SPA 4,DISTRICT 1,2562836.43457031,6617.88389427603
524,06037197200,1188,550,64,638,86,150,12.6,Los Angeles - Elysian Valley,Los Angeles,03734,"Los Angeles County--LA City (East Central/Silver Lake, Echo Park & Westlake) PUMA",SPA 4,DISTRICT 1,8269214.29003906,14770.2774968434
525,06037197300,1876,590,8,1286,91,99,5.3,Los Angeles - Echo Park,Los Angeles,03734,"Los Angeles County--LA City (East Central/Silver Lake, Echo Park & Westlake) PUMA",SPA 4,DISTRICT 1,6852110.82421875,14683.5379831986
526,06037197410,1720,930,74,790,0,74,4.3,Los Angeles - Elysian Valley,Los Angeles,03734,"Los Angeles County--LA City (East Central/Silver Lake, Echo Park & Westlake) PUMA",SPA 4,DISTRICT 1,15137990.1494141,17722.8155220133
527,06037197420,1645,562,18,1083,96,114,6.9,Los Angeles - Echo Park,Los Angeles,03734,"Los Angeles County--LA City (East Central/Silver Lake, Echo Park & Westlake) PUMA",SPA 4,DISTRICT 1,6730599.8203125,11427.5027046846
528,06037197500,1820,187,6,1633,128,134,7.4,Los Angeles - Echo Park,Los Angeles,03734,"Los Angeles County--LA City (East Central/Silver Lake, Echo Park & Westlake) PUMA",SPA 4,DISTRICT 1,6902873.41308594,10403.6362574669
529,06037197600,954,150,8,804,75,83,8.7,Los Angeles - Angelino Heights,Los Angeles,03734,"Los Angeles County--LA City (East Central/Silver Lake, Echo Park & Westlake) PUMA",SPA 4,DISTRICT 1,4202856.38574219,10384.6727931567
530,06037197700,2303,353,0,1950,232,232,10.1,Los Angeles - Elysian Park,Los Angeles,03734,"Los Angeles County--LA City (East Central/Silver Lake, Echo Park & Westlake) PUMA",SPA 4,DISTRICT 1,7501648.42382812,13682.1795747809
531,06037199001,760,72,32,688,116,148,19.5,Los Angeles - Lincoln Heights,Los Angeles,03744,Los Angeles County (Central)--LA City (East Central/Central City & Boyle Heights) PUMA,SPA 4,DISTRICT 1,2823804.40527344,7991.53859760904
532,06037199002,1160,375,92,785,212,304,26.2,Los Angeles - Lincoln Heights,Los Angeles,03744,Los Angeles County (Central)--LA City (East Central/Central City & Boyle Heights) PUMA,SPA 4,DISTRICT 1,14198792.2441406,20599.8767959388
533,06037199110,756,489,43,267,79,122,16.1,Los Angeles - Lincoln Heights,Los Angeles,03735,"Los Angeles County--LA City (Mount Washington, Highland Park & Glassell Park) PUMA",SPA 4,DISTRICT 1,9922795.95703125,13487.5962274019
534,06037199120,1115,240,0,875,191,191,17.1,Los Angeles - Lincoln Heights,Los Angeles,03735,"Los Angeles County--LA City (Mount Washington, Highland Park & Glassell Park) PUMA",SPA 4,DISTRICT 1,10321810.9472656,16433.6731862147
535,06037199201,1245,232,5,1013,310,315,25.3,Los Angeles - Lincoln Heights,Los Angeles,03735,"Los Angeles County--LA City (Mount Washington, Highland Park & Glassell Park) PUMA",SPA 4,DISTRICT 1,4272769.64257812,8743.48685208119
536,06037199202,899,531,61,368,36,97,10.8,Los Angeles - Lincoln Heights,Los Angeles,03735,"Los Angeles County--LA City (Mount Washington, Highland Park & Glassell Park) PUMA",SPA 4,DISTRICT 1,10226808.8300781,17514.7836097542
537,06037199300,1260,808,0,452,76,76,6,Los Angeles - Lincoln Heights,Los Angeles,03735,"Los Angeles County--LA City (Mount Washington, Highland Park & Glassell Park) PUMA",SPA 4,DISTRICT 1,27702514.6113281,30706.0342115944
538,06037199400,1481,364,37,1117,264,301,20.3,Los Angeles - Mt. Washington,Los Angeles,03735,"Los Angeles County--LA City (Mount Washington, Highland Park & Glassell Park) PUMA",SPA 4,DISTRICT 1,7701478.98925781,16528.4896986836
539,06037199700,1308,265,44,1043,164,208,15.9,Los Angeles - Wholesale District,Los Angeles,03744,Los Angeles County (Central)--LA City (East Central/Central City & Boyle Heights) PUMA,SPA 4,DISTRICT 1,10422168.4755859,13809.8651299389
540,06037199801,910,258,103,652,248,351,38.6,Los Angeles - Lincoln Heights,Los Angeles,03744,Los Angeles County (Central)--LA City (East Central/Central City & Boyle Heights) PUMA,SPA 4,DISTRICT 1,3724072.40917969,9459.37043656077
541,06037199802,609,169,14,440,113,127,20.9,Los Angeles - Lincoln Heights,Los Angeles,03744,Los Angeles County (Central)--LA City (East Central/Central City & Boyle Heights) PUMA,SPA 4,DISTRICT 1,3296098.00488281,8868.72874088635
542,06037199900,866,149,17,717,202,219,25.3,Los Angeles - Lincoln Heights,Los Angeles,03744,Los Angeles County (Central)--LA City (East Central/Central City & Boyle Heights) PUMA,SPA 4,DISTRICT 1,4770549.03808594,10143.1661244482
543,06037201110,783,480,16,303,36,52,6.6,Los Angeles - El Sereno,Los Angeles,03735,"Los Angeles County--LA City (Mount Washington, Highland Park & Glassell Park) PUMA",SPA 4,DISTRICT 1,11045738.8681641,15918.1418525526
544,06037201120,1404,570,29,834,97,126,9,Los Angeles - El Sereno,Los Angeles,03735,"Los Angeles County--LA City (Mount Washington, Highland Park & Glassell Park) PUMA",SPA 4,DISTRICT 1,8477218.32519531,13504.8491841658
545,06037201200,768,373,24,395,112,136,17.7,Los Angeles - El Sereno,Los Angeles,03735,"Los Angeles County--LA City (Mount Washington, Highland Park & Glassell Park) PUMA",SPA 4,DISTRICT 1,4558854.55957031,10233.7587466683
546,06037201301,1085,525,53,560,167,220,20.3,Los Angeles - El Sereno,Los Angeles,03735,"Los Angeles County--LA City (Mount Washington, Highland Park & Glassell Park) PUMA",SPA 4,DISTRICT 1,9414115.61425781,18595.2485948841
547,06037201302,1983,1564,13,419,0,13,0.7,Los Angeles - Highland Park,Los Angeles,03735,"Los Angeles County--LA City (Mount Washington, Highland Park & Glassell Park) PUMA",SPA 4,DISTRICT 1,10671839.8291016,14894.6591511856
548,06037201401,1392,553,45,839,105,150,10.8,Los Angeles - El Sereno,Los Angeles,03735,"Los Angeles County--LA City (Mount Washington, Highland Park & Glassell Park) PUMA",SPA 4,DISTRICT 1,14162574.6494141,15449.6816432755
549,06037201402,1411,1033,36,378,13,49,3.5,Los Angeles - El Sereno,Los Angeles,03735,"Los Angeles County--LA City (Mount Washington, Highland Park & Glassell Park) PUMA",SPA 4,DISTRICT 1,20831390.0927734,18870.4940001136
550,06037201501,1576,763,102,813,160,262,16.6,Los Angeles - El Sereno,Los Angeles,03735,"Los Angeles County--LA City (Mount Washington, Highland Park & Glassell Park) PUMA",SPA 4,DISTRICT 1,9520405.25488281,14185.012935167
551,06037201503,969,332,0,637,162,162,16.7,Los Angeles - El Sereno,Los Angeles,03735,"Los Angeles County--LA City (Mount Washington, Highland Park & Glassell Park) PUMA",SPA 4,DISTRICT 1,4712815.10644531,9121.09741026495
552,06037201504,571,307,60,264,78,138,24.2,Los Angeles - El Sereno,Los Angeles,03735,"Los Angeles County--LA City (Mount Washington, Highland Park & Glassell Park) PUMA",SPA 4,DISTRICT 1,3937416.74609375,9476.60474548695
553,06037201601,689,454,20,235,66,86,12.5,Los Angeles - El Sereno,Los Angeles,03735,"Los Angeles County--LA City (Mount Washington, Highland Park & Glassell Park) PUMA",SPA 4,DISTRICT 1,5989415.21972656,10927.9570586554
554,06037201602,720,372,25,348,44,69,9.6,Los Angeles - El Sereno,Los Angeles,03735,"Los Angeles County--LA City (Mount Washington, Highland Park & Glassell Park) PUMA",SPA 4,DISTRICT 1,11481000.8183594,18567.3134635276
555,06037201700,1500,773,20,727,112,132,8.8,Los Angeles - University Hills,Los Angeles,03735,"Los Angeles County--LA City (Mount Washington, Highland Park & Glassell Park) PUMA",SPA 4,DISTRICT 1,18232338.0341797,20621.9104434742
556,06037203100,1277,151,31,1126,242,273,21.4,Los Angeles - Boyle Heights,Los Angeles,03744,Los Angeles County (Central)--LA City (East Central/Central City & Boyle Heights) PUMA,SPA 4,DISTRICT 1,7129760.44628906,11829.8387426551
557,06037203200,1229,316,36,913,321,357,29,Los Angeles - Boyle Heights,Los Angeles,03744,Los Angeles County (Central)--LA City (East Central/Central City & Boyle Heights) PUMA,SPA 4,DISTRICT 1,5493852.84863281,10209.5367629214
558,06037203300,537,65,8,472,28,36,6.7,Los Angeles - Boyle Heights,Los Angeles,03744,Los Angeles County (Central)--LA City (East Central/Central City & Boyle Heights) PUMA,SPA 4,DISTRICT 1,15982087.6044922,15584.546498321
559,06037203500,933,263,15,670,115,130,13.9,Los Angeles - Wholesale District,Los Angeles,03744,Los Angeles County (Central)--LA City (East Central/Central City & Boyle Heights) PUMA,SPA 4,DISTRICT 1,17909268.9921875,18804.4451609463
560,06037203601,800,111,29,689,208,237,29.6,Los Angeles - Boyle Heights,Los Angeles,03744,Los Angeles County (Central)--LA City (East Central/Central City & Boyle Heights) PUMA,SPA 4,DISTRICT 1,3595039.35449219,12438.0890955953
561,06037203602,588,151,13,437,150,163,27.7,Los Angeles - Boyle Heights,Los Angeles,03744,Los Angeles County (Central)--LA City (East Central/Central City & Boyle Heights) PUMA,SPA 4,DISTRICT 1,2435425.89941406,6781.72929648126
562,06037203710,821,198,38,623,247,285,34.7,Los Angeles - Boyle Heights,Los Angeles,03744,Los Angeles County (Central)--LA City (East Central/Central City & Boyle Heights) PUMA,SPA 4,DISTRICT 1,3036004.49316406,7623.76956130128
563,06037203720,979,356,104,623,191,295,30.1,Los Angeles - Boyle Heights,Los Angeles,03744,Los Angeles County (Central)--LA City (East Central/Central City & Boyle Heights) PUMA,SPA 4,DISTRICT 1,3456037.15039062,7965.70472688737
564,06037203800,1262,428,62,834,248,310,24.6,Los Angeles - Boyle Heights,Los Angeles,03744,Los Angeles County (Central)--LA City (East Central/Central City & Boyle Heights) PUMA,SPA 4,DISTRICT 1,5236864.81054688,9426.86754034153
565,06037203900,691,293,0,398,138,138,20,Los Angeles - Boyle Heights,Los Angeles,03744,Los Angeles County (Central)--LA City (East Central/Central City & Boyle Heights) PUMA,SPA 4,DISTRICT 1,4820090.24609375,12063.9576814345
566,06037204110,835,272,38,563,123,161,19.3,Los Angeles - Boyle Heights,Los Angeles,03744,Los Angeles County (Central)--LA City (East Central/Central City & Boyle Heights) PUMA,SPA 4,DISTRICT 1,6496472.17773438,10204.5583585122
567,06037204120,698,267,29,431,63,92,13.2,Los Angeles - Boyle Heights,Los Angeles,03744,Los Angeles County (Central)--LA City (East Central/Central City & Boyle Heights) PUMA,SPA 4,DISTRICT 1,2822329.90722656,6970.21886406148
568,06037204200,1099,161,43,938,270,313,28.5,Los Angeles - Boyle Heights,Los Angeles,03744,Los Angeles County (Central)--LA City (East Central/Central City & Boyle Heights) PUMA,SPA 4,DISTRICT 1,3242304.56152344,7623.72000741211
569,06037204300,1282,374,21,908,215,236,18.4,Los Angeles - Boyle Heights,Los Angeles,03744,Los Angeles County (Central)--LA City (East Central/Central City & Boyle Heights) PUMA,SPA 4,DISTRICT 1,6926324.35253906,10887.9439368571
570,06037204410,645,103,3,542,137,140,21.7,Los Angeles - Boyle Heights,Los Angeles,03744,Los Angeles County (Central)--LA City (East Central/Central City & Boyle Heights) PUMA,SPA 4,DISTRICT 1,3196300.50976562,7592.63523585788
571,06037204420,864,28,0,836,328,328,38,Los Angeles - Boyle Heights,Los Angeles,03744,Los Angeles County (Central)--LA City (East Central/Central City & Boyle Heights) PUMA,SPA 4,DISTRICT 1,3252548.9296875,7655.3609356592
572,06037204600,1112,167,25,945,254,279,25.1,Los Angeles - Boyle Heights,Los Angeles,03744,Los Angeles County (Central)--LA City (East Central/Central City & Boyle Heights) PUMA,SPA 4,DISTRICT 1,6201503.57421875,12222.7794149343
573,06037204700,1223,557,183,666,231,414,33.9,Los Angeles - Boyle Heights,Los Angeles,03744,Los Angeles County (Central)--LA City (East Central/Central City & Boyle Heights) PUMA,SPA 4,DISTRICT 1,10907341.9648438,13331.3947089082
574,06037204810,1420,418,29,1002,398,427,30.1,Los Angeles - Boyle Heights,Los Angeles,03744,Los Angeles County (Central)--LA City (East Central/Central City & Boyle Heights) PUMA,SPA 4,DISTRICT 1,8327874.85253906,11953.5851337676
575,06037204820,554,260,44,294,80,124,22.4,Los Angeles - Boyle Heights,Los Angeles,03744,Los Angeles County (Central)--LA City (East Central/Central City & Boyle Heights) PUMA,SPA 4,DISTRICT 1,3446598.2109375,8345.43229721318
576,06037204910,900,219,16,681,136,152,16.9,Los Angeles - Boyle Heights,Los Angeles,03744,Los Angeles County (Central)--LA City (East Central/Central City & Boyle Heights) PUMA,SPA 4,DISTRICT 1,5538587.00390625,9616.36843352478
577,06037204920,659,273,35,386,96,131,19.9,Los Angeles - Boyle Heights,Los Angeles,03744,Los Angeles County (Central)--LA City (East Central/Central City & Boyle Heights) PUMA,SPA 4,DISTRICT 1,9771891.21191406,12570.5442371807
578,06037205110,853,0,0,853,360,360,42.2,Los Angeles - Boyle Heights,Los Angeles,03744,Los Angeles County (Central)--LA City (East Central/Central City & Boyle Heights) PUMA,SPA 4,DISTRICT 1,2955987.51074219,9068.87739790846
579,06037205120,942,70,50,872,55,105,11.1,Los Angeles - Boyle Heights,Los Angeles,03744,Los Angeles County (Central)--LA City (East Central/Central City & Boyle Heights) PUMA,SPA 4,DISTRICT 1,15642525.4541016,19219.3464787729
580,06037206010,1593,76,0,1517,169,169,10.6,Los Angeles - Wholesale District,Los Angeles,03744,Los Angeles County (Central)--LA City (East Central/Central City & Boyle Heights) PUMA,SPA 4,DISTRICT 1,15664303.6494141,20429.5775159163
581,06037206020,280,0,0,280,8,8,2.9,Los Angeles - Wholesale District,Los Angeles,03744,Los Angeles County (Central)--LA City (East Central/Central City & Boyle Heights) PUMA,SPA 4,DISTRICT 1,9395516.09570312,11938.4941582968
582,06037206050,755,13,13,742,81,94,12.5,Los Angeles - Wholesale District,Los Angeles,03744,Los Angeles County (Central)--LA City (East Central/Central City & Boyle Heights) PUMA,SPA 4,DISTRICT 1,19182938.9365234,25485.4861366237
583,06037206051,1132,365,14,767,179,193,17,Los Angeles - Wholesale District,Los Angeles,03744,Los Angeles County (Central)--LA City (East Central/Central City & Boyle Heights) PUMA,SPA 4,DISTRICT 1,40408448.7128906,29476.051061165
584,06037206052,1938,210,8,1728,259,267,13.8,Los Angeles - Wholesale District,Los Angeles,03744,Los Angeles County (Central)--LA City (East Central/Central City & Boyle Heights) PUMA,SPA 4,DISTRICT 1,9776837.64550781,13446.5241957748
585,06037206053,989,92,21,897,216,237,24,Los Angeles - Wholesale District,Los Angeles,03744,Los Angeles County (Central)--LA City (East Central/Central City & Boyle Heights) PUMA,SPA 4,DISTRICT 1,6331705.98730469,10803.1115464569
586,06037206054,629,44,0,585,52,52,8.3,Los Angeles - Wholesale District,Los Angeles,03744,Los Angeles County (Central)--LA City (East Central/Central City & Boyle Heights) PUMA,SPA 4,DISTRICT 1,4489572.38574219,9279.05272560814
587,06037206201,1266,102,0,1164,67,67,5.3,Los Angeles - Little Tokyo,Los Angeles,03744,Los Angeles County (Central)--LA City (East Central/Central City & Boyle Heights) PUMA,SPA 4,DISTRICT 1,2157433.18457031,6937.10326272804
588,06037206202,1096,135,0,961,141,141,12.9,Los Angeles - Little Tokyo,Los Angeles,03744,Los Angeles County (Central)--LA City (East Central/Central City & Boyle Heights) PUMA,SPA 4,DISTRICT 1,4112816.94042969,9645.2385890437
589,06037206301,1228,15,0,1213,12,12,1,Los Angeles - Wholesale District,Los Angeles,03744,Los Angeles County (Central)--LA City (East Central/Central City & Boyle Heights) PUMA,SPA 4,DISTRICT 1,1467221.05664062,4941.841548984
590,06037206302,634,0,0,634,29,29,4.6,Los Angeles - Wholesale District,Los Angeles,03744,Los Angeles County (Central)--LA City (East Central/Central City & Boyle Heights) PUMA,SPA 4,DISTRICT 1,483648.94140625,3603.23060349983
591,06037206303,506,14,8,492,0,8,1.6,Los Angeles - Wholesale District,Los Angeles,03744,Los Angeles County (Central)--LA City (East Central/Central City & Boyle Heights) PUMA,SPA 4,DISTRICT 1,4692031.99023438,10612.4703424649
592,06037207101,1840,27,11,1813,326,337,18.3,Los Angeles - Chinatown,Los Angeles,03744,Los Angeles County (Central)--LA City (East Central/Central City & Boyle Heights) PUMA,SPA 4,DISTRICT 1,3165301.80078125,7693.92457908078
593,06037207102,1594,0,0,1594,235,235,14.7,Los Angeles - Chinatown,Los Angeles,03744,Los Angeles County (Central)--LA City (East Central/Central City & Boyle Heights) PUMA,SPA 4,DISTRICT 1,4502056.63574219,9892.52867893996
594,06037207103,859,18,0,841,117,117,13.6,Los Angeles - Chinatown,Los Angeles,03744,Los Angeles County (Central)--LA City (East Central/Central City & Boyle Heights) PUMA,SPA 4,DISTRICT 1,3388122.64453125,9522.75176400335
595,06037207303,2008,72,0,1936,120,120,6,Los Angeles - Downtown,Los Angeles,03744,Los Angeles County (Central)--LA City (East Central/Central City & Boyle Heights) PUMA,SPA 4,DISTRICT 1,1887990.66503906,5575.18509434317
596,06037207304,1658,144,44,1514,239,283,17.1,Los Angeles - Downtown,Los Angeles,03744,Los Angeles County (Central)--LA City (East Central/Central City & Boyle Heights) PUMA,SPA 4,DISTRICT 1,541432.989257812,3459.95286997761
597,06037207305,777,185,62,592,19,81,10.4,Los Angeles - Downtown,Los Angeles,03744,Los Angeles County (Central)--LA City (East Central/Central City & Boyle Heights) PUMA,SPA 4,DISTRICT 1,2182723.12988281,8262.38207881013
598,06037207306,1724,165,12,1559,72,84,4.9,Los Angeles - Downtown,Los Angeles,03744,Los Angeles County (Central)--LA City (East Central/Central City & Boyle Heights) PUMA,SPA 4,DISTRICT 1,1736614.83886719,5645.96977136521
599,06037207307,1078,0,0,1078,135,135,12.5,Los Angeles - Downtown,Los Angeles,03744,Los Angeles County (Central)--LA City (East Central/Central City & Boyle Heights) PUMA,SPA 4,DISTRICT 1,527120.537109375,2910.59846512145
600,06037207308,703,0,0,703,111,111,15.8,Los Angeles - Downtown,Los Angeles,03744,Los Angeles County (Central)--LA City (East Central/Central City & Boyle Heights) PUMA,SPA 4,DISTRICT 1,492562.94921875,2815.2256859136
601,06037207400,967,0,0,967,73,73,7.5,Los Angeles - Downtown,Los Angeles,03744,Los Angeles County (Central)--LA City (East Central/Central City & Boyle Heights) PUMA,SPA 4,DISTRICT 1,9422824.94921875,15058.7180393434
602,06037207501,1300,313,27,987,87,114,8.8,Los Angeles - Downtown,Los Angeles,03744,Los Angeles County (Central)--LA City (East Central/Central City & Boyle Heights) PUMA,SPA 4,DISTRICT 1,1460117.07519531,4739.77910197653
603,06037207502,2688,0,0,2688,226,226,8.4,Los Angeles - Downtown,Los Angeles,03744,Los Angeles County (Central)--LA City (East Central/Central City & Boyle Heights) PUMA,SPA 4,DISTRICT 1,4462057.70800781,9078.60047386537
604,06037207711,2142,495,56,1647,150,206,9.6,Los Angeles - Downtown,Los Angeles,03744,Los Angeles County (Central)--LA City (East Central/Central City & Boyle Heights) PUMA,SPA 4,DISTRICT 1,7428358.41210938,14671.1439946425
605,06037207712,3308,353,0,2955,506,506,15.3,Los Angeles - Downtown,Los Angeles,03744,Los Angeles County (Central)--LA City (East Central/Central City & Boyle Heights) PUMA,SPA 4,DISTRICT 1,4383671.25,9437.84568638452
606,06037207901,2846,259,0,2587,170,170,6,Los Angeles - Downtown,Los Angeles,03744,Los Angeles County (Central)--LA City (East Central/Central City & Boyle Heights) PUMA,SPA 4,DISTRICT 1,2128829.48730469,6828.27304386113
607,06037207902,4713,686,162,4027,446,608,12.9,Los Angeles - Downtown,Los Angeles,03744,Los Angeles County (Central)--LA City (East Central/Central City & Boyle Heights) PUMA,SPA 4,DISTRICT 1,7634084.38671875,11075.4412215071
608,06037208001,1382,0,0,1382,236,236,17.1,Los Angeles - Temple-Beaudry,Los Angeles,03734,"Los Angeles County--LA City (East Central/Silver Lake, Echo Park & Westlake) PUMA",SPA 4,DISTRICT 1,6182153.64160156,11357.0752272961
609,06037208002,1322,98,32,1224,206,238,18,Los Angeles - Temple-Beaudry,Los Angeles,03734,"Los Angeles County--LA City (East Central/Silver Lake, Echo Park & Westlake) PUMA",SPA 4,DISTRICT 1,4163499.76464844,9211.11125685087
610,06037208301,564,38,33,526,214,247,43.8,Los Angeles - Temple-Beaudry,Los Angeles,03734,"Los Angeles County--LA City (East Central/Silver Lake, Echo Park & Westlake) PUMA",SPA 4,DISTRICT 1,1059071.19140625,5122.47293407121
611,06037208302,1774,291,0,1483,471,471,26.6,Los Angeles - Historic Filipinotown,Los Angeles,03734,"Los Angeles County--LA City (East Central/Silver Lake, Echo Park & Westlake) PUMA",SPA 4,DISTRICT 1,4716330.21386719,9772.95057397141
612,06037208401,1426,0,0,1426,421,421,29.5,Los Angeles - Temple-Beaudry,Los Angeles,03734,"Los Angeles County--LA City (East Central/Silver Lake, Echo Park & Westlake) PUMA",SPA 4,DISTRICT 1,2469587.87402344,6288.01348212539
613,06037208402,912,82,18,830,194,212,23.2,Los Angeles - Historic Filipinotown,Los Angeles,03734,"Los Angeles County--LA City (East Central/Silver Lake, Echo Park & Westlake) PUMA",SPA 4,DISTRICT 1,3704184.43261719,8618.12741601179
614,06037208501,943,82,2,861,232,234,24.8,Los Angeles - Historic Filipinotown,Los Angeles,03734,"Los Angeles County--LA City (East Central/Silver Lake, Echo Park & Westlake) PUMA",SPA 4,DISTRICT 1,2614691.93554688,6561.44344324055
615,06037208502,1364,72,16,1292,297,313,22.9,Los Angeles - Temple-Beaudry,Los Angeles,03734,"Los Angeles County--LA City (East Central/Silver Lake, Echo Park & Westlake) PUMA",SPA 4,DISTRICT 1,2796186.75585938,6766.48874597543
616,06037208610,1528,207,21,1321,253,274,17.9,Los Angeles - Historic Filipinotown,Los Angeles,03734,"Los Angeles County--LA City (East Central/Silver Lake, Echo Park & Westlake) PUMA",SPA 4,DISTRICT 1,3801931.19921875,8257.17578404928
617,06037208620,1646,112,14,1534,490,504,30.6,Los Angeles - Temple-Beaudry,Los Angeles,03734,"Los Angeles County--LA City (East Central/Silver Lake, Echo Park & Westlake) PUMA",SPA 4,DISTRICT 1,3490872.27929688,8191.6032829398
618,06037208710,2062,262,0,1800,395,395,19.2,Los Angeles - Westlake,Los Angeles,03734,"Los Angeles County--LA City (East Central/Silver Lake, Echo Park & Westlake) PUMA",SPA 4,DISTRICT 1,1824874.89746094,5646.21102461142
619,06037208720,1451,53,0,1398,450,450,31,Los Angeles - Westlake,Los Angeles,03734,"Los Angeles County--LA City (East Central/Silver Lake, Echo Park & Westlake) PUMA",SPA 4,DISTRICT 1,1753946.38867188,6905.07783241218
620,06037208801,1328,30,0,1298,301,301,22.7,Los Angeles - Westlake,Los Angeles,03734,"Los Angeles County--LA City (East Central/Silver Lake, Echo Park & Westlake) PUMA",SPA 4,DISTRICT 1,2902615.93066406,7792.40413013474
621,06037208802,1588,0,0,1588,370,370,23.3,Los Angeles - Westlake,Los Angeles,03734,"Los Angeles County--LA City (East Central/Silver Lake, Echo Park & Westlake) PUMA",SPA 4,DISTRICT 1,2279308.32714844,7692.46265213025
622,06037208902,666,0,0,666,407,407,61.1,Los Angeles - Westlake,Los Angeles,03734,"Los Angeles County--LA City (East Central/Silver Lake, Echo Park & Westlake) PUMA",SPA 4,DISTRICT 1,1980006.80078125,5658.41847987897
623,06037208903,1148,0,0,1148,619,619,53.9,Los Angeles - Westlake,Los Angeles,03734,"Los Angeles County--LA City (East Central/Silver Lake, Echo Park & Westlake) PUMA",SPA 4,DISTRICT 1,1714502.875,7038.42426238419
624,06037208904,1349,22,0,1327,563,563,41.7,Los Angeles - Westlake,Los Angeles,03734,"Los Angeles County--LA City (East Central/Silver Lake, Echo Park & Westlake) PUMA",SPA 4,DISTRICT 1,1224108.44824219,4504.09070607202
625,06037209103,1050,0,0,1050,483,483,46,Los Angeles - Westlake,Los Angeles,03734,"Los Angeles County--LA City (East Central/Silver Lake, Echo Park & Westlake) PUMA",SPA 4,DISTRICT 1,1337540.63476562,4685.31861551284
626,06037209104,936,9,0,927,275,275,29.4,Los Angeles - Westlake,Los Angeles,03734,"Los Angeles County--LA City (East Central/Silver Lake, Echo Park & Westlake) PUMA",SPA 4,DISTRICT 1,735748.1640625,3760.75546686828
627,06037209105,991,0,0,991,473,473,47.7,Los Angeles - Westlake,Los Angeles,03734,"Los Angeles County--LA City (East Central/Silver Lake, Echo Park & Westlake) PUMA",SPA 4,DISTRICT 1,892263.669921875,3984.90229634725
628,06037209106,1285,116,0,1169,359,359,27.9,Los Angeles - Westlake,Los Angeles,03734,"Los Angeles County--LA City (East Central/Silver Lake, Echo Park & Westlake) PUMA",SPA 4,DISTRICT 1,2381469.96289062,6257.24374033239
629,06037209201,2233,80,0,2153,218,218,9.8,Los Angeles - Westlake,Los Angeles,03734,"Los Angeles County--LA City (East Central/Silver Lake, Echo Park & Westlake) PUMA",SPA 4,DISTRICT 1,1771970.59863281,5585.09807873774
630,06037209202,492,0,0,492,179,179,36.4,Los Angeles - Westlake,Los Angeles,03734,"Los Angeles County--LA City (East Central/Silver Lake, Echo Park & Westlake) PUMA",SPA 4,DISTRICT 1,2715265.93164062,6533.91658374036
631,06037209300,2377,11,0,2366,563,563,23.7,Los Angeles - Westlake,Los Angeles,03734,"Los Angeles County--LA City (East Central/Silver Lake, Echo Park & Westlake) PUMA",SPA 4,DISTRICT 1,3296983.09472656,7931.06152476822
632,06037209401,1536,23,0,1513,382,382,24.9,Los Angeles - Westlake,Los Angeles,03734,"Los Angeles County--LA City (East Central/Silver Lake, Echo Park & Westlake) PUMA",SPA 4,DISTRICT 1,2323319.49804688,6370.54049748541
633,06037209402,1297,81,29,1216,728,757,58.4,Los Angeles - Westlake,Los Angeles,03734,"Los Angeles County--LA City (East Central/Silver Lake, Echo Park & Westlake) PUMA",SPA 4,DISTRICT 1,1466586.52929688,4849.82863176805
634,06037209403,1413,11,11,1402,688,699,49.5,Los Angeles - Westlake,Los Angeles,03734,"Los Angeles County--LA City (East Central/Silver Lake, Echo Park & Westlake) PUMA",SPA 4,DISTRICT 1,1487547.61816406,4882.38332360456
635,06037209510,1026,58,0,968,329,329,32.1,Los Angeles - Pico-Union,Los Angeles,03734,"Los Angeles County--LA City (East Central/Silver Lake, Echo Park & Westlake) PUMA",SPA 4,DISTRICT 1,1963566.34570312,5807.5193242075
636,06037209520,938,0,0,938,373,373,39.8,Los Angeles - Pico-Union,Los Angeles,03734,"Los Angeles County--LA City (East Central/Silver Lake, Echo Park & Westlake) PUMA",SPA 4,DISTRICT 1,2499049.0234375,6466.46994425354
637,06037209810,785,22,0,763,448,448,57.1,Los Angeles - Pico-Union,Los Angeles,03734,"Los Angeles County--LA City (East Central/Silver Lake, Echo Park & Westlake) PUMA",SPA 4,DISTRICT 1,1660619.61132812,5389.92670124799
638,06037209820,846,152,24,694,273,297,35.1,Los Angeles - Pico-Union,Los Angeles,03734,"Los Angeles County--LA City (East Central/Silver Lake, Echo Park & Westlake) PUMA",SPA 4,DISTRICT 1,1936219.62597656,5687.89538588778
639,06037210010,1147,194,35,953,266,301,26.2,Los Angeles - Pico-Union,Los Angeles,03734,"Los Angeles County--LA City (East Central/Silver Lake, Echo Park & Westlake) PUMA",SPA 4,DISTRICT 1,4448382.00683594,8896.45014094911
640,06037211000,2296,1272,0,1024,73,73,3.2,Los Angeles - Hancock Park,Los Angeles,03730,Los Angeles County (West Central)--LA City (Central/Hancock Park & Mid-Wilshire) PUMA,SPA 4,DISTRICT 2,28607863.5458984,25105.5973221489
641,06037211121,1024,73,0,951,172,172,16.8,Los Angeles - Wilshire Center,Los Angeles,03733,Los Angeles County (Central)--LA City (Central/Koreatown) PUMA,SPA 4,DISTRICT 2,2315938.84277344,7543.93522780208
642,06037211122,1194,74,22,1120,195,217,18.2,Los Angeles - Wilshire Center,Los Angeles,03733,Los Angeles County (Central)--LA City (Central/Koreatown) PUMA,SPA 4,DISTRICT 2,3930274.5078125,8273.3506050401
643,06037211123,1147,36,0,1111,70,70,6.1,Los Angeles - Wilshire Center,Los Angeles,03733,Los Angeles County (Central)--LA City (Central/Koreatown) PUMA,SPA 4,DISTRICT 2,1850482.39746094,6797.12681343995
644,06037211124,1989,102,0,1887,291,291,14.6,Los Angeles - Wilshire Center,Los Angeles,03733,Los Angeles County (Central)--LA City (Central/Koreatown) PUMA,SPA 4,DISTRICT 2,4228542.23339844,8167.44808740161
645,06037211201,1109,87,0,1022,225,225,20.3,Los Angeles - Wilshire Center,Los Angeles,03733,Los Angeles County (Central)--LA City (Central/Koreatown) PUMA,SPA 4,DISTRICT 2,1501848.15722656,4915.62933758839
646,06037211202,1061,32,0,1029,163,163,15.4,Los Angeles - Wilshire Center,Los Angeles,03733,Los Angeles County (Central)--LA City (Central/Koreatown) PUMA,SPA 4,DISTRICT 2,1927031.55273438,5559.35847300987
647,06037211310,1601,101,12,1500,444,456,28.5,Los Angeles - Wilshire Center,Los Angeles,03733,Los Angeles County (Central)--LA City (Central/Koreatown) PUMA,SPA 4,DISTRICT 2,1549825.3359375,4995.14829888874
648,06037211320,1201,42,0,1159,274,274,22.8,Los Angeles - Wilshire Center,Los Angeles,03733,Los Angeles County (Central)--LA City (Central/Koreatown) PUMA,SPA 4,DISTRICT 2,2004076.62011719,5671.24124688813
649,06037211410,1165,70,0,1095,293,293,25.2,Los Angeles - Wilshire Center,Los Angeles,03733,Los Angeles County (Central)--LA City (Central/Koreatown) PUMA,SPA 4,DISTRICT 2,2915243.44726562,7500.67333720186
650,06037211420,1272,181,13,1091,277,290,22.8,Los Angeles - Wilshire Center,Los Angeles,03733,Los Angeles County (Central)--LA City (Central/Koreatown) PUMA,SPA 4,DISTRICT 2,4101328.07226562,8393.46919084614
651,06037211500,1905,553,24,1352,55,79,4.1,Los Angeles - Hancock Park,Los Angeles,03730,Los Angeles County (West Central)--LA City (Central/Hancock Park & Mid-Wilshire) PUMA,SPA 4,DISTRICT 2,9760605.76660156,13076.4400274208
652,06037211701,1294,482,0,812,152,152,11.7,Los Angeles - Hancock Park,Los Angeles,03730,Los Angeles County (West Central)--LA City (Central/Hancock Park & Mid-Wilshire) PUMA,SPA 4,DISTRICT 2,7007531.90234375,10535.9421050128
653,06037211703,2244,163,57,2081,330,387,17.2,Los Angeles - Wilshire Center,Los Angeles,03730,Los Angeles County (West Central)--LA City (Central/Hancock Park & Mid-Wilshire) PUMA,SPA 4,DISTRICT 2,1986673.91894531,5648.90743092365
654,06037211704,1656,216,0,1440,226,226,13.6,Los Angeles - Wilshire Center,Los Angeles,03730,Los Angeles County (West Central)--LA City (Central/Hancock Park & Mid-Wilshire) PUMA,SPA 4,DISTRICT 2,1990623.9765625,5698.4550277531
655,06037211802,2304,134,0,2170,301,301,13.1,Los Angeles - Little Bangladesh,Los Angeles,03733,Los Angeles County (Central)--LA City (Central/Koreatown) PUMA,SPA 4,DISTRICT 2,3502491.93847656,7938.47842560752
656,06037211803,1815,128,0,1687,302,302,16.6,Los Angeles - Little Bangladesh,Los Angeles,03733,Los Angeles County (Central)--LA City (Central/Koreatown) PUMA,SPA 4,DISTRICT 2,1501729.93847656,4915.80129948316
657,06037211804,1318,4,0,1314,415,415,31.5,Los Angeles - Little Bangladesh,Los Angeles,03733,Los Angeles County (Central)--LA City (Central/Koreatown) PUMA,SPA 4,DISTRICT 2,2001543.66796875,5672.11851560988
658,06037211910,1987,48,34,1939,313,347,17.5,Los Angeles - Little Bangladesh,Los Angeles,03733,Los Angeles County (Central)--LA City (Central/Koreatown) PUMA,SPA 4,DISTRICT 2,1484944.62109375,4890.34296155397
659,06037211921,936,6,0,930,219,219,23.4,Los Angeles - Little Bangladesh,Los Angeles,03733,Los Angeles County (Central)--LA City (Central/Koreatown) PUMA,SPA 4,DISTRICT 2,997401.172851562,4152.08503628226
660,06037211922,1437,13,8,1424,367,375,26.1,Los Angeles - Little Bangladesh,Los Angeles,03733,Los Angeles County (Central)--LA City (Central/Koreatown) PUMA,SPA 4,DISTRICT 2,999720.622070312,4155.29062630155
661,06037212101,1671,188,0,1483,161,161,9.6,Los Angeles - Little Bangladesh,Los Angeles,03733,Los Angeles County (Central)--LA City (Central/Koreatown) PUMA,SPA 4,DISTRICT 2,1999843.58300781,5670.03098448953
662,06037212102,1234,33,0,1201,334,334,27.1,Los Angeles - Little Bangladesh,Los Angeles,03733,Los Angeles County (Central)--LA City (Central/Koreatown) PUMA,SPA 4,DISTRICT 2,1492473.93164062,4902.57547113903
663,06037212202,1381,117,49,1264,403,452,32.7,Los Angeles - Wilshire Center,Los Angeles,03733,Los Angeles County (Central)--LA City (Central/Koreatown) PUMA,SPA 4,DISTRICT 2,2225845.90429688,6481.80859718122
664,06037212203,1475,11,0,1464,269,269,18.2,Los Angeles - Wilshire Center,Los Angeles,03733,Los Angeles County (Central)--LA City (Central/Koreatown) PUMA,SPA 4,DISTRICT 2,1141046.17285156,4500.55770292531
665,06037212204,1730,56,0,1674,288,288,16.6,Los Angeles - Wilshire Center,Los Angeles,03733,Los Angeles County (Central)--LA City (Central/Koreatown) PUMA,SPA 4,DISTRICT 2,2300332.7265625,6142.61511900491
666,06037212303,1785,0,0,1785,513,513,28.7,Los Angeles - Koreatown,Los Angeles,03733,Los Angeles County (Central)--LA City (Central/Koreatown) PUMA,SPA 4,DISTRICT 2,1675233.57910156,5219.19302010841
667,06037212304,811,10,0,801,249,249,30.7,Los Angeles - Koreatown,Los Angeles,03733,Los Angeles County (Central)--LA City (Central/Koreatown) PUMA,SPA 4,DISTRICT 2,2218416.62695312,6304.91712796558
668,06037212305,1037,9,0,1028,357,357,34.4,Los Angeles - Koreatown,Los Angeles,03733,Los Angeles County (Central)--LA City (Central/Koreatown) PUMA,SPA 4,DISTRICT 2,1168745.29101562,4355.7135548774
669,06037212306,1089,50,0,1039,205,205,18.8,Los Angeles - Koreatown,Los Angeles,03733,Los Angeles County (Central)--LA City (Central/Koreatown) PUMA,SPA 4,DISTRICT 2,1742765.6171875,5316.89762613816
670,06037212410,1738,96,0,1642,415,415,23.9,Los Angeles - Koreatown,Los Angeles,03733,Los Angeles County (Central)--LA City (Central/Koreatown) PUMA,SPA 4,DISTRICT 2,1687049.64648438,5550.19820714056
671,06037212420,1209,28,0,1181,270,270,22.3,Los Angeles - Koreatown,Los Angeles,03733,Los Angeles County (Central)--LA City (Central/Koreatown) PUMA,SPA 4,DISTRICT 2,1538296.96679688,4954.06497764199
672,06037212501,977,69,0,908,247,247,25.3,Los Angeles - Koreatown,Los Angeles,03733,Los Angeles County (Central)--LA City (Central/Koreatown) PUMA,SPA 4,DISTRICT 2,856355.3671875,3804.08063474889
673,06037212502,1851,96,0,1755,281,281,15.2,Los Angeles - Koreatown,Los Angeles,03733,Los Angeles County (Central)--LA City (Central/Koreatown) PUMA,SPA 4,DISTRICT 2,3069366.38085938,8256.58433160175
674,06037212610,2177,441,43,1736,131,174,8,Los Angeles - Koreatown,Los Angeles,03730,Los Angeles County (West Central)--LA City (Central/Hancock Park & Mid-Wilshire) PUMA,SPA 4,DISTRICT 2,3836955.29003906,8373.41149842931
675,06037212620,1846,217,50,1629,245,295,16,Los Angeles - Koreatown,Los Angeles,03730,Los Angeles County (West Central)--LA City (Central/Hancock Park & Mid-Wilshire) PUMA,SPA 4,DISTRICT 2,3112033.04492188,7947.66924884625
676,06037212701,857,302,0,555,112,112,13.1,Los Angeles - Country Club Park,Los Angeles,03730,Los Angeles County (West Central)--LA City (Central/Hancock Park & Mid-Wilshire) PUMA,SPA 4,DISTRICT 2,5144651.53515625,10445.5835631147
677,06037212702,1427,734,13,693,63,76,5.3,Los Angeles - Country Club Park,Los Angeles,03730,Los Angeles County (West Central)--LA City (Central/Hancock Park & Mid-Wilshire) PUMA,SPA 4,DISTRICT 2,9435671.44726562,13436.6044007336
678,06037212800,1421,758,38,663,43,81,5.7,Los Angeles - Country Club Park,Los Angeles,03730,Los Angeles County (West Central)--LA City (Central/Hancock Park & Mid-Wilshire) PUMA,SPA 4,DISTRICT 2,8453858.81054688,11698.2588405303
679,06037212900,1455,129,0,1326,292,292,20.1,Los Angeles - Country Club Park,Los Angeles,03730,Los Angeles County (West Central)--LA City (Central/Hancock Park & Mid-Wilshire) PUMA,SPA 4,DISTRICT 2,3930305.48925781,8739.89558753913
680,06037213100,1103,209,0,894,161,161,14.6,Los Angeles - Koreatown,Los Angeles,03730,Los Angeles County (West Central)--LA City (Central/Hancock Park & Mid-Wilshire) PUMA,SPA 4,DISTRICT 2,5780761.98535156,10486.193657066
681,06037213201,1747,113,0,1634,485,485,27.8,Los Angeles - Koreatown,Los Angeles,03733,Los Angeles County (Central)--LA City (Central/Koreatown) PUMA,SPA 4,DISTRICT 2,3589145.81152344,8182.5778928759
682,06037213202,1246,274,6,972,333,339,27.2,Los Angeles - Koreatown,Los Angeles,03733,Los Angeles County (Central)--LA City (Central/Koreatown) PUMA,SPA 4,DISTRICT 2,3637114.56445312,8141.33490169485
683,06037213310,942,87,0,855,223,223,23.7,Los Angeles - Koreatown,Los Angeles,03733,Los Angeles County (Central)--LA City (Central/Koreatown) PUMA,SPA 4,DISTRICT 2,3346060.10644531,7793.88178923438
684,06037213320,922,86,0,836,204,204,22.1,Los Angeles - Koreatown,Los Angeles,03733,Los Angeles County (Central)--LA City (Central/Koreatown) PUMA,SPA 4,DISTRICT 2,3380845.83789062,7845.29005291475
685,06037213401,1623,82,0,1541,637,637,39.2,Los Angeles - Pico-Union,Los Angeles,03733,Los Angeles County (Central)--LA City (Central/Koreatown) PUMA,SPA 4,DISTRICT 2,2108205.77636719,6326.3838596837
686,06037213402,1776,71,0,1705,289,289,16.3,Los Angeles - Pico-Union,Los Angeles,03733,Los Angeles County (Central)--LA City (Central/Koreatown) PUMA,SPA 4,DISTRICT 2,4220433.21289062,8304.67219290034
687,06037214000,1246,682,0,564,9,9,0.7,Los Angeles - Melrose,Los Angeles,03730,Los Angeles County (West Central)--LA City (Central/Hancock Park & Mid-Wilshire) PUMA,SPA 4,DISTRICT 3,10878677.7851562,13349.690781392
688,06037214100,1803,577,55,1226,0,55,3.1,Los Angeles - Hancock Park,Los Angeles,03730,Los Angeles County (West Central)--LA City (Central/Hancock Park & Mid-Wilshire) PUMA,SPA 4,DISTRICT 2,11953767.9023438,14119.2957389617
689,06037214400,1767,57,0,1710,54,54,3.1,Los Angeles - Melrose,Los Angeles,03730,Los Angeles County (West Central)--LA City (Central/Hancock Park & Mid-Wilshire) PUMA,SPA 4,DISTRICT 3,3705314.1328125,7957.37407711387
690,06037214501,1763,62,0,1701,162,162,9.2,Los Angeles - Park La Brea,Los Angeles,03730,Los Angeles County (West Central)--LA City (Central/Hancock Park & Mid-Wilshire) PUMA,SPA 4,DISTRICT 2,8104484.56933594,13972.4837634017
691,06037214503,1615,0,0,1615,131,131,8.1,Los Angeles - Park La Brea,Los Angeles,03730,Los Angeles County (West Central)--LA City (Central/Hancock Park & Mid-Wilshire) PUMA,SPA 4,DISTRICT 2,2452320.80371094,6833.27118628328
692,06037214504,1690,34,0,1656,146,146,8.6,Los Angeles - Park La Brea,Los Angeles,03730,Los Angeles County (West Central)--LA City (Central/Hancock Park & Mid-Wilshire) PUMA,SPA 4,DISTRICT 2,1329926.57128906,5819.45252030963
693,06037214505,936,0,0,936,43,43,4.6,Los Angeles - Park La Brea,Los Angeles,03730,Los Angeles County (West Central)--LA City (Central/Hancock Park & Mid-Wilshire) PUMA,SPA 4,DISTRICT 2,1490889.89257812,6817.60360271401
694,06037214600,1289,264,0,1025,54,54,4.2,Los Angeles - Carthay,Los Angeles,03730,Los Angeles County (West Central)--LA City (Central/Hancock Park & Mid-Wilshire) PUMA,SPA 4,DISTRICT 3,6255373.44726562,10110.362337312
695,06037214700,1322,552,0,770,0,0,0,Los Angeles - Carthay,Los Angeles,03730,Los Angeles County (West Central)--LA City (Central/Hancock Park & Mid-Wilshire) PUMA,SPA 4,DISTRICT 3,6384323.28808594,10225.706806148
696,06037214800,1576,327,0,1249,45,45,2.9,Los Angeles - Carthay,Los Angeles,03730,Los Angeles County (West Central)--LA City (Central/Hancock Park & Mid-Wilshire) PUMA,SPA 4,DISTRICT 3,6204328.40136719,11233.2048791303
697,06037214902,1605,374,0,1231,33,33,2.1,Los Angeles - Carthay,Los Angeles,03730,Los Angeles County (West Central)--LA City (Central/Hancock Park & Mid-Wilshire) PUMA,SPA 4,DISTRICT 3,5568926.08300781,9469.63324296754
698,06037214903,1172,198,14,974,11,25,2.1,Los Angeles - Carthay,Los Angeles,03730,Los Angeles County (West Central)--LA City (Central/Hancock Park & Mid-Wilshire) PUMA,SPA 4,DISTRICT 3,1465875.453125,5280.0874607004
699,06037214904,982,272,0,710,0,0,0,Los Angeles - Carthay,Los Angeles,03730,Los Angeles County (West Central)--LA City (Central/Hancock Park & Mid-Wilshire) PUMA,SPA 4,DISTRICT 3,1828934.29589844,5357.62338540663
700,06037215101,2048,47,0,2001,99,99,4.8,Los Angeles - Miracle Mile,Los Angeles,03730,Los Angeles County (West Central)--LA City (Central/Hancock Park & Mid-Wilshire) PUMA,SPA 4,DISTRICT 2,3809252.71875,10263.3598890765
701,06037215102,2122,0,0,2122,85,85,4,Los Angeles - Miracle Mile,Los Angeles,03730,Los Angeles County (West Central)--LA City (Central/Hancock Park & Mid-Wilshire) PUMA,SPA 4,DISTRICT 2,2874375.68457031,7853.91372314482
702,06037216100,955,547,25,408,18,43,4.5,Los Angeles - Miracle Mile,Los Angeles,03730,Los Angeles County (West Central)--LA City (Central/Hancock Park & Mid-Wilshire) PUMA,SPA 4,DISTRICT 2,7258464.98242188,11137.1332024369
703,06037216201,1462,331,0,1131,24,24,1.6,Los Angeles - Miracle Mile,Los Angeles,03730,Los Angeles County (West Central)--LA City (Central/Hancock Park & Mid-Wilshire) PUMA,SPA 4,DISTRICT 2,4885572.59960938,10090.3556464386
704,06037216202,1453,297,0,1156,32,32,2.2,Los Angeles - Miracle Mile,Los Angeles,03730,Los Angeles County (West Central)--LA City (Central/Hancock Park & Mid-Wilshire) PUMA,SPA 4,DISTRICT 2,5433705.87011719,10155.3316007398
705,06037216301,671,418,4,253,0,4,0.6,Los Angeles - Miracle Mile,Los Angeles,03730,Los Angeles County (West Central)--LA City (Central/Hancock Park & Mid-Wilshire) PUMA,SPA 4,DISTRICT 2,6049424.32617188,11309.698610847
706,06037216302,1876,355,8,1521,0,8,0.4,Los Angeles - Miracle Mile,Los Angeles,03730,Los Angeles County (West Central)--LA City (Central/Hancock Park & Mid-Wilshire) PUMA,SPA 4,DISTRICT 2,7614372.41992188,11326.8562645069
707,06037216401,1989,56,0,1933,193,193,9.7,Los Angeles - South Carthay,Los Angeles,03730,Los Angeles County (West Central)--LA City (Central/Hancock Park & Mid-Wilshire) PUMA,SPA 5,DISTRICT 3,4453682.60546875,8572.95779810543
708,06037216402,1215,215,0,1000,43,43,3.5,Los Angeles - South Carthay,Los Angeles,03730,Los Angeles County (West Central)--LA City (Central/Hancock Park & Mid-Wilshire) PUMA,SPA 5,DISTRICT 3,2454438.16796875,6352.49524747618
709,06037216700,1553,566,29,987,47,76,4.9,Los Angeles - Crestview,Los Angeles,03730,Los Angeles County (West Central)--LA City (Central/Hancock Park & Mid-Wilshire) PUMA,SPA 4,DISTRICT 2,8359810.71582031,11708.2665184064
710,06037216800,1473,563,17,910,39,56,3.8,Los Angeles - South Carthay,Los Angeles,03730,Los Angeles County (West Central)--LA City (Central/Hancock Park & Mid-Wilshire) PUMA,SPA 4,DISTRICT 2,7970504.12011719,11541.3082830238
711,06037216901,1295,602,0,693,0,0,0,Los Angeles - Mid-city,Los Angeles,03730,Los Angeles County (West Central)--LA City (Central/Hancock Park & Mid-Wilshire) PUMA,SPA 4,DISTRICT 2,7589017.86816406,11927.1425022978
712,06037216902,1150,213,0,937,2,2,0.2,Los Angeles - Mid-city,Los Angeles,03730,Los Angeles County (West Central)--LA City (Central/Hancock Park & Mid-Wilshire) PUMA,SPA 4,DISTRICT 2,4190993.27929688,9118.18219275136
713,06037217001,1175,452,4,723,19,23,2,Los Angeles - Crestview,Los Angeles,03730,Los Angeles County (West Central)--LA City (Central/Hancock Park & Mid-Wilshire) PUMA,SPA 5,DISTRICT 3,5932618.33496094,10781.3990802987
714,06037217002,2273,450,0,1823,36,36,1.6,Los Angeles - Crestview,Los Angeles,03730,Los Angeles County (West Central)--LA City (Central/Hancock Park & Mid-Wilshire) PUMA,SPA 5,DISTRICT 3,8310260.70410156,11537.1367190232
715,06037217101,942,133,0,809,249,249,26.4,Los Angeles - Mid-city,Los Angeles,03730,Los Angeles County (West Central)--LA City (Central/Hancock Park & Mid-Wilshire) PUMA,SPA 4,DISTRICT 2,4261041.86328125,9362.30904918386
716,06037217102,1235,304,0,931,126,126,10.2,Los Angeles - Mid-city,Los Angeles,03730,Los Angeles County (West Central)--LA City (Central/Hancock Park & Mid-Wilshire) PUMA,SPA 4,DISTRICT 2,5359258.82519531,9424.80688042515
717,06037217200,1619,386,11,1233,137,148,9.1,Los Angeles - Mid-city,Los Angeles,03730,Los Angeles County (West Central)--LA City (Central/Hancock Park & Mid-Wilshire) PUMA,SPA 4,DISTRICT 2,9910419.36914062,15000.7799140651
718,06037218110,1189,165,16,1024,176,192,16.1,Los Angeles - Victoria Park,Los Angeles,03730,Los Angeles County (West Central)--LA City (Central/Hancock Park & Mid-Wilshire) PUMA,SPA 4,DISTRICT 2,6462571.36230469,12750.4372968523
719,06037218120,1329,204,37,1125,127,164,12.3,Los Angeles - Victoria Park,Los Angeles,03730,Los Angeles County (West Central)--LA City (Central/Hancock Park & Mid-Wilshire) PUMA,SPA 4,DISTRICT 2,4789204.10253906,8883.74283129573
720,06037218210,1295,200,0,1095,253,253,19.5,Los Angeles - St Elmo Village,Los Angeles,03730,Los Angeles County (West Central)--LA City (Central/Hancock Park & Mid-Wilshire) PUMA,SPA 4,DISTRICT 2,4174661.61230469,8767.18390225883
721,06037218220,1446,472,64,974,136,200,13.8,Los Angeles - Lafayette Square,Los Angeles,03730,Los Angeles County (West Central)--LA City (Central/Hancock Park & Mid-Wilshire) PUMA,SPA 4,DISTRICT 2,7201873.37890625,11673.1125956594
722,06037218300,2162,473,35,1689,90,125,5.8,Los Angeles - Cloverdale/Cochran,Los Angeles,03747,Los Angeles County (Central)--LA City (Central/West Adams & Baldwin Hills) PUMA,SPA 4,DISTRICT 2,9720998.06054688,17303.784675217
723,06037218400,1360,417,41,943,83,124,9.1,Los Angeles - Cloverdale/Cochran,Los Angeles,03747,Los Angeles County (Central)--LA City (Central/West Adams & Baldwin Hills) PUMA,SPA 6,DISTRICT 2,6979877.0859375,12172.0202235899
724,06037218500,983,262,11,721,89,100,10.2,Los Angeles - Cloverdale/Cochran,Los Angeles,03747,Los Angeles County (Central)--LA City (Central/West Adams & Baldwin Hills) PUMA,SPA 6,DISTRICT 2,5644811.98535156,10970.06599073
725,06037218600,1074,410,37,664,111,148,13.8,Los Angeles - Longwood,Los Angeles,03747,Los Angeles County (Central)--LA City (Central/West Adams & Baldwin Hills) PUMA,SPA 6,DISTRICT 2,4579061.87695312,8896.70371085363
726,06037218701,784,352,11,432,99,110,14,Los Angeles - Wellington Square,Los Angeles,03747,Los Angeles County (Central)--LA City (Central/West Adams & Baldwin Hills) PUMA,SPA 6,DISTRICT 2,5970195.47460938,10676.9800986018
727,06037218702,855,200,10,655,184,194,22.7,Los Angeles - Wellington Square,Los Angeles,03747,Los Angeles County (Central)--LA City (Central/West Adams & Baldwin Hills) PUMA,SPA 6,DISTRICT 2,3863160.97949219,10277.5680386887
728,06037218800,922,226,51,696,125,176,19.1,Los Angeles - West Adams,Los Angeles,03747,Los Angeles County (Central)--LA City (Central/West Adams & Baldwin Hills) PUMA,SPA 6,DISTRICT 2,4408849.99316406,9003.36636096215
729,06037218900,2170,315,7,1855,316,323,14.9,Los Angeles - West Adams,Los Angeles,03747,Los Angeles County (Central)--LA City (Central/West Adams & Baldwin Hills) PUMA,SPA 6,DISTRICT 2,7590455.05761719,11501.0097696751
730,06037219010,1034,505,55,529,81,136,13.2,Los Angeles - Jefferson Park,Los Angeles,03747,Los Angeles County (Central)--LA City (Central/West Adams & Baldwin Hills) PUMA,SPA 6,DISTRICT 2,4746015.07128906,9379.32937646464
731,06037219020,1301,717,102,584,133,235,18.1,Los Angeles - Jefferson Park,Los Angeles,03747,Los Angeles County (Central)--LA City (Central/West Adams & Baldwin Hills) PUMA,SPA 6,DISTRICT 2,7824400.80078125,11184.1539297422
732,06037219300,1459,377,50,1082,257,307,21,Los Angeles - Crenshaw District,Los Angeles,03747,Los Angeles County (Central)--LA City (Central/West Adams & Baldwin Hills) PUMA,SPA 6,DISTRICT 2,7032355.1640625,11229.3449099636
733,06037219500,833,555,9,278,9,18,2.2,Los Angeles - Crenshaw District,Los Angeles,03747,Los Angeles County (Central)--LA City (Central/West Adams & Baldwin Hills) PUMA,SPA 6,DISTRICT 2,5980717.30566406,10423.8952734175
734,06037219700,1242,518,99,724,117,216,17.4,Los Angeles - Exposition,Los Angeles,03747,Los Angeles County (Central)--LA City (Central/West Adams & Baldwin Hills) PUMA,SPA 6,DISTRICT 2,11747577.4150391,16573.406478266
735,06037219800,999,304,22,695,157,179,17.9,Los Angeles - Alsace,Los Angeles,03747,Los Angeles County (Central)--LA City (Central/West Adams & Baldwin Hills) PUMA,SPA 6,DISTRICT 2,4802258.77148438,9731.22310529576
736,06037219901,1615,333,65,1282,347,412,25.5,Los Angeles - Alsace,Los Angeles,03747,Los Angeles County (Central)--LA City (Central/West Adams & Baldwin Hills) PUMA,SPA 6,DISTRICT 2,5688543.13574219,10072.5487739434
737,06037219902,1610,505,2,1105,83,85,5.3,Los Angeles - Alsace,Los Angeles,03747,Los Angeles County (Central)--LA City (Central/West Adams & Baldwin Hills) PUMA,SPA 6,DISTRICT 2,8664959.02050781,13255.2599070111
738,06037220000,2163,718,63,1445,208,271,12.5,Los Angeles - Crenshaw District,Los Angeles,03747,Los Angeles County (Central)--LA City (Central/West Adams & Baldwin Hills) PUMA,SPA 6,DISTRICT 2,10481575.1494141,12777.2501715083
739,06037220100,1110,489,19,621,15,34,3.1,Los Angeles - Baldwin Hills,Los Angeles,03747,Los Angeles County (Central)--LA City (Central/West Adams & Baldwin Hills) PUMA,SPA 6,DISTRICT 2,10553343.4941406,16872.0361500117
740,06037221110,1086,102,0,984,425,425,39.1,Los Angeles - Pico-Union,Los Angeles,03746,Los Angeles County--LA City (Central/Univ. of Southern California & Exposition Park) PUMA,SPA 4,DISTRICT 1,2543126.89257812,6917.05183791793
741,06037221120,750,59,11,691,296,307,40.9,Los Angeles - Pico-Union,Los Angeles,03746,Los Angeles County--LA City (Central/Univ. of Southern California & Exposition Park) PUMA,SPA 4,DISTRICT 1,3461752.83691406,7508.60255429157
742,06037221210,876,201,15,675,143,158,18,Los Angeles - Harvard Heights,Los Angeles,03746,Los Angeles County--LA City (Central/Univ. of Southern California & Exposition Park) PUMA,SPA 4,DISTRICT 2,3886481.1640625,8400.35265523236
743,06037221220,981,172,11,809,247,258,26.3,Los Angeles - Harvard Heights,Los Angeles,03746,Los Angeles County--LA City (Central/Univ. of Southern California & Exposition Park) PUMA,SPA 4,DISTRICT 2,7061448.99121094,10516.8806897608
744,06037221302,1243,157,34,1086,327,361,29,Los Angeles - Harvard Heights,Los Angeles,03746,Los Angeles County--LA City (Central/Univ. of Southern California & Exposition Park) PUMA,SPA 4,DISTRICT 2,4978970.79882812,10182.8684901679
745,06037221303,724,93,6,631,311,317,43.8,Los Angeles - Harvard Heights,Los Angeles,03746,Los Angeles County--LA City (Central/Univ. of Southern California & Exposition Park) PUMA,SPA 4,DISTRICT 2,2529170.66894531,6479.723816761
746,06037221304,1102,99,0,1003,261,261,23.7,Los Angeles - Harvard Heights,Los Angeles,03746,Los Angeles County--LA City (Central/Univ. of Southern California & Exposition Park) PUMA,SPA 4,DISTRICT 2,2439381.42578125,6305.95235074635
747,06037221401,1264,144,0,1120,226,226,17.9,Los Angeles - West Adams,Los Angeles,03746,Los Angeles County--LA City (Central/Univ. of Southern California & Exposition Park) PUMA,SPA 6,DISTRICT 2,5807186.37695312,9621.96917782096
748,06037221402,983,153,9,830,135,144,14.6,Los Angeles - West Adams,Los Angeles,03746,Los Angeles County--LA City (Central/Univ. of Southern California & Exposition Park) PUMA,SPA 6,DISTRICT 2,5757201.34570312,12851.6083604999
749,06037221500,1243,224,0,1019,206,206,16.6,Los Angeles - West Adams,Los Angeles,03746,Los Angeles County--LA City (Central/Univ. of Southern California & Exposition Park) PUMA,SPA 6,DISTRICT 2,4097369.49316406,8382.5480364942
750,06037221601,1014,315,47,699,211,258,25.4,Los Angeles - West Adams,Los Angeles,03746,Los Angeles County--LA City (Central/Univ. of Southern California & Exposition Park) PUMA,SPA 6,DISTRICT 2,3980677.2109375,8298.31840154346
751,06037221602,767,78,16,689,139,155,20.2,Los Angeles - West Adams,Los Angeles,03746,Los Angeles County--LA City (Central/Univ. of Southern California & Exposition Park) PUMA,SPA 6,DISTRICT 2,5577893.62988281,11986.9036186625
752,06037221710,832,140,10,692,126,136,16.3,Los Angeles - West Adams,Los Angeles,03746,Los Angeles County--LA City (Central/Univ. of Southern California & Exposition Park) PUMA,SPA 6,DISTRICT 2,3536712.79492188,8105.10975662519
753,06037221810,910,27,0,883,194,194,21.3,Los Angeles - University Park,Los Angeles,03746,Los Angeles County--LA City (Central/Univ. of Southern California & Exposition Park) PUMA,SPA 6,DISTRICT 2,3275789.81835938,7474.65783871203
754,06037221820,991,82,12,909,108,120,12.1,Los Angeles - University Park,Los Angeles,03746,Los Angeles County--LA City (Central/Univ. of Southern California & Exposition Park) PUMA,SPA 6,DISTRICT 2,2200118.09179688,5840.08153861582
755,06037221900,952,20,0,932,214,214,22.5,Los Angeles - University Park,Los Angeles,03746,Los Angeles County--LA City (Central/Univ. of Southern California & Exposition Park) PUMA,SPA 6,DISTRICT 2,4402920.515625,10551.8338885485
756,06037222001,952,486,27,466,120,147,15.4,Los Angeles - Exposition Park,Los Angeles,03746,Los Angeles County--LA City (Central/Univ. of Southern California & Exposition Park) PUMA,SPA 6,DISTRICT 2,5104793.98339844,9152.39358660983
757,06037222002,1424,535,39,889,246,285,20,Los Angeles - Exposition Park,Los Angeles,03746,Los Angeles County--LA City (Central/Univ. of Southern California & Exposition Park) PUMA,SPA 6,DISTRICT 2,7060339.42773438,10841.3366891619
758,06037222100,1207,259,41,948,109,150,12.4,Los Angeles - Adams-Normandie,Los Angeles,03746,Los Angeles County--LA City (Central/Univ. of Southern California & Exposition Park) PUMA,SPA 6,DISTRICT 2,5152645.5546875,10486.4805016911
759,06037222200,1251,301,0,950,230,230,18.4,Los Angeles - Adams-Normandie,Los Angeles,03746,Los Angeles County--LA City (Central/Univ. of Southern California & Exposition Park) PUMA,SPA 6,DISTRICT 2,5186321.12304688,10532.7032343256
760,06037222500,1248,295,75,953,124,199,15.9,Los Angeles - Exposition Park,Los Angeles,03746,Los Angeles County--LA City (Central/Univ. of Southern California & Exposition Park) PUMA,SPA 6,DISTRICT 2,7020800.45800781,10605.1893767113
761,06037222600,1587,211,42,1376,186,228,14.4,Los Angeles - Exposition Park,Los Angeles,03746,Los Angeles County--LA City (Central/Univ. of Southern California & Exposition Park) PUMA,SPA 6,DISTRICT 2,7012095.07324219,10584.8496123272
762,06037222700,170,0,0,170,30,30,17.6,Los Angeles - Exposition Park,Los Angeles,03746,Los Angeles County--LA City (Central/Univ. of Southern California & Exposition Park) PUMA,SPA 6,DISTRICT 2,9011826.37109375,13506.4309124631
763,06037224010,1804,0,0,1804,338,338,18.7,Los Angeles - Downtown,Los Angeles,03744,Los Angeles County (Central)--LA City (East Central/Central City & Boyle Heights) PUMA,SPA 4,DISTRICT 1,8880831.7421875,13791.629410075
764,06037224020,1080,55,0,1025,369,369,34.2,Los Angeles - Downtown,Los Angeles,03744,Los Angeles County (Central)--LA City (East Central/Central City & Boyle Heights) PUMA,SPA 4,DISTRICT 1,13335246.4472656,15199.7817167508
765,06037224200,733,77,0,656,190,190,25.9,Los Angeles - Pico-Union,Los Angeles,03734,"Los Angeles County--LA City (East Central/Silver Lake, Echo Park & Westlake) PUMA",SPA 4,DISTRICT 1,4023020.04589844,8619.1351080269
766,06037224310,588,76,0,512,156,156,26.5,Los Angeles - Pico-Union,Los Angeles,03734,"Los Angeles County--LA City (East Central/Silver Lake, Echo Park & Westlake) PUMA",SPA 4,DISTRICT 1,1829426.64453125,6639.91255939508
767,06037224320,1097,0,0,1097,737,737,67.2,Los Angeles - Pico-Union,Los Angeles,03734,"Los Angeles County--LA City (East Central/Silver Lake, Echo Park & Westlake) PUMA",SPA 4,DISTRICT 1,3147650.51953125,8337.8713629769
768,06037224410,1010,165,0,845,86,86,8.5,Los Angeles - University Park,Los Angeles,03746,Los Angeles County--LA City (Central/Univ. of Southern California & Exposition Park) PUMA,SPA 6,DISTRICT 2,4751316.37304688,10261.9986149094
769,06037224420,888,30,0,858,258,258,29.1,Los Angeles - University Park,Los Angeles,03746,Los Angeles County--LA City (Central/Univ. of Southern California & Exposition Park) PUMA,SPA 6,DISTRICT 2,3966991.21875,8686.38683050315
770,06037224600,786,90,22,696,290,312,39.7,Los Angeles - University Park,Los Angeles,03745,Los Angeles County (Central)--LA City (Southeast/East Vernon) PUMA,SPA 6,DISTRICT 2,7722055.48339844,11199.1350693539
771,06037224701,476,0,0,476,59,59,12.4,Los Angeles - University Park,Los Angeles,03746,Los Angeles County--LA City (Central/Univ. of Southern California & Exposition Park) PUMA,SPA 6,DISTRICT 2,2557020.59863281,7567.27193286311
772,06037224702,777,0,0,777,136,136,17.5,Los Angeles - University Park,Los Angeles,03746,Los Angeles County--LA City (Central/Univ. of Southern California & Exposition Park) PUMA,SPA 6,DISTRICT 2,4249824.83984375,9717.73276611163
773,06037226001,585,47,0,538,184,184,31.5,Los Angeles - Wholesale District,Los Angeles,03744,Los Angeles County (Central)--LA City (East Central/Central City & Boyle Heights) PUMA,SPA 4,DISTRICT 1,11260912.2080078,19005.0972349824
774,06037226002,1287,208,39,1079,235,274,21.3,Los Angeles - Wholesale District,Los Angeles,03744,Los Angeles County (Central)--LA City (East Central/Central City & Boyle Heights) PUMA,SPA 4,DISTRICT 1,27444491.6425781,21358.6759925598
775,06037226410,832,76,4,756,336,340,40.9,Los Angeles - Central,Los Angeles,03745,Los Angeles County (Central)--LA City (Southeast/East Vernon) PUMA,SPA 6,DISTRICT 2,3020053.07226562,7061.71799183563
776,06037226420,1249,221,46,1028,306,352,28.2,Los Angeles - Central,Los Angeles,03745,Los Angeles County (Central)--LA City (Southeast/East Vernon) PUMA,SPA 6,DISTRICT 2,4595228.60058594,8778.76732473977
777,06037226701,577,189,57,388,119,176,30.5,Los Angeles - Central,Los Angeles,03745,Los Angeles County (Central)--LA City (Southeast/East Vernon) PUMA,SPA 6,DISTRICT 2,4036240.51171875,9176.42852824632
778,06037226702,834,307,0,527,158,158,18.9,Los Angeles - Central,Los Angeles,03745,Los Angeles County (Central)--LA City (Southeast/East Vernon) PUMA,SPA 6,DISTRICT 2,4405952.19628906,11981.2225430526
779,06037227010,1056,179,22,877,304,326,30.9,Los Angeles - Central,Los Angeles,03745,Los Angeles County (Central)--LA City (Southeast/East Vernon) PUMA,SPA 6,DISTRICT 2,6217186.203125,11488.311352554
780,06037227020,718,254,30,464,109,139,19.4,Los Angeles - Central,Los Angeles,03745,Los Angeles County (Central)--LA City (Southeast/East Vernon) PUMA,SPA 6,DISTRICT 2,4614849.56640625,8995.4613558171
781,06037228100,1181,421,47,760,283,330,27.9,Los Angeles - Vernon Central,Los Angeles,03745,Los Angeles County (Central)--LA City (Southeast/East Vernon) PUMA,SPA 6,DISTRICT 2,10984011.4208984,14969.6517445011
782,06037228210,971,255,44,716,185,229,23.6,Los Angeles - Central,Los Angeles,03745,Los Angeles County (Central)--LA City (Southeast/East Vernon) PUMA,SPA 6,DISTRICT 2,4507129.484375,9082.57583090841
783,06037228220,1004,252,65,752,233,298,29.7,Los Angeles - Vernon Central,Los Angeles,03745,Los Angeles County (Central)--LA City (Southeast/East Vernon) PUMA,SPA 6,DISTRICT 2,3933484.72363281,9102.01685380292
784,06037228310,1167,324,32,843,387,419,35.9,Los Angeles - Central,Los Angeles,03745,Los Angeles County (Central)--LA City (Southeast/East Vernon) PUMA,SPA 6,DISTRICT 2,5963019.31835938,10969.6366193905
785,06037228320,745,153,20,592,167,187,25.1,Los Angeles - Vernon Central,Los Angeles,03745,Los Angeles County (Central)--LA City (Southeast/East Vernon) PUMA,SPA 6,DISTRICT 2,3528946.90527344,9981.76828192108
786,06037228410,728,159,46,569,188,234,32.1,Los Angeles - Central,Los Angeles,03745,Los Angeles County (Central)--LA City (Southeast/East Vernon) PUMA,SPA 6,DISTRICT 2,2993470.87695312,7099.90730705879
787,06037228420,657,132,52,525,62,114,17.4,Los Angeles - South Park,Los Angeles,03745,Los Angeles County (Central)--LA City (Southeast/East Vernon) PUMA,SPA 6,DISTRICT 2,2985732.82714844,7921.01850343764
788,06037228500,1139,264,27,875,212,239,21,Los Angeles - South Park,Los Angeles,03745,Los Angeles County (Central)--LA City (Southeast/East Vernon) PUMA,SPA 6,DISTRICT 2,4884321.28710938,9075.48722761688
789,06037228600,1036,260,41,776,297,338,32.6,Los Angeles - Vernon Central,Los Angeles,03745,Los Angeles County (Central)--LA City (Southeast/East Vernon) PUMA,SPA 6,DISTRICT 2,5686460.71679688,9583.39587400126
790,06037228710,982,405,47,577,186,233,23.7,Los Angeles - Vernon Central,Los Angeles,03745,Los Angeles County (Central)--LA City (Southeast/East Vernon) PUMA,SPA 6,DISTRICT 2,4362021.7734375,9256.59794406214
791,06037228720,1134,325,12,809,214,226,19.9,Los Angeles - Vernon Central,Los Angeles,03745,Los Angeles County (Central)--LA City (Southeast/East Vernon) PUMA,SPA 6,DISTRICT 2,4355238.58105469,9244.49664658864
792,06037228800,1313,440,209,873,192,401,30.5,Los Angeles - Vernon Central,Los Angeles,03745,Los Angeles County (Central)--LA City (Southeast/East Vernon) PUMA,SPA 6,DISTRICT 2,9091690.52832031,12294.4448120421
793,06037228900,981,121,25,860,82,107,10.9,Los Angeles - Vernon Central,Los Angeles,03745,Los Angeles County (Central)--LA City (Southeast/East Vernon) PUMA,SPA 6,DISTRICT 2,5560939.25488281,9592.01170845166
794,06037229100,1079,395,55,684,167,222,20.6,Los Angeles - Vernon Central,Los Angeles,03745,Los Angeles County (Central)--LA City (Southeast/East Vernon) PUMA,SPA 6,DISTRICT 2,5110895.38085938,9150.04803032685
795,06037229200,1199,224,30,975,240,270,22.5,Los Angeles - Vernon Central,Los Angeles,03745,Los Angeles County (Central)--LA City (Southeast/East Vernon) PUMA,SPA 6,DISTRICT 2,4777320.51660156,8918.11249503718
796,06037229300,1417,321,129,1096,262,391,27.6,Los Angeles - South Park,Los Angeles,03745,Los Angeles County (Central)--LA City (Southeast/East Vernon) PUMA,SPA 6,DISTRICT 2,5361322.30566406,9403.74755896256
797,06037229410,863,198,123,665,193,316,36.6,Los Angeles - South Park,Los Angeles,03745,Los Angeles County (Central)--LA City (Southeast/East Vernon) PUMA,SPA 6,DISTRICT 2,5839040.953125,9706.96102756227
798,06037229420,989,188,60,801,280,340,34.4,Los Angeles - Vernon Central,Los Angeles,03745,Los Angeles County (Central)--LA City (Southeast/East Vernon) PUMA,SPA 6,DISTRICT 2,6294927.65722656,10050.5128529159
799,06037231100,612,36,31,576,189,220,35.9,Los Angeles - Exposition Park,Los Angeles,03745,Los Angeles County (Central)--LA City (Southeast/East Vernon) PUMA,SPA 6,DISTRICT 2,9466873.45410156,12847.2445275802
800,06037231210,1231,108,26,1123,296,322,26.2,Los Angeles - Exposition Park,Los Angeles,03746,Los Angeles County--LA City (Central/Univ. of Southern California & Exposition Park) PUMA,SPA 6,DISTRICT 2,3444644.67480469,7919.34451236568
801,06037231220,1384,111,0,1273,351,351,25.4,Los Angeles - Exposition Park,Los Angeles,03746,Los Angeles County--LA City (Central/Univ. of Southern California & Exposition Park) PUMA,SPA 6,DISTRICT 2,10408687.9667969,13170.2121023178
802,06037231301,793,276,136,517,181,317,40,Los Angeles - Exposition Park,Los Angeles,03746,Los Angeles County--LA City (Central/Univ. of Southern California & Exposition Park) PUMA,SPA 6,DISTRICT 2,2517974.30859375,7081.75457464215
803,06037231302,827,376,27,451,98,125,15.1,Los Angeles - Exposition Park,Los Angeles,03746,Los Angeles County--LA City (Central/Univ. of Southern California & Exposition Park) PUMA,SPA 6,DISTRICT 2,4559831.2890625,10645.0327124383
804,06037231400,1506,576,154,930,119,273,18.1,Los Angeles - Exposition Park,Los Angeles,03746,Los Angeles County--LA City (Central/Univ. of Southern California & Exposition Park) PUMA,SPA 6,DISTRICT 2,6683206.73144531,10350.4960986507
805,06037231500,1499,928,60,571,50,110,7.3,Los Angeles - West Vernon,Los Angeles,03750,Los Angeles County (South Central)--LA City (South Central/Westmont) PUMA,SPA 6,DISTRICT 2,9886493.29199219,12796.8773047292
806,06037231601,745,269,11,476,32,43,5.8,Los Angeles - West Vernon,Los Angeles,03750,Los Angeles County (South Central)--LA City (South Central/Westmont) PUMA,SPA 6,DISTRICT 2,3446386.27929688,7853.66606038282
807,06037231602,614,252,0,362,61,61,9.9,Los Angeles - West Vernon,Los Angeles,03750,Los Angeles County (South Central)--LA City (South Central/Westmont) PUMA,SPA 6,DISTRICT 2,3395593.36425781,7817.91500255626
808,06037231603,778,107,0,671,198,198,25.4,Los Angeles - West Vernon,Los Angeles,03750,Los Angeles County (South Central)--LA City (South Central/Westmont) PUMA,SPA 6,DISTRICT 2,3442830.72949219,7867.37953093091
809,06037231710,1183,92,16,1091,251,267,22.6,Los Angeles - West Vernon,Los Angeles,03750,Los Angeles County (South Central)--LA City (South Central/Westmont) PUMA,SPA 6,DISTRICT 2,3484202.05175781,7941.33612818809
810,06037231720,1550,274,73,1276,337,410,26.5,Los Angeles - West Vernon,Los Angeles,03750,Los Angeles County (South Central)--LA City (South Central/Westmont) PUMA,SPA 6,DISTRICT 2,5082112.82617188,9119.67411685139
811,06037231800,1344,244,15,1100,292,307,22.8,Los Angeles - South Park,Los Angeles,03745,Los Angeles County (Central)--LA City (Southeast/East Vernon) PUMA,SPA 6,DISTRICT 2,5600430.22851562,9532.99865591873
812,06037231901,713,254,55,459,79,134,18.8,Los Angeles - South Park,Los Angeles,03745,Los Angeles County (Central)--LA City (Southeast/East Vernon) PUMA,SPA 6,DISTRICT 2,2588541.9375,6562.2740042596
813,06037231902,742,166,38,576,151,189,25.5,Los Angeles - South Park,Los Angeles,03745,Los Angeles County (Central)--LA City (Southeast/East Vernon) PUMA,SPA 6,DISTRICT 2,3443705.27734375,9939.74900071001
814,06037232110,831,227,16,604,191,207,24.9,Los Angeles - West Vernon,Los Angeles,03750,Los Angeles County (South Central)--LA City (South Central/Westmont) PUMA,SPA 6,DISTRICT 2,4089353.92871094,8787.50047328462
815,06037232120,1504,257,37,1247,313,350,23.3,Los Angeles - West Vernon,Los Angeles,03750,Los Angeles County (South Central)--LA City (South Central/Westmont) PUMA,SPA 6,DISTRICT 2,5662566.0859375,9729.07126889584
816,06037232200,879,319,96,560,149,245,27.9,Los Angeles - Vermont Square,Los Angeles,03750,Los Angeles County (South Central)--LA City (South Central/Westmont) PUMA,SPA 6,DISTRICT 2,5628606.73242188,10868.4885807158
817,06037232300,1252,547,98,705,146,244,19.5,Los Angeles - Vermont Square,Los Angeles,03750,Los Angeles County (South Central)--LA City (South Central/Westmont) PUMA,SPA 6,DISTRICT 2,6767692.25097656,11548.0362891014
818,06037232401,1084,479,27,605,108,135,12.5,Los Angeles - West Vernon,Los Angeles,03750,Los Angeles County (South Central)--LA City (South Central/Westmont) PUMA,SPA 6,DISTRICT 2,6132277.46679688,11911.2228809332
819,06037232402,993,537,41,456,150,191,19.2,Los Angeles - West Vernon,Los Angeles,03750,Los Angeles County (South Central)--LA City (South Central/Westmont) PUMA,SPA 6,DISTRICT 2,5847493.60742188,11262.1730944848
820,06037232500,1542,588,64,954,45,109,7.1,Los Angeles - West Vernon,Los Angeles,03750,Los Angeles County (South Central)--LA City (South Central/Westmont) PUMA,SPA 6,DISTRICT 2,8278162.72851562,11953.4860493216
821,06037232601,574,178,32,396,76,108,18.8,Los Angeles - West Vernon,Los Angeles,03750,Los Angeles County (South Central)--LA City (South Central/Westmont) PUMA,SPA 6,DISTRICT 2,2829211.12109375,6995.4594006624
822,06037232602,1343,548,82,795,194,276,20.6,Los Angeles - West Vernon,Los Angeles,03750,Los Angeles County (South Central)--LA City (South Central/Westmont) PUMA,SPA 6,DISTRICT 2,5717357.00976562,9605.24953513556
823,06037232701,525,209,24,316,57,81,15.4,Los Angeles - West Vernon,Los Angeles,03750,Los Angeles County (South Central)--LA City (South Central/Westmont) PUMA,SPA 6,DISTRICT 2,2986935.72070312,7152.60044531688
824,06037232702,956,327,144,629,107,251,26.3,Los Angeles - West Vernon,Los Angeles,03750,Los Angeles County (South Central)--LA City (South Central/Westmont) PUMA,SPA 6,DISTRICT 2,4879994.0390625,8854.56479478198
825,06037232800,882,283,126,599,179,305,34.6,Los Angeles - South Park,Los Angeles,03745,Los Angeles County (Central)--LA City (Southeast/East Vernon) PUMA,SPA 6,DISTRICT 2,4643347.52246094,8648.31303340992
826,06037234001,1039,691,0,348,38,38,3.7,Los Angeles - Leimert Park,Los Angeles,03747,Los Angeles County (Central)--LA City (Central/West Adams & Baldwin Hills) PUMA,SPA 6,DISTRICT 2,7211148.04101562,15620.7102919117
827,06037234002,1049,403,46,646,67,113,10.8,Los Angeles - Leimert Park,Los Angeles,03747,Los Angeles County (Central)--LA City (Central/West Adams & Baldwin Hills) PUMA,SPA 6,DISTRICT 2,6177290.53808594,13218.6471073989
828,06037234200,1121,756,38,365,19,57,5.1,Los Angeles - Crenshaw District,Los Angeles,03747,Los Angeles County (Central)--LA City (Central/West Adams & Baldwin Hills) PUMA,SPA 6,DISTRICT 2,9543229.55175781,12875.264814721
829,06037234301,1096,271,0,825,34,34,3.1,Los Angeles - Leimert Park,Los Angeles,03747,Los Angeles County (Central)--LA City (Central/West Adams & Baldwin Hills) PUMA,SPA 6,DISTRICT 2,5376120.38769531,9391.0660153086
830,06037234302,1347,201,0,1146,95,95,7.1,Los Angeles - Leimert Park,Los Angeles,03747,Los Angeles County (Central)--LA City (Central/West Adams & Baldwin Hills) PUMA,SPA 6,DISTRICT 2,3925848.83789062,9225.54555726506
831,06037234501,959,591,39,368,118,157,16.4,Los Angeles - Leimert Park,Los Angeles,03747,Los Angeles County (Central)--LA City (Central/West Adams & Baldwin Hills) PUMA,SPA 6,DISTRICT 2,8201434.42285156,12601.4198379618
832,06037234502,1108,418,12,690,42,54,4.9,Los Angeles - Leimert Park,Los Angeles,03747,Los Angeles County (Central)--LA City (Central/West Adams & Baldwin Hills) PUMA,SPA 6,DISTRICT 2,5870050.03417969,11641.5905271862
833,06037234600,1586,1046,57,540,103,160,10.1,Los Angeles - Hyde Park,Los Angeles,03747,Los Angeles County (Central)--LA City (Central/West Adams & Baldwin Hills) PUMA,SPA 6,DISTRICT 2,14008396.0214844,17543.1845740195
834,06037234700,1205,712,76,493,167,243,20.2,Los Angeles - Hyde Park,Los Angeles,03747,Los Angeles County (Central)--LA City (Central/West Adams & Baldwin Hills) PUMA,SPA 6,DISTRICT 2,8006455.39550781,14743.1902269166
835,06037234800,1106,664,122,442,129,251,22.7,Los Angeles - Hyde Park,Los Angeles,03747,Los Angeles County (Central)--LA City (Central/West Adams & Baldwin Hills) PUMA,SPA 6,DISTRICT 2,7041402.4609375,10614.4336362896
836,06037234901,1115,26,0,1089,148,148,13.3,Los Angeles - Hyde Park,Los Angeles,03747,Los Angeles County (Central)--LA City (Central/West Adams & Baldwin Hills) PUMA,SPA 6,DISTRICT 2,3502565.078125,7934.9100666238
837,06037234902,2101,193,0,1908,192,192,9.1,Los Angeles - Hyde Park,Los Angeles,03747,Los Angeles County (Central)--LA City (Central/West Adams & Baldwin Hills) PUMA,SPA 6,DISTRICT 2,4819799.30664062,9961.9726976306
838,06037235100,1891,1424,45,467,54,99,5.2,Los Angeles - View Heights,Los Angeles,03747,Los Angeles County (Central)--LA City (Central/West Adams & Baldwin Hills) PUMA,SPA 6,DISTRICT 2,12641488.5947266,17923.6708611095
839,06037235201,986,695,83,291,46,129,13.1,Los Angeles - Hyde Park,Los Angeles,03747,Los Angeles County (Central)--LA City (Central/West Adams & Baldwin Hills) PUMA,SPA 6,DISTRICT 2,7076685.03222656,10599.9629220163
840,06037235202,1682,599,51,1083,81,132,7.8,Los Angeles - Hyde Park,Los Angeles,03747,Los Angeles County (Central)--LA City (Central/West Adams & Baldwin Hills) PUMA,SPA 6,DISTRICT 2,9155250.38867188,13208.5040486506
841,06037236001,2013,1626,0,387,0,0,0,Los Angeles - Baldwin Hills,Los Angeles,03747,Los Angeles County (Central)--LA City (Central/West Adams & Baldwin Hills) PUMA,SPA 6,DISTRICT 2,23635384.2363281,27641.2542795682
842,06037236101,1325,405,7,920,124,131,9.9,Los Angeles - Baldwin Hills,Los Angeles,03747,Los Angeles County (Central)--LA City (Central/West Adams & Baldwin Hills) PUMA,SPA 6,DISTRICT 2,6700309.59472656,11551.4680743658
843,06037236102,1861,348,26,1513,44,70,3.8,Los Angeles - Baldwin Hills,Los Angeles,03747,Los Angeles County (Central)--LA City (Central/West Adams & Baldwin Hills) PUMA,SPA 6,DISTRICT 2,5497407.71972656,11854.3443628044
844,06037236203,1413,56,11,1357,317,328,23.2,Los Angeles - Baldwin Hills,Los Angeles,03747,Los Angeles County (Central)--LA City (Central/West Adams & Baldwin Hills) PUMA,SPA 6,DISTRICT 2,3636190.37695312,10600.4360818164
845,06037236204,1262,0,0,1262,193,193,15.3,Los Angeles - Baldwin Hills,Los Angeles,03747,Los Angeles County (Central)--LA City (Central/West Adams & Baldwin Hills) PUMA,SPA 6,DISTRICT 2,2449294.84667969,6658.83103121517
846,06037236205,1203,54,16,1149,186,202,16.8,Los Angeles - Baldwin Hills,Los Angeles,03747,Los Angeles County (Central)--LA City (Central/West Adams & Baldwin Hills) PUMA,SPA 6,DISTRICT 2,1826296.82910156,6036.7840791688
847,06037236206,1275,0,0,1275,137,137,10.7,Los Angeles - Baldwin Hills,Los Angeles,03747,Los Angeles County (Central)--LA City (Central/West Adams & Baldwin Hills) PUMA,SPA 6,DISTRICT 2,2978276.73046875,9560.97497123265
848,06037236400,2026,1057,24,969,119,143,7.1,Los Angeles - Baldwin Hills,Los Angeles,03747,Los Angeles County (Central)--LA City (Central/West Adams & Baldwin Hills) PUMA,SPA 6,DISTRICT 2,14351065.4472656,19214.8809939429
849,06037237101,934,270,104,664,184,288,30.8,Los Angeles - Harvard Park,Los Angeles,03750,Los Angeles County (South Central)--LA City (South Central/Westmont) PUMA,SPA 6,DISTRICT 2,6727278.41796875,10336.7013334175
850,06037237102,975,231,61,744,195,256,26.3,Los Angeles - Harvard Park,Los Angeles,03750,Los Angeles County (South Central)--LA City (South Central/Westmont) PUMA,SPA 6,DISTRICT 2,4919998.72167969,9010.33916531587
851,06037237201,955,392,109,563,107,216,22.6,Los Angeles - Harvard Park,Los Angeles,03750,Los Angeles County (South Central)--LA City (South Central/Westmont) PUMA,SPA 6,DISTRICT 2,4880558.07128906,8888.38574787541
852,06037237202,1200,538,30,662,202,232,19.3,Los Angeles - Harvard Park,Los Angeles,03750,Los Angeles County (South Central)--LA City (South Central/Westmont) PUMA,SPA 6,DISTRICT 2,11934151.6201172,14380.4437546467
853,06037237300,1866,1059,64,807,53,117,6.3,Los Angeles - Harvard Park,Los Angeles,03750,Los Angeles County (South Central)--LA City (South Central/Westmont) PUMA,SPA 6,DISTRICT 2,10724299.6396484,13447.4516517729
854,06037237401,1021,677,58,344,75,133,13,Los Angeles - Harvard Park,Los Angeles,03750,Los Angeles County (South Central)--LA City (South Central/Westmont) PUMA,SPA 6,DISTRICT 2,5561754.81738281,9556.7379168806
855,06037237402,1011,648,81,363,33,114,11.3,Los Angeles - Harvard Park,Los Angeles,03750,Los Angeles County (South Central)--LA City (South Central/Westmont) PUMA,SPA 6,DISTRICT 2,5611769.37304688,9623.63871690133
856,06037237500,747,132,30,615,152,182,24.4,Los Angeles - Harvard Park,Los Angeles,03750,Los Angeles County (South Central)--LA City (South Central/Westmont) PUMA,SPA 6,DISTRICT 2,3662832.65332031,8228.398579205
857,06037237600,1171,230,27,941,165,192,16.4,Los Angeles - Harvard Park,Los Angeles,03750,Los Angeles County (South Central)--LA City (South Central/Westmont) PUMA,SPA 6,DISTRICT 2,5478014.69433594,9466.71977941729
858,06037237710,1005,214,41,791,143,184,18.3,Los Angeles - Vermont Knolls,Los Angeles,03750,Los Angeles County (South Central)--LA City (South Central/Westmont) PUMA,SPA 6,DISTRICT 2,4649994.7109375,9396.90180103691
859,06037237720,879,75,10,804,236,246,28,Los Angeles - Vermont Knolls,Los Angeles,03750,Los Angeles County (South Central)--LA City (South Central/Westmont) PUMA,SPA 6,DISTRICT 2,3494739.32617188,8723.84498787746
860,06037237800,1181,818,150,363,66,216,18.3,Los Angeles - Vermont Knolls,Los Angeles,03750,Los Angeles County (South Central)--LA City (South Central/Westmont) PUMA,SPA 6,DISTRICT 2,10357947.7412109,13044.4586484574
861,06037237900,1293,937,64,356,94,158,12.2,Los Angeles - Manchester Square,Los Angeles,03750,Los Angeles County (South Central)--LA City (South Central/Westmont) PUMA,SPA 6,DISTRICT 2,10549945.8535156,13264.6788820849
862,06037238000,2244,1426,32,818,33,65,2.9,Los Angeles - Gramercy Place,Los Angeles,03750,Los Angeles County (South Central)--LA City (South Central/Westmont) PUMA,SPA 6,DISTRICT 2,17905767.7568359,21142.1375709137
863,06037238100,2094,856,34,1238,40,74,3.5,Los Angeles - Manchester Square,Los Angeles,03750,Los Angeles County (South Central)--LA City (South Central/Westmont) PUMA,SPA 6,DISTRICT 2,10587788.6953125,13269.893445707
864,06037238200,2205,667,102,1538,116,218,9.9,Los Angeles - Vermont Knolls,Los Angeles,03750,Los Angeles County (South Central)--LA City (South Central/Westmont) PUMA,SPA 6,DISTRICT 2,11154831.8212891,13782.2806017329
865,06037238310,1266,90,13,1176,348,361,28.5,Los Angeles - Vermont Vista,Los Angeles,03750,Los Angeles County (South Central)--LA City (South Central/Westmont) PUMA,SPA 6,DISTRICT 2,4319815.875,9246.07527479554
866,06037238320,1081,99,12,982,228,240,22.2,Los Angeles - Vermont Vista,Los Angeles,03750,Los Angeles County (South Central)--LA City (South Central/Westmont) PUMA,SPA 6,DISTRICT 2,5018193.17773438,9627.26155416859
867,06037238400,1770,1188,90,582,98,188,10.6,Los Angeles - Gramercy Place,Los Angeles,03750,Los Angeles County (South Central)--LA City (South Central/Westmont) PUMA,SPA 6,DISTRICT 2,14003174.8691406,15894.2858113289
868,06037239201,823,233,52,590,155,207,25.2,Los Angeles - Florence-Firestone,Los Angeles,03751,Los Angeles County (South Central)--LA City (South Central/Watts) PUMA,SPA 6,DISTRICT 2,4877775.50976562,8888.22033902456
869,06037239202,1211,264,53,947,217,270,22.3,Los Angeles - Florence-Firestone,Los Angeles,03751,Los Angeles County (South Central)--LA City (South Central/Watts) PUMA,SPA 6,DISTRICT 2,13691566.8408203,15791.3439173503
870,06037239310,997,226,16,771,195,211,21.2,Los Angeles - Florence-Firestone,Los Angeles,03751,Los Angeles County (South Central)--LA City (South Central/Watts) PUMA,SPA 6,DISTRICT 2,5699795.90039062,9677.9102873114
871,06037239320,804,287,26,517,106,132,16.4,Los Angeles - Florence-Firestone,Los Angeles,03751,Los Angeles County (South Central)--LA City (South Central/Watts) PUMA,SPA 6,DISTRICT 2,3736292.07519531,8282.44268115546
872,06037239330,751,208,46,543,226,272,36.2,Los Angeles - Florence-Firestone,Los Angeles,03751,Los Angeles County (South Central)--LA City (South Central/Watts) PUMA,SPA 6,DISTRICT 2,10580744.4423828,13361.6907098519
873,06037239501,1000,288,34,712,136,170,17,Los Angeles - Florence-Firestone,Los Angeles,03751,Los Angeles County (South Central)--LA City (South Central/Watts) PUMA,SPA 6,DISTRICT 2,5082160.9453125,10513.1551244892
874,06037239502,802,327,31,475,194,225,28.1,Los Angeles - Florence-Firestone,Los Angeles,03751,Los Angeles County (South Central)--LA City (South Central/Watts) PUMA,SPA 6,DISTRICT 2,5530765.55273438,10756.0945228927
875,06037239601,922,232,54,690,221,275,29.8,Los Angeles - Florence-Firestone,Los Angeles,03751,Los Angeles County (South Central)--LA City (South Central/Watts) PUMA,SPA 6,DISTRICT 2,4545272.90234375,9594.63810912039
876,06037239602,930,232,24,698,119,143,15.4,Los Angeles - Florence-Firestone,Los Angeles,03751,Los Angeles County (South Central)--LA City (South Central/Watts) PUMA,SPA 6,DISTRICT 2,3845019.53808594,9271.68592308489
877,06037239701,1085,360,63,725,149,212,19.5,Los Angeles - Vermont Vista,Los Angeles,03751,Los Angeles County (South Central)--LA City (South Central/Watts) PUMA,SPA 6,DISTRICT 2,4507996.81542969,9360.63498175207
878,06037239702,1097,274,95,823,145,240,21.9,Los Angeles - Florence-Firestone,Los Angeles,03751,Los Angeles County (South Central)--LA City (South Central/Watts) PUMA,SPA 6,DISTRICT 2,5141377.91503906,9931.28924790493
879,06037239801,960,379,43,581,158,201,20.9,Los Angeles - Florence-Firestone,Los Angeles,03751,Los Angeles County (South Central)--LA City (South Central/Watts) PUMA,SPA 6,DISTRICT 2,3980804.49121094,9958.54036723172
880,06037239802,1311,259,15,1052,260,275,21,Los Angeles - Florence-Firestone,Los Angeles,03751,Los Angeles County (South Central)--LA City (South Central/Watts) PUMA,SPA 6,DISTRICT 2,6561808.25585938,11250.5055478741
881,06037240010,1069,189,38,880,140,178,16.7,Los Angeles - Green Meadows,Los Angeles,03751,Los Angeles County (South Central)--LA City (South Central/Watts) PUMA,SPA 6,DISTRICT 2,6336449.90332031,12212.6396805779
882,06037240020,1302,538,119,764,221,340,26.1,Los Angeles - Green Meadows,Los Angeles,03751,Los Angeles County (South Central)--LA City (South Central/Watts) PUMA,SPA 6,DISTRICT 2,7790628.34082031,12722.8910813855
883,06037240200,1502,559,126,943,190,316,21,Los Angeles - Vermont Vista,Los Angeles,03751,Los Angeles County (South Central)--LA City (South Central/Watts) PUMA,SPA 6,DISTRICT 2,8035941.68261719,11276.6706077755
884,06037240301,913,258,43,655,138,181,19.8,Los Angeles - Vermont Vista,Los Angeles,03750,Los Angeles County (South Central)--LA City (South Central/Westmont) PUMA,SPA 6,DISTRICT 2,5088676.69824219,9219.00587778857
885,06037240302,721,296,54,425,134,188,26.1,Los Angeles - Vermont Vista,Los Angeles,03750,Los Angeles County (South Central)--LA City (South Central/Westmont) PUMA,SPA 6,DISTRICT 2,3686429.15820312,8051.19518410638
886,06037240401,1547,359,149,1188,336,485,31.4,Los Angeles - Vermont Vista,Los Angeles,03750,Los Angeles County (South Central)--LA City (South Central/Westmont) PUMA,SPA 6,DISTRICT 2,7425489.27148438,11308.958800147
887,06037240402,1107,586,192,521,19,211,19.1,Los Angeles - Vermont Vista,Los Angeles,03750,Los Angeles County (South Central)--LA City (South Central/Westmont) PUMA,SPA 6,DISTRICT 2,6501174.81542969,11122.6318606211
888,06037240500,1685,430,93,1255,167,260,15.4,Los Angeles - Vermont Vista,Los Angeles,03751,Los Angeles County (South Central)--LA City (South Central/Watts) PUMA,SPA 6,DISTRICT 2,8737571.4453125,12255.2586754857
889,06037240600,1168,404,65,764,132,197,16.9,Los Angeles - Green Meadows,Los Angeles,03751,Los Angeles County (South Central)--LA City (South Central/Watts) PUMA,SPA 6,DISTRICT 2,7263550.87597656,11288.2496925167
890,06037240700,1563,810,181,753,143,324,20.7,Los Angeles - Green Meadows,Los Angeles,03751,Los Angeles County (South Central)--LA City (South Central/Watts) PUMA,SPA 6,DISTRICT 2,12877064.5898438,14724.8308252782
891,06037240800,1061,495,135,566,172,307,28.9,Los Angeles - Century Palms/Cove,Los Angeles,03751,Los Angeles County (South Central)--LA City (South Central/Watts) PUMA,SPA 6,DISTRICT 2,7005460.74121094,13445.6423224735
892,06037240901,551,340,137,211,28,165,29.9,Los Angeles - Century Palms/Cove,Los Angeles,03751,Los Angeles County (South Central)--LA City (South Central/Watts) PUMA,SPA 6,DISTRICT 2,3718672.28515625,10948.8900048378
893,06037240902,742,278,88,464,112,200,27,Los Angeles - Century Palms/Cove,Los Angeles,03751,Los Angeles County (South Central)--LA City (South Central/Watts) PUMA,SPA 6,DISTRICT 2,7666816.43554688,12547.8660741738
894,06037241001,1083,509,148,574,149,297,27.4,Los Angeles - Century Palms/Cove,Los Angeles,03751,Los Angeles County (South Central)--LA City (South Central/Watts) PUMA,SPA 6,DISTRICT 2,9746449.43164062,18107.8768065026
895,06037241002,1018,345,128,673,142,270,26.5,Los Angeles - Century Palms/Cove,Los Angeles,03751,Los Angeles County (South Central)--LA City (South Central/Watts) PUMA,SPA 6,DISTRICT 2,7575830.86523438,12800.1742825798
896,06037241110,826,286,58,540,160,218,26.4,Los Angeles - Century Palms/Cove,Los Angeles,03751,Los Angeles County (South Central)--LA City (South Central/Watts) PUMA,SPA 6,DISTRICT 2,5238109.72558594,10529.7731871488
897,06037241120,1257,218,16,1039,314,330,26.3,Los Angeles - Century Palms/Cove,Los Angeles,03751,Los Angeles County (South Central)--LA City (South Central/Watts) PUMA,SPA 6,DISTRICT 2,7148832.84277344,11601.2703979431
898,06037241201,948,556,59,392,128,187,19.7,Los Angeles - Figueroa Park Square,Los Angeles,03750,Los Angeles County (South Central)--LA City (South Central/Westmont) PUMA,SPA 6,DISTRICT 2,5231347.25488281,10180.3126016727
899,06037241202,1644,621,49,1023,142,191,11.6,Los Angeles - Figueroa Park Square,Los Angeles,03750,Los Angeles County (South Central)--LA City (South Central/Westmont) PUMA,SPA 6,DISTRICT 2,12518963.5585938,14029.0943177913
900,06037241300,701,319,25,382,128,153,21.8,Los Angeles - Figueroa Park Square,Los Angeles,03750,Los Angeles County (South Central)--LA City (South Central/Westmont) PUMA,SPA 6,DISTRICT 2,5630607.16015625,9955.35079210586
901,06037241400,954,425,92,529,91,183,19.2,Los Angeles - Century Palms/Cove,Los Angeles,03751,Los Angeles County (South Central)--LA City (South Central/Watts) PUMA,SPA 6,DISTRICT 2,6200530.85351562,10697.5314600639
902,06037242000,1175,304,65,871,115,180,15.3,Los Angeles - Watts,Los Angeles,03751,Los Angeles County (South Central)--LA City (South Central/Watts) PUMA,SPA 6,DISTRICT 2,6922087.78613281,10404.7539563828
903,06037242100,722,22,0,700,98,98,13.6,Los Angeles - Watts,Los Angeles,03751,Los Angeles County (South Central)--LA City (South Central/Watts) PUMA,SPA 6,DISTRICT 2,4942113.42285156,9051.71431214434
904,06037242201,1013,399,56,614,225,281,27.7,Los Angeles - Watts,Los Angeles,03751,Los Angeles County (South Central)--LA City (South Central/Watts) PUMA,SPA 6,DISTRICT 2,4409810.19140625,8470.78043514252
905,06037242202,747,168,36,579,114,150,20.1,Los Angeles - Watts,Los Angeles,03751,Los Angeles County (South Central)--LA City (South Central/Watts) PUMA,SPA 6,DISTRICT 2,4348116.39257812,11300.9127620189
906,06037242300,1157,252,46,905,153,199,17.2,Los Angeles - Watts,Los Angeles,03751,Los Angeles County (South Central)--LA City (South Central/Watts) PUMA,SPA 6,DISTRICT 2,6883610.64746094,11108.2725797372
907,06037242600,1476,48,0,1428,160,160,10.8,Los Angeles - Watts,Los Angeles,03751,Los Angeles County (South Central)--LA City (South Central/Watts) PUMA,SPA 6,DISTRICT 2,5116696.40332031,9151.58984205472
908,06037242700,1283,645,120,638,115,235,18.3,Los Angeles - Watts,Los Angeles,03751,Los Angeles County (South Central)--LA City (South Central/Watts) PUMA,SPA 6,DISTRICT 2,10940580.4375,14365.2039905919
909,06037243001,753,386,113,367,108,221,29.3,Los Angeles - Watts,Los Angeles,03751,Los Angeles County (South Central)--LA City (South Central/Watts) PUMA,SPA 6,DISTRICT 2,3722326.08300781,8165.72033239386
910,06037243002,642,380,142,262,58,200,31.2,Los Angeles - Watts,Los Angeles,03751,Los Angeles County (South Central)--LA City (South Central/Watts) PUMA,SPA 6,DISTRICT 2,4195703.94726562,8644.45357881395
911,06037243100,1432,351,123,1081,70,193,13.5,Los Angeles - Watts,Los Angeles,03751,Los Angeles County (South Central)--LA City (South Central/Watts) PUMA,SPA 6,DISTRICT 2,6304872.11035156,10561.5088639832
912,06037261102,1432,1319,0,113,0,0,0,Los Angeles - Beverly Crest,Los Angeles,03775,Los Angeles County (Central)--LA City (Central) PUMA,SPA 5,DISTRICT 3,85406402.2519531,51226.767662506
913,06037261103,667,608,0,59,0,0,0,Los Angeles - Beverly Crest,Los Angeles,03775,Los Angeles County (Central)--LA City (Central) PUMA,SPA 5,DISTRICT 3,22522308.1113281,25422.6989566463
914,06037261104,696,491,0,205,0,0,0,Los Angeles - Beverly Crest,Los Angeles,03775,Los Angeles County (Central)--LA City (Central) PUMA,SPA 5,DISTRICT 3,49685474.8642578,40986.0769026612
915,06037261200,1761,1528,0,233,0,0,0,Los Angeles - Beverly Crest,Los Angeles,03775,Los Angeles County (Central)--LA City (Central) PUMA,SPA 5,DISTRICT 3,82063916.6738281,55919.7322928247
916,06037262100,1099,960,31,139,0,31,2.8,Los Angeles - Bel Air,Los Angeles,03775,Los Angeles County (Central)--LA City (Central) PUMA,SPA 5,DISTRICT 3,94240346.4433594,66087.4569112033
917,06037262200,1862,1362,0,500,0,0,0,Los Angeles - Bel Air,Los Angeles,03775,Los Angeles County (Central)--LA City (Central) PUMA,SPA 5,DISTRICT 3,92555045.0380859,51022.7427223498
918,06037262301,865,769,11,96,0,11,1.3,Los Angeles - Brentwood,Los Angeles,03774,"Los Angeles County--Calabasas, Agoura Hills, Malibu & Westlake Village Cities PUMA",SPA 5,DISTRICT 3,140610203.680664,70775.5105634756
919,06037262302,1292,937,0,355,0,0,0,Los Angeles - Brentwood,Los Angeles,03774,"Los Angeles County--Calabasas, Agoura Hills, Malibu & Westlake Village Cities PUMA",SPA 5,DISTRICT 3,33189886.7001953,31759.5711282487
920,06037262303,1028,1008,10,20,0,10,1,Los Angeles - Brentwood,Los Angeles,03774,"Los Angeles County--Calabasas, Agoura Hills, Malibu & Westlake Village Cities PUMA",SPA 5,DISTRICT 3,27870633.296875,27172.1157337182
921,06037262400,1074,956,0,118,0,0,0,Los Angeles - Mandeville Canyon,Los Angeles,03774,"Los Angeles County--Calabasas, Agoura Hills, Malibu & Westlake Village Cities PUMA",SPA 5,DISTRICT 3,121143473.728516,72274.3338891815
922,06037262501,1346,1165,0,181,0,0,0,Los Angeles - Pacific Palisades,Los Angeles,03774,"Los Angeles County--Calabasas, Agoura Hills, Malibu & Westlake Village Cities PUMA",SPA 5,DISTRICT 3,17477563.0927734,19392.9575558382
923,06037262601,1284,1206,5,78,0,5,0.4,Los Angeles - Palisades Highlands,Los Angeles,03774,"Los Angeles County--Calabasas, Agoura Hills, Malibu & Westlake Village Cities PUMA",SPA 5,DISTRICT 3,39178604.8134766,34168.4388334664
924,06037262604,2266,1703,0,563,70,70,3.1,Los Angeles - Pacific Palisades,Los Angeles,03774,"Los Angeles County--Calabasas, Agoura Hills, Malibu & Westlake Village Cities PUMA",SPA 5,DISTRICT 3,61036256.3847656,50671.7612107951
925,06037262704,1574,1115,0,459,7,7,0.4,Los Angeles - Pacific Palisades,Los Angeles,03774,"Los Angeles County--Calabasas, Agoura Hills, Malibu & Westlake Village Cities PUMA",SPA 5,DISTRICT 3,19453449.7587891,24471.8039651511
926,06037262706,1349,1012,0,337,8,8,0.6,Los Angeles - Pacific Palisades,Los Angeles,03774,"Los Angeles County--Calabasas, Agoura Hills, Malibu & Westlake Village Cities PUMA",SPA 5,DISTRICT 3,23157898.6650391,21210.2314496329
927,06037262802,1558,1443,0,115,11,11,0.7,Los Angeles - Pacific Palisades,Los Angeles,03774,"Los Angeles County--Calabasas, Agoura Hills, Malibu & Westlake Village Cities PUMA",SPA 5,DISTRICT 3,35833351.4521484,36592.3043683959
928,06037264000,1303,1052,34,251,0,34,2.6,Los Angeles - Brentwood,Los Angeles,03774,"Los Angeles County--Calabasas, Agoura Hills, Malibu & Westlake Village Cities PUMA",SPA 5,DISTRICT 3,20114123.8505859,22839.4307040639
929,06037264102,1769,583,0,1186,89,89,5,Los Angeles - Brentwood,Los Angeles,03774,"Los Angeles County--Calabasas, Agoura Hills, Malibu & Westlake Village Cities PUMA",SPA 5,DISTRICT 3,4342969.0546875,10171.0251250341
930,06037264103,1626,456,0,1170,37,37,2.3,Los Angeles - Brentwood,Los Angeles,03774,"Los Angeles County--Calabasas, Agoura Hills, Malibu & Westlake Village Cities PUMA",SPA 5,DISTRICT 3,2490220.08691406,7354.92836189811
931,06037264303,1587,367,0,1220,0,0,0,Los Angeles - Brentwood,Los Angeles,03774,"Los Angeles County--Calabasas, Agoura Hills, Malibu & Westlake Village Cities PUMA",SPA 5,DISTRICT 3,2261044.15234375,6585.96338255461
932,06037264304,1341,107,0,1234,28,28,2.1,Los Angeles - Brentwood,Los Angeles,03774,"Los Angeles County--Calabasas, Agoura Hills, Malibu & Westlake Village Cities PUMA",SPA 5,DISTRICT 3,2225704.06152344,7198.77326381593
933,06037264305,1813,906,5,907,95,100,5.5,Los Angeles - Brentwood,Los Angeles,03774,"Los Angeles County--Calabasas, Agoura Hills, Malibu & Westlake Village Cities PUMA",SPA 5,DISTRICT 3,14571081.7802734,19166.3403932904
934,06037264306,881,294,21,587,22,43,4.9,Los Angeles - Brentwood,Los Angeles,03774,"Los Angeles County--Calabasas, Agoura Hills, Malibu & Westlake Village Cities PUMA",SPA 5,DISTRICT 3,3884889.30371094,8953.81707972941
935,06037265100,1243,595,0,648,0,0,0,Los Angeles - Westwood,Los Angeles,03776,Los Angeles County (West Central)--LA City (Central/Westwood & West Los Angeles) PUMA,SPA 5,DISTRICT 3,25359470.6044922,23623.3148317948
936,06037265201,793,607,0,186,4,4,0.5,Los Angeles - Westwood,Los Angeles,03776,Los Angeles County (West Central)--LA City (Central/Westwood & West Los Angeles) PUMA,SPA 5,DISTRICT 3,4661070.59667969,11686.8544151517
937,06037265203,1024,315,0,709,27,27,2.6,Los Angeles - Westwood,Los Angeles,03776,Los Angeles County (West Central)--LA City (Central/Westwood & West Los Angeles) PUMA,SPA 5,DISTRICT 3,3384523.16992188,8364.3252762029
938,06037265204,769,185,0,584,80,80,10.4,Los Angeles - Westwood,Los Angeles,03776,Los Angeles County (West Central)--LA City (Central/Westwood & West Los Angeles) PUMA,SPA 5,DISTRICT 3,2769359.95898438,7451.41495641504
939,06037265301,0,0,0,0,0,0,0,Los Angeles - Westwood,Los Angeles,03776,Los Angeles County (West Central)--LA City (Central/Westwood & West Los Angeles) PUMA,SPA 5,DISTRICT 3,17370958.921875,20071.6258009285
940,06037265303,1553,30,0,1523,288,288,18.5,Los Angeles - Westwood,Los Angeles,03776,Los Angeles County (West Central)--LA City (Central/Westwood & West Los Angeles) PUMA,SPA 5,DISTRICT 3,1594090.59667969,5706.92315485213
941,06037265304,978,11,0,967,165,165,16.9,Los Angeles - Westwood,Los Angeles,03776,Los Angeles County (West Central)--LA City (Central/Westwood & West Los Angeles) PUMA,SPA 5,DISTRICT 3,1394788.34277344,5790.85563576065
942,06037265306,435,68,0,367,103,103,23.7,Los Angeles - Westwood,Los Angeles,03776,Los Angeles County (West Central)--LA City (Central/Westwood & West Los Angeles) PUMA,SPA 5,DISTRICT 3,961201.8046875,4565.44518512388
943,06037265307,924,0,0,924,36,36,3.9,Los Angeles - Westwood,Los Angeles,03776,Los Angeles County (West Central)--LA City (Central/Westwood & West Los Angeles) PUMA,SPA 5,DISTRICT 3,2468473.08105469,7795.54398003389
944,06037265410,663,450,0,213,0,0,0,Los Angeles - Brentwood,Los Angeles,03774,"Los Angeles County--Calabasas, Agoura Hills, Malibu & Westlake Village Cities PUMA",SPA 5,DISTRICT 3,7548566.76171875,15990.8255215458
945,06037265420,612,425,9,187,0,9,1.5,Los Angeles - Westwood,Los Angeles,03776,Los Angeles County (West Central)--LA City (Central/Westwood & West Los Angeles) PUMA,SPA 5,DISTRICT 3,7849097.48339844,12202.4722237656
946,06037265521,1114,84,0,1030,28,28,2.5,Los Angeles - Westwood,Los Angeles,03776,Los Angeles County (West Central)--LA City (Central/Westwood & West Los Angeles) PUMA,SPA 5,DISTRICT 3,1452646.93359375,5481.28662287517
947,06037265522,999,223,8,776,86,94,9.4,Los Angeles - Westwood,Los Angeles,03776,Los Angeles County (West Central)--LA City (Central/Westwood & West Los Angeles) PUMA,SPA 5,DISTRICT 3,2691656.796875,7756.03747543378
948,06037265523,1304,457,0,847,8,8,0.6,Los Angeles - Westwood,Los Angeles,03776,Los Angeles County (West Central)--LA City (Central/Westwood & West Los Angeles) PUMA,SPA 5,DISTRICT 3,3624185.54296875,7644.58409691986
949,06037265524,1400,318,9,1082,36,45,3.2,Los Angeles - Westwood,Los Angeles,03776,Los Angeles County (West Central)--LA City (Central/Westwood & West Los Angeles) PUMA,SPA 5,DISTRICT 3,4685416.97363281,8662.06714469664
950,06037265601,1407,752,0,655,25,25,1.8,Los Angeles - Westwood,Los Angeles,03776,Los Angeles County (West Central)--LA City (Central/Westwood & West Los Angeles) PUMA,SPA 5,DISTRICT 3,6758534.11328125,11344.0858133396
951,06037265602,1627,1084,0,543,0,0,0,Los Angeles - Westwood,Los Angeles,03776,Los Angeles County (West Central)--LA City (Central/Westwood & West Los Angeles) PUMA,SPA 5,DISTRICT 3,3569232.29980469,9252.17230396558
952,06037265701,796,350,1,446,47,48,6,Los Angeles - Westwood,Los Angeles,03776,Los Angeles County (West Central)--LA City (Central/Westwood & West Los Angeles) PUMA,SPA 5,DISTRICT 3,9188098.52636719,15334.2971625889
953,06037265702,1472,671,0,801,24,24,1.6,Los Angeles - Westwood,Los Angeles,03776,Los Angeles County (West Central)--LA City (Central/Westwood & West Los Angeles) PUMA,SPA 5,DISTRICT 3,4106551.87695312,8615.50449985608
954,06037267101,1369,455,0,914,107,107,7.8,Los Angeles - Century City,Los Angeles,03776,Los Angeles County (West Central)--LA City (Central/Westwood & West Los Angeles) PUMA,SPA 5,DISTRICT 3,5094706.82128906,9328.09489140575
955,06037267102,1584,833,0,751,22,22,1.4,Los Angeles - Century City,Los Angeles,03770,"Los Angeles County (West Central)--LA City (West Los Angeles, Century City & Palms) PUMA",SPA 5,DISTRICT 3,6862918.69238281,10650.7256166183
956,06037267201,1351,382,0,969,16,16,1.2,Los Angeles - West Los Angeles,Los Angeles,03776,Los Angeles County (West Central)--LA City (Central/Westwood & West Los Angeles) PUMA,SPA 5,DISTRICT 3,6481419.60351562,10588.0674084167
957,06037267202,1691,637,40,1054,0,40,2.4,Los Angeles - West Los Angeles,Los Angeles,03776,Los Angeles County (West Central)--LA City (Central/Westwood & West Los Angeles) PUMA,SPA 5,DISTRICT 3,6208140.61328125,10205.335160418
958,06037267300,2297,284,0,2013,199,199,8.7,Los Angeles - West Los Angeles,Los Angeles,03776,Los Angeles County (West Central)--LA City (Central/Westwood & West Los Angeles) PUMA,SPA 5,DISTRICT 3,4635783.15527344,8676.03499636464
959,06037267403,1901,158,24,1743,87,111,5.8,Los Angeles - West Los Angeles,Los Angeles,03776,Los Angeles County (West Central)--LA City (Central/Westwood & West Los Angeles) PUMA,SPA 5,DISTRICT 3,2520887.08886719,7861.9816341915
960,06037267404,1830,289,29,1541,114,143,7.8,Los Angeles - West Los Angeles,Los Angeles,03776,Los Angeles County (West Central)--LA City (Central/Westwood & West Los Angeles) PUMA,SPA 5,DISTRICT 3,3117311.90429688,7231.22052751445
961,06037267405,1476,217,0,1259,24,24,1.6,Los Angeles - West Los Angeles,Los Angeles,03776,Los Angeles County (West Central)--LA City (Central/Westwood & West Los Angeles) PUMA,SPA 5,DISTRICT 3,2296700.85644531,6131.74854451953
962,06037267406,1075,140,0,935,41,41,3.8,Los Angeles - West Los Angeles,Los Angeles,03776,Los Angeles County (West Central)--LA City (Central/Westwood & West Los Angeles) PUMA,SPA 5,DISTRICT 3,2315660.94921875,6319.97622629974
963,06037267502,1648,475,0,1173,119,119,7.2,Los Angeles - West Los Angeles,Los Angeles,03776,Los Angeles County (West Central)--LA City (Central/Westwood & West Los Angeles) PUMA,SPA 5,DISTRICT 3,4726479.87011719,8729.40677182186
964,06037267503,1167,179,0,988,95,95,8.1,Los Angeles - West Los Angeles,Los Angeles,03776,Los Angeles County (West Central)--LA City (Central/Westwood & West Los Angeles) PUMA,SPA 5,DISTRICT 3,2126617.48046875,6123.33423413587
965,06037267504,1930,362,0,1568,145,145,7.5,Los Angeles - West Los Angeles,Los Angeles,03776,Los Angeles County (West Central)--LA City (Central/Westwood & West Los Angeles) PUMA,SPA 5,DISTRICT 3,2703131.43261719,6798.42202157693
966,06037267600,1540,594,3,946,22,25,1.6,Los Angeles - West Los Angeles,Los Angeles,03776,Los Angeles County (West Central)--LA City (Central/Westwood & West Los Angeles) PUMA,SPA 5,DISTRICT 3,13671768.0087891,15003.142191968
967,06037267700,1974,495,44,1479,83,127,6.4,Los Angeles - West Los Angeles,Los Angeles,03776,Los Angeles County (West Central)--LA City (Central/Westwood & West Los Angeles) PUMA,SPA 5,DISTRICT 3,8734226.78125,12174.8189761429
968,06037267800,1752,889,18,863,14,32,1.8,Los Angeles - Rancho Park,Los Angeles,03770,"Los Angeles County (West Central)--LA City (West Los Angeles, Century City & Palms) PUMA",SPA 5,DISTRICT 3,12403794.9394531,14893.6677270075
969,06037267901,2223,1481,0,742,32,32,1.4,Los Angeles - Century City,Los Angeles,03770,"Los Angeles County (West Central)--LA City (West Los Angeles, Century City & Palms) PUMA",SPA 5,DISTRICT 3,12132538.2783203,14870.6630700687
970,06037267902,1738,757,6,981,0,6,0.3,Los Angeles - Century City,Los Angeles,03770,"Los Angeles County (West Central)--LA City (West Los Angeles, Century City & Palms) PUMA",SPA 5,DISTRICT 3,8318042.31835938,12819.4904471888
971,06037269000,2225,1332,0,893,36,36,1.6,Los Angeles - Cheviot Hills,Los Angeles,03770,"Los Angeles County (West Central)--LA City (West Los Angeles, Century City & Palms) PUMA",SPA 5,DISTRICT 3,24668742.46875,28569.1239041623
972,06037269100,1679,453,0,1226,137,137,8.2,Los Angeles - Beverlywood,Los Angeles,03730,Los Angeles County (West Central)--LA City (Central/Hancock Park & Mid-Wilshire) PUMA,SPA 5,DISTRICT 3,8969293.87890625,12201.1985851518
973,06037269300,1425,1190,0,235,13,13,0.9,Los Angeles - Cheviot Hills,Los Angeles,03770,"Los Angeles County (West Central)--LA City (West Los Angeles, Century City & Palms) PUMA",SPA 5,DISTRICT 3,23754819.0322266,20156.3429815952
974,06037269500,1323,1269,0,54,0,0,0,Los Angeles - Beverlywood,Los Angeles,03730,Los Angeles County (West Central)--LA City (Central/Hancock Park & Mid-Wilshire) PUMA,SPA 5,DISTRICT 3,15079743.1777344,17817.8385614151
975,06037269601,1116,187,0,929,148,148,13.3,Los Angeles - Cadillac-Corning,Los Angeles,03747,Los Angeles County (Central)--LA City (Central/West Adams & Baldwin Hills) PUMA,SPA 5,DISTRICT 3,3605212.25,7562.51950381094
976,06037269602,864,212,0,652,76,76,8.8,Los Angeles - Cadillac-Corning,Los Angeles,03747,Los Angeles County (Central)--LA City (Central/West Adams & Baldwin Hills) PUMA,SPA 5,DISTRICT 3,3114901.38085938,7320.20563932475
977,06037269700,1543,698,99,845,56,155,10,Los Angeles - Reynier Village,Los Angeles,03747,Los Angeles County (Central)--LA City (Central/West Adams & Baldwin Hills) PUMA,SPA 5,DISTRICT 3,9754581.12695312,14608.3508490363
978,06037269800,1567,413,0,1154,130,130,8.3,Los Angeles - Beverlywood,Los Angeles,03730,Los Angeles County (West Central)--LA City (Central/Hancock Park & Mid-Wilshire) PUMA,SPA 5,DISTRICT 3,4851818.58789062,11975.1560332088
979,06037269903,2052,37,10,2015,98,108,5.3,Los Angeles - Palms,Los Angeles,03770,"Los Angeles County (West Central)--LA City (West Los Angeles, Century City & Palms) PUMA",SPA 5,DISTRICT 3,3055318.87695312,7705.81163900945
980,06037269905,1398,35,0,1363,121,121,8.7,Los Angeles - Palms,Los Angeles,03770,"Los Angeles County (West Central)--LA City (West Los Angeles, Century City & Palms) PUMA",SPA 5,DISTRICT 3,2470862.68066406,7675.56718624274
981,06037269906,1628,77,0,1551,74,74,4.5,Los Angeles - Palms,Los Angeles,03770,"Los Angeles County (West Central)--LA City (West Los Angeles, Century City & Palms) PUMA",SPA 5,DISTRICT 3,2228594.95214844,7454.84592078021
982,06037269907,1454,27,0,1427,135,135,9.3,Los Angeles - Palms,Los Angeles,03770,"Los Angeles County (West Central)--LA City (West Los Angeles, Century City & Palms) PUMA",SPA 5,DISTRICT 3,2960244.66699219,7579.31148095934
983,06037269908,1330,23,0,1307,85,85,6.4,Los Angeles - Palms,Los Angeles,03770,"Los Angeles County (West Central)--LA City (West Los Angeles, Century City & Palms) PUMA",SPA 5,DISTRICT 3,1797662.97558594,6587.50319628157
984,06037269909,1411,55,0,1356,71,71,5,Los Angeles - Palms,Los Angeles,03770,"Los Angeles County (West Central)--LA City (West Los Angeles, Century City & Palms) PUMA",SPA 5,DISTRICT 3,1828568.72167969,5970.52882536446
985,06037270101,1171,213,0,958,56,56,4.8,Los Angeles - Palms,Los Angeles,03770,"Los Angeles County (West Central)--LA City (West Los Angeles, Century City & Palms) PUMA",SPA 5,DISTRICT 3,4196282.1015625,11751.9884297397
986,06037270102,1207,201,18,1006,76,94,7.8,Los Angeles - Palms,Los Angeles,03770,"Los Angeles County (West Central)--LA City (West Los Angeles, Century City & Palms) PUMA",SPA 5,DISTRICT 3,2092481.73828125,7567.58657880627
987,06037270200,1202,366,37,836,103,140,11.6,Los Angeles - Regent Square,Los Angeles,03747,Los Angeles County (Central)--LA City (Central/West Adams & Baldwin Hills) PUMA,SPA 5,DISTRICT 3,8055107.93261719,14099.6251957168
988,06037270300,1093,723,37,370,14,51,4.7,Los Angeles - Faircrest Heights,Los Angeles,03747,Los Angeles County (Central)--LA City (Central/West Adams & Baldwin Hills) PUMA,SPA 4,DISTRICT 2,10522416.8320312,13634.9847500899
989,06037271100,918,554,0,364,21,21,2.3,Los Angeles - Rancho Park,Los Angeles,03770,"Los Angeles County (West Central)--LA City (West Los Angeles, Century City & Palms) PUMA",SPA 5,DISTRICT 3,8636739.09863281,14141.9635406648
990,06037271200,1333,202,0,1131,180,180,13.5,Los Angeles - Mar Vista,Los Angeles,03776,Los Angeles County (West Central)--LA City (Central/Westwood & West Los Angeles) PUMA,SPA 5,DISTRICT 3,5708814.0546875,13654.4587604719
991,06037271300,2159,1162,0,997,133,133,6.2,Los Angeles - Mar Vista,Los Angeles,03776,Los Angeles County (West Central)--LA City (Central/Westwood & West Los Angeles) PUMA,SPA 5,DISTRICT 3,15825723.8271484,19320.2028751444
992,06037271400,1372,1229,6,143,0,6,0.4,Los Angeles - Mar Vista,Los Angeles,03770,"Los Angeles County (West Central)--LA City (West Los Angeles, Century City & Palms) PUMA",SPA 5,DISTRICT 3,12345574.1621094,14484.9637920837
993,06037271500,1393,815,0,578,9,9,0.6,Los Angeles - Mar Vista,Los Angeles,03770,"Los Angeles County (West Central)--LA City (West Los Angeles, Century City & Palms) PUMA",SPA 5,DISTRICT 3,9788689.12207031,13020.123588567
994,06037271600,2113,656,0,1457,0,0,0,Los Angeles - Mar Vista,Los Angeles,03770,"Los Angeles County (West Central)--LA City (West Los Angeles, Century City & Palms) PUMA",SPA 5,DISTRICT 3,9781183.37304688,12554.9097702709
995,06037271702,1877,545,3,1332,87,90,4.8,Los Angeles - Palms,Los Angeles,03770,"Los Angeles County (West Central)--LA City (West Los Angeles, Century City & Palms) PUMA",SPA 5,DISTRICT 3,7592006.74609375,13322.5810892865
996,06037271703,1437,458,0,979,11,11,0.8,Los Angeles - Palms,Los Angeles,03770,"Los Angeles County (West Central)--LA City (West Los Angeles, Century City & Palms) PUMA",SPA 5,DISTRICT 3,4857225.41992188,12232.1113882258
997,06037271704,1461,344,28,1117,11,39,2.7,Los Angeles - Palms,Los Angeles,03770,"Los Angeles County (West Central)--LA City (West Los Angeles, Century City & Palms) PUMA",SPA 5,DISTRICT 3,5845972.66210938,11867.3047831088
998,06037271801,1802,225,0,1577,135,135,7.5,Los Angeles - Palms,Los Angeles,03770,"Los Angeles County (West Central)--LA City (West Los Angeles, Century City & Palms) PUMA",SPA 5,DISTRICT 3,5286999.7265625,9478.3060860463
999,06037271803,1687,94,16,1593,43,59,3.5,Los Angeles - Palms,Los Angeles,03770,"Los Angeles County (West Central)--LA City (West Los Angeles, Century City & Palms) PUMA",SPA 5,DISTRICT 3,2487117.02539062,6328.97955694258
1000,06037271804,995,229,0,766,50,50,5,Los Angeles - Palms,Los Angeles,03770,"Los Angeles County (West Central)--LA City (West Los Angeles, Century City & Palms) PUMA",SPA 5,DISTRICT 3,3637545.08886719,9969.00319263805
1001,06037271901,1394,438,0,956,173,173,12.4,Los Angeles - Mar Vista,Los Angeles,03770,"Los Angeles County (West Central)--LA City (West Los Angeles, Century City & Palms) PUMA",SPA 5,DISTRICT 3,7067682.96972656,10703.4089385809
1002,06037271902,1877,588,0,1289,40,40,2.1,Los Angeles - Mar Vista,Los Angeles,03770,"Los Angeles County (West Central)--LA City (West Los Angeles, Century City & Palms) PUMA",SPA 5,DISTRICT 3,9898171.515625,12730.4730534367
1003,06037272100,1905,1291,4,614,33,37,1.9,Los Angeles - Mar Vista,Los Angeles,03770,"Los Angeles County (West Central)--LA City (West Los Angeles, Century City & Palms) PUMA",SPA 5,DISTRICT 3,12914392.7001953,14801.6944831003
1004,06037272201,1041,276,0,765,89,89,8.5,Los Angeles - Mar Vista,Los Angeles,03770,"Los Angeles County (West Central)--LA City (West Los Angeles, Century City & Palms) PUMA",SPA 5,DISTRICT 3,2785839.5625,6698.96882720731
1005,06037272202,1608,348,14,1260,25,39,2.4,Los Angeles - Mar Vista,Los Angeles,03770,"Los Angeles County (West Central)--LA City (West Los Angeles, Century City & Palms) PUMA",SPA 5,DISTRICT 3,3307615.52734375,8737.99307977851
1006,06037272301,1433,502,2,931,69,71,5,Los Angeles - Mar Vista,Los Angeles,03770,"Los Angeles County (West Central)--LA City (West Los Angeles, Century City & Palms) PUMA",SPA 5,DISTRICT 3,6629022.05175781,12451.2560806914
1007,06037272302,1932,163,0,1769,173,173,9,Los Angeles - Mar Vista,Los Angeles,03770,"Los Angeles County (West Central)--LA City (West Los Angeles, Century City & Palms) PUMA",SPA 5,DISTRICT 3,5447852.41210938,10544.8119641786
1008,06037273100,1424,591,0,833,68,68,4.8,Los Angeles - Venice,Los Angeles,03728,Los Angeles County (Southwest)--Santa Monica City PUMA,SPA 5,DISTRICT 3,12697813.9902344,15511.4151497188
1009,06037273200,1399,411,41,988,21,62,4.4,Los Angeles - Venice,Los Angeles,03728,Los Angeles County (Southwest)--Santa Monica City PUMA,SPA 5,DISTRICT 3,6925165.875,11520.9945453355
1010,06037273300,1473,360,0,1113,97,97,6.6,Los Angeles - Venice,Los Angeles,03728,Los Angeles County (Southwest)--Santa Monica City PUMA,SPA 5,DISTRICT 3,6147936.41699219,11190.0325697898
1011,06037273403,929,158,4,771,27,31,3.3,Los Angeles - Venice,Los Angeles,03728,Los Angeles County (Southwest)--Santa Monica City PUMA,SPA 5,DISTRICT 3,2869579.43945312,8586.02415737936
1012,06037273404,1283,319,0,964,0,0,0,Los Angeles - Venice,Los Angeles,03728,Los Angeles County (Southwest)--Santa Monica City PUMA,SPA 5,DISTRICT 3,2649349.81738281,7992.74803059091
1013,06037273502,1641,299,0,1342,38,38,2.3,Los Angeles - Venice,Los Angeles,03748,Los Angeles County--LA (Southwest/Marina del Rey & Westchester) & Culver City Cities PUMA,SPA 5,DISTRICT 3,5716625.83398438,10126.1756688709
1014,06037273600,1160,617,0,543,0,0,0,Los Angeles - Venice,Los Angeles,03748,Los Angeles County--LA (Southwest/Marina del Rey & Westchester) & Culver City Cities PUMA,SPA 5,DISTRICT 3,6348104.44726562,10763.565623544
1015,06037273700,1206,498,17,708,5,22,1.8,Los Angeles - Venice,Los Angeles,03748,Los Angeles County--LA (Southwest/Marina del Rey & Westchester) & Culver City Cities PUMA,SPA 5,DISTRICT 3,7434935.78417969,11006.075654283
1016,06037273800,1540,467,0,1073,50,50,3.2,Los Angeles - Venice,Los Angeles,03748,Los Angeles County--LA (Southwest/Marina del Rey & Westchester) & Culver City Cities PUMA,SPA 5,DISTRICT 3,8064769.03027344,16402.2565072151
1017,06037273902,2338,981,0,1357,0,0,0,Los Angeles - Venice,Los Angeles,03748,Los Angeles County--LA (Southwest/Marina del Rey & Westchester) & Culver City Cities PUMA,SPA 5,DISTRICT 3,9688287.02050781,13506.3454753602
1018,06037274100,2095,876,0,1219,36,36,1.7,Los Angeles - Venice,Los Angeles,03748,Los Angeles County--LA (Southwest/Marina del Rey & Westchester) & Culver City Cities PUMA,SPA 5,DISTRICT 2,6546954.8515625,14177.3748296341
1019,06037274202,2420,1085,12,1335,40,52,2.1,Los Angeles - Marina Peninsula,Los Angeles,03748,Los Angeles County--LA (Southwest/Marina del Rey & Westchester) & Culver City Cities PUMA,SPA 5,DISTRICT 2,10165936.5087891,16509.2442148847
1020,06037275101,450,164,0,286,2,2,0.4,Los Angeles - Del Rey,Los Angeles,03748,Los Angeles County--LA (Southwest/Marina del Rey & Westchester) & Culver City Cities PUMA,SPA 5,DISTRICT 2,3633262.37011719,9774.86453319325
1021,06037275102,1370,475,0,895,236,236,17.2,Los Angeles - Del Rey,Los Angeles,03748,Los Angeles County--LA (Southwest/Marina del Rey & Westchester) & Culver City Cities PUMA,SPA 5,DISTRICT 2,6786105.72070312,11751.496222835
1022,06037275200,1606,339,0,1267,133,133,8.3,Los Angeles - Del Rey,Los Angeles,03748,Los Angeles County--LA (Southwest/Marina del Rey & Westchester) & Culver City Cities PUMA,SPA 5,DISTRICT 2,4984960.20996094,10518.5131629763
1023,06037275311,2595,1108,23,1487,115,138,5.3,Los Angeles - Del Rey,Los Angeles,03748,Los Angeles County--LA (Southwest/Marina del Rey & Westchester) & Culver City Cities PUMA,SPA 5,DISTRICT 2,13834549.9072266,16979.7305848321
1024,06037275312,987,447,0,540,11,11,1.1,Los Angeles - Del Rey,Los Angeles,03748,Los Angeles County--LA (Southwest/Marina del Rey & Westchester) & Culver City Cities PUMA,SPA 5,DISTRICT 2,8815510.28417969,14279.3327761286
1025,06037275313,1672,1198,47,474,0,47,2.8,Los Angeles - Del Rey,Los Angeles,03748,Los Angeles County--LA (Southwest/Marina del Rey & Westchester) & Culver City Cities PUMA,SPA 5,DISTRICT 2,10553211.4960938,15828.6404859211
1026,06037275400,2357,934,30,1423,25,55,2.3,Los Angeles - Del Rey,Los Angeles,03748,Los Angeles County--LA (Southwest/Marina del Rey & Westchester) & Culver City Cities PUMA,SPA 5,DISTRICT 2,8095137.61035156,13033.9015235162
1027,06037275500,1803,388,0,1415,75,75,4.2,Los Angeles - Del Rey,Los Angeles,03748,Los Angeles County--LA (Southwest/Marina del Rey & Westchester) & Culver City Cities PUMA,SPA 5,DISTRICT 2,8448365.02148438,11616.6957036497
1028,06037275603,1251,641,20,610,40,60,4.8,Los Angeles - Playa Vista,Los Angeles,03748,Los Angeles County--LA (Southwest/Marina del Rey & Westchester) & Culver City Cities PUMA,SPA 5,DISTRICT 2,11078422.5458984,16829.2683614156
1029,06037275604,4896,1648,13,3248,191,204,4.2,Los Angeles - Playa Vista,Los Angeles,03748,Los Angeles County--LA (Southwest/Marina del Rey & Westchester) & Culver City Cities PUMA,SPA 5,DISTRICT 2,16622367.3496094,25416.0072370647
1030,06037275605,1826,349,0,1477,0,0,0,Los Angeles - Playa Vista,Los Angeles,03748,Los Angeles County--LA (Southwest/Marina del Rey & Westchester) & Culver City Cities PUMA,SPA 5,DISTRICT 2,11227919.2548828,17377.1738452847
1031,06037276000,2952,1611,33,1341,16,49,1.7,Los Angeles - Westchester,Los Angeles,03748,Los Angeles County--LA (Southwest/Marina del Rey & Westchester) & Culver City Cities PUMA,SPA 5,DISTRICT 2,25263650.9882812,22460.3923707587
1032,06037276101,2027,146,0,1881,103,103,5.1,Los Angeles - Westchester,Los Angeles,03748,Los Angeles County--LA (Southwest/Marina del Rey & Westchester) & Culver City Cities PUMA,SPA 5,DISTRICT 2,3520598.62890625,10392.1351724801
1033,06037276102,1659,502,0,1157,22,22,1.3,Los Angeles - Westchester,Los Angeles,03748,Los Angeles County--LA (Southwest/Marina del Rey & Westchester) & Culver City Cities PUMA,SPA 5,DISTRICT 2,7040160.40039062,20267.4892511364
1034,06037276400,1519,1162,32,357,0,32,2.1,Los Angeles - Westchester,Los Angeles,03748,Los Angeles County--LA (Southwest/Marina del Rey & Westchester) & Culver City Cities PUMA,SPA 5,DISTRICT 2,13719797.3320312,16195.8931566995
1035,06037276500,772,509,8,263,5,13,1.7,Los Angeles - Westchester,Los Angeles,03748,Los Angeles County--LA (Southwest/Marina del Rey & Westchester) & Culver City Cities PUMA,SPA 5,DISTRICT 2,12844984.8857422,15352.065175078
1036,06037276601,1688,999,10,689,0,10,0.6,Los Angeles - Westchester,Los Angeles,03748,Los Angeles County--LA (Southwest/Marina del Rey & Westchester) & Culver City Cities PUMA,SPA 5,DISTRICT 2,24153417.5351562,23189.4456473657
1037,06037276605,1351,538,10,813,0,10,0.7,Los Angeles - Westchester,Los Angeles,03748,Los Angeles County--LA (Southwest/Marina del Rey & Westchester) & Culver City Cities PUMA,SPA 5,DISTRICT 2,2510855.3984375,7959.74823275333
1038,06037276606,1844,710,24,1134,12,36,2,Los Angeles - Westchester,Los Angeles,03748,Los Angeles County--LA (Southwest/Marina del Rey & Westchester) & Culver City Cities PUMA,SPA 5,DISTRICT 2,2347566.25683594,7210.82164915011
1039,06037276607,1345,387,0,958,36,36,2.7,Los Angeles - Westchester,Los Angeles,03748,Los Angeles County--LA (Southwest/Marina del Rey & Westchester) & Culver City Cities PUMA,SPA 5,DISTRICT 2,5040796.19335938,11045.0184155477
1040,06037276608,1116,450,0,666,0,0,0,Los Angeles - Westchester,Los Angeles,03748,Los Angeles County--LA (Southwest/Marina del Rey & Westchester) & Culver City Cities PUMA,SPA 5,DISTRICT 2,3787455.64453125,8505.35249089638
1041,06037277000,2136,1487,0,649,40,40,1.9,Los Angeles - Westchester,Los Angeles,03748,Los Angeles County--LA (Southwest/Marina del Rey & Westchester) & Culver City Cities PUMA,SPA 5,DISTRICT 2,24690743.9287109,21806.3186111845
1042,06037277100,1074,844,24,230,0,24,2.2,Los Angeles - Westchester,Los Angeles,03748,Los Angeles County--LA (Southwest/Marina del Rey & Westchester) & Culver City Cities PUMA,SPA 5,DISTRICT 2,13336069.4941406,15078.1860344813
1043,06037277200,974,175,0,799,37,37,3.8,Los Angeles - Westchester,Los Angeles,03748,Los Angeles County--LA (Southwest/Marina del Rey & Westchester) & Culver City Cities PUMA,SPA 5,DISTRICT 2,11287657.2490234,15128.1307547004
1044,06037277400,0,0,0,0,0,0,0,Los Angeles - Westchester,Los Angeles,03748,Los Angeles County--LA (Southwest/Marina del Rey & Westchester) & Culver City Cities PUMA,SPA 5,DISTRICT 2,6827546.69238281,10436.4077659691
1045,06037278001,1125,618,0,507,72,72,6.4,Los Angeles - Westchester,Los Angeles,03748,Los Angeles County--LA (Southwest/Marina del Rey & Westchester) & Culver City Cities PUMA,SPA 5,DISTRICT 2,17305291.5664062,25119.5450913685
1046,06037278102,1388,674,0,714,0,0,0,Los Angeles - Playa Del Rey,Los Angeles,03748,Los Angeles County--LA (Southwest/Marina del Rey & Westchester) & Culver City Cities PUMA,SPA 5,DISTRICT 2,16248938.2607422,24720.5297139066
1047,06037291110,1306,259,0,1047,212,212,16.2,Los Angeles - Harbor Gateway,Los Angeles,03750,Los Angeles County (South Central)--LA City (South Central/Westmont) PUMA,SPA 8,DISTRICT 2,7639845.82324219,11541.8228852653
1048,06037291120,655,186,15,469,134,149,22.7,Los Angeles - Harbor Gateway,Los Angeles,03750,Los Angeles County (South Central)--LA City (South Central/Westmont) PUMA,SPA 8,DISTRICT 2,7550428.2265625,10995.0419672466
1049,06037291130,1051,751,65,300,56,121,11.5,Los Angeles - Harbor Gateway,Los Angeles,03750,Los Angeles County (South Central)--LA City (South Central/Westmont) PUMA,SPA 8,DISTRICT 2,13899094.6181641,15716.6902988015
1050,06037291210,1728,890,101,838,76,177,10.2,Los Angeles - Harbor Gateway,Los Angeles,03758,"Los Angeles County (South Central)--Gardena, Lawndale Cities & West Athens PUMA",SPA 8,DISTRICT 2,13398130.0898438,15542.0138867714
1051,06037291220,1071,484,24,587,113,137,12.8,Los Angeles - Harbor Gateway,Los Angeles,03758,"Los Angeles County (South Central)--Gardena, Lawndale Cities & West Athens PUMA",SPA 8,DISTRICT 2,8858228.11523438,12160.7224835031
1052,06037291300,1108,874,17,234,60,77,6.9,Los Angeles - Harbor Gateway,Los Angeles,03758,"Los Angeles County (South Central)--Gardena, Lawndale Cities & West Athens PUMA",SPA 8,DISTRICT 2,25942091.4785156,31508.3148184833
1053,06037292001,1423,227,58,1196,270,328,23,Los Angeles - Harbor Gateway,Los Angeles,03767,Los Angeles County (South)--LA City (South/San Pedro) PUMA,SPA 8,DISTRICT 2,37895944.4853516,29138.872139628
1054,06037292002,542,386,25,156,48,73,13.5,Los Angeles - Harbor Gateway,Los Angeles,03767,Los Angeles County (South)--LA City (South/San Pedro) PUMA,SPA 8,DISTRICT 2,5038047.18652344,9232.89889485161
1055,06037293203,1118,439,30,679,110,140,12.5,Los Angeles - Harbor Gateway,Los Angeles,03767,Los Angeles County (South)--LA City (South/San Pedro) PUMA,SPA 8,DISTRICT 2,5064146.04296875,9620.07920003243
1056,06037293204,1132,483,195,649,103,298,26.3,Los Angeles - Harbor Gateway,Los Angeles,03767,Los Angeles County (South)--LA City (South/San Pedro) PUMA,SPA 8,DISTRICT 2,6513352.95996094,13400.5224754837
1057,06037293205,1189,139,36,1050,184,220,18.5,Los Angeles - Harbor Gateway,Los Angeles,03767,Los Angeles County (South)--LA City (South/San Pedro) PUMA,SPA 8,DISTRICT 2,6863016.94238281,11403.7422450381
1058,06037293206,783,191,9,592,90,99,12.6,Los Angeles - Harbor Gateway,Los Angeles,03767,Los Angeles County (South)--LA City (South/San Pedro) PUMA,SPA 8,DISTRICT 2,4486024.61328125,9171.07915073413
1059,06037293301,968,763,19,205,46,65,6.7,Los Angeles - Harbor City,Los Angeles,03767,Los Angeles County (South)--LA City (South/San Pedro) PUMA,SPA 8,DISTRICT 4,9161194.22070312,14181.9722250187
1060,06037293302,1606,995,67,611,88,155,9.7,Los Angeles - Harbor City,Los Angeles,03767,Los Angeles County (South)--LA City (South/San Pedro) PUMA,SPA 8,DISTRICT 4,11956408.5166016,14877.2419408798
1061,06037293304,1572,492,103,1080,236,339,21.6,Los Angeles - Harbor City,Los Angeles,03767,Los Angeles County (South)--LA City (South/San Pedro) PUMA,SPA 8,DISTRICT 4,6129074.62207031,9932.01103013149
1062,06037293306,873,653,7,220,32,39,4.5,Los Angeles - Harbor Pines,Los Angeles,03767,Los Angeles County (South)--LA City (South/San Pedro) PUMA,SPA 8,DISTRICT 4,6597762.98730469,11299.406474253
1063,06037293307,925,252,29,673,212,241,26.1,Los Angeles - Harbor City,Los Angeles,03767,Los Angeles County (South)--LA City (South/San Pedro) PUMA,SPA 8,DISTRICT 4,3662986.1953125,9131.03127043537
1064,06037294110,1085,613,86,472,152,238,21.9,Los Angeles - Wilmington,Los Angeles,03767,Los Angeles County (South)--LA City (South/San Pedro) PUMA,SPA 8,DISTRICT 4,10577968.1210938,16387.3793555956
1065,06037294120,573,203,32,370,163,195,34,Los Angeles - Wilmington,Los Angeles,03767,Los Angeles County (South)--LA City (South/San Pedro) PUMA,SPA 8,DISTRICT 4,16899513.4833984,16844.3492300797
1066,06037294200,1293,730,77,563,161,238,18.4,Los Angeles - Wilmington,Los Angeles,03767,Los Angeles County (South)--LA City (South/San Pedro) PUMA,SPA 8,DISTRICT 4,10296780.7363281,12893.7986120693
1067,06037294301,639,492,151,147,51,202,31.6,Los Angeles - Wilmington,Los Angeles,03767,Los Angeles County (South)--LA City (South/San Pedro) PUMA,SPA 8,DISTRICT 4,7888111.1796875,11446.701048457
1068,06037294302,1184,553,56,631,298,354,29.9,Los Angeles - Wilmington,Los Angeles,03767,Los Angeles County (South)--LA City (South/San Pedro) PUMA,SPA 8,DISTRICT 4,9600726.80957031,14220.3410148809
1069,06037294410,1654,781,14,873,146,160,9.7,Los Angeles - Harbor City,Los Angeles,03767,Los Angeles County (South)--LA City (South/San Pedro) PUMA,SPA 8,DISTRICT 4,8910475.68945312,12587.1631531716
1070,06037294421,946,434,45,512,101,146,15.4,Los Angeles - Harbor City,Los Angeles,03767,Los Angeles County (South)--LA City (South/San Pedro) PUMA,SPA 8,DISTRICT 4,7347911.47167969,16277.9897400314
1071,06037294510,1165,494,72,671,344,416,35.7,Los Angeles - Wilmington,Los Angeles,03767,Los Angeles County (South)--LA City (South/San Pedro) PUMA,SPA 8,DISTRICT 4,5571390.42285156,9763.41570223589
1072,06037294520,893,298,31,595,178,209,23.4,Los Angeles - Wilmington,Los Angeles,03767,Los Angeles County (South)--LA City (South/San Pedro) PUMA,SPA 8,DISTRICT 4,5211980.57617188,9449.94508282982
1073,06037294610,1208,355,69,853,298,367,30.4,Los Angeles - Wilmington,Los Angeles,03767,Los Angeles County (South)--LA City (South/San Pedro) PUMA,SPA 8,DISTRICT 4,8849724.5234375,11869.4937421327
1074,06037294620,1034,483,113,551,35,148,14.3,Los Angeles - Wilmington,Los Angeles,03767,Los Angeles County (South)--LA City (South/San Pedro) PUMA,SPA 8,DISTRICT 4,9134309.57519531,12417.9232379376
1075,06037294701,992,208,5,784,207,212,21.4,Los Angeles - Wilmington,Los Angeles,03767,Los Angeles County (South)--LA City (South/San Pedro) PUMA,SPA 8,DISTRICT 4,18664502.109375,19461.9599405726
1076,06037294810,995,176,50,819,357,407,40.9,Los Angeles - Wilmington,Los Angeles,03767,Los Angeles County (South)--LA City (South/San Pedro) PUMA,SPA 8,DISTRICT 4,3444899.31933594,7566.43251365352
1077,06037294820,984,91,14,893,372,386,39.2,Los Angeles - Wilmington,Los Angeles,03767,Los Angeles County (South)--LA City (South/San Pedro) PUMA,SPA 8,DISTRICT 4,4127868.35546875,8204.41353495595
1078,06037294830,990,244,8,746,358,366,37,Los Angeles - Wilmington,Los Angeles,03767,Los Angeles County (South)--LA City (South/San Pedro) PUMA,SPA 8,DISTRICT 4,9464121.89941406,13633.3162189358
1079,06037294900,1014,251,29,763,160,189,18.6,Los Angeles - Wilmington,Los Angeles,03767,Los Angeles County (South)--LA City (South/San Pedro) PUMA,SPA 8,DISTRICT 4,7241282.70605469,13400.2544076345
1080,06037295103,2142,1558,0,584,50,50,2.3,Los Angeles - Harbor City,Los Angeles,03767,Los Angeles County (South)--LA City (South/San Pedro) PUMA,SPA 8,DISTRICT 4,21849902.8408203,25078.102568369
1081,06037296210,1099,248,0,851,212,212,19.3,Los Angeles - San Pedro,Los Angeles,03767,Los Angeles County (South)--LA City (South/San Pedro) PUMA,SPA 8,DISTRICT 4,5981288.05859375,9557.88544308855
1082,06037296220,2006,51,0,1955,164,164,8.2,Los Angeles - San Pedro,Los Angeles,03767,Los Angeles County (South)--LA City (South/San Pedro) PUMA,SPA 8,DISTRICT 4,5785850.97851562,9581.65115977312
1083,06037296300,2012,1163,11,849,177,188,9.3,Los Angeles - San Pedro,Los Angeles,03767,Los Angeles County (South)--LA City (South/San Pedro) PUMA,SPA 8,DISTRICT 4,11738616.5527344,16601.1748171322
1084,06037296401,1287,1108,31,179,35,66,5.1,Los Angeles - San Pedro,Los Angeles,03767,Los Angeles County (South)--LA City (South/San Pedro) PUMA,SPA 8,DISTRICT 4,10677115.0732422,13437.9317779434
1085,06037296402,1156,915,12,241,71,83,7.2,Los Angeles - San Pedro,Los Angeles,03767,Los Angeles County (South)--LA City (South/San Pedro) PUMA,SPA 8,DISTRICT 4,11394123.7050781,16210.9212608166
1086,06037296500,1207,423,32,784,186,218,18.1,Los Angeles - San Pedro,Los Angeles,03767,Los Angeles County (South)--LA City (South/San Pedro) PUMA,SPA 8,DISTRICT 4,9788948.62304688,13598.2074779623
1087,06037296600,2130,448,23,1682,185,208,9.8,Los Angeles - San Pedro,Los Angeles,03767,Los Angeles County (South)--LA City (South/San Pedro) PUMA,SPA 8,DISTRICT 4,9063578.47851562,12269.8675983507
1088,06037296901,1591,277,0,1314,93,93,5.8,Los Angeles - San Pedro,Los Angeles,03767,Los Angeles County (South)--LA City (South/San Pedro) PUMA,SPA 8,DISTRICT 4,6646470.8125,11354.580129369
1089,06037296902,1565,323,9,1242,245,254,16.2,Los Angeles - San Pedro,Los Angeles,03767,Los Angeles County (South)--LA City (South/San Pedro) PUMA,SPA 8,DISTRICT 4,5307346.69921875,12001.5042967252
1090,06037297001,615,458,0,157,2,2,0.3,Los Angeles - San Pedro,Los Angeles,03767,Los Angeles County (South)--LA City (South/San Pedro) PUMA,SPA 8,DISTRICT 4,7731575.55175781,13928.5108017449
1091,06037297002,1750,871,10,879,102,112,6.4,Los Angeles - San Pedro,Los Angeles,03767,Los Angeles County (South)--LA City (South/San Pedro) PUMA,SPA 8,DISTRICT 4,8142209.66894531,12365.455018066
1092,06037297110,1644,379,6,1265,382,388,23.6,Los Angeles - San Pedro,Los Angeles,03767,Los Angeles County (South)--LA City (South/San Pedro) PUMA,SPA 8,DISTRICT 4,5247380.20605469,9163.59145500806
1093,06037297120,1090,428,0,662,114,114,10.5,Los Angeles - San Pedro,Los Angeles,03767,Los Angeles County (South)--LA City (South/San Pedro) PUMA,SPA 8,DISTRICT 4,4725184.85839844,9976.87433887076
1094,06037297201,1368,479,0,889,176,176,12.9,Los Angeles - San Pedro,Los Angeles,03767,Los Angeles County (South)--LA City (South/San Pedro) PUMA,SPA 8,DISTRICT 4,4350771.79296875,8255.80953032797
1095,06037297202,1607,637,14,970,95,109,6.8,Los Angeles - San Pedro,Los Angeles,03767,Los Angeles County (South)--LA City (South/San Pedro) PUMA,SPA 8,DISTRICT 4,6198671.67285156,9987.19875328874
1096,06037297300,836,460,10,376,7,17,2,Los Angeles - San Pedro,Los Angeles,03767,Los Angeles County (South)--LA City (South/San Pedro) PUMA,SPA 8,DISTRICT 4,13002454.1025391,18304.1080544178
1097,06037297400,1750,1513,0,237,0,0,0,Los Angeles - San Pedro,Los Angeles,03767,Los Angeles County (South)--LA City (South/San Pedro) PUMA,SPA 8,DISTRICT 4,21748171.1621094,20186.8823157163
1098,06037297501,1050,847,0,203,0,0,0,Los Angeles - San Pedro,Los Angeles,03767,Los Angeles County (South)--LA City (South/San Pedro) PUMA,SPA 8,DISTRICT 4,11662617.421875,20684.283729321
1099,06037297502,978,465,0,513,28,28,2.9,Los Angeles - San Pedro,Los Angeles,03767,Los Angeles County (South)--LA City (South/San Pedro) PUMA,SPA 8,DISTRICT 4,10264953.8496094,17170.9267138665
1100,06037297601,1330,275,0,1055,104,104,7.8,Los Angeles - San Pedro,Los Angeles,03767,Los Angeles County (South)--LA City (South/San Pedro) PUMA,SPA 8,DISTRICT 4,8054009.68945312,18303.4843956637
1101,06037297602,1603,582,0,1021,30,30,1.9,Los Angeles - San Pedro,Los Angeles,03767,Los Angeles County (South)--LA City (South/San Pedro) PUMA,SPA 8,DISTRICT 4,6574066.1796875,12185.2959179288
1102,06037300100,2208,1802,19,406,0,19,0.9,Unincorporated - La Crescenta-Montrose,Unincorporated,03709,Los Angeles County (Central)--San Gabriel Valley Region (North) PUMA,SPA 2,DISTRICT 5,50985976.2109375,28957.2433018434
1103,06037300200,1967,1391,26,576,10,36,1.8,Unincorporated - La Crescenta-Montrose,Unincorporated,03709,Los Angeles County (Central)--San Gabriel Valley Region (North) PUMA,SPA 2,DISTRICT 5,20772176.4746094,21642.3436768305
1104,06037300301,2013,1706,57,307,28,85,4.2,Glendale,Glendale,03719,Los Angeles County (Central)--Glendale City PUMA,SPA 2,DISTRICT 5,65980729.0273438,40748.8781235231
1105,06037300400,1853,1484,28,369,54,82,4.4,Glendale,Glendale,03719,Los Angeles County (Central)--Glendale City PUMA,SPA 2,DISTRICT 5,21730162.6796875,23706.2677173095
1106,06037300501,1013,637,19,376,22,41,4,Unincorporated - La Crescenta-Montrose,Unincorporated,03709,Los Angeles County (Central)--San Gabriel Valley Region (North) PUMA,SPA 2,DISTRICT 5,13706802.6113281,19874.7368198752
1107,06037300503,2206,544,23,1662,151,174,7.9,Unincorporated - La Crescenta-Montrose,Unincorporated,03709,Los Angeles County (Central)--San Gabriel Valley Region (North) PUMA,SPA 2,DISTRICT 5,11791711.5478516,15404.8168094313
1108,06037300601,2033,833,10,1200,126,136,6.7,Glendale,Glendale,03719,Los Angeles County (Central)--Glendale City PUMA,SPA 2,DISTRICT 5,7788051.9140625,16814.7070250312
1109,06037300602,1162,650,0,512,0,0,0,Glendale,Glendale,03719,Los Angeles County (Central)--Glendale City PUMA,SPA 2,DISTRICT 5,16194456.0449219,23089.0111470038
1110,06037300701,2151,1803,0,348,0,0,0,Glendale,Glendale,03719,Los Angeles County (Central)--Glendale City PUMA,SPA 2,DISTRICT 5,144233689.552734,64160.7836401225
1111,06037300702,2003,1623,34,380,17,51,2.5,Glendale,Glendale,03719,Los Angeles County (Central)--Glendale City PUMA,SPA 2,DISTRICT 5,123673195.93457,65800.183378028
1112,06037300800,2735,1291,0,1444,78,78,2.9,Glendale,Glendale,03719,Los Angeles County (Central)--Glendale City PUMA,SPA 2,DISTRICT 5,65832229.0830078,44428.0553771992
1113,06037300901,1971,1784,84,187,0,84,4.3,Glendale,Glendale,03719,Los Angeles County (Central)--Glendale City PUMA,SPA 2,DISTRICT 5,74915948.5644531,42058.5180986524
1114,06037300902,744,642,0,102,0,0,0,Glendale,Glendale,03719,Los Angeles County (Central)--Glendale City PUMA,SPA 2,DISTRICT 5,46938012.4462891,36142.8093370323
1115,06037301000,2070,1049,12,1021,43,55,2.7,Glendale,Glendale,03719,Los Angeles County (Central)--Glendale City PUMA,SPA 2,DISTRICT 5,22319396.3652344,20775.3517190805
1116,06037301100,2723,1048,14,1675,97,111,4.1,Glendale,Glendale,03719,Los Angeles County (Central)--Glendale City PUMA,SPA 2,DISTRICT 5,14379029.8808594,18268.4681257019
1117,06037301203,1668,656,12,1012,27,39,2.3,Glendale,Glendale,03719,Los Angeles County (Central)--Glendale City PUMA,SPA 2,DISTRICT 5,5857895.1640625,10508.0879894904
1118,06037301204,2155,359,0,1796,192,192,8.9,Glendale,Glendale,03719,Los Angeles County (Central)--Glendale City PUMA,SPA 2,DISTRICT 5,4440283.87792969,8676.5072435253
1119,06037301205,697,483,5,214,66,71,10.2,Glendale,Glendale,03719,Los Angeles County (Central)--Glendale City PUMA,SPA 2,DISTRICT 5,8345948.77539062,12788.1946800482
1120,06037301206,1804,464,22,1340,185,207,11.5,Glendale,Glendale,03719,Los Angeles County (Central)--Glendale City PUMA,SPA 2,DISTRICT 5,8886784.02539062,13369.4577337785
1121,06037301300,642,630,0,12,0,0,0,Glendale,Glendale,03719,Los Angeles County (Central)--Glendale City PUMA,SPA 2,DISTRICT 5,12606921.2861328,18862.523119581
1122,06037301400,1303,1148,10,155,0,10,0.8,Glendale,Glendale,03719,Los Angeles County (Central)--Glendale City PUMA,SPA 2,DISTRICT 5,17209177.7167969,19119.8054539028
1123,06037301501,545,460,12,85,10,22,4,Glendale,Glendale,03719,Los Angeles County (Central)--Glendale City PUMA,SPA 2,DISTRICT 5,6522241.91015625,14080.7502240709
1124,06037301502,2411,262,19,2149,236,255,10.6,Glendale,Glendale,03719,Los Angeles County (Central)--Glendale City PUMA,SPA 2,DISTRICT 5,7276780.00097656,15094.1780575667
1125,06037301601,2209,295,14,1914,173,187,8.5,Glendale,Glendale,03719,Los Angeles County (Central)--Glendale City PUMA,SPA 2,DISTRICT 5,24223841.4130859,25956.6624890587
1126,06037301602,1481,464,10,1017,104,114,7.7,Glendale,Glendale,03719,Los Angeles County (Central)--Glendale City PUMA,SPA 2,DISTRICT 5,10834212.9453125,15313.5812956516
1127,06037301701,971,399,8,572,50,58,6,Glendale,Glendale,03719,Los Angeles County (Central)--Glendale City PUMA,SPA 2,DISTRICT 5,10151891.4257812,15491.2606689348
1128,06037301702,2161,585,0,1576,153,153,7.1,Glendale,Glendale,03719,Los Angeles County (Central)--Glendale City PUMA,SPA 2,DISTRICT 5,8914696.16210938,12255.4987908798
1129,06037301801,2741,521,0,2220,255,255,9.3,Glendale,Glendale,03719,Los Angeles County (Central)--Glendale City PUMA,SPA 2,DISTRICT 5,7768025.3203125,11130.6116866892
1130,06037301802,2476,207,14,2269,195,209,8.4,Glendale,Glendale,03719,Los Angeles County (Central)--Glendale City PUMA,SPA 2,DISTRICT 5,5105359.70507812,9429.1081924415
1131,06037301901,1678,626,26,1052,126,152,9.1,Glendale,Glendale,03719,Los Angeles County (Central)--Glendale City PUMA,SPA 2,DISTRICT 5,4955845.14550781,9777.97081845027
1132,06037301902,1039,322,7,717,18,25,2.4,Glendale,Glendale,03719,Los Angeles County (Central)--Glendale City PUMA,SPA 2,DISTRICT 5,6904973.75878906,12742.8686890059
1133,06037302002,1785,331,14,1454,170,184,10.3,Glendale,Glendale,03719,Los Angeles County (Central)--Glendale City PUMA,SPA 2,DISTRICT 5,5417492.88671875,9619.91471190524
1134,06037302003,1480,186,6,1294,77,83,5.6,Glendale,Glendale,03719,Los Angeles County (Central)--Glendale City PUMA,SPA 2,DISTRICT 5,2544724.60839844,6616.36678955492
1135,06037302004,1550,268,72,1282,108,180,11.6,Glendale,Glendale,03719,Los Angeles County (Central)--Glendale City PUMA,SPA 2,DISTRICT 5,3654687.62792969,7714.8494198668
1136,06037302102,2272,742,113,1530,127,240,10.6,Glendale,Glendale,03719,Los Angeles County (Central)--Glendale City PUMA,SPA 2,DISTRICT 5,11204272.0166016,17915.4822699198
1137,06037302103,1942,320,96,1622,179,275,14.2,Glendale,Glendale,03719,Los Angeles County (Central)--Glendale City PUMA,SPA 2,DISTRICT 5,5929428.52050781,9558.54129902097
1138,06037302104,1368,262,21,1106,131,152,11.1,Glendale,Glendale,03719,Los Angeles County (Central)--Glendale City PUMA,SPA 2,DISTRICT 5,6180876.06835938,12259.1264666109
1139,06037302201,1746,116,2,1630,141,143,8.2,Glendale,Glendale,03719,Los Angeles County (Central)--Glendale City PUMA,SPA 2,DISTRICT 5,5357947.01757812,10678.1878113725
1140,06037302202,1894,165,0,1729,244,244,12.9,Glendale,Glendale,03719,Los Angeles County (Central)--Glendale City PUMA,SPA 2,DISTRICT 5,5501230.22265625,10954.0902020965
1141,06037302301,1435,300,11,1135,64,75,5.2,Glendale,Glendale,03719,Los Angeles County (Central)--Glendale City PUMA,SPA 2,DISTRICT 5,7560402.36035156,13024.5184017172
1142,06037302302,1772,35,0,1737,273,273,15.4,Glendale,Glendale,03719,Los Angeles County (Central)--Glendale City PUMA,SPA 2,DISTRICT 5,6876762.03320312,11803.4493374543
1143,06037302401,2740,114,15,2626,220,235,8.6,Glendale,Glendale,03719,Los Angeles County (Central)--Glendale City PUMA,SPA 2,DISTRICT 5,14601722.3193359,17870.1415539036
1144,06037302503,1419,258,35,1161,169,204,14.4,Glendale,Glendale,03719,Los Angeles County (Central)--Glendale City PUMA,SPA 2,DISTRICT 5,3510714.9765625,9965.25872036571
1145,06037302504,1340,162,39,1178,109,148,11,Glendale,Glendale,03719,Los Angeles County (Central)--Glendale City PUMA,SPA 2,DISTRICT 5,4054853.5546875,11445.9348905592
1146,06037302505,1279,51,0,1228,240,240,18.8,Glendale,Glendale,03719,Los Angeles County (Central)--Glendale City PUMA,SPA 2,DISTRICT 5,5939776.76269531,15529.6541267294
1147,06037302506,1112,421,0,691,81,81,7.3,Glendale,Glendale,03719,Los Angeles County (Central)--Glendale City PUMA,SPA 2,DISTRICT 5,9652359.50195312,14869.4294583233
1148,06037310100,1995,1839,0,156,37,37,1.9,Burbank,Burbank,03720,Los Angeles County (Central)--Burbank City PUMA,SPA 2,DISTRICT 5,140952901.964844,57081.2226359994
1149,06037310201,1891,1040,9,851,85,94,5,Burbank,Burbank,03720,Los Angeles County (Central)--Burbank City PUMA,SPA 2,DISTRICT 5,11796177.9892578,13936.6038331138
1150,06037310202,1853,819,0,1034,167,167,9,Burbank,Burbank,03720,Los Angeles County (Central)--Burbank City PUMA,SPA 2,DISTRICT 5,9778178.41894531,13487.183944034
1151,06037310300,1120,1096,0,24,0,0,0,Burbank,Burbank,03720,Los Angeles County (Central)--Burbank City PUMA,SPA 2,DISTRICT 5,11360429.2138672,18596.0812534476
1152,06037310400,1240,681,30,559,58,88,7.1,Burbank,Burbank,03720,Los Angeles County (Central)--Burbank City PUMA,SPA 2,DISTRICT 5,15082273.5136719,20217.6595296076
1153,06037310501,1522,184,0,1338,169,169,11.1,Burbank,Burbank,03720,Los Angeles County (Central)--Burbank City PUMA,SPA 2,DISTRICT 5,21079142.7949219,24602.2207513208
1154,06037310601,2484,557,12,1927,271,283,11.4,Burbank,Burbank,03720,Los Angeles County (Central)--Burbank City PUMA,SPA 2,DISTRICT 5,11177342.4042969,18706.5569422836
1155,06037310602,1175,573,0,602,20,20,1.7,Burbank,Burbank,03720,Los Angeles County (Central)--Burbank City PUMA,SPA 2,DISTRICT 5,9468648.13671875,13304.4879997572
1156,06037310701,1180,119,7,1061,43,50,4.2,Burbank,Burbank,03720,Los Angeles County (Central)--Burbank City PUMA,SPA 2,DISTRICT 5,5710848.21777344,11296.142879471
1157,06037310703,1960,379,20,1581,394,414,21.1,Burbank,Burbank,03720,Los Angeles County (Central)--Burbank City PUMA,SPA 2,DISTRICT 5,10636750.8945312,16037.0013445299
1158,06037310704,2390,520,101,1870,19,120,5,Burbank,Burbank,03720,Los Angeles County (Central)--Burbank City PUMA,SPA 2,DISTRICT 5,5332915.69238281,9704.38560238867
1159,06037310705,1344,133,41,1211,69,110,8.2,Burbank,Burbank,03720,Los Angeles County (Central)--Burbank City PUMA,SPA 2,DISTRICT 5,5962113.4453125,10127.7878011821
1160,06037310800,2244,1005,0,1239,104,104,4.6,Burbank,Burbank,03720,Los Angeles County (Central)--Burbank City PUMA,SPA 2,DISTRICT 5,23102969.171875,23534.8352232728
1161,06037310900,2379,1848,65,531,110,175,7.4,Burbank,Burbank,03720,Los Angeles County (Central)--Burbank City PUMA,SPA 2,DISTRICT 5,23367900.1171875,21420.1105364949
1162,06037311000,1472,686,44,786,23,67,4.6,Burbank,Burbank,03720,Los Angeles County (Central)--Burbank City PUMA,SPA 2,DISTRICT 5,14246251.0576172,15607.3739761251
1163,06037311100,1464,836,37,628,37,74,5.1,Burbank,Burbank,03720,Los Angeles County (Central)--Burbank City PUMA,SPA 2,DISTRICT 5,18361295.4296875,18011.3332716578
1164,06037311200,1238,528,21,710,89,110,8.9,Burbank,Burbank,03720,Los Angeles County (Central)--Burbank City PUMA,SPA 2,DISTRICT 5,10652013.1904297,13819.8448142285
1165,06037311300,1639,961,16,678,0,16,1,Burbank,Burbank,03720,Los Angeles County (Central)--Burbank City PUMA,SPA 2,DISTRICT 5,13153727.6162109,14547.0136887005
1166,06037311400,989,534,16,455,5,21,2.1,Burbank,Burbank,03720,Los Angeles County (Central)--Burbank City PUMA,SPA 2,DISTRICT 5,10144569.2285156,15045.4959509903
1167,06037311500,2387,1064,8,1323,53,61,2.6,Burbank,Burbank,03720,Los Angeles County (Central)--Burbank City PUMA,SPA 2,DISTRICT 5,16116900.890625,16059.6625664767
1168,06037311601,993,435,0,558,12,12,1.2,Burbank,Burbank,03720,Los Angeles County (Central)--Burbank City PUMA,SPA 2,DISTRICT 5,18421797.5019531,18378.1626385106
1169,06037311602,2383,527,0,1856,83,83,3.5,Burbank,Burbank,03720,Los Angeles County (Central)--Burbank City PUMA,SPA 2,DISTRICT 5,12084851.2041016,16943.8323251305
1170,06037311700,2722,1560,0,1162,95,95,3.5,Burbank,Burbank,03720,Los Angeles County (Central)--Burbank City PUMA,SPA 2,DISTRICT 5,25268352.8662109,20833.6067783662
1171,06037311801,1346,297,0,1049,146,146,10.8,Burbank,Burbank,03720,Los Angeles County (Central)--Burbank City PUMA,SPA 2,DISTRICT 5,6630336.22460938,11856.2489221643
1172,06037311802,1585,377,21,1208,238,259,16.3,Burbank,Burbank,03720,Los Angeles County (Central)--Burbank City PUMA,SPA 2,DISTRICT 5,8840687.49414062,12277.7799166148
1173,06037320101,955,807,61,148,6,67,7,San Fernando,San Fernando,03707,Los Angeles County--LA (North Central/Arleta & Pacoima) & San Fernando Cities PUMA,SPA 2,DISTRICT 3,7238440.96679688,10705.3060167451
1174,06037320102,919,648,47,271,114,161,17.5,San Fernando,San Fernando,03707,Los Angeles County--LA (North Central/Arleta & Pacoima) & San Fernando Cities PUMA,SPA 2,DISTRICT 3,13134931.75,16192.7704090763
1175,06037320201,1003,168,69,835,245,314,31.3,San Fernando,San Fernando,03707,Los Angeles County--LA (North Central/Arleta & Pacoima) & San Fernando Cities PUMA,SPA 2,DISTRICT 3,9919368.02246094,16377.2884132255
1176,06037320202,1412,1069,55,343,195,250,17.7,San Fernando,San Fernando,03707,Los Angeles County--LA (North Central/Arleta & Pacoima) & San Fernando Cities PUMA,SPA 2,DISTRICT 3,17403337.9609375,18454.8341043918
1177,06037320300,1927,1140,214,787,166,380,19.7,San Fernando,San Fernando,03707,Los Angeles County--LA (North Central/Arleta & Pacoima) & San Fernando Cities PUMA,SPA 2,DISTRICT 3,18311303.1572266,18133.0292392504
1178,06037400205,839,777,0,62,0,0,0,Claremont,Claremont,03711,"Los Angeles County (East Central)--Glendora, Claremont, San Dimas & La Verne Cities PUMA",SPA 3,DISTRICT 5,257386945.629883,83706.3622918403
1179,06037400206,1726,1537,0,189,0,0,0,Claremont,Claremont,03711,"Los Angeles County (East Central)--Glendora, Claremont, San Dimas & La Verne Cities PUMA",SPA 3,DISTRICT 5,36015781.2246094,31628.9394770196
1180,06037400207,1520,1369,29,151,0,29,1.9,La Verne,La Verne,03711,"Los Angeles County (East Central)--Glendora, Claremont, San Dimas & La Verne Cities PUMA",SPA 3,DISTRICT 5,53785265.2480469,54654.5294259335
1181,06037400208,496,458,5,38,0,5,1,La Verne,La Verne,03711,"Los Angeles County (East Central)--Glendora, Claremont, San Dimas & La Verne Cities PUMA",SPA 3,DISTRICT 5,8927626.04492188,13629.5448899535
1182,06037400209,1663,1455,0,208,0,0,0,La Verne,La Verne,03711,"Los Angeles County (East Central)--Glendora, Claremont, San Dimas & La Verne Cities PUMA",SPA 3,DISTRICT 5,73675724.1582031,39789.2772036305
1183,06037400304,2950,1520,0,1430,104,104,3.5,San Dimas,San Dimas,03711,"Los Angeles County (East Central)--Glendora, Claremont, San Dimas & La Verne Cities PUMA",SPA 3,DISTRICT 5,34275166.9707031,32601.5704947335
1184,06037400402,1399,933,66,466,10,76,5.4,Glendora,Glendora,03711,"Los Angeles County (East Central)--Glendora, Claremont, San Dimas & La Verne Cities PUMA",SPA 3,DISTRICT 5,46910429.2333984,39760.9793504105
1185,06037400403,1409,954,0,455,69,69,4.9,San Dimas,San Dimas,03711,"Los Angeles County (East Central)--Glendora, Claremont, San Dimas & La Verne Cities PUMA",SPA 3,DISTRICT 5,141632203.354492,57387.1044671332
1186,06037400404,1375,1271,18,104,0,18,1.3,Glendora,Glendora,03711,"Los Angeles County (East Central)--Glendora, Claremont, San Dimas & La Verne Cities PUMA",SPA 3,DISTRICT 5,174180040.917969,69528.4818060529
1187,06037400501,686,633,4,53,0,4,0.6,Glendora,Glendora,03711,"Los Angeles County (East Central)--Glendora, Claremont, San Dimas & La Verne Cities PUMA",SPA 3,DISTRICT 5,126444060.730469,53849.409319433
1188,06037400602,1473,699,23,774,56,79,5.4,Azusa,Azusa,03710,"Los Angeles County--Baldwin Park, Azusa, Duarte & Irwindale Cities PUMA",SPA 3,DISTRICT 1,16399448.0009766,21216.3301010948
1189,06037400603,1900,1403,21,497,23,44,2.3,Azusa,Azusa,03710,"Los Angeles County--Baldwin Park, Azusa, Duarte & Irwindale Cities PUMA",SPA 3,DISTRICT 1,98808344.3212891,63974.0099290568
1190,06037400605,2517,2024,49,493,132,181,7.2,Azusa,Azusa,03710,"Los Angeles County--Baldwin Park, Azusa, Duarte & Irwindale Cities PUMA",SPA 3,DISTRICT 1,53741099.9003906,36422.4737023343
1191,06037400801,1970,1428,32,542,70,102,5.2,Glendora,Glendora,03710,"Los Angeles County--Baldwin Park, Azusa, Duarte & Irwindale Cities PUMA",SPA 3,DISTRICT 5,38548605.9394531,26429.2178671059
1192,06037401001,960,839,9,121,0,9,0.9,Glendora,Glendora,03711,"Los Angeles County (East Central)--Glendora, Claremont, San Dimas & La Verne Cities PUMA",SPA 3,DISTRICT 5,15614127.8525391,15801.6196724899
1193,06037401002,1642,784,10,858,77,87,5.3,Glendora,Glendora,03711,"Los Angeles County (East Central)--Glendora, Claremont, San Dimas & La Verne Cities PUMA",SPA 3,DISTRICT 5,15825299.3652344,15900.3470973149
1194,06037401101,1840,872,15,968,122,137,7.4,Glendora,Glendora,03711,"Los Angeles County (East Central)--Glendora, Claremont, San Dimas & La Verne Cities PUMA",SPA 3,DISTRICT 5,32247412.8759766,24742.1215479118
1195,06037401102,1320,501,19,819,109,128,9.7,Glendora,Glendora,03711,"Los Angeles County (East Central)--Glendora, Claremont, San Dimas & La Verne Cities PUMA",SPA 3,DISTRICT 5,13989904.7070312,15706.057336765
1196,06037401201,1051,888,43,163,0,43,4.1,Glendora,Glendora,03711,"Los Angeles County (East Central)--Glendora, Claremont, San Dimas & La Verne Cities PUMA",SPA 3,DISTRICT 5,25203365.7529297,23431.9684925172
1197,06037401202,1332,1109,50,223,0,50,3.8,Glendora,Glendora,03711,"Los Angeles County (East Central)--Glendora, Claremont, San Dimas & La Verne Cities PUMA",SPA 3,DISTRICT 5,34313422.6630859,25872.2896920116
1198,06037401203,1557,1128,6,429,42,48,3.1,Glendora,Glendora,03711,"Los Angeles County (East Central)--Glendora, Claremont, San Dimas & La Verne Cities PUMA",SPA 3,DISTRICT 5,20569029.0166016,18831.1787016623
1199,06037401303,803,677,18,126,0,18,2.2,San Dimas,San Dimas,03711,"Los Angeles County (East Central)--Glendora, Claremont, San Dimas & La Verne Cities PUMA",SPA 3,DISTRICT 5,62134687.9521484,41209.8679239734
1200,06037401304,1762,1699,12,63,0,12,0.7,San Dimas,San Dimas,03711,"Los Angeles County (East Central)--Glendora, Claremont, San Dimas & La Verne Cities PUMA",SPA 3,DISTRICT 5,106494518.845703,67409.5521484412
1201,06037401311,2490,1579,87,911,72,159,6.4,San Dimas,San Dimas,03711,"Los Angeles County (East Central)--Glendora, Claremont, San Dimas & La Verne Cities PUMA",SPA 3,DISTRICT 5,46099404.6904297,31360.2230001583
1202,06037401312,1763,1608,39,155,0,39,2.2,San Dimas,San Dimas,03711,"Los Angeles County (East Central)--Glendora, Claremont, San Dimas & La Verne Cities PUMA",SPA 3,DISTRICT 5,30385983.2753906,24195.0483625075
1203,06037401500,1868,1157,49,711,13,62,3.3,La Verne,La Verne,03711,"Los Angeles County (East Central)--Glendora, Claremont, San Dimas & La Verne Cities PUMA",SPA 3,DISTRICT 1,51029878.4658203,45297.5587851791
1204,06037401601,2316,1507,0,809,0,0,0,La Verne,La Verne,03711,"Los Angeles County (East Central)--Glendora, Claremont, San Dimas & La Verne Cities PUMA",SPA 3,DISTRICT 5,27887339.2568359,28929.4687278776
1205,06037401602,2017,1016,93,1001,196,289,14.3,La Verne,La Verne,03711,"Los Angeles County (East Central)--Glendora, Claremont, San Dimas & La Verne Cities PUMA",SPA 3,DISTRICT 5,21834130.8037109,18976.509762145
1206,06037401705,922,820,0,102,0,0,0,Claremont,Claremont,03711,"Los Angeles County (East Central)--Glendora, Claremont, San Dimas & La Verne Cities PUMA",SPA 3,DISTRICT 5,17326211.9804688,21550.0423043788
1207,06037401706,1843,619,21,1224,208,229,12.4,Pomona,Pomona,03712,Los Angeles County (East Central)--Pomona City PUMA,SPA 3,DISTRICT 1,13313387.6083984,18816.4007032648
1208,06037401707,2824,1644,81,1180,144,225,8,Pomona,Pomona,03712,Los Angeles County (East Central)--Pomona City PUMA,SPA 3,DISTRICT 1,22816320.9726562,24412.6309269094
1209,06037401801,1568,1144,0,424,10,10,0.6,Claremont,Claremont,03711,"Los Angeles County (East Central)--Glendora, Claremont, San Dimas & La Verne Cities PUMA",SPA 3,DISTRICT 5,38314614.2304688,25332.7174929696
1210,06037401802,1387,1128,40,259,0,40,2.9,Claremont,Claremont,03711,"Los Angeles County (East Central)--Glendora, Claremont, San Dimas & La Verne Cities PUMA",SPA 3,DISTRICT 5,26326568.3896484,20507.587965093
1211,06037401901,78,13,0,65,0,0,0,Claremont,Claremont,03711,"Los Angeles County (East Central)--Glendora, Claremont, San Dimas & La Verne Cities PUMA",SPA 3,DISTRICT 5,18501246.9355469,18351.936280758
1212,06037401902,2754,843,0,1911,20,20,0.7,Claremont,Claremont,03711,"Los Angeles County (East Central)--Glendora, Claremont, San Dimas & La Verne Cities PUMA",SPA 3,DISTRICT 5,28658250.8007812,24752.3398713787
1213,06037402001,1434,599,0,835,127,127,8.9,Claremont,Claremont,03711,"Los Angeles County (East Central)--Glendora, Claremont, San Dimas & La Verne Cities PUMA",SPA 3,DISTRICT 5,15719512.1191406,18507.9537608273
1214,06037402002,1513,869,11,644,20,31,2,Claremont,Claremont,03711,"Los Angeles County (East Central)--Glendora, Claremont, San Dimas & La Verne Cities PUMA",SPA 3,DISTRICT 5,17796690.0068359,17627.9242206487
1215,06037402101,1092,841,133,251,0,133,12.2,Pomona,Pomona,03712,Los Angeles County (East Central)--Pomona City PUMA,SPA 3,DISTRICT 1,12898757.0273438,17651.8405198865
1216,06037402102,1316,925,103,391,80,183,13.9,Pomona,Pomona,03712,Los Angeles County (East Central)--Pomona City PUMA,SPA 3,DISTRICT 1,24757828.1308594,20812.8828149268
1217,06037402200,2213,1438,0,775,124,124,5.6,Pomona,Pomona,03712,Los Angeles County (East Central)--Pomona City PUMA,SPA 3,DISTRICT 1,68229782.5947266,45466.4676260397
1218,06037402301,1441,855,101,586,136,237,16.4,Pomona,Pomona,03712,Los Angeles County (East Central)--Pomona City PUMA,SPA 3,DISTRICT 1,14469512.4667969,16679.5318958435
1219,06037402303,997,333,54,664,172,226,22.7,Pomona,Pomona,03712,Los Angeles County (East Central)--Pomona City PUMA,SPA 3,DISTRICT 1,9997775.07617188,13504.2209970081
1220,06037402304,1082,286,33,796,339,372,34.4,Pomona,Pomona,03712,Los Angeles County (East Central)--Pomona City PUMA,SPA 3,DISTRICT 1,7510489.37304688,14803.8689199456
1221,06037402403,1140,874,116,266,43,159,13.9,Pomona,Pomona,03712,Los Angeles County (East Central)--Pomona City PUMA,SPA 3,DISTRICT 1,21838429.2841797,31666.2958975303
1222,06037402404,4,0,0,4,0,0,0,Unincorporated - Pomona,Unincorporated,03713,Los Angeles County (East Central)--Covina & Walnut Cities PUMA,SPA 3,DISTRICT 1,44195073.3496094,35662.9192482458
1223,06037402405,584,510,91,74,10,101,17.3,Pomona,Pomona,03712,Los Angeles County (East Central)--Pomona City PUMA,SPA 3,DISTRICT 1,10899423.0302734,17359.5079390071
1224,06037402406,1353,869,152,484,134,286,21.1,Pomona,Pomona,03712,Los Angeles County (East Central)--Pomona City PUMA,SPA 3,DISTRICT 1,12578404.7451172,14323.4737088824
1225,06037402501,1402,316,53,1086,394,447,31.9,Pomona,Pomona,03712,Los Angeles County (East Central)--Pomona City PUMA,SPA 3,DISTRICT 1,11216672.4394531,15458.6630919089
1226,06037402503,1140,346,135,794,212,347,30.4,Pomona,Pomona,03712,Los Angeles County (East Central)--Pomona City PUMA,SPA 3,DISTRICT 1,9437908.74023438,12811.6328047377
1227,06037402504,800,358,23,442,39,62,7.8,Pomona,Pomona,03712,Los Angeles County (East Central)--Pomona City PUMA,SPA 3,DISTRICT 1,6459945.00585938,10587.1891697381
1228,06037402601,756,330,29,426,104,133,17.6,Pomona,Pomona,03712,Los Angeles County (East Central)--Pomona City PUMA,SPA 3,DISTRICT 1,11117023.3681641,17688.7743369399
1229,06037402602,1958,595,32,1363,17,49,2.5,Pomona,Pomona,03712,Los Angeles County (East Central)--Pomona City PUMA,SPA 3,DISTRICT 1,13517178.2578125,15292.7938089479
1230,06037402702,1436,499,76,937,330,406,28.3,Pomona,Pomona,03712,Los Angeles County (East Central)--Pomona City PUMA,SPA 3,DISTRICT 1,16103160.9833984,18394.874061714
1231,06037402703,1251,793,144,458,123,267,21.3,Pomona,Pomona,03712,Los Angeles County (East Central)--Pomona City PUMA,SPA 3,DISTRICT 1,11462105.3339844,18753.8640168255
1232,06037402705,912,765,130,147,28,158,17.3,Pomona,Pomona,03712,Los Angeles County (East Central)--Pomona City PUMA,SPA 3,DISTRICT 1,9314238.33496094,12971.2046351046
1233,06037402706,983,748,45,235,120,165,16.8,Pomona,Pomona,03712,Los Angeles County (East Central)--Pomona City PUMA,SPA 3,DISTRICT 1,11470705.7158203,13790.4576856199
1234,06037402801,1097,347,79,750,182,261,23.8,Pomona,Pomona,03712,Los Angeles County (East Central)--Pomona City PUMA,SPA 3,DISTRICT 1,19570534.2568359,22076.230553109
1235,06037402803,765,386,64,379,109,173,22.6,Pomona,Pomona,03712,Los Angeles County (East Central)--Pomona City PUMA,SPA 3,DISTRICT 1,6782087.546875,10582.0818846095
1236,06037402804,1024,340,37,684,185,222,21.7,Pomona,Pomona,03712,Los Angeles County (East Central)--Pomona City PUMA,SPA 3,DISTRICT 1,14173580.53125,16157.0985807325
1237,06037402902,1800,972,62,828,203,265,14.7,Pomona,Pomona,03712,Los Angeles County (East Central)--Pomona City PUMA,SPA 3,DISTRICT 1,19841709.6455078,20582.2178263892
1238,06037402903,1034,551,33,483,155,188,18.2,Pomona,Pomona,03712,Los Angeles County (East Central)--Pomona City PUMA,SPA 3,DISTRICT 1,17097955.7255859,16949.7890194309
1239,06037402904,909,676,62,233,127,189,20.8,Pomona,Pomona,03712,Los Angeles County (East Central)--Pomona City PUMA,SPA 3,DISTRICT 1,20541293.0517578,20768.0352606601
1240,06037403000,1570,1233,122,337,142,264,16.8,Pomona,Pomona,03712,Los Angeles County (East Central)--Pomona City PUMA,SPA 3,DISTRICT 1,25934734.0234375,25674.50460941
1241,06037403305,701,523,7,178,7,14,2,Diamond Bar,Diamond Bar,03714,"Los Angeles County--Diamond Bar, La Habra Heights (East) Cities & Rowland Heights PUMA",SPA 3,DISTRICT 1,15852890.0683594,16169.5940460342
1242,06037403316,2570,1936,0,634,16,16,0.6,Diamond Bar,Diamond Bar,03714,"Los Angeles County--Diamond Bar, La Habra Heights (East) Cities & Rowland Heights PUMA",SPA 3,DISTRICT 1,31711967.8037109,27983.6266559388
1243,06037403317,1701,1522,56,179,22,78,4.6,Pomona,Pomona,03712,Los Angeles County (East Central)--Pomona City PUMA,SPA 3,DISTRICT 1,44529850.2050781,38216.9133124803
1244,06037403318,2274,1895,5,379,1,6,0.3,Pomona,Pomona,03712,Los Angeles County (East Central)--Pomona City PUMA,SPA 3,DISTRICT 1,36436480.9013672,30169.2359652651
1245,06037403319,1625,1033,13,592,52,65,4,Diamond Bar,Diamond Bar,03714,"Los Angeles County--Diamond Bar, La Habra Heights (East) Cities & Rowland Heights PUMA",SPA 3,DISTRICT 1,23949069.9765625,19902.1018351124
1246,06037403320,1724,1468,14,256,0,14,0.8,Diamond Bar,Diamond Bar,03714,"Los Angeles County--Diamond Bar, La Habra Heights (East) Cities & Rowland Heights PUMA",SPA 3,DISTRICT 1,42216408.2871094,28557.6745915807
1247,06037403321,1738,1405,0,333,0,0,0,Diamond Bar,Diamond Bar,03714,"Los Angeles County--Diamond Bar, La Habra Heights (East) Cities & Rowland Heights PUMA",SPA 3,DISTRICT 1,68542010.2949219,40658.8430338998
1248,06037403323,1769,1362,70,407,8,78,4.4,Diamond Bar,Diamond Bar,03714,"Los Angeles County--Diamond Bar, La Habra Heights (East) Cities & Rowland Heights PUMA",SPA 3,DISTRICT 1,34029241.6279297,26941.171593797
1249,06037403324,2103,1554,69,549,215,284,13.5,Diamond Bar,Diamond Bar,03714,"Los Angeles County--Diamond Bar, La Habra Heights (East) Cities & Rowland Heights PUMA",SPA 3,DISTRICT 1,85652689.1035156,45729.9167235851
1250,06037403325,1548,1173,63,375,57,120,7.8,Unincorporated - Rowland Heights,Unincorporated,03714,"Los Angeles County--Diamond Bar, La Habra Heights (East) Cities & Rowland Heights PUMA",SPA 3,DISTRICT 1,184173677.844727,82993.970885096
1251,06037403326,732,563,0,169,0,0,0,Diamond Bar,Diamond Bar,03714,"Los Angeles County--Diamond Bar, La Habra Heights (East) Cities & Rowland Heights PUMA",SPA 3,DISTRICT 1,20893858.7919922,27695.5536070885
1252,06037403327,828,777,8,51,3,11,1.3,Industry,Industry,03714,"Los Angeles County--Diamond Bar, La Habra Heights (East) Cities & Rowland Heights PUMA",SPA 3,DISTRICT 1,95499105.3183594,59508.5849630199
1253,06037403328,1699,1240,37,459,77,114,6.7,Diamond Bar,Diamond Bar,03714,"Los Angeles County--Diamond Bar, La Habra Heights (East) Cities & Rowland Heights PUMA",SPA 3,DISTRICT 1,30015809.7861328,31724.7863149162
1254,06037403401,1396,1067,24,329,0,24,1.7,Walnut,Walnut,03713,Los Angeles County (East Central)--Covina & Walnut Cities PUMA,SPA 3,DISTRICT 1,24305322.4580078,31366.3830060723
1255,06037403402,1011,761,34,250,2,36,3.6,Walnut,Walnut,03713,Los Angeles County (East Central)--Covina & Walnut Cities PUMA,SPA 3,DISTRICT 1,18571574.4570312,17426.6721718544
1256,06037403403,1645,1481,4,164,36,40,2.4,Walnut,Walnut,03713,Los Angeles County (East Central)--Covina & Walnut Cities PUMA,SPA 3,DISTRICT 1,42248223.015625,42482.6582242391
1257,06037403404,648,581,13,67,0,13,2,Walnut,Walnut,03713,Los Angeles County (East Central)--Covina & Walnut Cities PUMA,SPA 3,DISTRICT 1,25573997.4667969,24463.8883699907
1258,06037403407,688,625,0,63,0,0,0,Walnut,Walnut,03713,Los Angeles County (East Central)--Covina & Walnut Cities PUMA,SPA 3,DISTRICT 1,50472454.3935547,36532.0487573493
1259,06037403408,1991,1746,77,245,17,94,4.7,Walnut,Walnut,03713,Los Angeles County (East Central)--Covina & Walnut Cities PUMA,SPA 3,DISTRICT 1,34512619.9951172,25615.6945296748
1260,06037403409,1286,999,10,287,57,67,5.2,Walnut,Walnut,03713,Los Angeles County (East Central)--Covina & Walnut Cities PUMA,SPA 3,DISTRICT 1,50691867.4414062,37923.6611436284
1261,06037403500,547,363,7,184,5,12,2.2,Unincorporated - Covina,Unincorporated,03713,Los Angeles County (East Central)--Covina & Walnut Cities PUMA,SPA 3,DISTRICT 1,52900221.8027344,37011.5323092086
1262,06037403601,2204,1627,14,577,0,14,0.6,Covina,Covina,03713,Los Angeles County (East Central)--Covina & Walnut Cities PUMA,SPA 3,DISTRICT 1,52804012.5546875,37368.6558031748
1263,06037403702,1312,1088,8,224,27,35,2.7,Covina,Covina,03713,Los Angeles County (East Central)--Covina & Walnut Cities PUMA,SPA 3,DISTRICT 1,18411051.9082031,18679.7980557703
1264,06037403703,1499,1249,32,250,0,32,2.1,San Dimas,San Dimas,03713,Los Angeles County (East Central)--Covina & Walnut Cities PUMA,SPA 3,DISTRICT 5,23344126.2792969,22187.737105378
1265,06037403721,1778,1150,105,628,60,165,9.3,Covina,Covina,03713,Los Angeles County (East Central)--Covina & Walnut Cities PUMA,SPA 3,DISTRICT 1,20400584.5488281,20592.9710933937
1266,06037403722,1609,612,18,997,273,291,18.1,Covina,Covina,03713,Los Angeles County (East Central)--Covina & Walnut Cities PUMA,SPA 3,DISTRICT 1,19439506.0644531,18579.4210998951
1267,06037403801,2023,889,24,1134,116,140,6.9,Unincorporated - Covina (Charter Oak),Unincorporated,03711,"Los Angeles County (East Central)--Glendora, Claremont, San Dimas & La Verne Cities PUMA",SPA 3,DISTRICT 5,20296558.9580078,21430.0412836546
1268,06037403802,2083,1282,0,801,79,79,3.8,Unincorporated - Covina (Charter Oak),Unincorporated,03711,"Los Angeles County (East Central)--Glendora, Claremont, San Dimas & La Verne Cities PUMA",SPA 3,DISTRICT 5,13957723.5517578,15924.7525121551
1269,06037403901,817,542,0,275,35,35,4.3,Glendora,Glendora,03711,"Los Angeles County (East Central)--Glendora, Claremont, San Dimas & La Verne Cities PUMA",SPA 3,DISTRICT 5,13581094.2724609,16930.7430595043
1270,06037403902,1496,1011,31,485,135,166,11.1,Glendora,Glendora,03711,"Los Angeles County (East Central)--Glendora, Claremont, San Dimas & La Verne Cities PUMA",SPA 3,DISTRICT 5,22759925.734375,18615.2696792531
1271,06037404000,1346,829,15,517,42,57,4.2,Unincorporated - Azusa,Unincorporated,03710,"Los Angeles County--Baldwin Park, Azusa, Duarte & Irwindale Cities PUMA",SPA 3,DISTRICT 1,14226306.7382812,16068.80632816
1272,06037404100,1450,1026,189,424,187,376,25.9,Unincorporated - Azusa,Unincorporated,03710,"Los Angeles County--Baldwin Park, Azusa, Duarte & Irwindale Cities PUMA",SPA 3,DISTRICT 1,14636809.8710938,16139.8300126368
1273,06037404201,1058,524,103,534,106,209,19.8,Azusa,Azusa,03710,"Los Angeles County--Baldwin Park, Azusa, Duarte & Irwindale Cities PUMA",SPA 3,DISTRICT 1,9956329.625,13460.7183817434
1274,06037404203,962,466,23,496,73,96,10,Unincorporated - Azusa,Unincorporated,03710,"Los Angeles County--Baldwin Park, Azusa, Duarte & Irwindale Cities PUMA",SPA 3,DISTRICT 1,6947205.8203125,10555.6987095592
1275,06037404301,1638,446,75,1192,297,372,22.7,Azusa,Azusa,03710,"Los Angeles County--Baldwin Park, Azusa, Duarte & Irwindale Cities PUMA",SPA 3,DISTRICT 1,11976383.5224609,13886.2494469282
1276,06037404302,645,420,22,225,50,72,11.2,Azusa,Azusa,03710,"Los Angeles County--Baldwin Park, Azusa, Duarte & Irwindale Cities PUMA",SPA 3,DISTRICT 1,6618614.82714844,10267.9481814065
1277,06037404401,1107,587,85,520,63,148,13.4,Azusa,Azusa,03710,"Los Angeles County--Baldwin Park, Azusa, Duarte & Irwindale Cities PUMA",SPA 3,DISTRICT 1,15589436.8583984,19939.145782241
1278,06037404402,1233,812,95,421,111,206,16.7,Azusa,Azusa,03710,"Los Angeles County--Baldwin Park, Azusa, Duarte & Irwindale Cities PUMA",SPA 3,DISTRICT 1,36231640.015625,27947.0362555305
1279,06037404501,759,401,88,358,65,153,20.2,Azusa,Azusa,03710,"Los Angeles County--Baldwin Park, Azusa, Duarte & Irwindale Cities PUMA",SPA 3,DISTRICT 1,8564203.96875,13739.5596617527
1280,06037404503,871,699,60,172,34,94,10.8,Azusa,Azusa,03710,"Los Angeles County--Baldwin Park, Azusa, Duarte & Irwindale Cities PUMA",SPA 3,DISTRICT 1,7056526.83984375,10647.852866698
1281,06037404504,1395,396,27,999,402,429,30.8,Azusa,Azusa,03710,"Los Angeles County--Baldwin Park, Azusa, Duarte & Irwindale Cities PUMA",SPA 3,DISTRICT 1,7107094.92285156,10608.6927911113
1282,06037404600,412,321,11,91,6,17,4.1,Irwindale,Irwindale,03710,"Los Angeles County--Baldwin Park, Azusa, Duarte & Irwindale Cities PUMA",SPA 3,DISTRICT 1,267810831.724609,128430.006255647
1283,06037404701,1399,865,187,534,95,282,20.2,Baldwin Park,Baldwin Park,03710,"Los Angeles County--Baldwin Park, Azusa, Duarte & Irwindale Cities PUMA",SPA 3,DISTRICT 1,18426224.8242188,18174.3503199085
1284,06037404702,1411,781,122,630,196,318,22.5,Baldwin Park,Baldwin Park,03710,"Los Angeles County--Baldwin Park, Azusa, Duarte & Irwindale Cities PUMA",SPA 3,DISTRICT 1,12499831.9726562,16182.1518121091
1285,06037404703,725,325,99,400,91,190,26.2,Baldwin Park,Baldwin Park,03716,Los Angeles County (East Central)--La Puente & Industry Cities PUMA,SPA 3,DISTRICT 1,13909710.5771484,23643.5769722871
1286,06037404804,1054,552,62,502,174,236,22.4,Baldwin Park,Baldwin Park,03710,"Los Angeles County--Baldwin Park, Azusa, Duarte & Irwindale Cities PUMA",SPA 3,DISTRICT 1,10191625.1914062,13759.9343755072
1287,06037404805,753,311,28,442,139,167,22.2,Baldwin Park,Baldwin Park,03710,"Los Angeles County--Baldwin Park, Azusa, Duarte & Irwindale Cities PUMA",SPA 3,DISTRICT 1,4861615.97558594,8754.52984475504
1288,06037404806,1551,850,125,701,216,341,22,Baldwin Park,Baldwin Park,03710,"Los Angeles County--Baldwin Park, Azusa, Duarte & Irwindale Cities PUMA",SPA 3,DISTRICT 1,16505905.1533203,18910.6916427724
1289,06037404901,1337,754,80,583,208,288,21.5,Baldwin Park,Baldwin Park,03710,"Los Angeles County--Baldwin Park, Azusa, Duarte & Irwindale Cities PUMA",SPA 3,DISTRICT 1,12261220.3154297,14494.7282112538
1290,06037404902,870,640,100,230,35,135,15.5,Baldwin Park,Baldwin Park,03710,"Los Angeles County--Baldwin Park, Azusa, Duarte & Irwindale Cities PUMA",SPA 3,DISTRICT 1,7466928.59082031,11499.9924056067
1291,06037404903,640,426,97,214,81,178,27.8,Baldwin Park,Baldwin Park,03710,"Los Angeles County--Baldwin Park, Azusa, Duarte & Irwindale Cities PUMA",SPA 3,DISTRICT 1,5973501.41503906,10489.3153801899
1292,06037405001,1346,997,164,349,63,227,16.9,Baldwin Park,Baldwin Park,03710,"Los Angeles County--Baldwin Park, Azusa, Duarte & Irwindale Cities PUMA",SPA 3,DISTRICT 1,18296877.5595703,19200.6613528104
1293,06037405002,748,517,92,231,87,179,23.9,Baldwin Park,Baldwin Park,03710,"Los Angeles County--Baldwin Park, Azusa, Duarte & Irwindale Cities PUMA",SPA 3,DISTRICT 1,9499836.25488281,12525.3093248747
1294,06037405101,1280,841,305,439,74,379,29.6,Baldwin Park,Baldwin Park,03710,"Los Angeles County--Baldwin Park, Azusa, Duarte & Irwindale Cities PUMA",SPA 3,DISTRICT 1,12048404.8193359,14746.5417069283
1295,06037405102,1491,693,106,798,244,350,23.5,Baldwin Park,Baldwin Park,03710,"Los Angeles County--Baldwin Park, Azusa, Duarte & Irwindale Cities PUMA",SPA 3,DISTRICT 1,10230196.6728516,15430.2886758505
1296,06037405201,1468,863,45,605,89,134,9.1,Baldwin Park,Baldwin Park,03715,Los Angeles County (East Central)--West Covina City PUMA,SPA 3,DISTRICT 1,14561908.0283203,17731.2144204252
1297,06037405202,1168,627,71,541,119,190,16.3,Baldwin Park,Baldwin Park,03710,"Los Angeles County--Baldwin Park, Azusa, Duarte & Irwindale Cities PUMA",SPA 3,DISTRICT 1,10257501.9550781,13372.2733073649
1298,06037405203,733,505,86,228,83,169,23.1,Baldwin Park,Baldwin Park,03710,"Los Angeles County--Baldwin Park, Azusa, Duarte & Irwindale Cities PUMA",SPA 3,DISTRICT 1,7682885.58105469,13606.9942014315
1299,06037405301,946,463,44,483,49,93,9.8,West Covina,West Covina,03715,Los Angeles County (East Central)--West Covina City PUMA,SPA 3,DISTRICT 1,8901019.38476562,19148.048961019
1300,06037405302,1606,972,81,634,79,160,10,West Covina,West Covina,03715,Los Angeles County (East Central)--West Covina City PUMA,SPA 3,DISTRICT 1,19352220.6425781,21880.8258751433
1301,06037405400,1248,964,215,284,5,220,17.6,Unincorporated - Covina,Unincorporated,03713,Los Angeles County (East Central)--Covina & Walnut Cities PUMA,SPA 3,DISTRICT 1,14249630.3164062,20318.0872931374
1302,06037405500,1838,1270,94,568,82,176,9.6,West Covina,West Covina,03715,Los Angeles County (East Central)--West Covina City PUMA,SPA 3,DISTRICT 1,19995220.28125,19844.3351979935
1303,06037405600,1763,1246,65,517,4,69,3.9,West Covina,West Covina,03715,Los Angeles County (East Central)--West Covina City PUMA,SPA 3,DISTRICT 1,22975087.7714844,23334.5041977858
1304,06037405701,1043,576,37,467,207,244,23.4,Unincorporated - Covina,Unincorporated,03713,Los Angeles County (East Central)--Covina & Walnut Cities PUMA,SPA 3,DISTRICT 1,11004180.3085938,14380.2595299967
1305,06037405702,1548,1098,57,450,103,160,10.3,Covina,Covina,03713,Los Angeles County (East Central)--Covina & Walnut Cities PUMA,SPA 3,DISTRICT 1,14814740.7392578,16434.9090397814
1306,06037405800,1659,1176,51,483,45,96,5.8,Covina,Covina,03713,Los Angeles County (East Central)--Covina & Walnut Cities PUMA,SPA 3,DISTRICT 1,20382849.390625,20891.3516192297
1307,06037405900,1275,957,59,318,80,139,10.9,Covina,Covina,03713,Los Angeles County (East Central)--Covina & Walnut Cities PUMA,SPA 3,DISTRICT 1,14271271.0068359,15935.2052815275
1308,06037406000,1504,1191,99,313,93,192,12.8,Covina,Covina,03713,Los Angeles County (East Central)--Covina & Walnut Cities PUMA,SPA 3,DISTRICT 1,20564679.2792969,26121.5208699786
1309,06037406101,1250,674,6,576,6,12,1,Covina,Covina,03713,Los Angeles County (East Central)--Covina & Walnut Cities PUMA,SPA 3,DISTRICT 1,14935872.6015625,17571.5413987543
1310,06037406103,2605,833,79,1772,211,290,11.1,Covina,Covina,03713,Los Angeles County (East Central)--Covina & Walnut Cities PUMA,SPA 3,DISTRICT 1,23750445.2363281,23873.5530364228
1311,06037406201,1320,355,39,965,35,74,5.6,West Covina,West Covina,03715,Los Angeles County (East Central)--West Covina City PUMA,SPA 3,DISTRICT 1,8550482.95605469,15646.1434925453
1312,06037406300,1961,1287,0,674,107,107,5.5,West Covina,West Covina,03713,Los Angeles County (East Central)--Covina & Walnut Cities PUMA,SPA 3,DISTRICT 1,57930882.4355469,34005.7267141427
1313,06037406413,2105,1573,84,532,150,234,11.1,West Covina,West Covina,03715,Los Angeles County (East Central)--West Covina City PUMA,SPA 3,DISTRICT 1,34177158.3320312,27657.1728129617
1314,06037406500,2118,1282,57,836,168,225,10.6,West Covina,West Covina,03715,Los Angeles County (East Central)--West Covina City PUMA,SPA 3,DISTRICT 1,22004989.6777344,20242.8588301041
1315,06037406601,1558,1265,89,293,0,89,5.7,West Covina,West Covina,03715,Los Angeles County (East Central)--West Covina City PUMA,SPA 3,DISTRICT 1,21186120.3720703,18623.4779979085
1316,06037406602,1273,915,76,358,82,158,12.4,West Covina,West Covina,03715,Los Angeles County (East Central)--West Covina City PUMA,SPA 3,DISTRICT 1,17122851.6416016,18516.1747454794
1317,06037406701,901,594,13,307,55,68,7.5,West Covina,West Covina,03715,Los Angeles County (East Central)--West Covina City PUMA,SPA 3,DISTRICT 1,10148088.9990234,13554.181565213
1318,06037406702,2219,740,27,1479,402,429,19.3,West Covina,West Covina,03715,Los Angeles County (East Central)--West Covina City PUMA,SPA 3,DISTRICT 1,30469370.5400391,24007.8064826478
1319,06037406801,1322,917,14,405,74,88,6.7,West Covina,West Covina,03715,Los Angeles County (East Central)--West Covina City PUMA,SPA 3,DISTRICT 1,18663307.1542969,23849.4100435826
1320,06037406903,2129,1281,142,848,70,212,10,Unincorporated - Bassett,Unincorporated,03716,Los Angeles County (East Central)--La Puente & Industry Cities PUMA,SPA 3,DISTRICT 1,21082319.671875,19519.6994548432
1321,06037407001,1218,899,149,319,123,272,22.3,Unincorporated - Bassett,Unincorporated,03716,Los Angeles County (East Central)--La Puente & Industry Cities PUMA,SPA 3,DISTRICT 1,10738635.0146484,14062.1530886523
1322,06037407002,722,653,146,69,42,188,26,Industry,Industry,03716,Los Angeles County (East Central)--La Puente & Industry Cities PUMA,SPA 3,DISTRICT 1,34217028.0947266,25855.5137061424
1323,06037407101,1096,698,125,398,142,267,24.4,La Puente,La Puente,03716,Los Angeles County (East Central)--La Puente & Industry Cities PUMA,SPA 3,DISTRICT 1,12250983.9921875,15224.5468653278
1324,06037407102,1331,1001,79,330,143,222,16.7,La Puente,La Puente,03716,Los Angeles County (East Central)--La Puente & Industry Cities PUMA,SPA 3,DISTRICT 1,9930084.10644531,14539.5678361164
1325,06037407201,822,567,87,255,31,118,14.4,La Puente,La Puente,03716,Los Angeles County (East Central)--La Puente & Industry Cities PUMA,SPA 3,DISTRICT 1,6955579.375,11308.9795605945
1326,06037407202,767,668,69,99,23,92,12,La Puente,La Puente,03716,Los Angeles County (East Central)--La Puente & Industry Cities PUMA,SPA 3,DISTRICT 1,8682470.57226562,13374.4404837949
1327,06037407301,924,703,50,221,32,82,8.9,Unincorporated - West Puente Valley,Unincorporated,03716,Los Angeles County (East Central)--La Puente & Industry Cities PUMA,SPA 3,DISTRICT 1,10632941.2177734,15254.5252502261
1328,06037407302,781,569,72,212,116,188,24.1,Unincorporated - West Puente Valley,Unincorporated,03716,Los Angeles County (East Central)--La Puente & Industry Cities PUMA,SPA 3,DISTRICT 1,8679574.74707031,12141.6886000033
1329,06037407400,507,462,7,45,0,7,1.4,West Covina,West Covina,03715,Los Angeles County (East Central)--West Covina City PUMA,SPA 3,DISTRICT 1,6534827.04003906,10297.3809219524
1330,06037407501,935,571,107,364,88,195,20.9,Unincorporated - Valinda,Unincorporated,03716,Los Angeles County (East Central)--La Puente & Industry Cities PUMA,SPA 3,DISTRICT 1,12165374.7978516,16937.8733317886
1331,06037407502,840,523,81,317,60,141,16.8,Unincorporated - Valinda,Unincorporated,03716,Los Angeles County (East Central)--La Puente & Industry Cities PUMA,SPA 3,DISTRICT 1,11081476.6054688,15717.1736783579
1332,06037407601,1134,353,81,781,146,227,20,La Puente,La Puente,03716,Los Angeles County (East Central)--La Puente & Industry Cities PUMA,SPA 3,DISTRICT 1,8434149.44726562,11670.2758477258
1333,06037407602,1055,658,114,397,91,205,19.4,La Puente,La Puente,03716,Los Angeles County (East Central)--La Puente & Industry Cities PUMA,SPA 3,DISTRICT 1,9956213.34570312,13279.9038334708
1334,06037407701,1125,469,58,656,155,213,18.9,La Puente,La Puente,03716,Los Angeles County (East Central)--La Puente & Industry Cities PUMA,SPA 3,DISTRICT 1,12402859.1806641,15424.3956653546
1335,06037407702,1783,1332,131,451,42,173,9.7,La Puente,La Puente,03716,Los Angeles County (East Central)--La Puente & Industry Cities PUMA,SPA 3,DISTRICT 1,21276080.453125,22924.5313690205
1336,06037407801,1030,933,172,97,22,194,18.8,Unincorporated - Valinda,Unincorporated,03716,Los Angeles County (East Central)--La Puente & Industry Cities PUMA,SPA 3,DISTRICT 1,11508724.7929688,13102.4657624608
1337,06037407802,755,623,70,132,15,85,11.3,Industry,Industry,03716,Los Angeles County (East Central)--La Puente & Industry Cities PUMA,SPA 3,DISTRICT 1,33893633.4785156,30799.9019054326
1338,06037407901,849,737,98,112,9,107,12.6,Unincorporated - Valinda,Unincorporated,03716,Los Angeles County (East Central)--La Puente & Industry Cities PUMA,SPA 3,DISTRICT 1,11035243.3789062,14077.831708212
1339,06037407902,532,380,16,152,0,16,3,West Covina,West Covina,03716,Los Angeles County (East Central)--La Puente & Industry Cities PUMA,SPA 3,DISTRICT 1,5142574.63769531,9633.22775376249
1340,06037408003,1222,983,26,239,30,56,4.6,West Covina,West Covina,03715,Los Angeles County (East Central)--West Covina City PUMA,SPA 3,DISTRICT 1,14617561.9423828,16432.7946360642
1341,06037408004,846,443,7,403,26,33,3.9,West Covina,West Covina,03715,Los Angeles County (East Central)--West Covina City PUMA,SPA 3,DISTRICT 1,6762367.40234375,11757.0539361126
1342,06037408005,1704,1291,44,413,0,44,2.6,West Covina,West Covina,03715,Los Angeles County (East Central)--West Covina City PUMA,SPA 3,DISTRICT 1,39754861.8408203,26686.566900952
1343,06037408006,1076,368,0,708,137,137,12.7,West Covina,West Covina,03715,Los Angeles County (East Central)--West Covina City PUMA,SPA 3,DISTRICT 1,35670873.2714844,25331.3626944173
1344,06037408133,1743,766,51,977,169,220,12.6,West Covina,West Covina,03715,Los Angeles County (East Central)--West Covina City PUMA,SPA 3,DISTRICT 1,11451488.8974609,17531.140293482
1345,06037408134,889,768,21,121,30,51,5.7,West Covina,West Covina,03715,Los Angeles County (East Central)--West Covina City PUMA,SPA 3,DISTRICT 1,9391571.80175781,12118.1048693799
1346,06037408135,1396,687,0,709,26,26,1.9,West Covina,West Covina,03715,Los Angeles County (East Central)--West Covina City PUMA,SPA 3,DISTRICT 1,12108317.3632812,17385.7781942639
1347,06037408136,1032,815,67,217,0,67,6.5,West Covina,West Covina,03713,Los Angeles County (East Central)--Covina & Walnut Cities PUMA,SPA 3,DISTRICT 1,10811112.4736328,16952.9471239507
1348,06037408137,1447,623,11,824,88,99,6.8,West Covina,West Covina,03713,Los Angeles County (East Central)--Covina & Walnut Cities PUMA,SPA 3,DISTRICT 1,9039232.26953125,14124.2840691881
1349,06037408138,1227,980,141,247,97,238,19.4,Unincorporated - San Jose Hills,Unincorporated,03715,Los Angeles County (East Central)--West Covina City PUMA,SPA 3,DISTRICT 1,9710429.84082031,16122.7292150959
1350,06037408139,799,631,215,168,36,251,31.4,Unincorporated - San Jose Hills,Unincorporated,03715,Los Angeles County (East Central)--West Covina City PUMA,SPA 3,DISTRICT 1,8587789.37011719,12747.3347109275
1351,06037408140,781,568,84,213,3,87,11.1,Unincorporated - San Jose Hills,Unincorporated,03715,Los Angeles County (East Central)--West Covina City PUMA,SPA 3,DISTRICT 1,9852067.23632812,13150.9013403851
1352,06037408141,993,747,137,246,73,210,21.1,Unincorporated - San Jose Hills,Unincorporated,03715,Los Angeles County (East Central)--West Covina City PUMA,SPA 3,DISTRICT 1,11978385.2138672,17053.9408704495
1353,06037408212,1372,1147,141,225,66,207,15.1,Unincorporated - Rowland Heights,Unincorporated,03714,"Los Angeles County--Diamond Bar, La Habra Heights (East) Cities & Rowland Heights PUMA",SPA 3,DISTRICT 1,30721061.6044922,22583.0077800769
1354,06037408213,1833,1084,11,749,76,87,4.7,Unincorporated - Rowland Heights,Unincorporated,03714,"Los Angeles County--Diamond Bar, La Habra Heights (East) Cities & Rowland Heights PUMA",SPA 3,DISTRICT 1,16607924.4394531,20665.6422771518
1355,06037408301,1455,1002,143,453,74,217,14.9,Unincorporated - Avocado Heights,Unincorporated,03716,Los Angeles County (East Central)--La Puente & Industry Cities PUMA,SPA 3,DISTRICT 1,29218325.4892578,30461.6100500139
1356,06037408302,991,684,16,307,11,27,2.7,Unincorporated - North Whittier,Unincorporated,03716,Los Angeles County (East Central)--La Puente & Industry Cities PUMA,SPA 3,DISTRICT 1,36744256.8066406,31926.0556619676
1357,06037408303,1256,1175,103,81,44,147,11.7,Unincorporated - North Whittier,Unincorporated,03716,Los Angeles County (East Central)--La Puente & Industry Cities PUMA,SPA 3,DISTRICT 1,20941611.5146484,27335.290065094
1358,06037408401,1228,878,47,350,17,64,5.2,Unincorporated - Hacienda Heights,Unincorporated,03739,Los Angeles County (Southeast)--Whittier City & Hacienda Heights PUMA,SPA 3,DISTRICT 1,12358260.3271484,16457.5589041763
1359,06037408402,1886,1610,51,276,44,95,5,Unincorporated - Hacienda Heights,Unincorporated,03739,Los Angeles County (Southeast)--Whittier City & Hacienda Heights PUMA,SPA 3,DISTRICT 1,124533208.978516,59663.4660644635
1360,06037408503,2000,1750,17,250,0,17,0.9,Unincorporated - Hacienda Heights,Unincorporated,03739,Los Angeles County (Southeast)--Whittier City & Hacienda Heights PUMA,SPA 3,DISTRICT 1,45371011.1767578,37502.3947088404
1361,06037408504,1442,832,67,610,68,135,9.4,Unincorporated - Hacienda Heights,Unincorporated,03739,Los Angeles County (Southeast)--Whittier City & Hacienda Heights PUMA,SPA 3,DISTRICT 1,15325103.7685547,18572.9167987941
1362,06037408505,731,600,46,131,2,48,6.6,Unincorporated - Hacienda Heights,Unincorporated,03739,Los Angeles County (Southeast)--Whittier City & Hacienda Heights PUMA,SPA 3,DISTRICT 1,21587968.3330078,21531.596171306
1363,06037408623,991,700,44,291,53,97,9.8,Unincorporated - Hacienda Heights,Unincorporated,03739,Los Angeles County (Southeast)--Whittier City & Hacienda Heights PUMA,SPA 3,DISTRICT 1,10382892.2978516,13507.0836725116
1364,06037408624,1087,871,57,216,15,72,6.6,Unincorporated - Hacienda Heights,Unincorporated,03739,Los Angeles County (Southeast)--Whittier City & Hacienda Heights PUMA,SPA 3,DISTRICT 1,15031320.0654297,18032.4256976985
1365,06037408625,1272,1036,18,236,0,18,1.4,Unincorporated - Hacienda Heights,Unincorporated,03739,Los Angeles County (Southeast)--Whittier City & Hacienda Heights PUMA,SPA 3,DISTRICT 1,22934869.9042969,20313.1388721064
1366,06037408626,1408,1013,2,395,21,23,1.6,Unincorporated - Rowland Heights,Unincorporated,03714,"Los Angeles County--Diamond Bar, La Habra Heights (East) Cities & Rowland Heights PUMA",SPA 3,DISTRICT 1,26743507.4658203,25473.849284473
1367,06037408627,879,744,3,135,2,5,0.6,Unincorporated - Rowland Heights,Unincorporated,03714,"Los Angeles County--Diamond Bar, La Habra Heights (East) Cities & Rowland Heights PUMA",SPA 3,DISTRICT 1,33702127.7744141,31416.1972769144
1368,06037408628,1908,1212,32,696,156,188,9.9,Unincorporated - Hacienda Heights,Unincorporated,03739,Los Angeles County (Southeast)--Whittier City & Hacienda Heights PUMA,SPA 3,DISTRICT 1,25303646.3974609,26148.3563878522
1369,06037408629,928,755,3,173,21,24,2.6,Unincorporated - Hacienda Heights,Unincorporated,03739,Los Angeles County (Southeast)--Whittier City & Hacienda Heights PUMA,SPA 3,DISTRICT 1,18866833.9619141,19422.4397818739
1370,06037408631,1465,1179,114,286,22,136,9.3,Unincorporated - Hacienda Heights,Unincorporated,03739,Los Angeles County (Southeast)--Whittier City & Hacienda Heights PUMA,SPA 3,DISTRICT 1,15959524.4179688,16562.9639079063
1371,06037408703,1760,1646,0,114,0,0,0,Unincorporated - Rowland Heights,Unincorporated,03714,"Los Angeles County--Diamond Bar, La Habra Heights (East) Cities & Rowland Heights PUMA",SPA 3,DISTRICT 1,183414896.712891,69521.3380551351
1372,06037408705,1849,1369,47,480,18,65,3.5,Unincorporated - Rowland Heights,Unincorporated,03714,"Los Angeles County--Diamond Bar, La Habra Heights (East) Cities & Rowland Heights PUMA",SPA 3,DISTRICT 1,20534314.3417969,19007.9174469929
1373,06037408707,2202,1952,68,250,55,123,5.6,Unincorporated - Rowland Heights,Unincorporated,03714,"Los Angeles County--Diamond Bar, La Habra Heights (East) Cities & Rowland Heights PUMA",SPA 3,DISTRICT 1,53629364.0214844,38172.6947131624
1374,06037408722,1316,1125,85,191,28,113,8.6,Unincorporated - Rowland Heights,Unincorporated,03714,"Los Angeles County--Diamond Bar, La Habra Heights (East) Cities & Rowland Heights PUMA",SPA 3,DISTRICT 1,22936381.3447266,21349.2535642181
1375,06037408724,1601,34,0,1567,428,428,26.7,Unincorporated - Rowland Heights,Unincorporated,03714,"Los Angeles County--Diamond Bar, La Habra Heights (East) Cities & Rowland Heights PUMA",SPA 3,DISTRICT 1,5964584.01074219,9881.13877052546
1376,06037408725,1958,1149,53,809,47,100,5.1,Unincorporated - Rowland Heights,Unincorporated,03714,"Los Angeles County--Diamond Bar, La Habra Heights (East) Cities & Rowland Heights PUMA",SPA 3,DISTRICT 1,20856222.4716797,25546.0854319432
1377,06037408800,1837,205,38,1632,183,221,12,Pomona,Pomona,03712,Los Angeles County (East Central)--Pomona City PUMA,SPA 3,DISTRICT 1,19150817.4716797,19795.7172159359
1378,06037408900,2352,1549,0,803,10,10,0.4,La Verne,La Verne,03711,"Los Angeles County (East Central)--Glendora, Claremont, San Dimas & La Verne Cities PUMA",SPA 3,DISTRICT 5,34067173.8808594,24093.3513039932
1379,06037409000,2277,1059,127,1218,115,242,10.6,Pomona,Pomona,03712,Los Angeles County (East Central)--Pomona City PUMA,SPA 3,DISTRICT 1,84785490.2197266,58409.9962463901
1380,06037409100,1452,961,119,491,42,161,11.1,Unincorporated - Hacienda Heights,Unincorporated,03739,Los Angeles County (Southeast)--Whittier City & Hacienda Heights PUMA,SPA 3,DISTRICT 1,16908415.9970703,23901.3708126245
1381,06037430003,1621,1410,64,211,27,91,5.6,Duarte,Duarte,03710,"Los Angeles County--Baldwin Park, Azusa, Duarte & Irwindale Cities PUMA",SPA 3,DISTRICT 5,128455307.047852,75078.8296542602
1382,06037430004,1208,755,21,453,37,58,4.8,Duarte,Duarte,03710,"Los Angeles County--Baldwin Park, Azusa, Duarte & Irwindale Cities PUMA",SPA 3,DISTRICT 5,12087121.7558594,16706.9475339011
1383,06037430005,1348,896,52,452,0,52,3.9,Duarte,Duarte,03710,"Los Angeles County--Baldwin Park, Azusa, Duarte & Irwindale Cities PUMA",SPA 3,DISTRICT 5,11164200.7099609,15470.5808199239
1384,06037430101,2036,756,36,1280,36,72,3.5,Duarte,Duarte,03710,"Los Angeles County--Baldwin Park, Azusa, Duarte & Irwindale Cities PUMA",SPA 3,DISTRICT 5,21366101.9375,19970.9276892647
1385,06037430102,1302,764,110,538,112,222,17.1,Duarte,Duarte,03710,"Los Angeles County--Baldwin Park, Azusa, Duarte & Irwindale Cities PUMA",SPA 3,DISTRICT 5,13790461.9462891,18807.1927702827
1386,06037430200,478,290,3,188,0,3,0.6,Bradbury,Bradbury,03710,"Los Angeles County--Baldwin Park, Azusa, Duarte & Irwindale Cities PUMA",SPA 3,DISTRICT 5,55702540.3740234,35895.2143718902
1387,06037430301,1641,1344,26,297,0,26,1.6,Monrovia,Monrovia,03709,Los Angeles County (Central)--San Gabriel Valley Region (North) PUMA,SPA 3,DISTRICT 5,262577115.985352,84369.042061293
1388,06037430302,2202,1427,12,775,0,12,0.5,Monrovia,Monrovia,03709,Los Angeles County (Central)--San Gabriel Valley Region (North) PUMA,SPA 3,DISTRICT 5,20921676.9189453,23187.8991009928
1389,06037430400,1363,1169,8,194,0,8,0.6,Arcadia,Arcadia,03717,"Los Angeles County (East Central)--Arcadia, San Gabriel & Temple City Cities PUMA",SPA 3,DISTRICT 5,38947683.1357422,34352.565708361
1390,06037430501,1615,1250,0,365,16,16,1,Sierra Madre,Sierra Madre,03709,Los Angeles County (Central)--San Gabriel Valley Region (North) PUMA,SPA 3,DISTRICT 5,50610821.9501953,32607.6624341414
1391,06037430502,3005,1329,20,1676,0,20,0.7,Sierra Madre,Sierra Madre,03709,Los Angeles County (Central)--San Gabriel Valley Region (North) PUMA,SPA 3,DISTRICT 5,31695284.4697266,25000.5291859896
1392,06037430600,1404,1259,34,145,0,34,2.4,Arcadia,Arcadia,03717,"Los Angeles County (East Central)--Arcadia, San Gabriel & Temple City Cities PUMA",SPA 3,DISTRICT 5,39838881.1142578,35196.6307415936
1393,06037430701,1846,1109,7,737,54,61,3.3,Arcadia,Arcadia,03717,"Los Angeles County (East Central)--Arcadia, San Gabriel & Temple City Cities PUMA",SPA 3,DISTRICT 5,31950667.4384766,26919.9115551149
1394,06037430721,1360,699,8,661,40,48,3.5,Arcadia,Arcadia,03717,"Los Angeles County (East Central)--Arcadia, San Gabriel & Temple City Cities PUMA",SPA 3,DISTRICT 5,44239537.0820312,31482.2664503927
1395,06037430723,1862,696,21,1166,138,159,8.5,Arcadia,Arcadia,03717,"Los Angeles County (East Central)--Arcadia, San Gabriel & Temple City Cities PUMA",SPA 3,DISTRICT 5,5198934.26367188,12804.073895011
1396,06037430724,1939,412,33,1527,156,189,9.7,Arcadia,Arcadia,03717,"Los Angeles County (East Central)--Arcadia, San Gabriel & Temple City Cities PUMA",SPA 3,DISTRICT 5,6209813.99121094,13340.6142546944
1397,06037430801,2177,875,30,1302,101,131,6,Arcadia,Arcadia,03717,"Los Angeles County (East Central)--Arcadia, San Gabriel & Temple City Cities PUMA",SPA 3,DISTRICT 5,18401219.71875,17780.3956547992
1398,06037430802,1252,961,15,291,16,31,2.5,Arcadia,Arcadia,03717,"Los Angeles County (East Central)--Arcadia, San Gabriel & Temple City Cities PUMA",SPA 3,DISTRICT 5,20068221.4267578,19340.671255208
1399,06037430803,1838,1243,18,595,29,47,2.6,Arcadia,Arcadia,03717,"Los Angeles County (East Central)--Arcadia, San Gabriel & Temple City Cities PUMA",SPA 3,DISTRICT 5,24495197.5751953,21553.1063357855
1400,06037430901,1524,468,14,1056,151,165,10.8,Monrovia,Monrovia,03717,"Los Angeles County (East Central)--Arcadia, San Gabriel & Temple City Cities PUMA",SPA 3,DISTRICT 5,12525214.1054688,14926.9437565587
1401,06037430902,1880,628,0,1252,148,148,7.9,Monrovia,Monrovia,03717,"Los Angeles County (East Central)--Arcadia, San Gabriel & Temple City Cities PUMA",SPA 3,DISTRICT 5,12629541.2558594,16643.7067182601
1402,06037431002,1262,727,0,535,46,46,3.6,Monrovia,Monrovia,03710,"Los Angeles County--Baldwin Park, Azusa, Duarte & Irwindale Cities PUMA",SPA 3,DISTRICT 5,14533973.2539062,17102.3478075594
1403,06037431003,1587,483,0,1104,109,109,6.9,Monrovia,Monrovia,03717,"Los Angeles County (East Central)--Arcadia, San Gabriel & Temple City Cities PUMA",SPA 3,DISTRICT 5,9195892.3828125,13359.5048575957
1404,06037431004,1272,365,0,907,53,53,4.2,Monrovia,Monrovia,03717,"Los Angeles County (East Central)--Arcadia, San Gabriel & Temple City Cities PUMA",SPA 3,DISTRICT 5,9758556.5625,13607.2117964832
1405,06037431100,2511,1053,173,1458,223,396,15.8,Monrovia,Monrovia,03710,"Los Angeles County--Baldwin Park, Azusa, Duarte & Irwindale Cities PUMA",SPA 3,DISTRICT 5,32357163.84375,26266.3447405175
1406,06037431200,1564,1045,138,519,152,290,18.5,Unincorporated - Duarte,Unincorporated,03710,"Los Angeles County--Baldwin Park, Azusa, Duarte & Irwindale Cities PUMA",SPA 3,DISTRICT 5,15992052.3886719,20121.3285557155
1407,06037431300,870,493,0,377,6,6,0.7,Unincorporated - Monrovia,Unincorporated,03710,"Los Angeles County--Baldwin Park, Azusa, Duarte & Irwindale Cities PUMA",SPA 3,DISTRICT 5,8810524.69824219,14328.7038727877
1408,06037431400,1242,890,43,352,27,70,5.6,Unincorporated - Arcadia,Unincorporated,03710,"Los Angeles County--Baldwin Park, Azusa, Duarte & Irwindale Cities PUMA",SPA 3,DISTRICT 5,19603368.8203125,19642.4814485033
1409,06037431501,1415,755,41,660,96,137,9.7,Temple City,Temple City,03717,"Los Angeles County (East Central)--Arcadia, San Gabriel & Temple City Cities PUMA",SPA 3,DISTRICT 5,11284050.4541016,14510.7165100461
1410,06037431502,1453,900,15,553,105,120,8.3,Unincorporated - Arcadia,Unincorporated,03717,"Los Angeles County (East Central)--Arcadia, San Gabriel & Temple City Cities PUMA",SPA 3,DISTRICT 5,21890216.7666016,22471.2083252708
1411,06037431600,1387,1021,0,366,0,0,0,Arcadia,Arcadia,03717,"Los Angeles County (East Central)--Arcadia, San Gabriel & Temple City Cities PUMA",SPA 3,DISTRICT 5,22800624.4599609,21471.110917701
1412,06037431701,2181,1507,0,674,35,35,1.6,Arcadia,Arcadia,03717,"Los Angeles County (East Central)--Arcadia, San Gabriel & Temple City Cities PUMA",SPA 3,DISTRICT 5,35328573.6884766,25271.8865356945
1413,06037431800,1839,1094,24,745,57,81,4.4,Temple City,Temple City,03717,"Los Angeles County (East Central)--Arcadia, San Gabriel & Temple City Cities PUMA",SPA 3,DISTRICT 5,14614909.8007812,16208.2420935396
1414,06037431900,1297,614,47,683,0,47,3.6,Temple City,Temple City,03717,"Los Angeles County (East Central)--Arcadia, San Gabriel & Temple City Cities PUMA",SPA 3,DISTRICT 5,10771802.1513672,14026.0736720387
1415,06037432001,654,462,17,192,15,32,4.9,Temple City,Temple City,03717,"Los Angeles County (East Central)--Arcadia, San Gabriel & Temple City Cities PUMA",SPA 3,DISTRICT 5,7896770.63671875,11904.1164665055
1416,06037432002,1761,1200,32,561,82,114,6.5,Temple City,Temple City,03717,"Los Angeles County (East Central)--Arcadia, San Gabriel & Temple City Cities PUMA",SPA 3,DISTRICT 5,16279267.3378906,16723.4217998345
1417,06037432101,1367,1048,112,319,25,137,10,Temple City,Temple City,03717,"Los Angeles County (East Central)--Arcadia, San Gabriel & Temple City Cities PUMA",SPA 3,DISTRICT 5,12469870.1425781,14582.5275175039
1418,06037432102,1760,1484,77,276,9,86,4.9,Temple City,Temple City,03717,"Los Angeles County (East Central)--Arcadia, San Gabriel & Temple City Cities PUMA",SPA 3,DISTRICT 5,20163441.4033203,18499.43915165
1419,06037432201,1381,838,32,543,62,94,6.8,Rosemead,Rosemead,03737,Los Angeles County (Central)--Monterey Park & Rosemead Cities PUMA,SPA 3,DISTRICT 1,13120499.5078125,15008.4383912279
1420,06037432202,1110,682,19,428,24,43,3.9,Rosemead,Rosemead,03737,Los Angeles County (Central)--Monterey Park & Rosemead Cities PUMA,SPA 3,DISTRICT 1,14204832.671875,15699.2366459434
1421,06037432300,1134,759,41,375,84,125,11,El Monte,El Monte,03738,Los Angeles County (Central)--El Monte & South El Monte Cities PUMA,SPA 3,DISTRICT 1,21528413.7998047,20432.1244071412
1422,06037432401,987,438,20,549,204,224,22.7,El Monte,El Monte,03738,Los Angeles County (Central)--El Monte & South El Monte Cities PUMA,SPA 3,DISTRICT 1,11421713.4941406,17833.5661193021
1423,06037432402,1622,613,85,1009,259,344,21.2,El Monte,El Monte,03738,Los Angeles County (Central)--El Monte & South El Monte Cities PUMA,SPA 3,DISTRICT 1,16239824.6591797,18783.3307308968
1424,06037432501,1264,663,49,601,118,167,13.2,El Monte,El Monte,03738,Los Angeles County (Central)--El Monte & South El Monte Cities PUMA,SPA 3,DISTRICT 1,11418202.9423828,15943.3009241386
1425,06037432502,942,648,49,294,66,115,12.2,El Monte,El Monte,03738,Los Angeles County (Central)--El Monte & South El Monte Cities PUMA,SPA 3,DISTRICT 1,19008043.4941406,20857.5773897069
1426,06037432601,1761,754,88,1007,330,418,23.7,El Monte,El Monte,03738,Los Angeles County (Central)--El Monte & South El Monte Cities PUMA,SPA 3,DISTRICT 1,15139168.5917969,17299.2868392054
1427,06037432602,1131,706,36,425,90,126,11.1,El Monte,El Monte,03738,Los Angeles County (Central)--El Monte & South El Monte Cities PUMA,SPA 3,DISTRICT 1,11561406.3496094,14738.584571628
1428,06037432700,1468,633,53,835,153,206,14,El Monte,El Monte,03738,Los Angeles County (Central)--El Monte & South El Monte Cities PUMA,SPA 3,DISTRICT 1,20013845.4414062,22598.4071508529
1429,06037432801,842,250,37,592,83,120,14.3,El Monte,El Monte,03738,Los Angeles County (Central)--El Monte & South El Monte Cities PUMA,SPA 3,DISTRICT 1,8598752.89648438,13376.2824144208
1430,06037432802,1523,248,20,1275,472,492,32.3,El Monte,El Monte,03738,Los Angeles County (Central)--El Monte & South El Monte Cities PUMA,SPA 3,DISTRICT 1,6456541.08984375,12011.1800803008
1431,06037432901,1238,441,65,797,149,214,17.3,Rosemead,Rosemead,03737,Los Angeles County (Central)--Monterey Park & Rosemead Cities PUMA,SPA 3,DISTRICT 1,12191933.0224609,14071.9508432218
1432,06037432902,801,552,57,249,16,73,9.1,Rosemead,Rosemead,03737,Los Angeles County (Central)--Monterey Park & Rosemead Cities PUMA,SPA 3,DISTRICT 1,11673289.1025391,14825.0963022404
1433,06037433103,1859,756,83,1103,304,387,20.8,El Monte,El Monte,03738,Los Angeles County (Central)--El Monte & South El Monte Cities PUMA,SPA 3,DISTRICT 1,22629032.5410156,23718.3137798516
1434,06037433200,1671,851,83,820,269,352,21.1,El Monte,El Monte,03738,Los Angeles County (Central)--El Monte & South El Monte Cities PUMA,SPA 3,DISTRICT 1,19250117.0185547,22800.2684099572
1435,06037433302,511,111,9,400,101,110,21.5,El Monte,El Monte,03738,Los Angeles County (Central)--El Monte & South El Monte Cities PUMA,SPA 3,DISTRICT 1,9148618.69433594,16702.8877138181
1436,06037433304,1214,296,19,918,187,206,17,El Monte,El Monte,03738,Los Angeles County (Central)--El Monte & South El Monte Cities PUMA,SPA 3,DISTRICT 1,8565721.01660156,12728.4391311537
1437,06037433305,1226,145,6,1081,277,283,23.1,El Monte,El Monte,03738,Los Angeles County (Central)--El Monte & South El Monte Cities PUMA,SPA 3,DISTRICT 1,5494366.82910156,12347.2991615585
1438,06037433306,765,381,16,384,83,99,12.9,El Monte,El Monte,03738,Los Angeles County (Central)--El Monte & South El Monte Cities PUMA,SPA 3,DISTRICT 1,4666754.02050781,12126.6644084441
1439,06037433307,811,375,19,436,143,162,20,El Monte,El Monte,03738,Los Angeles County (Central)--El Monte & South El Monte Cities PUMA,SPA 3,DISTRICT 1,4458199.07421875,12677.9751432646
1440,06037433402,1168,208,0,960,417,417,35.7,El Monte,El Monte,03738,Los Angeles County (Central)--El Monte & South El Monte Cities PUMA,SPA 3,DISTRICT 1,5980260.25585938,9744.31271261382
1441,06037433403,1207,310,43,897,375,418,34.6,El Monte,El Monte,03738,Los Angeles County (Central)--El Monte & South El Monte Cities PUMA,SPA 3,DISTRICT 1,7593570.0625,11906.1555186433
1442,06037433505,1127,405,17,722,123,140,12.4,El Monte,El Monte,03738,Los Angeles County (Central)--El Monte & South El Monte Cities PUMA,SPA 3,DISTRICT 1,8235579.62792969,15512.9824193504
1443,06037433506,1053,289,32,764,209,241,22.9,South El Monte,South El Monte,03738,Los Angeles County (Central)--El Monte & South El Monte Cities PUMA,SPA 3,DISTRICT 1,17557907.5185547,19532.6302969943
1444,06037433601,1356,535,60,821,80,140,10.3,Rosemead,Rosemead,03737,Los Angeles County (Central)--Monterey Park & Rosemead Cities PUMA,SPA 3,DISTRICT 1,12044359.9980469,14391.6555219963
1445,06037433602,871,463,55,408,72,127,14.6,Rosemead,Rosemead,03737,Los Angeles County (Central)--Monterey Park & Rosemead Cities PUMA,SPA 3,DISTRICT 1,10839419.0263672,16007.1603192755
1446,06037433803,881,617,87,264,15,102,11.6,South El Monte,South El Monte,03738,Los Angeles County (Central)--El Monte & South El Monte Cities PUMA,SPA 3,DISTRICT 1,13054453.359375,21464.3110030978
1447,06037433804,1067,379,58,688,279,337,31.6,South El Monte,South El Monte,03738,Los Angeles County (Central)--El Monte & South El Monte Cities PUMA,SPA 3,DISTRICT 1,16334339.2138672,18151.0441715418
1448,06037433901,1340,310,24,1030,286,310,23.1,El Monte,El Monte,03738,Los Angeles County (Central)--El Monte & South El Monte Cities PUMA,SPA 3,DISTRICT 1,7763398.8359375,11239.5297336906
1449,06037433903,1482,630,62,852,290,352,23.8,El Monte,El Monte,03738,Los Angeles County (Central)--El Monte & South El Monte Cities PUMA,SPA 3,DISTRICT 1,9693227.98046875,13208.2046249601
1450,06037434001,1055,751,181,304,89,270,25.6,El Monte,El Monte,03738,Los Angeles County (Central)--El Monte & South El Monte Cities PUMA,SPA 3,DISTRICT 1,11357735.2353516,16263.6750485621
1451,06037434003,899,377,98,522,186,284,31.6,El Monte,El Monte,03738,Los Angeles County (Central)--El Monte & South El Monte Cities PUMA,SPA 3,DISTRICT 1,10306596.03125,15880.4507630068
1452,06037434004,723,423,57,300,117,174,24.1,South El Monte,South El Monte,03716,Los Angeles County (East Central)--La Puente & Industry Cities PUMA,SPA 3,DISTRICT 1,7313996.03515625,11904.1395326167
1453,06037434100,1598,970,183,628,191,374,23.4,South El Monte,South El Monte,03738,Los Angeles County (Central)--El Monte & South El Monte Cities PUMA,SPA 3,DISTRICT 1,26882854.6826172,24141.2242682735
1454,06037460001,640,578,6,62,0,6,0.9,Unincorporated - Kinneloa Mesa,Unincorporated,03709,Los Angeles County (Central)--San Gabriel Valley Region (North) PUMA,SPA 3,DISTRICT 5,55898181.6689453,48331.3686570436
1455,06037460002,1111,980,6,131,0,6,0.5,Pasadena,Pasadena,03709,Los Angeles County (Central)--San Gabriel Valley Region (North) PUMA,SPA 3,DISTRICT 5,16833678.0400391,20910.4119568786
1456,06037460101,2194,2043,0,151,0,0,0,Unincorporated - Altadena,Unincorporated,03709,Los Angeles County (Central)--San Gabriel Valley Region (North) PUMA,SPA 3,DISTRICT 5,61611186.4677734,43874.4913684848
1457,06037460200,1933,1494,67,439,0,67,3.5,Unincorporated - Altadena,Unincorporated,03709,Los Angeles County (Central)--San Gabriel Valley Region (North) PUMA,SPA 3,DISTRICT 5,34223229.3505859,26580.3514279489
1458,06037460301,1477,1281,43,196,20,63,4.3,Unincorporated - Altadena,Unincorporated,03709,Los Angeles County (Central)--San Gabriel Valley Region (North) PUMA,SPA 3,DISTRICT 5,53029592.421875,39458.553459182
1459,06037460302,1638,1306,50,332,0,50,3.1,Unincorporated - Altadena,Unincorporated,03709,Los Angeles County (Central)--San Gabriel Valley Region (North) PUMA,SPA 3,DISTRICT 5,14120547.8388672,17543.6543313814
1460,06037460401,366,228,0,138,0,0,0,Pasadena,Pasadena,03709,Los Angeles County (Central)--San Gabriel Valley Region (North) PUMA,SPA 3,DISTRICT 5,58058193.9414062,81150.221641356
1461,06037460501,1720,1539,9,181,0,9,0.5,La Canada Flintridge,La Canada Flintridge,03709,Los Angeles County (Central)--San Gabriel Valley Region (North) PUMA,SPA 2,DISTRICT 5,80356866.640625,56674.9922013855
1462,06037460502,1454,1312,31,142,0,31,2.1,La Canada Flintridge,La Canada Flintridge,03709,Los Angeles County (Central)--San Gabriel Valley Region (North) PUMA,SPA 2,DISTRICT 5,27931505.5097656,30109.7262808189
1463,06037460601,1708,1332,34,376,0,34,2,La Canada Flintridge,La Canada Flintridge,03709,Los Angeles County (Central)--San Gabriel Valley Region (North) PUMA,SPA 2,DISTRICT 5,52406960.2275391,41477.6143767682
1464,06037460700,1485,1348,17,137,0,17,1.1,La Canada Flintridge,La Canada Flintridge,03709,Los Angeles County (Central)--San Gabriel Valley Region (North) PUMA,SPA 2,DISTRICT 5,80067120.0244141,43922.4186548159
1465,06037460800,1160,1037,0,123,0,0,0,Pasadena,Pasadena,03718,Los Angeles County (Central)--Pasadena City PUMA,SPA 3,DISTRICT 5,73113690.6630859,41644.4915178049
1466,06037460900,1835,1117,81,718,227,308,16.8,Pasadena,Pasadena,03718,Los Angeles County (Central)--Pasadena City PUMA,SPA 3,DISTRICT 5,26462299.2363281,25085.7484459236
1467,06037461000,1640,1199,82,441,42,124,7.6,Unincorporated - Altadena,Unincorporated,03709,Los Angeles County (Central)--San Gabriel Valley Region (North) PUMA,SPA 3,DISTRICT 5,18914626.7539062,21174.8794697832
1468,06037461100,1721,1129,54,592,140,194,11.3,Unincorporated - Altadena,Unincorporated,03709,Los Angeles County (Central)--San Gabriel Valley Region (North) PUMA,SPA 3,DISTRICT 5,21043075.7841797,19627.0534994727
1469,06037461200,1713,1481,12,232,9,21,1.2,Unincorporated - Altadena,Unincorporated,03709,Los Angeles County (Central)--San Gabriel Valley Region (North) PUMA,SPA 3,DISTRICT 5,26191546.1591797,27476.1058622379
1470,06037461300,2434,1534,35,900,61,96,3.9,Unincorporated - Altadena,Unincorporated,03709,Los Angeles County (Central)--San Gabriel Valley Region (North) PUMA,SPA 3,DISTRICT 5,21017840.9863281,28027.1069402813
1471,06037461400,1200,530,9,670,54,63,5.3,Pasadena,Pasadena,03718,Los Angeles County (Central)--Pasadena City PUMA,SPA 3,DISTRICT 5,10873815.5908203,14935.9571691059
1472,06037461501,1304,780,0,524,75,75,5.8,Pasadena,Pasadena,03718,Los Angeles County (Central)--Pasadena City PUMA,SPA 3,DISTRICT 5,10807632.2089844,13636.7826999826
1473,06037461502,1703,856,125,847,52,177,10.4,Pasadena,Pasadena,03718,Los Angeles County (Central)--Pasadena City PUMA,SPA 3,DISTRICT 5,12616421.1826172,14633.0267772391
1474,06037461600,1683,658,42,1025,29,71,4.2,Pasadena,Pasadena,03718,Los Angeles County (Central)--Pasadena City PUMA,SPA 3,DISTRICT 5,17814531.2441406,17776.4000041286
1475,06037461700,615,530,0,85,5,5,0.8,Pasadena,Pasadena,03718,Los Angeles County (Central)--Pasadena City PUMA,SPA 3,DISTRICT 5,23662392.4072266,27367.5340022943
1476,06037461901,1694,353,10,1341,155,165,9.7,Pasadena,Pasadena,03718,Los Angeles County (Central)--Pasadena City PUMA,SPA 3,DISTRICT 5,9490154.19726562,13409.6379001945
1477,06037461902,1411,55,0,1356,88,88,6.2,Pasadena,Pasadena,03718,Los Angeles County (Central)--Pasadena City PUMA,SPA 3,DISTRICT 5,8981802.85058594,12373.1442919069
1478,06037462001,1246,390,36,856,202,238,19.1,Pasadena,Pasadena,03718,Los Angeles County (Central)--Pasadena City PUMA,SPA 3,DISTRICT 5,5510942.6796875,10802.6415174251
1479,06037462002,1195,198,46,997,191,237,19.8,Pasadena,Pasadena,03718,Los Angeles County (Central)--Pasadena City PUMA,SPA 3,DISTRICT 5,5508826.90332031,10785.4967553463
1480,06037462100,1679,716,8,963,93,101,6,Pasadena,Pasadena,03718,Los Angeles County (Central)--Pasadena City PUMA,SPA 3,DISTRICT 5,11272925.3671875,13715.5039069404
1481,06037462201,1966,79,0,1887,123,123,6.3,Pasadena,Pasadena,03718,Los Angeles County (Central)--Pasadena City PUMA,SPA 3,DISTRICT 5,5766256.72949219,9687.00653672754
1482,06037462202,1872,301,0,1571,55,55,2.9,Pasadena,Pasadena,03718,Los Angeles County (Central)--Pasadena City PUMA,SPA 3,DISTRICT 5,6115282.171875,9952.26872437928
1483,06037462301,1824,448,94,1376,94,188,10.3,Pasadena,Pasadena,03718,Los Angeles County (Central)--Pasadena City PUMA,SPA 3,DISTRICT 5,6793014.32128906,10720.5881906623
1484,06037462302,1663,310,0,1353,37,37,2.2,Pasadena,Pasadena,03718,Los Angeles County (Central)--Pasadena City PUMA,SPA 3,DISTRICT 5,7563732.42675781,11246.2962439785
1485,06037462400,1400,899,21,501,50,71,5.1,Pasadena,Pasadena,03718,Los Angeles County (Central)--Pasadena City PUMA,SPA 3,DISTRICT 5,14128345.4072266,15477.0772267169
1486,06037462500,2768,2042,13,726,45,58,2.1,Pasadena,Pasadena,03718,Los Angeles County (Central)--Pasadena City PUMA,SPA 3,DISTRICT 5,27792444.6152344,30199.7379206743
1487,06037462600,948,668,16,280,14,30,3.2,Pasadena,Pasadena,03718,Los Angeles County (Central)--Pasadena City PUMA,SPA 3,DISTRICT 5,11326877.1132812,15505.7317367944
1488,06037462700,2539,825,37,1714,53,90,3.5,Pasadena,Pasadena,03718,Los Angeles County (Central)--Pasadena City PUMA,SPA 3,DISTRICT 5,17936098.640625,17397.9374372455
1489,06037462800,1150,423,0,727,28,28,2.4,Pasadena,Pasadena,03718,Los Angeles County (Central)--Pasadena City PUMA,SPA 3,DISTRICT 5,12225977.0625,14971.4047260568
1490,06037462900,1454,1213,0,241,0,0,0,Pasadena,Pasadena,03718,Los Angeles County (Central)--Pasadena City PUMA,SPA 3,DISTRICT 5,25100772.2255859,21218.9854786134
1491,06037463000,1115,545,21,570,100,121,10.9,Pasadena,Pasadena,03718,Los Angeles County (Central)--Pasadena City PUMA,SPA 3,DISTRICT 5,19551429.34375,18109.0084124458
1492,06037463103,2092,1514,55,578,140,195,9.3,Unincorporated - East Pasadena,Unincorporated,03717,"Los Angeles County (East Central)--Arcadia, San Gabriel & Temple City Cities PUMA",SPA 3,DISTRICT 5,39793827.8613281,39436.4064738295
1493,06037463200,1485,867,38,618,0,38,2.6,Pasadena,Pasadena,03718,Los Angeles County (Central)--Pasadena City PUMA,SPA 3,DISTRICT 5,17344636.2275391,22679.7500182436
1494,06037463300,819,441,14,378,10,24,2.9,Unincorporated - San Pasqual,Unincorporated,03718,Los Angeles County (Central)--Pasadena City PUMA,SPA 3,DISTRICT 5,7317033.83105469,12674.4172759437
1495,06037463400,2490,1094,20,1396,179,199,8,Pasadena,Pasadena,03718,Los Angeles County (Central)--Pasadena City PUMA,SPA 3,DISTRICT 5,20463602.2578125,24143.8956958233
1496,06037463500,2499,721,9,1778,0,9,0.4,Pasadena,Pasadena,03718,Los Angeles County (Central)--Pasadena City PUMA,SPA 3,DISTRICT 5,18208945.8486328,17398.9726805753
1497,06037463601,3581,682,19,2899,104,123,3.4,Pasadena,Pasadena,03718,Los Angeles County (Central)--Pasadena City PUMA,SPA 3,DISTRICT 5,10003023.8623047,12788.0993484905
1498,06037463602,3459,619,0,2840,115,115,3.3,Pasadena,Pasadena,03718,Los Angeles County (Central)--Pasadena City PUMA,SPA 3,DISTRICT 5,9972534.77734375,12756.6628233526
1499,06037463700,1896,702,0,1194,57,57,3,Pasadena,Pasadena,03718,Los Angeles County (Central)--Pasadena City PUMA,SPA 3,DISTRICT 5,18626419.3808594,17885.1995987926
1500,06037463800,1496,1345,0,151,9,9,0.6,Pasadena,Pasadena,03718,Los Angeles County (Central)--Pasadena City PUMA,SPA 3,DISTRICT 5,31126313.1835938,28683.5142323823
1501,06037463900,1387,789,7,598,9,16,1.2,Pasadena,Pasadena,03718,Los Angeles County (Central)--Pasadena City PUMA,SPA 3,DISTRICT 5,20302722.0615234,19157.7846812178
1502,06037464000,2449,1448,0,1001,0,0,0,Pasadena,Pasadena,03718,Los Angeles County (Central)--Pasadena City PUMA,SPA 3,DISTRICT 5,33998945.2597656,25933.4168673611
1503,06037464101,837,755,9,82,0,9,1.1,San Marino,San Marino,03717,"Los Angeles County (East Central)--Arcadia, San Gabriel & Temple City Cities PUMA",SPA 3,DISTRICT 5,34420957.5244141,32879.3205218425
1504,06037464102,1200,903,18,297,55,73,6.1,San Marino,San Marino,03717,"Los Angeles County (East Central)--Arcadia, San Gabriel & Temple City Cities PUMA",SPA 3,DISTRICT 5,32974553.1132812,40149.9903903216
1505,06037464200,1873,1579,39,294,0,39,2.1,San Marino,San Marino,03717,"Los Angeles County (East Central)--Arcadia, San Gabriel & Temple City Cities PUMA",SPA 3,DISTRICT 5,37252306.1972656,25786.5667709659
1506,06037480002,1288,1030,33,258,27,60,4.7,Unincorporated - Northeast San Gabriel,Unincorporated,03717,"Los Angeles County (East Central)--Arcadia, San Gabriel & Temple City Cities PUMA",SPA 3,DISTRICT 5,15092679.0351562,17214.6747493972
1507,06037480011,1781,742,46,1039,131,177,9.9,Unincorporated - Northeast San Gabriel,Unincorporated,03717,"Los Angeles County (East Central)--Arcadia, San Gabriel & Temple City Cities PUMA",SPA 3,DISTRICT 5,12176132.5439453,13982.2417260694
1508,06037480012,1651,811,27,840,108,135,8.2,Unincorporated - Northeast San Gabriel,Unincorporated,03717,"Los Angeles County (East Central)--Arcadia, San Gabriel & Temple City Cities PUMA",SPA 3,DISTRICT 5,13774819.34375,15220.1063104354
1509,06037480101,1365,720,31,645,105,136,10,Temple City,Temple City,03717,"Los Angeles County (East Central)--Arcadia, San Gabriel & Temple City Cities PUMA",SPA 3,DISTRICT 5,12266623.6376953,14462.2374154218
1510,06037480102,1311,841,15,470,48,63,4.8,Unincorporated - Northeast San Gabriel,Unincorporated,03717,"Los Angeles County (East Central)--Arcadia, San Gabriel & Temple City Cities PUMA",SPA 3,DISTRICT 5,13202783.4042969,14849.2905816498
1511,06037480201,1317,1160,0,157,0,0,0,San Gabriel,San Gabriel,03717,"Los Angeles County (East Central)--Arcadia, San Gabriel & Temple City Cities PUMA",SPA 3,DISTRICT 1,16327620.0957031,19207.4253598029
1512,06037480202,1076,819,25,257,0,25,2.3,San Gabriel,San Gabriel,03717,"Los Angeles County (East Central)--Arcadia, San Gabriel & Temple City Cities PUMA",SPA 3,DISTRICT 1,16363063.8144531,16205.7442735542
1513,06037480302,1592,660,8,932,55,63,4,Alhambra,Alhambra,03736,Los Angeles County (Central)--Alhambra & South Pasadena Cities PUMA,SPA 3,DISTRICT 1,11402187.2753906,14941.8448226777
1514,06037480303,1642,298,0,1344,89,89,5.4,Alhambra,Alhambra,03736,Los Angeles County (Central)--Alhambra & South Pasadena Cities PUMA,SPA 3,DISTRICT 1,4865287.58984375,8951.97364048574
1515,06037480304,1814,419,12,1395,63,75,4.1,Alhambra,Alhambra,03736,Los Angeles County (Central)--Alhambra & South Pasadena Cities PUMA,SPA 3,DISTRICT 1,4694501.33300781,8991.68746928603
1516,06037480400,2425,1143,55,1282,30,85,3.5,Alhambra,Alhambra,03736,Los Angeles County (Central)--Alhambra & South Pasadena Cities PUMA,SPA 3,DISTRICT 1,13834944.8496094,17479.1620249583
1517,06037480500,2155,1296,0,859,48,48,2.2,South Pasadena,South Pasadena,03736,Los Angeles County (Central)--Alhambra & South Pasadena Cities PUMA,SPA 3,DISTRICT 5,22823842.0390625,24170.277242195
1518,06037480601,1636,240,17,1396,107,124,7.6,South Pasadena,South Pasadena,03736,Los Angeles County (Central)--Alhambra & South Pasadena Cities PUMA,SPA 3,DISTRICT 5,7493263.57617188,13805.3485418182
1519,06037480602,1647,556,15,1091,196,211,12.8,South Pasadena,South Pasadena,03736,Los Angeles County (Central)--Alhambra & South Pasadena Cities PUMA,SPA 3,DISTRICT 5,17880181.7958984,21967.525106895
1520,06037480702,1673,1238,10,435,21,31,1.9,South Pasadena,South Pasadena,03736,Los Angeles County (Central)--Alhambra & South Pasadena Cities PUMA,SPA 3,DISTRICT 5,23608424.1689453,21334.4542177452
1521,06037480703,1293,755,29,538,39,68,5.3,South Pasadena,South Pasadena,03736,Los Angeles County (Central)--Alhambra & South Pasadena Cities PUMA,SPA 3,DISTRICT 5,11939423.8847656,21344.5514372894
1522,06037480704,1816,412,27,1404,54,81,4.5,South Pasadena,South Pasadena,03736,Los Angeles County (Central)--Alhambra & South Pasadena Cities PUMA,SPA 3,DISTRICT 5,11628549.3828125,17392.2604892665
1523,06037480802,1116,772,89,344,31,120,10.8,Alhambra,Alhambra,03736,Los Angeles County (Central)--Alhambra & South Pasadena Cities PUMA,SPA 3,DISTRICT 1,18486355.3066406,17604.0996115838
1524,06037480803,1156,790,40,366,11,51,4.4,Alhambra,Alhambra,03736,Los Angeles County (Central)--Alhambra & South Pasadena Cities PUMA,SPA 3,DISTRICT 1,11850721.4716797,14202.8529161332
1525,06037480804,1929,650,18,1279,137,155,8,Alhambra,Alhambra,03736,Los Angeles County (Central)--Alhambra & South Pasadena Cities PUMA,SPA 3,DISTRICT 1,8949942.88085938,14968.2620507675
1526,06037480901,1567,307,34,1260,99,133,8.5,Alhambra,Alhambra,03736,Los Angeles County (Central)--Alhambra & South Pasadena Cities PUMA,SPA 3,DISTRICT 1,10257005.7451172,12994.7974040865
1527,06037480902,1405,242,0,1163,234,234,16.7,Alhambra,Alhambra,03736,Los Angeles County (Central)--Alhambra & South Pasadena Cities PUMA,SPA 3,DISTRICT 1,5550032.36914062,10233.2907963461
1528,06037480903,1100,523,4,577,75,79,7.2,Alhambra,Alhambra,03736,Los Angeles County (Central)--Alhambra & South Pasadena Cities PUMA,SPA 3,DISTRICT 1,8658865.86035156,11773.7219381153
1529,06037481001,1645,462,27,1183,101,128,7.8,Alhambra,Alhambra,03736,Los Angeles County (Central)--Alhambra & South Pasadena Cities PUMA,SPA 3,DISTRICT 1,11291029.375,15887.1416531273
1530,06037481002,2152,717,15,1435,185,200,9.3,Alhambra,Alhambra,03736,Los Angeles County (Central)--Alhambra & South Pasadena Cities PUMA,SPA 3,DISTRICT 1,10088246.9208984,13721.1476775107
1531,06037481101,1479,465,68,1014,125,193,13,San Gabriel,San Gabriel,03717,"Los Angeles County (East Central)--Arcadia, San Gabriel & Temple City Cities PUMA",SPA 3,DISTRICT 1,9550269.68261719,13242.0507077465
1532,06037481102,1328,161,0,1167,184,184,13.9,San Gabriel,San Gabriel,03717,"Los Angeles County (East Central)--Arcadia, San Gabriel & Temple City Cities PUMA",SPA 3,DISTRICT 1,6610886.39453125,11769.3176007748
1533,06037481103,1893,1143,97,750,153,250,13.2,San Gabriel,San Gabriel,03717,"Los Angeles County (East Central)--Arcadia, San Gabriel & Temple City Cities PUMA",SPA 3,DISTRICT 1,15116401.7871094,16981.2586096032
1534,06037481201,1239,547,14,692,67,81,6.5,Temple City,Temple City,03717,"Los Angeles County (East Central)--Arcadia, San Gabriel & Temple City Cities PUMA",SPA 3,DISTRICT 5,11199619.6005859,16396.8912661424
1535,06037481203,1906,895,46,1011,94,140,7.3,Unincorporated - Northeast San Gabriel,Unincorporated,03717,"Los Angeles County (East Central)--Arcadia, San Gabriel & Temple City Cities PUMA",SPA 3,DISTRICT 1,16727049.9189453,17169.5822312067
1536,06037481300,829,485,17,344,110,127,15.3,Rosemead,Rosemead,03737,Los Angeles County (Central)--Monterey Park & Rosemead Cities PUMA,SPA 3,DISTRICT 1,9501447.53222656,13761.7294890679
1537,06037481401,1542,608,62,934,97,159,10.3,San Gabriel,San Gabriel,03717,"Los Angeles County (East Central)--Arcadia, San Gabriel & Temple City Cities PUMA",SPA 3,DISTRICT 1,13006925.7246094,16271.9196570289
1538,06037481403,892,419,91,473,106,197,22.1,San Gabriel,San Gabriel,03717,"Los Angeles County (East Central)--Arcadia, San Gabriel & Temple City Cities PUMA",SPA 3,DISTRICT 1,8808646.41992188,17773.9581225655
1539,06037481404,1180,699,59,481,98,157,13.3,San Gabriel,San Gabriel,03717,"Los Angeles County (East Central)--Arcadia, San Gabriel & Temple City Cities PUMA",SPA 3,DISTRICT 1,10939909.2197266,14306.4358018734
1540,06037481500,1560,1032,10,528,41,51,3.3,Alhambra,Alhambra,03736,Los Angeles County (Central)--Alhambra & South Pasadena Cities PUMA,SPA 3,DISTRICT 1,23733793.9775391,23926.7184887789
1541,06037481603,1282,567,23,715,122,145,11.3,Alhambra,Alhambra,03736,Los Angeles County (Central)--Alhambra & South Pasadena Cities PUMA,SPA 3,DISTRICT 1,7082636.15039062,11968.7897277332
1542,06037481604,1359,469,19,890,90,109,8,Alhambra,Alhambra,03736,Los Angeles County (Central)--Alhambra & South Pasadena Cities PUMA,SPA 3,DISTRICT 1,6717607.98242188,11092.3502943412
1543,06037481605,1032,448,12,584,103,115,11.1,Alhambra,Alhambra,03736,Los Angeles County (Central)--Alhambra & South Pasadena Cities PUMA,SPA 3,DISTRICT 1,8160486.76074219,13790.5374427233
1544,06037481606,1677,392,23,1285,135,158,9.4,Alhambra,Alhambra,03736,Los Angeles County (Central)--Alhambra & South Pasadena Cities PUMA,SPA 3,DISTRICT 1,9275123.49707031,14834.2299738472
1545,06037481711,1451,403,0,1048,252,252,17.4,Monterey Park,Monterey Park,03737,Los Angeles County (Central)--Monterey Park & Rosemead Cities PUMA,SPA 3,DISTRICT 1,4817673.29296875,8918.72548241446
1546,06037481712,1747,549,51,1198,262,313,17.9,Monterey Park,Monterey Park,03737,Los Angeles County (Central)--Monterey Park & Rosemead Cities PUMA,SPA 3,DISTRICT 1,7788452.86425781,12130.2471011377
1547,06037481713,1023,308,57,715,58,115,11.2,Monterey Park,Monterey Park,03737,Los Angeles County (Central)--Monterey Park & Rosemead Cities PUMA,SPA 3,DISTRICT 1,5001856.36132812,10225.2824611512
1548,06037481714,1007,272,16,735,158,174,17.3,Monterey Park,Monterey Park,03737,Los Angeles County (Central)--Monterey Park & Rosemead Cities PUMA,SPA 3,DISTRICT 1,4879866.43652344,10193.6711412172
1549,06037481800,847,668,49,179,0,49,5.8,Alhambra,Alhambra,03736,Los Angeles County (Central)--Alhambra & South Pasadena Cities PUMA,SPA 3,DISTRICT 1,8928633.14550781,12643.4557696563
1550,06037481901,2017,1349,76,668,114,190,9.4,Alhambra,Alhambra,03736,Los Angeles County (Central)--Alhambra & South Pasadena Cities PUMA,SPA 3,DISTRICT 1,19796312.7841797,19561.6341171161
1551,06037481902,1108,582,34,526,7,41,3.7,Alhambra,Alhambra,03736,Los Angeles County (Central)--Alhambra & South Pasadena Cities PUMA,SPA 3,DISTRICT 1,9464387.49902344,17643.9182809607
1552,06037482001,928,803,0,125,7,7,0.8,Monterey Park,Monterey Park,03737,Los Angeles County (Central)--Monterey Park & Rosemead Cities PUMA,SPA 3,DISTRICT 1,31739872.6220703,25454.9507333618
1553,06037482002,2644,1433,28,1211,122,150,5.7,Monterey Park,Monterey Park,03737,Los Angeles County (Central)--Monterey Park & Rosemead Cities PUMA,SPA 3,DISTRICT 1,26801368.8007812,22586.8966445711
1554,06037482101,1417,655,56,762,79,135,9.5,Monterey Park,Monterey Park,03737,Los Angeles County (Central)--Monterey Park & Rosemead Cities PUMA,SPA 3,DISTRICT 1,12324451.9931641,16501.5167460026
1555,06037482102,1122,886,22,236,26,48,4.3,Monterey Park,Monterey Park,03737,Los Angeles County (Central)--Monterey Park & Rosemead Cities PUMA,SPA 3,DISTRICT 1,11793055.3642578,14776.9188111508
1556,06037482201,1339,567,0,772,56,56,4.2,Monterey Park,Monterey Park,03737,Los Angeles County (Central)--Monterey Park & Rosemead Cities PUMA,SPA 3,DISTRICT 1,8362146.54101562,11964.9179381719
1557,06037482202,1693,555,9,1138,231,240,14.2,Monterey Park,Monterey Park,03737,Los Angeles County (Central)--Monterey Park & Rosemead Cities PUMA,SPA 3,DISTRICT 1,6959491.125,10544.4553924978
1558,06037482301,1385,579,70,806,105,175,12.6,San Gabriel,San Gabriel,03737,Los Angeles County (Central)--Monterey Park & Rosemead Cities PUMA,SPA 3,DISTRICT 1,9437892.67480469,17053.3335897857
1559,06037482303,1389,477,46,912,276,322,23.2,Rosemead,Rosemead,03737,Los Angeles County (Central)--Monterey Park & Rosemead Cities PUMA,SPA 3,DISTRICT 1,10618356.7148438,14689.9410202207
1560,06037482304,798,125,33,673,160,193,24.2,Rosemead,Rosemead,03737,Los Angeles County (Central)--Monterey Park & Rosemead Cities PUMA,SPA 3,DISTRICT 1,6688028.7265625,12815.2180196108
1561,06037482401,1012,248,73,764,110,183,18.1,Rosemead,Rosemead,03737,Los Angeles County (Central)--Monterey Park & Rosemead Cities PUMA,SPA 3,DISTRICT 1,9109115.99511719,12332.7596539453
1562,06037482403,908,410,45,498,96,141,15.5,Rosemead,Rosemead,03737,Los Angeles County (Central)--Monterey Park & Rosemead Cities PUMA,SPA 3,DISTRICT 1,10286075.1787109,13086.4804942281
1563,06037482404,1238,901,3,337,0,3,0.2,Rosemead,Rosemead,03737,Los Angeles County (Central)--Monterey Park & Rosemead Cities PUMA,SPA 3,DISTRICT 1,10304280.6660156,14816.4793309342
1564,06037482502,867,386,61,481,87,148,17.1,Rosemead,Rosemead,03737,Los Angeles County (Central)--Monterey Park & Rosemead Cities PUMA,SPA 3,DISTRICT 1,6871697.15429688,10475.6735325976
1565,06037482503,1070,450,75,620,101,176,16.4,Rosemead,Rosemead,03737,Los Angeles County (Central)--Monterey Park & Rosemead Cities PUMA,SPA 3,DISTRICT 1,7911467.94726562,11314.3559654637
1566,06037482521,1539,940,140,599,42,182,11.8,Unincorporated - South San Gabriel,Unincorporated,03737,Los Angeles County (Central)--Monterey Park & Rosemead Cities PUMA,SPA 3,DISTRICT 1,16622408.7734375,18745.162650994
1567,06037482522,1582,1170,63,412,96,159,10.1,Montebello,Montebello,03740,Los Angeles County (Central)--Pico Rivera & Montebello Cities PUMA,SPA 7,DISTRICT 1,17724324.2744141,19070.1643604901
1568,06037482600,2225,1694,13,531,16,29,1.3,Monterey Park,Monterey Park,03737,Los Angeles County (Central)--Monterey Park & Rosemead Cities PUMA,SPA 3,DISTRICT 1,30561931.0390625,24494.1343425353
1569,06037482701,1371,788,6,583,111,117,8.5,Monterey Park,Monterey Park,03737,Los Angeles County (Central)--Monterey Park & Rosemead Cities PUMA,SPA 3,DISTRICT 1,13231912.2861328,25034.4892479251
1570,06037482702,852,639,40,213,38,78,9.2,Monterey Park,Monterey Park,03737,Los Angeles County (Central)--Monterey Park & Rosemead Cities PUMA,SPA 3,DISTRICT 1,7762374.77050781,13723.8750310201
1571,06037482801,1293,854,10,439,62,72,5.6,Monterey Park,Monterey Park,03737,Los Angeles County (Central)--Monterey Park & Rosemead Cities PUMA,SPA 3,DISTRICT 1,34033576.3115234,30235.6085965416
1572,06037500100,1128,1087,44,41,0,44,3.9,La Habra Heights,La Habra Heights,03714,"Los Angeles County--Diamond Bar, La Habra Heights (East) Cities & Rowland Heights PUMA",SPA 7,DISTRICT 4,108664362.68457,50434.5094972584
1573,06037500202,1478,1271,9,207,44,53,3.6,Whittier,Whittier,03739,Los Angeles County (Southeast)--Whittier City & Hacienda Heights PUMA,SPA 7,DISTRICT 4,68623447.1337891,40984.9570165763
1574,06037500203,1300,1172,37,128,34,71,5.5,Whittier,Whittier,03739,Los Angeles County (Southeast)--Whittier City & Hacienda Heights PUMA,SPA 7,DISTRICT 4,19944477.3183594,22911.7989515921
1575,06037500204,958,820,14,138,0,14,1.5,La Habra Heights,La Habra Heights,03739,Los Angeles County (Southeast)--Whittier City & Hacienda Heights PUMA,SPA 7,DISTRICT 4,57335033.9501953,39620.9606438222
1576,06037500300,1124,965,47,159,0,47,4.2,Unincorporated - Whittier,Unincorporated,03739,Los Angeles County (Southeast)--Whittier City & Hacienda Heights PUMA,SPA 7,DISTRICT 4,96221642.9160156,44547.4276215015
1577,06037500402,1229,576,127,653,205,332,27,Pico Rivera,Pico Rivera,03740,Los Angeles County (Central)--Pico Rivera & Montebello Cities PUMA,SPA 7,DISTRICT 4,14350769.1171875,15350.4353139705
1578,06037500403,1059,1050,111,9,0,111,10.5,Pico Rivera,Pico Rivera,03740,Los Angeles County (Central)--Pico Rivera & Montebello Cities PUMA,SPA 7,DISTRICT 4,23615418.2900391,30211.1333728321
1579,06037500404,1246,1062,78,184,48,126,10.1,Pico Rivera,Pico Rivera,03740,Los Angeles County (Central)--Pico Rivera & Montebello Cities PUMA,SPA 7,DISTRICT 4,12678379.5175781,14823.5219113615
1580,06037500500,814,559,93,255,27,120,14.7,Pico Rivera,Pico Rivera,03740,Los Angeles County (Central)--Pico Rivera & Montebello Cities PUMA,SPA 7,DISTRICT 4,7379737.00878906,11311.3417909606
1581,06037500600,1210,862,235,348,172,407,33.6,Pico Rivera,Pico Rivera,03740,Los Angeles County (Central)--Pico Rivera & Montebello Cities PUMA,SPA 7,DISTRICT 4,12724231.3232422,14569.5645924796
1582,06037500700,1762,1390,154,372,91,245,13.9,Pico Rivera,Pico Rivera,03740,Los Angeles County (Central)--Pico Rivera & Montebello Cities PUMA,SPA 7,DISTRICT 4,35241675.4189453,25373.2172203001
1583,06037500800,1381,1067,124,314,143,267,19.3,Pico Rivera,Pico Rivera,03740,Los Angeles County (Central)--Pico Rivera & Montebello Cities PUMA,SPA 7,DISTRICT 4,20975270.4443359,18941.4875887284
1584,06037500900,1835,910,42,925,194,236,12.9,Pico Rivera,Pico Rivera,03740,Los Angeles County (Central)--Pico Rivera & Montebello Cities PUMA,SPA 7,DISTRICT 4,17144240.7685547,17040.744086588
1585,06037501001,734,560,87,174,26,113,15.4,Unincorporated - West Whittier/Los Nietos,Unincorporated,03739,Los Angeles County (Southeast)--Whittier City & Hacienda Heights PUMA,SPA 7,DISTRICT 4,7659971.29785156,11556.0587212503
1586,06037501002,1277,1119,76,158,15,91,7.1,Unincorporated - West Whittier/Los Nietos,Unincorporated,03739,Los Angeles County (Southeast)--Whittier City & Hacienda Heights PUMA,SPA 7,DISTRICT 4,15811480.3789062,16611.5173631716
1587,06037501200,1473,1055,127,418,35,162,11,Whittier,Whittier,03739,Los Angeles County (Southeast)--Whittier City & Hacienda Heights PUMA,SPA 7,DISTRICT 4,14970280.4667969,17160.3107468876
1588,06037501301,1109,891,43,218,0,43,3.9,Whittier,Whittier,03739,Los Angeles County (Southeast)--Whittier City & Hacienda Heights PUMA,SPA 7,DISTRICT 4,9372872.80859375,15675.7703734353
1589,06037501302,1606,751,120,855,34,154,9.6,Whittier,Whittier,03739,Los Angeles County (Southeast)--Whittier City & Hacienda Heights PUMA,SPA 7,DISTRICT 4,12331680.2304688,15170.2209832436
1590,06037501400,1112,528,78,584,92,170,15.3,Whittier,Whittier,03739,Los Angeles County (Southeast)--Whittier City & Hacienda Heights PUMA,SPA 7,DISTRICT 4,11501319.5029297,15043.7842973839
1591,06037501501,821,669,0,152,31,31,3.8,Unincorporated - Whittier,Unincorporated,03739,Los Angeles County (Southeast)--Whittier City & Hacienda Heights PUMA,SPA 7,DISTRICT 4,68154910.6826172,47373.997694641
1592,06037501503,1941,453,6,1488,267,273,14.1,Whittier,Whittier,03739,Los Angeles County (Southeast)--Whittier City & Hacienda Heights PUMA,SPA 7,DISTRICT 4,8646138.87890625,12364.8299192851
1593,06037501504,1507,194,0,1313,140,140,9.3,Whittier,Whittier,03739,Los Angeles County (Southeast)--Whittier City & Hacienda Heights PUMA,SPA 7,DISTRICT 4,8017309.66699219,12470.5181129991
1594,06037501600,2216,1238,0,978,100,100,4.5,Whittier,Whittier,03739,Los Angeles County (Southeast)--Whittier City & Hacienda Heights PUMA,SPA 7,DISTRICT 4,111080867.095703,49165.1247151225
1595,06037501700,1378,797,4,581,76,80,5.8,Whittier,Whittier,03739,Los Angeles County (Southeast)--Whittier City & Hacienda Heights PUMA,SPA 7,DISTRICT 4,14999238.8632812,17073.8071758065
1596,06037501802,1244,630,27,614,52,79,6.4,Whittier,Whittier,03739,Los Angeles County (Southeast)--Whittier City & Hacienda Heights PUMA,SPA 7,DISTRICT 4,8442864.83886719,13909.9762937239
1597,06037501803,1415,280,72,1135,259,331,23.4,Whittier,Whittier,03739,Los Angeles County (Southeast)--Whittier City & Hacienda Heights PUMA,SPA 7,DISTRICT 4,6334543.28125,11114.5339828349
1598,06037501804,733,134,0,599,73,73,10,Whittier,Whittier,03739,Los Angeles County (Southeast)--Whittier City & Hacienda Heights PUMA,SPA 7,DISTRICT 4,5723044.23828125,11130.8265155902
1599,06037501900,1334,1084,73,250,0,73,5.5,Whittier,Whittier,03739,Los Angeles County (Southeast)--Whittier City & Hacienda Heights PUMA,SPA 7,DISTRICT 4,14987373.515625,16924.3376093892
1600,06037502003,719,447,45,272,66,111,15.4,Whittier,Whittier,03739,Los Angeles County (Southeast)--Whittier City & Hacienda Heights PUMA,SPA 7,DISTRICT 4,6903452.421875,10649.5588381503
1601,06037502004,965,577,48,388,68,116,12,Whittier,Whittier,03739,Los Angeles County (Southeast)--Whittier City & Hacienda Heights PUMA,SPA 7,DISTRICT 4,14304702.3730469,17028.3686991108
1602,06037502005,1188,795,98,393,35,133,11.2,Unincorporated - South Whittier,Unincorporated,03754,Los Angeles County (Southeast)--La Mirada & Santa Fe Springs Cities PUMA,SPA 7,DISTRICT 4,11226486.609375,16147.8887701931
1603,06037502100,1952,1467,114,485,57,171,8.8,Whittier,Whittier,03739,Los Angeles County (Southeast)--Whittier City & Hacienda Heights PUMA,SPA 7,DISTRICT 4,20834062.6503906,21138.5123111281
1604,06037502200,1867,1241,192,626,162,354,19,Unincorporated - West Whittier/Los Nietos,Unincorporated,03739,Los Angeles County (Southeast)--Whittier City & Hacienda Heights PUMA,SPA 7,DISTRICT 4,18747251.3984375,18222.5416424136
1605,06037502303,1903,1143,289,760,108,397,20.9,Unincorporated - West Whittier/Los Nietos,Unincorporated,03739,Los Angeles County (Southeast)--Whittier City & Hacienda Heights PUMA,SPA 7,DISTRICT 4,25465053.9101562,21621.9857344143
1606,06037502401,1354,959,79,395,158,237,17.5,Pico Rivera,Pico Rivera,03740,Los Angeles County (Central)--Pico Rivera & Montebello Cities PUMA,SPA 7,DISTRICT 4,10123553.0898438,13238.4949242083
1607,06037502402,992,876,90,116,14,104,10.5,Pico Rivera,Pico Rivera,03740,Los Angeles County (Central)--Pico Rivera & Montebello Cities PUMA,SPA 7,DISTRICT 4,9789594.16015625,12944.0446647164
1608,06037502500,1111,720,112,391,30,142,12.8,Pico Rivera,Pico Rivera,03740,Los Angeles County (Central)--Pico Rivera & Montebello Cities PUMA,SPA 7,DISTRICT 4,41276493.8525391,28169.7771680174
1609,06037502602,1316,522,66,794,180,246,18.7,Pico Rivera,Pico Rivera,03740,Los Angeles County (Central)--Pico Rivera & Montebello Cities PUMA,SPA 7,DISTRICT 4,13680333.5546875,16374.243301185
1610,06037502603,799,722,77,77,0,77,9.6,Pico Rivera,Pico Rivera,03740,Los Angeles County (Central)--Pico Rivera & Montebello Cities PUMA,SPA 7,DISTRICT 4,10626547.4863281,14097.7228103537
1611,06037502604,1110,961,48,149,21,69,6.2,Pico Rivera,Pico Rivera,03740,Los Angeles County (Central)--Pico Rivera & Montebello Cities PUMA,SPA 7,DISTRICT 4,10443279.7099609,16994.5560432435
1612,06037502700,2024,1328,74,696,70,144,7.1,Santa Fe Springs,Santa Fe Springs,03754,Los Angeles County (Southeast)--La Mirada & Santa Fe Springs Cities PUMA,SPA 7,DISTRICT 4,74416132.5205078,43366.0925881748
1613,06037502801,1731,1579,156,152,7,163,9.4,Santa Fe Springs,Santa Fe Springs,03754,Los Angeles County (Southeast)--La Mirada & Santa Fe Springs Cities PUMA,SPA 7,DISTRICT 4,23940888.0341797,19747.07927727
1614,06037502901,1558,1257,64,301,11,75,4.8,Unincorporated - South Whittier,Unincorporated,03754,Los Angeles County (Southeast)--La Mirada & Santa Fe Springs Cities PUMA,SPA 7,DISTRICT 4,13399448.421875,15020.3024416015
1615,06037503000,1379,654,253,725,181,434,31.5,Unincorporated - South Whittier,Unincorporated,03754,Los Angeles County (Southeast)--La Mirada & Santa Fe Springs Cities PUMA,SPA 7,DISTRICT 4,14255441.9033203,15974.3624167689
1616,06037503103,1261,896,195,365,38,233,18.5,Unincorporated - South Whittier,Unincorporated,03754,Los Angeles County (Southeast)--La Mirada & Santa Fe Springs Cities PUMA,SPA 7,DISTRICT 4,11627422.5888672,15351.3075972742
1617,06037503104,677,531,55,146,20,75,11.1,Unincorporated - South Whittier,Unincorporated,03754,Los Angeles County (Southeast)--La Mirada & Santa Fe Springs Cities PUMA,SPA 7,DISTRICT 4,5939802.85449219,10922.8822528007
1618,06037503105,999,566,79,433,109,188,18.8,Unincorporated - South Whittier,Unincorporated,03754,Los Angeles County (Southeast)--La Mirada & Santa Fe Springs Cities PUMA,SPA 7,DISTRICT 4,12024507.5351562,16757.9738336723
1619,06037503106,1118,746,40,372,74,114,10.2,Unincorporated - South Whittier,Unincorporated,03754,Los Angeles County (Southeast)--La Mirada & Santa Fe Springs Cities PUMA,SPA 7,DISTRICT 4,9955341.09960938,14490.2959624849
1620,06037503201,1027,935,108,92,0,108,10.5,Unincorporated - South Whittier,Unincorporated,03754,Los Angeles County (Southeast)--La Mirada & Santa Fe Springs Cities PUMA,SPA 7,DISTRICT 4,14572431.9482422,15122.5098363755
1621,06037503202,1326,930,49,396,79,128,9.7,Unincorporated - South Whittier,Unincorporated,03754,Los Angeles County (Southeast)--La Mirada & Santa Fe Springs Cities PUMA,SPA 7,DISTRICT 4,12167085.4130859,15933.263749789
1622,06037503301,1082,958,15,124,0,15,1.4,Whittier,Whittier,03739,Los Angeles County (Southeast)--Whittier City & Hacienda Heights PUMA,SPA 7,DISTRICT 4,11752780.5634766,14411.9619182466
1623,06037503302,1777,967,37,810,198,235,13.2,Unincorporated - South Whittier,Unincorporated,03754,Los Angeles County (Southeast)--La Mirada & Santa Fe Springs Cities PUMA,SPA 7,DISTRICT 4,16708732.0390625,17775.0865587625
1624,06037503401,2212,1496,25,716,164,189,8.5,Whittier,Whittier,03739,Los Angeles County (Southeast)--Whittier City & Hacienda Heights PUMA,SPA 7,DISTRICT 4,20919065.3291016,18842.8772287189
1625,06037503402,1308,946,8,362,64,72,5.5,Whittier,Whittier,03739,Los Angeles County (Southeast)--Whittier City & Hacienda Heights PUMA,SPA 7,DISTRICT 4,17406365.8642578,17797.1937317565
1626,06037503501,1949,1107,141,842,64,205,10.5,Unincorporated - South Whittier,Unincorporated,03754,Los Angeles County (Southeast)--La Mirada & Santa Fe Springs Cities PUMA,SPA 7,DISTRICT 4,16526980.0117188,22218.4966709868
1627,06037503502,1098,822,45,276,13,58,5.3,Unincorporated - South Whittier,Unincorporated,03754,Los Angeles County (Southeast)--La Mirada & Santa Fe Springs Cities PUMA,SPA 7,DISTRICT 4,13190236.8476562,17642.947215794
1628,06037503601,1255,916,35,339,36,71,5.7,La Mirada,La Mirada,03754,Los Angeles County (Southeast)--La Mirada & Santa Fe Springs Cities PUMA,SPA 7,DISTRICT 4,14943443.3212891,16682.9612424289
1629,06037503602,1212,1083,16,129,27,43,3.5,La Mirada,La Mirada,03754,Los Angeles County (Southeast)--La Mirada & Santa Fe Springs Cities PUMA,SPA 7,DISTRICT 4,35502828.9208984,25552.9941234637
1630,06037503701,1632,966,0,666,40,40,2.5,Unincorporated - East Whittier,Unincorporated,03754,Los Angeles County (Southeast)--La Mirada & Santa Fe Springs Cities PUMA,SPA 7,DISTRICT 4,12519785.0732422,15392.0990333094
1631,06037503702,1700,1139,33,561,30,63,3.7,Unincorporated - East La Mirada,Unincorporated,03754,Los Angeles County (Southeast)--La Mirada & Santa Fe Springs Cities PUMA,SPA 7,DISTRICT 4,17932235.1181641,18758.229789405
1632,06037503704,1976,1409,32,567,138,170,8.6,La Mirada,La Mirada,03754,Los Angeles County (Southeast)--La Mirada & Santa Fe Springs Cities PUMA,SPA 7,DISTRICT 4,16138587.0273438,18039.9435103556
1633,06037503705,1108,984,30,124,20,50,4.5,La Mirada,La Mirada,03754,Los Angeles County (Southeast)--La Mirada & Santa Fe Springs Cities PUMA,SPA 7,DISTRICT 4,12863871.7470703,17435.2342733391
1634,06037503801,1241,896,50,345,46,96,7.7,La Mirada,La Mirada,03754,Los Angeles County (Southeast)--La Mirada & Santa Fe Springs Cities PUMA,SPA 7,DISTRICT 4,13789297.4951172,18355.5551666936
1635,06037503802,1820,1224,78,596,53,131,7.2,La Mirada,La Mirada,03754,Los Angeles County (Southeast)--La Mirada & Santa Fe Springs Cities PUMA,SPA 7,DISTRICT 4,14218260.7910156,15633.632376811
1636,06037503901,728,651,12,77,0,12,1.6,La Mirada,La Mirada,03754,Los Angeles County (Southeast)--La Mirada & Santa Fe Springs Cities PUMA,SPA 7,DISTRICT 4,9790148.78222656,15963.8499224911
1637,06037503902,1532,1294,60,238,0,60,3.9,La Mirada,La Mirada,03754,Los Angeles County (Southeast)--La Mirada & Santa Fe Springs Cities PUMA,SPA 7,DISTRICT 4,56674661.0615234,34872.6348623653
1638,06037504001,1494,995,27,499,52,79,5.3,La Mirada,La Mirada,03754,Los Angeles County (Southeast)--La Mirada & Santa Fe Springs Cities PUMA,SPA 7,DISTRICT 4,15090887.3339844,18033.865432627
1639,06037504002,1495,1259,65,236,17,82,5.5,La Mirada,La Mirada,03754,Los Angeles County (Southeast)--La Mirada & Santa Fe Springs Cities PUMA,SPA 7,DISTRICT 4,16449898.7460938,17788.6511617316
1640,06037504101,1443,930,55,513,49,104,7.2,La Mirada,La Mirada,03754,Los Angeles County (Southeast)--La Mirada & Santa Fe Springs Cities PUMA,SPA 7,DISTRICT 4,13117291.9726562,15772.9873671922
1641,06037504200,2445,781,44,1664,238,282,11.5,Santa Fe Springs,Santa Fe Springs,03754,Los Angeles County (Southeast)--La Mirada & Santa Fe Springs Cities PUMA,SPA 7,DISTRICT 4,83133137.4716797,54803.3512628141
1642,06037530005,1354,1176,7,178,0,7,0.5,Montebello,Montebello,03740,Los Angeles County (Central)--Pico Rivera & Montebello Cities PUMA,SPA 7,DISTRICT 1,24719239.6699219,30005.1028658483
1643,06037530006,1665,404,22,1261,286,308,18.5,Montebello,Montebello,03740,Los Angeles County (Central)--Pico Rivera & Montebello Cities PUMA,SPA 7,DISTRICT 1,7084639.4296875,13235.3704478323
1644,06037530007,2194,1488,9,706,21,30,1.4,Montebello,Montebello,03740,Los Angeles County (Central)--Pico Rivera & Montebello Cities PUMA,SPA 7,DISTRICT 1,52106458.9199219,30318.2892437106
1645,06037530101,1752,466,17,1286,160,177,10.1,Montebello,Montebello,03740,Los Angeles County (Central)--Pico Rivera & Montebello Cities PUMA,SPA 7,DISTRICT 1,10952033.4794922,13894.1243562528
1646,06037530102,1674,689,49,985,184,233,13.9,Montebello,Montebello,03740,Los Angeles County (Central)--Pico Rivera & Montebello Cities PUMA,SPA 7,DISTRICT 1,14243927.3701172,15895.9502221213
1647,06037530202,1354,893,81,461,72,153,11.3,Montebello,Montebello,03740,Los Angeles County (Central)--Pico Rivera & Montebello Cities PUMA,SPA 7,DISTRICT 1,19440134.4169922,21031.6921533918
1648,06037530203,984,295,0,689,129,129,13.1,Montebello,Montebello,03740,Los Angeles County (Central)--Pico Rivera & Montebello Cities PUMA,SPA 7,DISTRICT 1,7957724.96582031,14183.7642228835
1649,06037530204,1139,321,43,818,77,120,10.5,Montebello,Montebello,03740,Los Angeles County (Central)--Pico Rivera & Montebello Cities PUMA,SPA 7,DISTRICT 1,7157734.34277344,11495.209382687
1650,06037530301,574,119,0,455,87,87,15.2,Unincorporated - East Los Angeles,Unincorporated,03743,Los Angeles County (Central)--East Los Angeles PUMA,SPA 7,DISTRICT 1,6271754.99804688,11082.792796707
1651,06037530302,1876,717,18,1159,304,322,17.2,Unincorporated - East Los Angeles,Unincorporated,03743,Los Angeles County (Central)--East Los Angeles PUMA,SPA 7,DISTRICT 1,9174929.11621094,13387.5006468457
1652,06037530400,1165,292,10,873,104,114,9.8,Monterey Park,Monterey Park,03737,Los Angeles County (Central)--Monterey Park & Rosemead Cities PUMA,SPA 7,DISTRICT 1,16582235.4355469,18690.543641419
1653,06037530500,1090,409,9,681,242,251,23,Unincorporated - East Los Angeles,Unincorporated,03743,Los Angeles County (Central)--East Los Angeles PUMA,SPA 7,DISTRICT 1,9612978.96582031,12654.9694879344
1654,06037530603,1140,487,69,653,174,243,21.3,Unincorporated - East Los Angeles,Unincorporated,03743,Los Angeles County (Central)--East Los Angeles PUMA,SPA 7,DISTRICT 1,13376072.4306641,16685.3090655135
1655,06037530700,540,224,55,316,60,115,21.3,Unincorporated - East Los Angeles,Unincorporated,03743,Los Angeles County (Central)--East Los Angeles PUMA,SPA 4,DISTRICT 1,11263120.03125,17501.015572265
1656,06037530801,1287,533,112,754,269,381,29.6,Unincorporated - East Los Angeles,Unincorporated,03743,Los Angeles County (Central)--East Los Angeles PUMA,SPA 7,DISTRICT 1,8211574.59472656,12878.6418234499
1657,06037530802,840,508,61,332,86,147,17.5,Unincorporated - East Los Angeles,Unincorporated,03743,Los Angeles County (Central)--East Los Angeles PUMA,SPA 7,DISTRICT 1,6097483.93261719,12564.5216231449
1658,06037530901,920,234,38,686,203,241,26.2,Unincorporated - East Los Angeles,Unincorporated,03743,Los Angeles County (Central)--East Los Angeles PUMA,SPA 7,DISTRICT 1,4811914.12402344,8728.03459046613
1659,06037530902,1166,338,41,828,231,272,23.3,Unincorporated - East Los Angeles,Unincorporated,03743,Los Angeles County (Central)--East Los Angeles PUMA,SPA 7,DISTRICT 1,5742938.26171875,11637.4079216206
1660,06037531000,1186,558,54,628,154,208,17.5,Unincorporated - East Los Angeles,Unincorporated,03743,Los Angeles County (Central)--East Los Angeles PUMA,SPA 7,DISTRICT 1,10689521.390625,15486.0737473319
1661,06037531101,1080,237,48,843,200,248,23,Unincorporated - East Los Angeles,Unincorporated,03743,Los Angeles County (Central)--East Los Angeles PUMA,SPA 7,DISTRICT 1,7545966.51367188,12127.3838393917
1662,06037531102,782,215,58,567,65,123,15.7,Unincorporated - East Los Angeles,Unincorporated,03743,Los Angeles County (Central)--East Los Angeles PUMA,SPA 7,DISTRICT 1,5429110.12207031,9703.28403884137
1663,06037531201,1050,291,43,759,201,244,23.2,Unincorporated - East Los Angeles,Unincorporated,03743,Los Angeles County (Central)--East Los Angeles PUMA,SPA 7,DISTRICT 1,6104561.0390625,10854.7376160168
1664,06037531202,1187,277,64,910,266,330,27.8,Unincorporated - East Los Angeles,Unincorporated,03743,Los Angeles County (Central)--East Los Angeles PUMA,SPA 7,DISTRICT 1,4669231.26757812,10291.0283735908
1665,06037531301,1391,305,47,1086,400,447,32.1,Unincorporated - East Los Angeles,Unincorporated,03743,Los Angeles County (Central)--East Los Angeles PUMA,SPA 7,DISTRICT 1,8545080.18652344,15254.5412116312
1666,06037531302,1381,518,105,863,331,436,31.6,Unincorporated - East Los Angeles,Unincorporated,03743,Los Angeles County (Central)--East Los Angeles PUMA,SPA 7,DISTRICT 1,9501777.95507812,15611.451428616
1667,06037531502,751,189,51,562,220,271,36.1,Unincorporated - East Los Angeles,Unincorporated,03743,Los Angeles County (Central)--East Los Angeles PUMA,SPA 7,DISTRICT 1,4697913.99804688,8969.02410615057
1668,06037531503,826,240,7,586,130,137,16.6,Unincorporated - East Los Angeles,Unincorporated,03743,Los Angeles County (Central)--East Los Angeles PUMA,SPA 7,DISTRICT 1,12552199.4697266,14509.9463670409
1669,06037531504,995,279,53,716,208,261,26.2,Unincorporated - East Los Angeles,Unincorporated,03743,Los Angeles County (Central)--East Los Angeles PUMA,SPA 7,DISTRICT 1,5395773.42871094,10712.9151924941
1670,06037531602,960,269,78,691,187,265,27.6,Unincorporated - East Los Angeles,Unincorporated,03743,Los Angeles County (Central)--East Los Angeles PUMA,SPA 7,DISTRICT 1,4828863.07421875,10203.1141979246
1671,06037531603,915,323,66,592,135,201,22,Unincorporated - East Los Angeles,Unincorporated,03743,Los Angeles County (Central)--East Los Angeles PUMA,SPA 7,DISTRICT 1,4703057.04492188,8703.93219791202
1672,06037531604,795,208,9,587,175,184,23.1,Unincorporated - East Los Angeles,Unincorporated,03743,Los Angeles County (Central)--East Los Angeles PUMA,SPA 7,DISTRICT 1,3952281.87597656,8092.14995016667
1673,06037531701,1375,579,31,796,277,308,22.4,Unincorporated - East Los Angeles,Unincorporated,03743,Los Angeles County (Central)--East Los Angeles PUMA,SPA 7,DISTRICT 1,6857922.53125,11506.2760119155
1674,06037531702,1313,456,104,857,318,422,32.1,Unincorporated - East Los Angeles,Unincorporated,03743,Los Angeles County (Central)--East Los Angeles PUMA,SPA 7,DISTRICT 1,7243486.19726562,12124.4103357541
1675,06037531800,1313,247,27,1066,201,228,17.4,Unincorporated - East Los Angeles,Unincorporated,03743,Los Angeles County (Central)--East Los Angeles PUMA,SPA 7,DISTRICT 1,6692228.92480469,13058.0066201033
1676,06037531901,1789,772,132,1017,439,571,31.9,Unincorporated - East Los Angeles,Unincorporated,03743,Los Angeles County (Central)--East Los Angeles PUMA,SPA 7,DISTRICT 1,8213422.16210938,11443.1843297895
1677,06037531902,1018,476,117,542,159,276,27.1,Unincorporated - East Los Angeles,Unincorporated,03743,Los Angeles County (Central)--East Los Angeles PUMA,SPA 7,DISTRICT 1,7615183.06152344,11208.1445410246
1678,06037532001,948,303,15,645,118,133,14,Montebello,Montebello,03740,Los Angeles County (Central)--Pico Rivera & Montebello Cities PUMA,SPA 7,DISTRICT 1,14563189.2333984,16732.9898112287
1679,06037532002,1051,459,28,592,169,197,18.7,Montebello,Montebello,03740,Los Angeles County (Central)--Pico Rivera & Montebello Cities PUMA,SPA 7,DISTRICT 1,9023805.13476562,14964.0270407073
1680,06037532101,1973,605,82,1368,295,377,19.1,Montebello,Montebello,03740,Los Angeles County (Central)--Pico Rivera & Montebello Cities PUMA,SPA 7,DISTRICT 1,15385599.5126953,15579.1915833833
1681,06037532102,973,693,114,280,88,202,20.8,Montebello,Montebello,03740,Los Angeles County (Central)--Pico Rivera & Montebello Cities PUMA,SPA 7,DISTRICT 1,10659571.5410156,13200.7870359969
1682,06037532200,1688,492,50,1196,210,260,15.4,Montebello,Montebello,03740,Los Angeles County (Central)--Pico Rivera & Montebello Cities PUMA,SPA 7,DISTRICT 1,29836558.3398438,26774.3761609899
1683,06037532302,1109,790,149,319,39,188,17,Commerce,Commerce,03741,"Los Angeles County (Central)--Bell Gardens, Bell, Maywood, Cudahy & Commerce Cities PUMA",SPA 7,DISTRICT 4,35690936.3574219,31071.8612024471
1684,06037532303,1211,519,104,692,210,314,25.9,Commerce,Commerce,03741,"Los Angeles County (Central)--Bell Gardens, Bell, Maywood, Cudahy & Commerce Cities PUMA",SPA 7,DISTRICT 4,81399188.4199219,44874.5737985562
1685,06037532304,1030,510,94,520,116,210,20.4,Commerce,Commerce,03741,"Los Angeles County (Central)--Bell Gardens, Bell, Maywood, Cudahy & Commerce Cities PUMA",SPA 7,DISTRICT 4,87569819.4150391,47458.3994876877
1686,06037532500,1134,411,21,723,268,289,25.5,Huntington Park,Huntington Park,03742,"Los Angeles County (Central)--Huntington Park City, Florence-Graham & Walnut Park PUMA",SPA 7,DISTRICT 4,11070791.1162109,18955.2998646191
1687,06037532605,1240,211,38,1029,391,429,34.6,Huntington Park,Huntington Park,03742,"Los Angeles County (Central)--Huntington Park City, Florence-Graham & Walnut Park PUMA",SPA 7,DISTRICT 4,5650110.91699219,10365.5385930811
1688,06037532606,1191,98,42,1093,283,325,27.3,Huntington Park,Huntington Park,03742,"Los Angeles County (Central)--Huntington Park City, Florence-Graham & Walnut Park PUMA",SPA 7,DISTRICT 4,3001431.93359375,7848.96747153405
1689,06037532607,1403,258,67,1145,224,291,20.7,Huntington Park,Huntington Park,03742,"Los Angeles County (Central)--Huntington Park City, Florence-Graham & Walnut Park PUMA",SPA 7,DISTRICT 4,11883517.1279297,13933.9359291555
1690,06037532700,704,280,43,424,76,119,16.9,Unincorporated - Florence-Firestone,Unincorporated,03742,"Los Angeles County (Central)--Huntington Park City, Florence-Graham & Walnut Park PUMA",SPA 7,DISTRICT 2,6211981.87207031,12139.3735323964
1691,06037532800,923,217,54,706,244,298,32.3,Unincorporated - Florence-Firestone,Unincorporated,03742,"Los Angeles County (Central)--Huntington Park City, Florence-Graham & Walnut Park PUMA",SPA 6,DISTRICT 2,5952026.23535156,9888.40990911158
1692,06037532900,1603,293,47,1310,292,339,21.1,Unincorporated - Florence-Firestone,Unincorporated,03742,"Los Angeles County (Central)--Huntington Park City, Florence-Graham & Walnut Park PUMA",SPA 6,DISTRICT 2,8225723.51757812,11777.4507297829
1693,06037533001,1128,432,54,696,116,170,15.1,Unincorporated - Florence-Firestone,Unincorporated,03742,"Los Angeles County (Central)--Huntington Park City, Florence-Graham & Walnut Park PUMA",SPA 7,DISTRICT 2,5203337.578125,10868.234477785
1694,06037533002,589,261,66,328,34,100,17,Unincorporated - Florence-Firestone,Unincorporated,03742,"Los Angeles County (Central)--Huntington Park City, Florence-Graham & Walnut Park PUMA",SPA 7,DISTRICT 2,3093837.85058594,7574.21278546011
1695,06037533103,787,134,43,653,227,270,34.3,Huntington Park,Huntington Park,03742,"Los Angeles County (Central)--Huntington Park City, Florence-Graham & Walnut Park PUMA",SPA 7,DISTRICT 4,5897936.61523438,10851.1687949348
1696,06037533104,1234,116,17,1118,351,368,29.8,Huntington Park,Huntington Park,03742,"Los Angeles County (Central)--Huntington Park City, Florence-Graham & Walnut Park PUMA",SPA 7,DISTRICT 4,3679131.80664062,7694.25849888904
1697,06037533105,624,64,0,560,188,188,30.1,Huntington Park,Huntington Park,03742,"Los Angeles County (Central)--Huntington Park City, Florence-Graham & Walnut Park PUMA",SPA 7,DISTRICT 4,2053294.14355469,5797.15294515336
1698,06037533108,1313,252,63,1061,343,406,30.9,Huntington Park,Huntington Park,03742,"Los Angeles County (Central)--Huntington Park City, Florence-Graham & Walnut Park PUMA",SPA 7,DISTRICT 4,6899298.109375,13271.0247143636
1699,06037533201,654,169,35,485,115,150,22.9,Huntington Park,Huntington Park,03742,"Los Angeles County (Central)--Huntington Park City, Florence-Graham & Walnut Park PUMA",SPA 7,DISTRICT 4,3993351.41894531,9234.91322244521
1700,06037533204,1042,356,85,686,198,283,27.2,Huntington Park,Huntington Park,03742,"Los Angeles County (Central)--Huntington Park City, Florence-Graham & Walnut Park PUMA",SPA 7,DISTRICT 4,7665102.19726562,13191.7816610105
1701,06037533300,870,273,22,597,161,183,21,Maywood,Maywood,03741,"Los Angeles County (Central)--Bell Gardens, Bell, Maywood, Cudahy & Commerce Cities PUMA",SPA 7,DISTRICT 4,3768150.5703125,8308.41531299068
1702,06037533401,1214,279,57,935,337,394,32.5,Maywood,Maywood,03741,"Los Angeles County (Central)--Bell Gardens, Bell, Maywood, Cudahy & Commerce Cities PUMA",SPA 7,DISTRICT 4,5213259.48242188,10865.6716101181
1703,06037533402,1015,218,0,797,279,279,27.5,Maywood,Maywood,03741,"Los Angeles County (Central)--Bell Gardens, Bell, Maywood, Cudahy & Commerce Cities PUMA",SPA 7,DISTRICT 4,5226008.29394531,9804.56920054918
1704,06037533403,777,329,131,448,123,254,32.7,Maywood,Maywood,03741,"Los Angeles County (Central)--Bell Gardens, Bell, Maywood, Cudahy & Commerce Cities PUMA",SPA 7,DISTRICT 4,4871592.25097656,11655.738061318
1705,06037533501,799,191,56,608,228,284,35.5,Huntington Park,Huntington Park,03742,"Los Angeles County (Central)--Huntington Park City, Florence-Graham & Walnut Park PUMA",SPA 7,DISTRICT 4,4527796.30761719,8618.83600354427
1706,06037533504,938,241,83,697,238,321,34.2,Huntington Park,Huntington Park,03742,"Los Angeles County (Central)--Huntington Park City, Florence-Graham & Walnut Park PUMA",SPA 7,DISTRICT 4,4419740.390625,8278.46965267571
1707,06037533601,1218,121,6,1097,290,296,24.3,Bell,Bell,03741,"Los Angeles County (Central)--Bell Gardens, Bell, Maywood, Cudahy & Commerce Cities PUMA",SPA 7,DISTRICT 4,5928765.67871094,12265.987658075
1708,06037533602,1396,321,116,1075,272,388,27.8,Bell,Bell,03741,"Los Angeles County (Central)--Bell Gardens, Bell, Maywood, Cudahy & Commerce Cities PUMA",SPA 7,DISTRICT 4,7667474.31152344,14152.8771927823
1709,06037533603,1727,327,141,1400,383,524,30.3,Bell,Bell,03741,"Los Angeles County (Central)--Bell Gardens, Bell, Maywood, Cudahy & Commerce Cities PUMA",SPA 7,DISTRICT 4,8635027.06933594,15081.6109987092
1710,06037533701,843,322,82,521,147,229,27.2,Maywood,Maywood,03741,"Los Angeles County (Central)--Bell Gardens, Bell, Maywood, Cudahy & Commerce Cities PUMA",SPA 7,DISTRICT 4,4308024.15234375,8280.88084075688
1711,06037533702,932,219,30,713,259,289,31,Maywood,Maywood,03741,"Los Angeles County (Central)--Bell Gardens, Bell, Maywood, Cudahy & Commerce Cities PUMA",SPA 7,DISTRICT 4,3437080.69140625,7438.78251167558
1712,06037533703,930,369,125,561,181,306,32.9,Maywood,Maywood,03741,"Los Angeles County (Central)--Bell Gardens, Bell, Maywood, Cudahy & Commerce Cities PUMA",SPA 7,DISTRICT 4,5941838.17285156,10763.7012186006
1713,06037533803,1650,538,165,1112,216,381,23.1,Bell,Bell,03741,"Los Angeles County (Central)--Bell Gardens, Bell, Maywood, Cudahy & Commerce Cities PUMA",SPA 7,DISTRICT 4,8477297.38867188,15437.5747657006
1714,06037533804,1069,510,123,559,102,225,21,Bell,Bell,03741,"Los Angeles County (Central)--Bell Gardens, Bell, Maywood, Cudahy & Commerce Cities PUMA",SPA 7,DISTRICT 4,5551729.00585938,11193.5807266757
1715,06037533805,1102,345,26,757,187,213,19.3,Bell,Bell,03741,"Los Angeles County (Central)--Bell Gardens, Bell, Maywood, Cudahy & Commerce Cities PUMA",SPA 7,DISTRICT 4,4799070.59960938,11063.809140299
1716,06037533806,966,265,106,701,196,302,31.3,Bell,Bell,03741,"Los Angeles County (Central)--Bell Gardens, Bell, Maywood, Cudahy & Commerce Cities PUMA",SPA 7,DISTRICT 4,10089481.6943359,17688.8020302967
1717,06037533901,1380,210,52,1170,310,362,26.2,Bell Gardens,Bell Gardens,03741,"Los Angeles County (Central)--Bell Gardens, Bell, Maywood, Cudahy & Commerce Cities PUMA",SPA 7,DISTRICT 4,8228908.84570312,15599.0272811325
1718,06037533902,1015,309,0,706,84,84,8.3,Bell Gardens,Bell Gardens,03741,"Los Angeles County (Central)--Bell Gardens, Bell, Maywood, Cudahy & Commerce Cities PUMA",SPA 7,DISTRICT 4,8216071.94824219,14442.1946942784
1719,06037534001,1343,243,20,1100,302,322,24,Bell Gardens,Bell Gardens,03741,"Los Angeles County (Central)--Bell Gardens, Bell, Maywood, Cudahy & Commerce Cities PUMA",SPA 7,DISTRICT 4,8522579.1171875,13407.8192745317
1720,06037534002,948,258,15,690,263,278,29.3,Bell Gardens,Bell Gardens,03741,"Los Angeles County (Central)--Bell Gardens, Bell, Maywood, Cudahy & Commerce Cities PUMA",SPA 7,DISTRICT 4,9717720.90625,16682.4100704342
1721,06037534101,474,130,31,344,98,129,27.2,Bell Gardens,Bell Gardens,03741,"Los Angeles County (Central)--Bell Gardens, Bell, Maywood, Cudahy & Commerce Cities PUMA",SPA 7,DISTRICT 4,5467306.36914062,14364.4436609237
1722,06037534102,1481,248,0,1233,377,377,25.5,Bell Gardens,Bell Gardens,03741,"Los Angeles County (Central)--Bell Gardens, Bell, Maywood, Cudahy & Commerce Cities PUMA",SPA 7,DISTRICT 4,8597270.42578125,14758.329125216
1723,06037534201,1007,254,67,753,217,284,28.2,Bell Gardens,Bell Gardens,03741,"Los Angeles County (Central)--Bell Gardens, Bell, Maywood, Cudahy & Commerce Cities PUMA",SPA 7,DISTRICT 4,5532880.95996094,10254.6368407502
1724,06037534202,1207,257,38,950,380,418,34.6,Bell Gardens,Bell Gardens,03741,"Los Angeles County (Central)--Bell Gardens, Bell, Maywood, Cudahy & Commerce Cities PUMA",SPA 7,DISTRICT 4,6246060.42773438,11468.3739957083
1725,06037534203,858,151,42,707,178,220,25.6,Bell Gardens,Bell Gardens,03741,"Los Angeles County (Central)--Bell Gardens, Bell, Maywood, Cudahy & Commerce Cities PUMA",SPA 7,DISTRICT 4,8274655.30664062,14536.7816388173
1726,06037534301,1026,183,0,843,234,234,22.8,Cudahy,Cudahy,03741,"Los Angeles County (Central)--Bell Gardens, Bell, Maywood, Cudahy & Commerce Cities PUMA",SPA 7,DISTRICT 4,9326943.67871094,14084.2802174623
1727,06037534302,926,92,8,834,201,209,22.6,Cudahy,Cudahy,03741,"Los Angeles County (Central)--Bell Gardens, Bell, Maywood, Cudahy & Commerce Cities PUMA",SPA 7,DISTRICT 4,6733325.93066406,12424.1203744375
1728,06037534403,839,114,30,725,196,226,26.9,Cudahy,Cudahy,03741,"Los Angeles County (Central)--Bell Gardens, Bell, Maywood, Cudahy & Commerce Cities PUMA",SPA 7,DISTRICT 4,3500207.70507812,8226.22461823812
1729,06037534404,912,224,43,688,138,181,19.8,Cudahy,Cudahy,03741,"Los Angeles County (Central)--Bell Gardens, Bell, Maywood, Cudahy & Commerce Cities PUMA",SPA 7,DISTRICT 4,4374859.38964844,8741.536942916
1730,06037534405,949,158,0,791,257,257,27.1,Cudahy,Cudahy,03741,"Los Angeles County (Central)--Bell Gardens, Bell, Maywood, Cudahy & Commerce Cities PUMA",SPA 7,DISTRICT 4,5706796.85742188,10492.7645839141
1731,06037534406,1135,53,0,1082,206,206,18.1,Cudahy,Cudahy,03741,"Los Angeles County (Central)--Bell Gardens, Bell, Maywood, Cudahy & Commerce Cities PUMA",SPA 7,DISTRICT 4,4864479.21972656,9478.82330255676
1732,06037534501,1321,498,132,823,346,478,36.2,Huntington Park,Huntington Park,03742,"Los Angeles County (Central)--Huntington Park City, Florence-Graham & Walnut Park PUMA",SPA 7,DISTRICT 4,7235333.9921875,10735.4269572857
1733,06037534502,973,546,122,427,151,273,28.1,Huntington Park,Huntington Park,03742,"Los Angeles County (Central)--Huntington Park City, Florence-Graham & Walnut Park PUMA",SPA 7,DISTRICT 4,6055294.94238281,13430.1508463532
1734,06037534700,963,668,89,295,54,143,14.8,Unincorporated - Walnut Park,Unincorporated,03742,"Los Angeles County (Central)--Huntington Park City, Florence-Graham & Walnut Park PUMA",SPA 7,DISTRICT 4,5995208.61621094,9911.13023002677
1735,06037534802,599,325,71,274,66,137,22.9,Unincorporated - Walnut Park,Unincorporated,03742,"Los Angeles County (Central)--Huntington Park City, Florence-Graham & Walnut Park PUMA",SPA 7,DISTRICT 4,4349034.9140625,8741.58813714148
1736,06037534803,1194,519,122,675,252,374,31.3,Unincorporated - Walnut Park,Unincorporated,03742,"Los Angeles County (Central)--Huntington Park City, Florence-Graham & Walnut Park PUMA",SPA 7,DISTRICT 4,6578690.25292969,13976.4612297209
1737,06037534804,982,394,55,588,281,336,34.2,Unincorporated - Walnut Park,Unincorporated,03752,Los Angeles County (South)--South Gate & Lynwood Cities PUMA,SPA 7,DISTRICT 4,3926611.12109375,8498.72025069773
1738,06037534900,1394,392,78,1002,233,311,22.3,Unincorporated - Florence-Firestone,Unincorporated,03742,"Los Angeles County (Central)--Huntington Park City, Florence-Graham & Walnut Park PUMA",SPA 6,DISTRICT 2,11446103.4375,14672.3766633607
1739,06037535001,906,288,85,618,186,271,29.9,Unincorporated - Florence-Firestone,Unincorporated,03742,"Los Angeles County (Central)--Huntington Park City, Florence-Graham & Walnut Park PUMA",SPA 6,DISTRICT 2,4840073.60058594,8858.27877061594
1740,06037535002,913,314,63,599,188,251,27.5,Unincorporated - Florence-Firestone,Unincorporated,03742,"Los Angeles County (Central)--Huntington Park City, Florence-Graham & Walnut Park PUMA",SPA 6,DISTRICT 2,5131452.68164062,9151.18984146012
1741,06037535101,1867,686,195,1181,210,405,21.7,Unincorporated - Florence-Firestone,Unincorporated,03742,"Los Angeles County (Central)--Huntington Park City, Florence-Graham & Walnut Park PUMA",SPA 6,DISTRICT 2,12401824.3378906,15875.2981197182
1742,06037535102,1080,392,148,688,184,332,30.7,Unincorporated - Florence-Firestone,Unincorporated,03742,"Los Angeles County (Central)--Huntington Park City, Florence-Graham & Walnut Park PUMA",SPA 6,DISTRICT 2,6321303.08203125,12116.2936835115
1743,06037535200,1280,678,297,602,114,411,32.1,Unincorporated - Florence-Firestone,Unincorporated,03742,"Los Angeles County (Central)--Huntington Park City, Florence-Graham & Walnut Park PUMA",SPA 6,DISTRICT 2,9226210.03808594,17274.2319571427
1744,06037535300,1379,718,130,661,142,272,19.7,Unincorporated - Florence-Firestone,Unincorporated,03742,"Los Angeles County (Central)--Huntington Park City, Florence-Graham & Walnut Park PUMA",SPA 6,DISTRICT 2,11324980.2792969,16121.2210526661
1745,06037535400,735,351,91,384,136,227,30.9,Unincorporated - Florence-Firestone,Unincorporated,03742,"Los Angeles County (Central)--Huntington Park City, Florence-Graham & Walnut Park PUMA",SPA 6,DISTRICT 2,8323550.69140625,15991.554471979
1746,06037535501,959,208,0,751,235,235,24.5,South Gate,South Gate,03752,Los Angeles County (South)--South Gate & Lynwood Cities PUMA,SPA 7,DISTRICT 4,5367212.86816406,11213.8537815614
1747,06037535502,1311,380,19,931,176,195,14.9,South Gate,South Gate,03752,Los Angeles County (South)--South Gate & Lynwood Cities PUMA,SPA 7,DISTRICT 4,5098994.5859375,8945.71681190015
1748,06037535503,703,321,14,382,102,116,16.5,South Gate,South Gate,03752,Los Angeles County (South)--South Gate & Lynwood Cities PUMA,SPA 7,DISTRICT 4,3432955.62402344,7663.23197404881
1749,06037535603,1054,263,28,791,195,223,21.2,South Gate,South Gate,03752,Los Angeles County (South)--South Gate & Lynwood Cities PUMA,SPA 7,DISTRICT 4,8464946.22070312,15262.9773562896
1750,06037535604,1064,509,137,555,139,276,25.9,South Gate,South Gate,03752,Los Angeles County (South)--South Gate & Lynwood Cities PUMA,SPA 7,DISTRICT 4,4754965.32519531,9739.66791461174
1751,06037535605,1190,377,55,813,264,319,26.8,South Gate,South Gate,03752,Los Angeles County (South)--South Gate & Lynwood Cities PUMA,SPA 7,DISTRICT 4,5056004.35351562,9024.12593326532
1752,06037535606,516,145,40,371,110,150,29.1,South Gate,South Gate,03752,Los Angeles County (South)--South Gate & Lynwood Cities PUMA,SPA 7,DISTRICT 4,2008289.05078125,7507.45582643153
1753,06037535607,1097,813,199,284,135,334,30.4,South Gate,South Gate,03752,Los Angeles County (South)--South Gate & Lynwood Cities PUMA,SPA 7,DISTRICT 4,10187773.2744141,13749.4992964615
1754,06037535701,1540,538,81,1002,338,419,27.2,South Gate,South Gate,03752,Los Angeles County (South)--South Gate & Lynwood Cities PUMA,SPA 7,DISTRICT 4,8294531.1171875,12500.9984132575
1755,06037535702,1441,486,66,955,234,300,20.8,South Gate,South Gate,03752,Los Angeles County (South)--South Gate & Lynwood Cities PUMA,SPA 7,DISTRICT 4,10497902.375,13524.9958375239
1756,06037535802,1600,824,224,776,101,325,20.3,South Gate,South Gate,03752,Los Angeles County (South)--South Gate & Lynwood Cities PUMA,SPA 7,DISTRICT 4,8477314.11621094,12260.4109619977
1757,06037535803,992,367,38,625,180,218,22,South Gate,South Gate,03752,Los Angeles County (South)--South Gate & Lynwood Cities PUMA,SPA 7,DISTRICT 4,4553555.16113281,8613.29466683538
1758,06037535804,1537,596,131,941,271,402,26.2,South Gate,South Gate,03752,Los Angeles County (South)--South Gate & Lynwood Cities PUMA,SPA 7,DISTRICT 4,5288443.84179688,9663.08669480736
1759,06037535901,1690,960,169,730,113,282,16.7,South Gate,South Gate,03752,Los Angeles County (South)--South Gate & Lynwood Cities PUMA,SPA 7,DISTRICT 4,9060622.4453125,13205.1442741666
1760,06037535902,1472,1028,198,444,43,241,16.4,South Gate,South Gate,03752,Los Angeles County (South)--South Gate & Lynwood Cities PUMA,SPA 7,DISTRICT 4,10888652.0068359,13459.6214201842
1761,06037536000,1010,304,58,706,165,223,22.1,South Gate,South Gate,03752,Los Angeles County (South)--South Gate & Lynwood Cities PUMA,SPA 7,DISTRICT 4,14069204.3691406,16146.2259495011
1762,06037536102,1112,827,98,285,36,134,12.1,South Gate,South Gate,03752,Los Angeles County (South)--South Gate & Lynwood Cities PUMA,SPA 7,DISTRICT 4,33041024.296875,27490.6877026909
1763,06037536103,1471,670,62,801,227,289,19.6,South Gate,South Gate,03752,Los Angeles County (South)--South Gate & Lynwood Cities PUMA,SPA 7,DISTRICT 4,12693625.5117188,16298.7329467381
1764,06037536104,1138,474,126,664,152,278,24.4,South Gate,South Gate,03752,Los Angeles County (South)--South Gate & Lynwood Cities PUMA,SPA 7,DISTRICT 4,21172493.0527344,25612.4222968402
1765,06037536201,1070,705,7,365,104,111,10.4,South Gate,South Gate,03752,Los Angeles County (South)--South Gate & Lynwood Cities PUMA,SPA 7,DISTRICT 4,16114936.8222656,21133.8819675503
1766,06037536202,1232,622,29,610,49,78,6.3,South Gate,South Gate,03752,Los Angeles County (South)--South Gate & Lynwood Cities PUMA,SPA 7,DISTRICT 4,9945905.01660156,18966.4521552037
1767,06037540000,1540,736,248,804,255,503,32.7,Lynwood,Lynwood,03752,Los Angeles County (South)--South Gate & Lynwood Cities PUMA,SPA 6,DISTRICT 4,15732189.4404297,17358.6705367373
1768,06037540101,1541,1095,167,446,186,353,22.9,Lynwood,Lynwood,03752,Los Angeles County (South)--South Gate & Lynwood Cities PUMA,SPA 6,DISTRICT 4,13515885.0800781,17137.8962307813
1769,06037540102,1353,970,329,383,98,427,31.6,Lynwood,Lynwood,03752,Los Angeles County (South)--South Gate & Lynwood Cities PUMA,SPA 6,DISTRICT 4,13430338.2070312,15514.8568718401
1770,06037540201,535,97,15,438,169,184,34.4,Lynwood,Lynwood,03752,Los Angeles County (South)--South Gate & Lynwood Cities PUMA,SPA 6,DISTRICT 4,2830671.12207031,9477.10075862434
1771,06037540202,1564,408,113,1156,377,490,31.3,Lynwood,Lynwood,03752,Los Angeles County (South)--South Gate & Lynwood Cities PUMA,SPA 6,DISTRICT 4,8143759.234375,12475.5530821203
1772,06037540203,1277,282,36,995,252,288,22.6,Lynwood,Lynwood,03752,Los Angeles County (South)--South Gate & Lynwood Cities PUMA,SPA 6,DISTRICT 4,9713807.10644531,13102.8165942347
1773,06037540300,1193,698,165,495,120,285,23.9,Lynwood,Lynwood,03752,Los Angeles County (South)--South Gate & Lynwood Cities PUMA,SPA 6,DISTRICT 4,16607873.5517578,21766.0618931093
1774,06037540400,509,293,85,216,120,205,40.3,Unincorporated - Willowbrook,Unincorporated,03752,Los Angeles County (South)--South Gate & Lynwood Cities PUMA,SPA 6,DISTRICT 2,3656560.44433594,8136.43975635969
1775,06037540501,973,543,123,430,76,199,20.5,Lynwood,Lynwood,03752,Los Angeles County (South)--South Gate & Lynwood Cities PUMA,SPA 6,DISTRICT 4,15340031.8769531,18692.7095902659
1776,06037540502,1662,241,97,1421,558,655,39.4,Lynwood,Lynwood,03752,Los Angeles County (South)--South Gate & Lynwood Cities PUMA,SPA 6,DISTRICT 4,6467945.81835938,11050.3798772242
1777,06037540600,1220,481,127,739,62,189,15.5,Unincorporated - Willowbrook,Unincorporated,03757,Los Angeles County (South Central)--Compton City & West Rancho Dominquez PUMA,SPA 6,DISTRICT 2,10116032.2333984,12908.3891463628
1778,06037540700,993,410,10,583,52,62,6.2,Unincorporated - Willowbrook,Unincorporated,03757,Los Angeles County (South Central)--Compton City & West Rancho Dominquez PUMA,SPA 6,DISTRICT 2,12448136.5976562,16104.921387727
1779,06037540800,1577,1154,121,423,44,165,10.5,Unincorporated - Willowbrook,Unincorporated,03757,Los Angeles County (South Central)--Compton City & West Rancho Dominquez PUMA,SPA 6,DISTRICT 2,21472244.265625,26165.7131069085
1780,06037540901,1230,632,94,598,204,298,24.2,Unincorporated - Athens Village,Unincorporated,03757,Los Angeles County (South Central)--Compton City & West Rancho Dominquez PUMA,SPA 6,DISTRICT 2,12491064.3046875,15455.4390967989
1781,06037540902,1487,966,41,521,106,147,9.9,Unincorporated - Willowbrook,Unincorporated,03757,Los Angeles County (South Central)--Compton City & West Rancho Dominquez PUMA,SPA 6,DISTRICT 2,27087906.7109375,20788.5753898509
1782,06037541003,1392,1055,118,337,27,145,10.4,Carson,Carson,03762,Los Angeles County (South Central)--Carson City PUMA,SPA 8,DISTRICT 2,65088262.3017578,36460.1756006939
1783,06037541100,986,649,80,337,13,93,9.4,Unincorporated - Rosewood/West Rancho Dominguez,Unincorporated,03757,Los Angeles County (South Central)--Compton City & West Rancho Dominquez PUMA,SPA 6,DISTRICT 2,13304414.3212891,15491.3238811667
1784,06037541200,1871,1313,96,558,0,96,5.1,Compton,Compton,03757,Los Angeles County (South Central)--Compton City & West Rancho Dominquez PUMA,SPA 6,DISTRICT 2,22833213.6523438,22911.9093422662
1785,06037541300,1460,1162,344,298,70,414,28.4,Compton,Compton,03757,Los Angeles County (South Central)--Compton City & West Rancho Dominquez PUMA,SPA 6,DISTRICT 2,14738249.5878906,15720.2190572141
1786,06037541401,931,232,79,699,117,196,21.1,Unincorporated - Willowbrook,Unincorporated,03757,Los Angeles County (South Central)--Compton City & West Rancho Dominquez PUMA,SPA 6,DISTRICT 2,6084175.20898438,10710.9851486736
1787,06037541402,812,506,94,306,22,116,14.3,Unincorporated - Willowbrook,Unincorporated,03757,Los Angeles County (South Central)--Compton City & West Rancho Dominquez PUMA,SPA 6,DISTRICT 2,3682535.40917969,8042.98100837903
1788,06037541500,1357,573,60,784,253,313,23.1,Unincorporated - Willowbrook,Unincorporated,03757,Los Angeles County (South Central)--Compton City & West Rancho Dominquez PUMA,SPA 6,DISTRICT 2,9177740.06933594,13093.6521547795
1789,06037541603,688,213,30,475,193,223,32.4,Compton,Compton,03757,Los Angeles County (South Central)--Compton City & West Rancho Dominquez PUMA,SPA 6,DISTRICT 2,13744775.2900391,20299.541733974
1790,06037541604,1345,472,105,873,294,399,29.7,Compton,Compton,03757,Los Angeles County (South Central)--Compton City & West Rancho Dominquez PUMA,SPA 6,DISTRICT 2,8878812.78027344,12166.6904145045
1791,06037541605,1539,718,141,821,219,360,23.4,Compton,Compton,03757,Los Angeles County (South Central)--Compton City & West Rancho Dominquez PUMA,SPA 6,DISTRICT 2,9406052.6796875,13872.9304512203
1792,06037541606,628,99,21,529,250,271,43.2,Compton,Compton,03757,Los Angeles County (South Central)--Compton City & West Rancho Dominquez PUMA,SPA 6,DISTRICT 2,3681050.80566406,8136.43294321445
1793,06037541700,1370,1045,200,325,42,242,17.7,Lynwood,Lynwood,03752,Los Angeles County (South)--South Gate & Lynwood Cities PUMA,SPA 6,DISTRICT 4,15059594.6601562,17372.6498293849
1794,06037541801,1122,360,120,762,338,458,40.8,Lynwood,Lynwood,03752,Los Angeles County (South)--South Gate & Lynwood Cities PUMA,SPA 6,DISTRICT 4,7791342.53710938,12002.2502739638
1795,06037541802,1254,874,231,380,110,341,27.2,Lynwood,Lynwood,03752,Los Angeles County (South)--South Gate & Lynwood Cities PUMA,SPA 6,DISTRICT 4,11836601.5488281,14198.0949156164
1796,06037542000,1162,749,180,413,196,376,32.4,Compton,Compton,03757,Los Angeles County (South Central)--Compton City & West Rancho Dominquez PUMA,SPA 6,DISTRICT 2,10478663.7490234,13756.1401716558
1797,06037542103,795,469,213,326,39,252,31.7,Unincorporated - East Rancho Dominguez,Unincorporated,03757,Los Angeles County (South Central)--Compton City & West Rancho Dominquez PUMA,SPA 6,DISTRICT 2,6167552.41015625,11079.693375447
1798,06037542104,897,460,191,437,190,381,42.5,Unincorporated - East Rancho Dominguez,Unincorporated,03757,Los Angeles County (South Central)--Compton City & West Rancho Dominquez PUMA,SPA 6,DISTRICT 2,6239449.90527344,10735.5099675086
1799,06037542105,1148,430,91,718,284,375,32.7,Compton,Compton,03757,Los Angeles County (South Central)--Compton City & West Rancho Dominquez PUMA,SPA 6,DISTRICT 2,6709948.37304688,12005.2280724793
1800,06037542106,744,254,45,490,72,117,15.7,Compton,Compton,03757,Los Angeles County (South Central)--Compton City & West Rancho Dominquez PUMA,SPA 6,DISTRICT 2,9522650.83300781,17144.4700479044
1801,06037542200,1495,1030,291,465,137,428,28.6,Compton,Compton,03757,Los Angeles County (South Central)--Compton City & West Rancho Dominquez PUMA,SPA 6,DISTRICT 2,14980689.9960938,16778.9246846819
1802,06037542401,1081,747,114,334,128,242,22.4,Compton,Compton,03757,Los Angeles County (South Central)--Compton City & West Rancho Dominquez PUMA,SPA 6,DISTRICT 2,13923003.3759766,15742.8113207124
1803,06037542402,947,619,77,328,83,160,16.9,Compton,Compton,03757,Los Angeles County (South Central)--Compton City & West Rancho Dominquez PUMA,SPA 6,DISTRICT 2,17983569.9296875,22311.9973678045
1804,06037542501,1294,705,104,589,77,181,14,Compton,Compton,03757,Los Angeles County (South Central)--Compton City & West Rancho Dominquez PUMA,SPA 6,DISTRICT 2,6222883.75878906,11644.3467421811
1805,06037542502,1278,437,85,841,321,406,31.8,Compton,Compton,03757,Los Angeles County (South Central)--Compton City & West Rancho Dominquez PUMA,SPA 6,DISTRICT 2,10751172.9394531,14202.9492629496
1806,06037542601,783,286,35,497,189,224,28.6,Compton,Compton,03757,Los Angeles County (South Central)--Compton City & West Rancho Dominquez PUMA,SPA 6,DISTRICT 2,5864529.07714844,10075.8734714725
1807,06037542602,1327,542,102,785,298,400,30.1,Compton,Compton,03757,Los Angeles County (South Central)--Compton City & West Rancho Dominquez PUMA,SPA 6,DISTRICT 2,9360637.51269531,12374.5688890619
1808,06037542700,1383,971,293,412,169,462,33.4,Compton,Compton,03757,Los Angeles County (South Central)--Compton City & West Rancho Dominquez PUMA,SPA 6,DISTRICT 2,10676584.2714844,13363.9326749647
1809,06037542800,959,780,145,179,11,156,16.3,Compton,Compton,03757,Los Angeles County (South Central)--Compton City & West Rancho Dominquez PUMA,SPA 6,DISTRICT 2,8530071.13671875,11818.1476287998
1810,06037542900,801,597,102,204,79,181,22.6,Compton,Compton,03757,Los Angeles County (South Central)--Compton City & West Rancho Dominquez PUMA,SPA 6,DISTRICT 2,8734582.09082031,13911.2541811761
1811,06037543000,1290,908,76,382,109,185,14.3,Compton,Compton,03757,Los Angeles County (South Central)--Compton City & West Rancho Dominquez PUMA,SPA 6,DISTRICT 2,14243555.4667969,15202.3279053108
1812,06037543100,1810,1526,350,284,17,367,20.3,Carson,Carson,03757,Los Angeles County (South Central)--Compton City & West Rancho Dominquez PUMA,SPA 6,DISTRICT 2,31089361.7167969,25225.8476948227
1813,06037543201,847,514,89,333,172,261,30.8,Compton,Compton,03757,Los Angeles County (South Central)--Compton City & West Rancho Dominquez PUMA,SPA 6,DISTRICT 2,10856052.1376953,13363.5204317114
1814,06037543203,1091,366,123,725,136,259,23.7,Compton,Compton,03757,Los Angeles County (South Central)--Compton City & West Rancho Dominquez PUMA,SPA 6,DISTRICT 2,39975504.1796875,33927.824280804
1815,06037543304,2158,1915,10,243,0,10,0.5,Carson,Carson,03762,Los Angeles County (South Central)--Carson City PUMA,SPA 8,DISTRICT 2,17370865.6171875,16698.7764827002
1816,06037543305,1161,977,30,184,0,30,2.6,Unincorporated - Rancho Dominguez,Unincorporated,03757,Los Angeles County (South Central)--Compton City & West Rancho Dominquez PUMA,SPA 8,DISTRICT 2,89969934.7373047,38045.172954092
1817,06037543306,1876,1582,76,294,46,122,6.5,Carson,Carson,03762,Los Angeles County (South Central)--Carson City PUMA,SPA 8,DISTRICT 2,38407923.4003906,28590.5298883178
1818,06037543321,2068,1730,46,338,0,46,2.2,Carson,Carson,03762,Los Angeles County (South Central)--Carson City PUMA,SPA 8,DISTRICT 2,45632967.5800781,29976.3935669922
1819,06037543322,2137,1929,17,208,0,17,0.8,Carson,Carson,03762,Los Angeles County (South Central)--Carson City PUMA,SPA 8,DISTRICT 2,21166275.0507812,18208.2059437902
1820,06037543400,969,879,97,90,0,97,10,Carson,Carson,03762,Los Angeles County (South Central)--Carson City PUMA,SPA 8,DISTRICT 2,33472344.5888672,26965.5052640128
1821,06037543501,1964,1033,47,931,102,149,7.6,Carson,Carson,03762,Los Angeles County (South Central)--Carson City PUMA,SPA 8,DISTRICT 2,28824134.5732422,34341.0564385031
1822,06037543502,1765,1282,69,483,147,216,12.2,Unincorporated - West Carson,Unincorporated,03762,Los Angeles County (South Central)--Carson City PUMA,SPA 8,DISTRICT 2,11909769.0839844,15723.5716949578
1823,06037543503,1997,1185,12,812,56,68,3.4,Unincorporated - West Carson,Unincorporated,03762,Los Angeles County (South Central)--Carson City PUMA,SPA 8,DISTRICT 2,18216791.5478516,20058.5647397055
1824,06037543601,1083,729,45,354,121,166,15.3,Carson,Carson,03762,Los Angeles County (South Central)--Carson City PUMA,SPA 8,DISTRICT 2,6967566.42382812,10900.0581923079
1825,06037543603,1521,1256,0,265,0,0,0,Unincorporated - West Carson,Unincorporated,03762,Los Angeles County (South Central)--Carson City PUMA,SPA 8,DISTRICT 2,15998252.546875,17182.3380583746
1826,06037543605,1580,1218,112,362,43,155,9.8,Unincorporated - West Carson,Unincorporated,03762,Los Angeles County (South Central)--Carson City PUMA,SPA 8,DISTRICT 2,10286319.0048828,13161.4707634241
1827,06037543606,1366,875,43,491,121,164,12,Unincorporated - West Carson,Unincorporated,03762,Los Angeles County (South Central)--Carson City PUMA,SPA 8,DISTRICT 2,7224770.47167969,11223.0769774948
1828,06037543607,1373,1244,48,129,0,48,3.5,Carson,Carson,03762,Los Angeles County (South Central)--Carson City PUMA,SPA 8,DISTRICT 2,14282157.1289062,14957.1427864487
1829,06037543701,744,647,60,97,29,89,12,Carson,Carson,03762,Los Angeles County (South Central)--Carson City PUMA,SPA 8,DISTRICT 2,6837434.15234375,11135.5646357492
1830,06037543703,1143,809,53,334,36,89,7.8,Carson,Carson,03762,Los Angeles County (South Central)--Carson City PUMA,SPA 8,DISTRICT 2,11157657.9589844,13578.432452303
1831,06037543704,866,536,39,330,105,144,16.6,Carson,Carson,03762,Los Angeles County (South Central)--Carson City PUMA,SPA 8,DISTRICT 2,7104672.13183594,15020.8712619695
1832,06037543705,983,610,54,373,7,61,6.2,Carson,Carson,03762,Los Angeles County (South Central)--Carson City PUMA,SPA 8,DISTRICT 2,7062565.53613281,10481.9496933636
1833,06037543801,1373,984,81,389,46,127,9.2,Carson,Carson,03762,Los Angeles County (South Central)--Carson City PUMA,SPA 8,DISTRICT 2,23631411.1279297,22464.8037832549
1834,06037543803,1647,1011,66,636,123,189,11.5,Carson,Carson,03762,Los Angeles County (South Central)--Carson City PUMA,SPA 8,DISTRICT 2,8248972.31835938,15335.0860102249
1835,06037543804,911,543,170,368,113,283,31.1,Carson,Carson,03762,Los Angeles County (South Central)--Carson City PUMA,SPA 8,DISTRICT 2,6369867.00097656,12702.9170169465
1836,06037543903,1081,783,109,298,0,109,10.1,Carson,Carson,03762,Los Angeles County (South Central)--Carson City PUMA,SPA 8,DISTRICT 2,14631758.6494141,21536.4714917608
1837,06037543905,1092,429,20,663,228,248,22.7,Carson,Carson,03762,Los Angeles County (South Central)--Carson City PUMA,SPA 8,DISTRICT 2,29543384.03125,24229.7132475715
1838,06037544001,1247,1009,63,238,49,112,9,Carson,Carson,03762,Los Angeles County (South Central)--Carson City PUMA,SPA 8,DISTRICT 2,20138062.5751953,19575.0601053676
1839,06037544002,860,645,140,215,51,191,22.2,Long Beach,Long Beach,03762,Los Angeles County (South Central)--Carson City PUMA,SPA 8,DISTRICT 4,17212050.7363281,20959.9424609746
1840,06037550101,999,883,100,116,0,100,10,Norwalk,Norwalk,03781,Los Angeles County (Southeast)--Norwalk City PUMA,SPA 7,DISTRICT 4,7818199.0546875,11103.1979854963
1841,06037550201,798,495,36,303,70,106,13.3,Norwalk,Norwalk,03781,Los Angeles County (Southeast)--Norwalk City PUMA,SPA 7,DISTRICT 4,5755861.37597656,11728.8485561557
1842,06037550202,1421,1150,152,271,35,187,13.2,Norwalk,Norwalk,03781,Los Angeles County (Southeast)--Norwalk City PUMA,SPA 7,DISTRICT 4,13611351.3789062,16658.1845099719
1843,06037550301,1084,712,162,372,28,190,17.5,Norwalk,Norwalk,03781,Los Angeles County (Southeast)--Norwalk City PUMA,SPA 7,DISTRICT 4,17815262.9921875,17507.7759013879
1844,06037550501,1105,607,43,498,128,171,15.5,Downey,Downey,03753,Los Angeles County (South)--Downey City PUMA,SPA 7,DISTRICT 4,9749230.35839844,17027.4580687412
1845,06037550502,1301,1034,106,267,0,106,8.1,Downey,Downey,03753,Los Angeles County (South)--Downey City PUMA,SPA 7,DISTRICT 4,19080546.9326172,19097.6566421525
1846,06037550601,1934,973,42,961,172,214,11.1,Downey,Downey,03753,Los Angeles County (South)--Downey City PUMA,SPA 7,DISTRICT 4,12596780.2363281,14540.8578308815
1847,06037550602,1181,893,74,288,38,112,9.5,Downey,Downey,03753,Los Angeles County (South)--Downey City PUMA,SPA 7,DISTRICT 4,15893626.8740234,16652.779548604
1848,06037550700,2069,1517,33,552,126,159,7.7,Downey,Downey,03753,Los Angeles County (South)--Downey City PUMA,SPA 7,DISTRICT 4,24035242.4726562,22001.5463771217
1849,06037550801,1620,1022,30,598,109,139,8.6,Downey,Downey,03753,Los Angeles County (South)--Downey City PUMA,SPA 7,DISTRICT 4,17146321.7753906,17067.4951982722
1850,06037550802,611,307,34,304,37,71,11.6,Downey,Downey,03753,Los Angeles County (South)--Downey City PUMA,SPA 7,DISTRICT 4,14091571.1376953,16670.5377211075
1851,06037550901,1390,250,36,1140,276,312,22.4,Downey,Downey,03753,Los Angeles County (South)--Downey City PUMA,SPA 7,DISTRICT 4,12121798.1503906,14921.4004439494
1852,06037550902,1916,581,20,1335,143,163,8.5,Downey,Downey,03753,Los Angeles County (South)--Downey City PUMA,SPA 7,DISTRICT 4,10390985.2373047,13985.5806497737
1853,06037551001,952,686,34,266,49,83,8.7,Downey,Downey,03753,Los Angeles County (South)--Downey City PUMA,SPA 7,DISTRICT 4,15527774.0039062,20599.1277304209
1854,06037551002,1420,1029,84,391,41,125,8.8,Downey,Downey,03753,Los Angeles County (South)--Downey City PUMA,SPA 7,DISTRICT 4,10400273.7705078,14558.6672584912
1855,06037551101,1266,541,33,725,212,245,19.4,Downey,Downey,03753,Los Angeles County (South)--Downey City PUMA,SPA 7,DISTRICT 4,18152540.8554688,22001.5059154209
1856,06037551102,1880,110,0,1770,445,445,23.7,Downey,Downey,03753,Los Angeles County (South)--Downey City PUMA,SPA 7,DISTRICT 4,18194925.4042969,20639.3371726095
1857,06037551201,1218,636,25,582,73,98,8,Downey,Downey,03753,Los Angeles County (South)--Downey City PUMA,SPA 7,DISTRICT 4,8496805.27929688,12889.5981020461
1858,06037551203,1116,723,9,393,0,9,0.8,Downey,Downey,03753,Los Angeles County (South)--Downey City PUMA,SPA 7,DISTRICT 4,7753495.31445312,12019.4854598293
1859,06037551204,1110,478,72,632,55,127,11.4,Downey,Downey,03753,Los Angeles County (South)--Downey City PUMA,SPA 7,DISTRICT 4,7325265.8515625,12366.3274923684
1860,06037551300,1766,312,29,1454,274,303,17.2,Downey,Downey,03753,Los Angeles County (South)--Downey City PUMA,SPA 7,DISTRICT 4,16481209.875,16608.3800964862
1861,06037551401,1317,585,52,732,254,306,23.2,Downey,Downey,03753,Los Angeles County (South)--Downey City PUMA,SPA 7,DISTRICT 4,7804675.79882812,11613.924770064
1862,06037551402,1458,920,33,538,52,85,5.8,Downey,Downey,03753,Los Angeles County (South)--Downey City PUMA,SPA 7,DISTRICT 4,12412820.6943359,13869.8914209683
1863,06037551501,1443,741,14,702,177,191,13.2,Downey,Downey,03753,Los Angeles County (South)--Downey City PUMA,SPA 7,DISTRICT 4,15877665.6552734,18161.3656766945
1864,06037551502,1419,743,13,676,49,62,4.4,Downey,Downey,03753,Los Angeles County (South)--Downey City PUMA,SPA 7,DISTRICT 4,11892216.3115234,18153.4953554789
1865,06037551700,1721,1124,87,597,144,231,13.4,Downey,Downey,03753,Los Angeles County (South)--Downey City PUMA,SPA 7,DISTRICT 4,13959418.7177734,15819.1230693668
1866,06037551801,962,535,46,427,33,79,8.2,Downey,Downey,03753,Los Angeles County (South)--Downey City PUMA,SPA 7,DISTRICT 4,12238810.8164062,14488.7666569728
1867,06037551802,1359,558,50,801,87,137,10.1,Downey,Downey,03753,Los Angeles County (South)--Downey City PUMA,SPA 7,DISTRICT 4,11747593.3837891,14351.1979340169
1868,06037551900,1430,1273,108,157,52,160,11.2,Norwalk,Norwalk,03781,Los Angeles County (Southeast)--Norwalk City PUMA,SPA 7,DISTRICT 4,16934967.5449219,17229.38532431
1869,06037552001,1035,828,137,207,29,166,16,Norwalk,Norwalk,03781,Los Angeles County (Southeast)--Norwalk City PUMA,SPA 7,DISTRICT 4,8648822.57128906,12379.1941664018
1870,06037552002,998,477,50,521,58,108,10.8,Norwalk,Norwalk,03781,Los Angeles County (Southeast)--Norwalk City PUMA,SPA 7,DISTRICT 4,7605827.35449219,11545.8559626146
1871,06037552100,1834,1071,138,763,120,258,14.1,Norwalk,Norwalk,03781,Los Angeles County (Southeast)--Norwalk City PUMA,SPA 7,DISTRICT 4,15708866.9267578,17478.7588027392
1872,06037552200,1679,378,70,1301,385,455,27.1,Norwalk,Norwalk,03781,Los Angeles County (Southeast)--Norwalk City PUMA,SPA 7,DISTRICT 4,18173530.6298828,22277.7486387553
1873,06037552301,1223,949,63,274,67,130,10.6,Norwalk,Norwalk,03781,Los Angeles County (Southeast)--Norwalk City PUMA,SPA 7,DISTRICT 4,13588940.6992188,16791.4849093879
1874,06037552302,1362,743,168,619,74,242,17.8,Norwalk,Norwalk,03781,Los Angeles County (Southeast)--Norwalk City PUMA,SPA 7,DISTRICT 4,10335525.5332031,14397.4002546964
1875,06037552400,550,501,67,49,7,74,13.5,Norwalk,Norwalk,03781,Los Angeles County (Southeast)--Norwalk City PUMA,SPA 7,DISTRICT 4,10037324.7832031,15552.8558675138
1876,06037552601,1141,865,243,276,84,327,28.7,Norwalk,Norwalk,03781,Los Angeles County (Southeast)--Norwalk City PUMA,SPA 7,DISTRICT 4,7673172.234375,11093.496638949
1877,06037552602,1022,519,86,503,128,214,20.9,Norwalk,Norwalk,03781,Los Angeles County (Southeast)--Norwalk City PUMA,SPA 7,DISTRICT 4,14735022.5048828,16483.2014831522
1878,06037552700,1670,1225,183,445,34,217,13,Norwalk,Norwalk,03781,Los Angeles County (Southeast)--Norwalk City PUMA,SPA 7,DISTRICT 4,14794149.6347656,16500.006221649
1879,06037552800,1676,1191,41,485,121,162,9.7,Norwalk,Norwalk,03781,Los Angeles County (Southeast)--Norwalk City PUMA,SPA 7,DISTRICT 4,13937578.4492188,15858.6451890438
1880,06037552900,2001,1098,155,903,172,327,16.3,Norwalk,Norwalk,03781,Los Angeles County (Southeast)--Norwalk City PUMA,SPA 7,DISTRICT 4,14079340.3222656,15981.5307883955
1881,06037553000,1138,1030,135,108,0,135,11.9,Norwalk,Norwalk,03781,Los Angeles County (Southeast)--Norwalk City PUMA,SPA 7,DISTRICT 4,13494558.4052734,15927.2657110213
1882,06037553100,1893,977,75,916,107,182,9.6,Bellflower,Bellflower,03782,Los Angeles County (Southeast)--Bellflower & Paramount Cities PUMA,SPA 7,DISTRICT 4,22287968.7851562,22724.0861203858
1883,06037553201,986,569,43,417,64,107,10.9,Bellflower,Bellflower,03782,Los Angeles County (Southeast)--Bellflower & Paramount Cities PUMA,SPA 7,DISTRICT 4,11186704.4248047,15523.0545264656
1884,06037553202,925,595,79,330,0,79,8.5,Bellflower,Bellflower,03782,Los Angeles County (Southeast)--Bellflower & Paramount Cities PUMA,SPA 7,DISTRICT 4,9431591.15039062,12631.927343698
1885,06037553300,956,748,89,208,42,131,13.7,Bellflower,Bellflower,03782,Los Angeles County (Southeast)--Bellflower & Paramount Cities PUMA,SPA 7,DISTRICT 4,9090112.74023438,14173.5220782149
1886,06037553400,992,572,60,420,131,191,19.3,Downey,Downey,03753,Los Angeles County (South)--Downey City PUMA,SPA 7,DISTRICT 4,7852254.74511719,11691.4309561955
1887,06037553502,1253,583,84,670,40,124,9.9,Paramount,Paramount,03782,Los Angeles County (Southeast)--Bellflower & Paramount Cities PUMA,SPA 6,DISTRICT 4,13673189.0546875,15405.2129541611
1888,06037553503,825,278,33,547,142,175,21.2,Paramount,Paramount,03782,Los Angeles County (Southeast)--Bellflower & Paramount Cities PUMA,SPA 6,DISTRICT 4,4503510.62988281,9348.03152715743
1889,06037553504,1335,879,184,456,81,265,19.9,Paramount,Paramount,03782,Los Angeles County (Southeast)--Bellflower & Paramount Cities PUMA,SPA 6,DISTRICT 4,6870021.6953125,13764.8721687401
1890,06037553601,1306,545,112,761,254,366,28,Paramount,Paramount,03782,Los Angeles County (Southeast)--Bellflower & Paramount Cities PUMA,SPA 6,DISTRICT 4,23441961.2109375,27650.2910382544
1891,06037553602,1383,479,171,904,117,288,20.8,Paramount,Paramount,03782,Los Angeles County (Southeast)--Bellflower & Paramount Cities PUMA,SPA 6,DISTRICT 4,6520517.125,10709.9191398342
1892,06037553701,940,392,65,548,159,224,23.8,Paramount,Paramount,03782,Los Angeles County (Southeast)--Bellflower & Paramount Cities PUMA,SPA 6,DISTRICT 4,11898700.6542969,18685.3341685765
1893,06037553702,1254,661,105,593,137,242,19.3,Paramount,Paramount,03782,Los Angeles County (Southeast)--Bellflower & Paramount Cities PUMA,SPA 6,DISTRICT 4,9972913.51269531,18859.8889800147
1894,06037553801,1017,280,41,737,256,297,29.2,Paramount,Paramount,03782,Los Angeles County (Southeast)--Bellflower & Paramount Cities PUMA,SPA 6,DISTRICT 4,13961472.2265625,15835.9348811015
1895,06037553802,2091,984,116,1107,242,358,17.1,Paramount,Paramount,03782,Los Angeles County (Southeast)--Bellflower & Paramount Cities PUMA,SPA 6,DISTRICT 4,18864665.2636719,24007.2123877607
1896,06037553901,1595,720,163,875,279,442,27.7,Paramount,Paramount,03782,Los Angeles County (Southeast)--Bellflower & Paramount Cities PUMA,SPA 6,DISTRICT 4,13759871.9609375,15765.0549120123
1897,06037553902,1619,479,129,1140,314,443,27.4,Paramount,Paramount,03782,Los Angeles County (Southeast)--Bellflower & Paramount Cities PUMA,SPA 6,DISTRICT 4,11315060.3681641,14603.5589204876
1898,06037554001,1287,773,92,514,92,184,14.3,Bellflower,Bellflower,03782,Los Angeles County (Southeast)--Bellflower & Paramount Cities PUMA,SPA 7,DISTRICT 4,11657326.2851562,16104.9409112563
1899,06037554002,1709,663,58,1046,271,329,19.3,Bellflower,Bellflower,03782,Los Angeles County (Southeast)--Bellflower & Paramount Cities PUMA,SPA 7,DISTRICT 4,13695929.4492188,20504.2044730565
1900,06037554101,953,217,77,736,255,332,34.8,Bellflower,Bellflower,03782,Los Angeles County (Southeast)--Bellflower & Paramount Cities PUMA,SPA 7,DISTRICT 4,5100500.07324219,12581.2068138966
1901,06037554105,1502,142,12,1360,224,236,15.7,Bellflower,Bellflower,03782,Los Angeles County (Southeast)--Bellflower & Paramount Cities PUMA,SPA 7,DISTRICT 4,3628730.85351562,10098.7572735691
1902,06037554106,1268,586,17,682,227,244,19.2,Bellflower,Bellflower,03782,Los Angeles County (Southeast)--Bellflower & Paramount Cities PUMA,SPA 7,DISTRICT 4,7898840.37890625,14101.9033131759
1903,06037554201,1068,699,51,369,58,109,10.2,Bellflower,Bellflower,03782,Los Angeles County (Southeast)--Bellflower & Paramount Cities PUMA,SPA 7,DISTRICT 4,10424333.1826172,13180.8723520647
1904,06037554203,1218,366,29,852,120,149,12.2,Bellflower,Bellflower,03782,Los Angeles County (Southeast)--Bellflower & Paramount Cities PUMA,SPA 7,DISTRICT 4,7401619.6953125,13779.6104259048
1905,06037554204,1794,292,66,1502,284,350,19.5,Bellflower,Bellflower,03782,Los Angeles County (Southeast)--Bellflower & Paramount Cities PUMA,SPA 7,DISTRICT 4,7084511.23730469,12958.75721872
1906,06037554301,1017,483,83,534,121,204,20.1,Bellflower,Bellflower,03782,Los Angeles County (Southeast)--Bellflower & Paramount Cities PUMA,SPA 7,DISTRICT 4,7332259.46386719,14098.21234104
1907,06037554302,1082,247,29,835,317,346,32,Bellflower,Bellflower,03782,Los Angeles County (Southeast)--Bellflower & Paramount Cities PUMA,SPA 7,DISTRICT 4,7734230.66601562,11110.4566855902
1908,06037554403,1741,509,170,1232,261,431,24.8,Bellflower,Bellflower,03782,Los Angeles County (Southeast)--Bellflower & Paramount Cities PUMA,SPA 7,DISTRICT 4,9056521.17871094,12172.3607810263
1909,06037554404,1314,326,25,988,179,204,15.5,Bellflower,Bellflower,03782,Los Angeles County (Southeast)--Bellflower & Paramount Cities PUMA,SPA 7,DISTRICT 4,9055739.19824219,12142.0187067549
1910,06037554405,1472,284,19,1188,314,333,22.6,Bellflower,Bellflower,03782,Los Angeles County (Southeast)--Bellflower & Paramount Cities PUMA,SPA 7,DISTRICT 4,8244024.6015625,11663.7488725639
1911,06037554406,1617,876,77,741,154,231,14.3,Bellflower,Bellflower,03782,Los Angeles County (Southeast)--Bellflower & Paramount Cities PUMA,SPA 7,DISTRICT 4,11843679.546875,15824.0255537357
1912,06037554511,1159,821,64,338,12,76,6.6,Cerritos,Cerritos,03764,"Los Angeles County (South)--Lakewood, Cerritos, Artesia & Hawaiian Gardens Cities PUMA",SPA 7,DISTRICT 4,25500514.2636719,19924.5613311941
1913,06037554512,2308,1571,14,737,170,184,8,Cerritos,Cerritos,03764,"Los Angeles County (South)--Lakewood, Cerritos, Artesia & Hawaiian Gardens Cities PUMA",SPA 7,DISTRICT 4,41280737.8779297,26483.494017629
1914,06037554513,832,656,11,176,5,16,1.9,Cerritos,Cerritos,03764,"Los Angeles County (South)--Lakewood, Cerritos, Artesia & Hawaiian Gardens Cities PUMA",SPA 7,DISTRICT 4,6098748.85742188,10454.3532214895
1915,06037554514,1615,1092,50,523,0,50,3.1,Cerritos,Cerritos,03764,"Los Angeles County (South)--Lakewood, Cerritos, Artesia & Hawaiian Gardens Cities PUMA",SPA 7,DISTRICT 4,16176308.0126953,21347.0525356342
1916,06037554515,1183,1062,87,121,0,87,7.4,Cerritos,Cerritos,03764,"Los Angeles County (South)--Lakewood, Cerritos, Artesia & Hawaiian Gardens Cities PUMA",SPA 7,DISTRICT 4,12851972.1455078,15770.7886585187
1917,06037554516,1244,1018,4,226,37,41,3.3,Cerritos,Cerritos,03764,"Los Angeles County (South)--Lakewood, Cerritos, Artesia & Hawaiian Gardens Cities PUMA",SPA 7,DISTRICT 4,15556549.7421875,21274.2800581144
1918,06037554517,1429,892,14,537,125,139,9.7,Cerritos,Cerritos,03764,"Los Angeles County (South)--Lakewood, Cerritos, Artesia & Hawaiian Gardens Cities PUMA",SPA 7,DISTRICT 4,14217704.953125,15905.1010797349
1919,06037554518,1589,1280,6,309,0,6,0.4,Cerritos,Cerritos,03764,"Los Angeles County (South)--Lakewood, Cerritos, Artesia & Hawaiian Gardens Cities PUMA",SPA 7,DISTRICT 4,19389069.2939453,21218.4341483594
1920,06037554519,1190,1064,21,126,10,31,2.6,Cerritos,Cerritos,03764,"Los Angeles County (South)--Lakewood, Cerritos, Artesia & Hawaiian Gardens Cities PUMA",SPA 7,DISTRICT 4,18666982.8886719,19500.8861609202
1921,06037554521,1981,1454,9,527,72,81,4.1,Cerritos,Cerritos,03764,"Los Angeles County (South)--Lakewood, Cerritos, Artesia & Hawaiian Gardens Cities PUMA",SPA 7,DISTRICT 4,53549936.2509766,37600.6562403813
1922,06037554522,1535,1283,43,252,0,43,2.8,Cerritos,Cerritos,03764,"Los Angeles County (South)--Lakewood, Cerritos, Artesia & Hawaiian Gardens Cities PUMA",SPA 7,DISTRICT 4,23495119.9580078,20677.8979006102
1923,06037554600,1274,734,13,540,69,82,6.4,Norwalk,Norwalk,03781,Los Angeles County (Southeast)--Norwalk City PUMA,SPA 7,DISTRICT 4,11352729.3798828,14455.3572507529
1924,06037554700,978,830,163,148,65,228,23.3,Norwalk,Norwalk,03781,Los Angeles County (Southeast)--Norwalk City PUMA,SPA 7,DISTRICT 4,8629383.92578125,13793.141414426
1925,06037554801,771,519,65,252,100,165,21.4,Artesia,Artesia,03764,"Los Angeles County (South)--Lakewood, Cerritos, Artesia & Hawaiian Gardens Cities PUMA",SPA 7,DISTRICT 4,9697564.45996094,14814.529660868
1926,06037554802,1814,985,7,829,208,215,11.9,Artesia,Artesia,03764,"Los Angeles County (South)--Lakewood, Cerritos, Artesia & Hawaiian Gardens Cities PUMA",SPA 7,DISTRICT 4,16564814.1855469,19053.2780114449
1927,06037554900,1928,731,83,1197,206,289,15,Artesia,Artesia,03764,"Los Angeles County (South)--Lakewood, Cerritos, Artesia & Hawaiian Gardens Cities PUMA",SPA 7,DISTRICT 4,18985546.671875,24614.4687807423
1928,06037555001,1582,893,48,689,162,210,13.3,Lakewood,Lakewood,03764,"Los Angeles County (South)--Lakewood, Cerritos, Artesia & Hawaiian Gardens Cities PUMA",SPA 7,DISTRICT 4,13975558.8798828,17304.6067164341
1929,06037555002,1233,427,23,806,152,175,14.2,Lakewood,Lakewood,03764,"Los Angeles County (South)--Lakewood, Cerritos, Artesia & Hawaiian Gardens Cities PUMA",SPA 7,DISTRICT 4,9811618.82324219,12787.4608189548
1930,06037555105,1759,679,133,1080,54,187,10.6,Lakewood,Lakewood,03764,"Los Angeles County (South)--Lakewood, Cerritos, Artesia & Hawaiian Gardens Cities PUMA",SPA 7,DISTRICT 4,11763028.8085938,18262.135466574
1931,06037555106,999,423,41,576,124,165,16.5,Hawaiian Gardens,Hawaiian Gardens,03764,"Los Angeles County (South)--Lakewood, Cerritos, Artesia & Hawaiian Gardens Cities PUMA",SPA 7,DISTRICT 4,9736137.25976562,14053.189373752
1932,06037555107,1868,1126,62,742,67,129,6.9,Lakewood,Lakewood,03764,"Los Angeles County (South)--Lakewood, Cerritos, Artesia & Hawaiian Gardens Cities PUMA",SPA 7,DISTRICT 4,13575960.6738281,17906.1684231437
1933,06037555202,1129,1023,0,106,10,10,0.9,Long Beach,Long Beach,03779,Los Angeles County (Southeast)--Long Beach City (East) PUMA,SPA 8,DISTRICT 4,11902380.2285156,17416.1814866222
1934,06037555211,1482,563,159,919,510,669,45.1,Hawaiian Gardens,Hawaiian Gardens,03764,"Los Angeles County (South)--Lakewood, Cerritos, Artesia & Hawaiian Gardens Cities PUMA",SPA 7,DISTRICT 4,8549874.23632812,11616.2305727462
1935,06037555212,1467,744,37,723,270,307,20.9,Hawaiian Gardens,Hawaiian Gardens,03764,"Los Angeles County (South)--Lakewood, Cerritos, Artesia & Hawaiian Gardens Cities PUMA",SPA 7,DISTRICT 4,8703774.92773438,14023.6769040054
1936,06037555300,1063,874,84,189,30,114,10.7,Norwalk,Norwalk,03781,Los Angeles County (Southeast)--Norwalk City PUMA,SPA 7,DISTRICT 4,18403438.4160156,20436.8098674796
1937,06037570001,1534,1275,164,259,62,226,14.7,Lakewood,Lakewood,03764,"Los Angeles County (South)--Lakewood, Cerritos, Artesia & Hawaiian Gardens Cities PUMA",SPA 7,DISTRICT 4,16454205.2998047,17390.5315143987
1938,06037570002,845,721,42,124,27,69,8.2,Lakewood,Lakewood,03764,"Los Angeles County (South)--Lakewood, Cerritos, Artesia & Hawaiian Gardens Cities PUMA",SPA 7,DISTRICT 4,8380503.66503906,11629.3937586709
1939,06037570003,1310,1180,50,130,0,50,3.8,Lakewood,Lakewood,03764,"Los Angeles County (South)--Lakewood, Cerritos, Artesia & Hawaiian Gardens Cities PUMA",SPA 7,DISTRICT 4,12398805.8261719,14132.8966209043
1940,06037570100,739,598,34,141,28,62,8.4,Long Beach,Long Beach,03763,Los Angeles County (South Central)--Long Beach City (North) PUMA,SPA 8,DISTRICT 4,12358374.4638672,14403.6368310252
1941,06037570202,1715,951,141,764,124,265,15.5,Long Beach,Long Beach,03763,Los Angeles County (South Central)--Long Beach City (North) PUMA,SPA 8,DISTRICT 4,18058455.671875,18978.5003601353
1942,06037570203,1251,255,25,996,219,244,19.5,Long Beach,Long Beach,03763,Los Angeles County (South Central)--Long Beach City (North) PUMA,SPA 8,DISTRICT 4,14016606.1259766,15892.4273199707
1943,06037570204,1302,445,56,857,101,157,12.1,Long Beach,Long Beach,03763,Los Angeles County (South Central)--Long Beach City (North) PUMA,SPA 8,DISTRICT 4,5895196.68066406,9702.90064936707
1944,06037570303,1273,463,42,810,279,321,25.2,Long Beach,Long Beach,03763,Los Angeles County (South Central)--Long Beach City (North) PUMA,SPA 8,DISTRICT 4,6681900.04589844,11363.1472347818
1945,06037570304,1578,424,75,1154,205,280,17.7,Long Beach,Long Beach,03763,Los Angeles County (South Central)--Long Beach City (North) PUMA,SPA 8,DISTRICT 4,6069233.80078125,13645.9215452024
1946,06037570305,1643,540,75,1103,227,302,18.4,Long Beach,Long Beach,03763,Los Angeles County (South Central)--Long Beach City (North) PUMA,SPA 8,DISTRICT 4,7893591.33691406,17570.9406971421
1947,06037570306,885,570,121,315,93,214,24.2,Long Beach,Long Beach,03763,Los Angeles County (South Central)--Long Beach City (North) PUMA,SPA 8,DISTRICT 4,5011470.08203125,8775.15068892616
1948,06037570402,968,801,64,167,61,125,12.9,Long Beach,Long Beach,03763,Los Angeles County (South Central)--Long Beach City (North) PUMA,SPA 8,DISTRICT 4,16425147.4521484,20070.4021177572
1949,06037570403,1069,344,55,725,275,330,30.9,Long Beach,Long Beach,03763,Los Angeles County (South Central)--Long Beach City (North) PUMA,SPA 8,DISTRICT 4,6226967.90625,10000.5589403002
1950,06037570404,911,642,95,269,74,169,18.6,Long Beach,Long Beach,03763,Los Angeles County (South Central)--Long Beach City (North) PUMA,SPA 8,DISTRICT 4,9204281.64550781,15535.9765466816
1951,06037570502,1926,829,104,1097,201,305,15.8,Long Beach,Long Beach,03763,Los Angeles County (South Central)--Long Beach City (North) PUMA,SPA 8,DISTRICT 4,21508825.9365234,19952.4404768509
1952,06037570503,1144,658,135,486,94,229,20,Long Beach,Long Beach,03763,Los Angeles County (South Central)--Long Beach City (North) PUMA,SPA 8,DISTRICT 4,5800123.74316406,9875.54615210485
1953,06037570504,945,697,53,248,10,63,6.7,Long Beach,Long Beach,03763,Los Angeles County (South Central)--Long Beach City (North) PUMA,SPA 8,DISTRICT 4,10190343.6875,12936.6497181447
1954,06037570601,1651,677,203,974,229,432,26.2,Long Beach,Long Beach,03763,Los Angeles County (South Central)--Long Beach City (North) PUMA,SPA 8,DISTRICT 4,8491115.5703125,12281.3677432251
1955,06037570602,1694,923,76,771,245,321,18.9,Long Beach,Long Beach,03763,Los Angeles County (South Central)--Long Beach City (North) PUMA,SPA 8,DISTRICT 4,11241360.40625,14070.5753981329
1956,06037570603,1681,291,51,1390,170,221,13.1,Long Beach,Long Beach,03763,Los Angeles County (South Central)--Long Beach City (North) PUMA,SPA 8,DISTRICT 4,7901895.5,12102.8010645783
1957,06037570701,2534,1221,115,1313,46,161,6.4,Lakewood,Lakewood,03764,"Los Angeles County (South)--Lakewood, Cerritos, Artesia & Hawaiian Gardens Cities PUMA",SPA 7,DISTRICT 4,19138422.6103516,21017.4330263299
1958,06037570703,940,809,25,131,4,29,3.1,Lakewood,Lakewood,03764,"Los Angeles County (South)--Lakewood, Cerritos, Artesia & Hawaiian Gardens Cities PUMA",SPA 7,DISTRICT 4,9977953.37792969,13305.0057556837
1959,06037570800,1677,1367,137,310,14,151,9,Lakewood,Lakewood,03764,"Los Angeles County (South)--Lakewood, Cerritos, Artesia & Hawaiian Gardens Cities PUMA",SPA 7,DISTRICT 4,25691792.8037109,20294.7031894019
1960,06037570901,1812,1695,36,117,7,43,2.4,Lakewood,Lakewood,03764,"Los Angeles County (South)--Lakewood, Cerritos, Artesia & Hawaiian Gardens Cities PUMA",SPA 7,DISTRICT 4,19514798.2050781,18354.7600556846
1961,06037570902,1165,904,0,261,17,17,1.5,Lakewood,Lakewood,03764,"Los Angeles County (South)--Lakewood, Cerritos, Artesia & Hawaiian Gardens Cities PUMA",SPA 7,DISTRICT 4,11370491.7138672,14163.4617637917
1962,06037571000,1861,1610,27,251,0,27,1.5,Lakewood,Lakewood,03764,"Los Angeles County (South)--Lakewood, Cerritos, Artesia & Hawaiian Gardens Cities PUMA",SPA 7,DISTRICT 4,18914712.7255859,17770.6698022622
1963,06037571101,1680,1416,86,264,0,86,5.1,Lakewood,Lakewood,03764,"Los Angeles County (South)--Lakewood, Cerritos, Artesia & Hawaiian Gardens Cities PUMA",SPA 7,DISTRICT 4,14259480.1494141,15899.8718300361
1964,06037571102,1169,958,18,211,14,32,2.7,Lakewood,Lakewood,03764,"Los Angeles County (South)--Lakewood, Cerritos, Artesia & Hawaiian Gardens Cities PUMA",SPA 7,DISTRICT 4,13536852.1162109,15649.4224520018
1965,06037571201,1434,989,12,445,13,25,1.7,Long Beach,Long Beach,03779,Los Angeles County (Southeast)--Long Beach City (East) PUMA,SPA 8,DISTRICT 4,14063803.6777344,15897.9265820529
1966,06037571202,1528,731,13,797,33,46,3,Long Beach,Long Beach,03779,Los Angeles County (Southeast)--Long Beach City (East) PUMA,SPA 8,DISTRICT 4,14148754.1621094,15977.5361877088
1967,06037571300,1553,1340,51,213,23,74,4.8,Lakewood,Lakewood,03764,"Los Angeles County (South)--Lakewood, Cerritos, Artesia & Hawaiian Gardens Cities PUMA",SPA 7,DISTRICT 4,22459334.9199219,19109.3602798665
1968,06037571400,1726,1119,9,607,47,56,3.2,Lakewood,Lakewood,03764,"Los Angeles County (South)--Lakewood, Cerritos, Artesia & Hawaiian Gardens Cities PUMA",SPA 7,DISTRICT 4,20611105.8173828,24514.9113015526
1969,06037571502,1818,985,56,833,72,128,7,Long Beach,Long Beach,03763,Los Angeles County (South Central)--Long Beach City (North) PUMA,SPA 8,DISTRICT 4,14824506.1289062,16163.0812597169
1970,06037571504,2037,1195,74,842,105,179,8.8,Long Beach,Long Beach,03763,Los Angeles County (South Central)--Long Beach City (North) PUMA,SPA 8,DISTRICT 4,16269723.8261719,16683.7347701128
1971,06037571505,949,482,44,467,23,67,7.1,Long Beach,Long Beach,03763,Los Angeles County (South Central)--Long Beach City (North) PUMA,SPA 8,DISTRICT 4,7066522.97167969,11043.5163176356
1972,06037571600,850,21,0,829,54,54,6.4,Long Beach,Long Beach,03763,Los Angeles County (South Central)--Long Beach City (North) PUMA,SPA 8,DISTRICT 4,2948311.42675781,8703.10348335061
1973,06037571701,1727,631,114,1096,229,343,19.9,Long Beach,Long Beach,03763,Los Angeles County (South Central)--Long Beach City (North) PUMA,SPA 8,DISTRICT 4,20821347.0957031,24223.7658324964
1974,06037571703,1057,465,45,592,163,208,19.7,Long Beach,Long Beach,03763,Los Angeles County (South Central)--Long Beach City (North) PUMA,SPA 8,DISTRICT 4,4295856.25195312,9580.13708993855
1975,06037571704,1230,422,46,808,198,244,19.8,Long Beach,Long Beach,03763,Los Angeles County (South Central)--Long Beach City (North) PUMA,SPA 8,DISTRICT 4,5263808.99316406,10263.857830667
1976,06037571800,1192,796,0,396,30,30,2.5,Long Beach,Long Beach,03763,Los Angeles County (South Central)--Long Beach City (North) PUMA,SPA 8,DISTRICT 4,30561664.7158203,26490.2197649178
1977,06037571900,2355,1197,0,1158,110,110,4.7,Long Beach,Long Beach,03763,Los Angeles County (South Central)--Long Beach City (North) PUMA,SPA 8,DISTRICT 4,20779708.9960938,23717.2399379844
1978,06037572001,2290,1697,42,593,0,42,1.8,Long Beach,Long Beach,03763,Los Angeles County (South Central)--Long Beach City (North) PUMA,SPA 8,DISTRICT 4,18348777.9121094,18996.9663125007
1979,06037572201,1990,1310,155,680,165,320,16.1,Long Beach,Long Beach,03763,Los Angeles County (South Central)--Long Beach City (North) PUMA,SPA 8,DISTRICT 4,16763634.40625,17928.065278294
1980,06037572202,1046,601,37,445,51,88,8.4,Long Beach,Long Beach,03766,Los Angeles County (South)--Long Beach City (Southwest & Port) PUMA,SPA 8,DISTRICT 4,16717038.4462891,17967.6617798519
1981,06037572301,891,513,82,378,158,240,26.9,Long Beach,Long Beach,03763,Los Angeles County (South Central)--Long Beach City (North) PUMA,SPA 8,DISTRICT 4,8799360.41308594,19254.1930428989
1982,06037572500,1597,581,0,1016,76,76,4.8,Long Beach,Long Beach,03763,Los Angeles County (South Central)--Long Beach City (North) PUMA,SPA 8,DISTRICT 4,6318539.03417969,10645.7878943697
1983,06037572600,1208,1011,147,197,142,289,23.9,Long Beach,Long Beach,03766,Los Angeles County (South)--Long Beach City (Southwest & Port) PUMA,SPA 8,DISTRICT 4,13699208.7451172,15715.2520423085
1984,06037572700,1393,933,159,460,76,235,16.9,Long Beach,Long Beach,03766,Los Angeles County (South)--Long Beach City (Southwest & Port) PUMA,SPA 8,DISTRICT 4,11549073.5664062,14016.3693844302
1985,06037573002,1051,97,41,954,188,229,21.8,Long Beach,Long Beach,03766,Los Angeles County (South)--Long Beach City (Southwest & Port) PUMA,SPA 8,DISTRICT 4,3495553.54394531,7924.93044166016
1986,06037573003,628,334,13,294,15,28,4.5,Long Beach,Long Beach,03766,Los Angeles County (South)--Long Beach City (Southwest & Port) PUMA,SPA 8,DISTRICT 4,4866429.19433594,9043.39977668072
1987,06037573004,1602,184,1,1418,368,369,23,Long Beach,Long Beach,03766,Los Angeles County (South)--Long Beach City (Southwest & Port) PUMA,SPA 8,DISTRICT 4,4424158.15332031,8641.3418767529
1988,06037573101,1400,374,3,1026,176,179,12.8,Long Beach,Long Beach,03766,Los Angeles County (South)--Long Beach City (Southwest & Port) PUMA,SPA 8,DISTRICT 4,5668575.42285156,11221.3861744201
1989,06037573102,1033,572,31,461,99,130,12.6,Long Beach,Long Beach,03766,Los Angeles County (South)--Long Beach City (Southwest & Port) PUMA,SPA 8,DISTRICT 4,7161361.52148438,12334.9039326491
1990,06037573201,1171,288,106,883,244,350,29.9,Long Beach,Long Beach,03766,Los Angeles County (South)--Long Beach City (Southwest & Port) PUMA,SPA 8,DISTRICT 4,6477878.87890625,10359.9312743613
1991,06037573202,1728,616,100,1112,240,340,19.7,Long Beach,Long Beach,03766,Los Angeles County (South)--Long Beach City (Southwest & Port) PUMA,SPA 8,DISTRICT 4,6988080.9375,10572.6389618195
1992,06037573300,1010,265,5,745,214,219,21.7,Long Beach,Long Beach,03780,Los Angeles County (Southeast)--Long Beach (Central) & Signal Hill Cities PUMA,SPA 8,DISTRICT 4,8440429.48535156,13242.2132065024
1993,06037573401,464,254,21,210,0,21,4.5,Signal Hill,Signal Hill,03780,Los Angeles County (Southeast)--Long Beach (Central) & Signal Hill Cities PUMA,SPA 7,DISTRICT 4,11168910.7548828,18078.6530688941
1994,06037573402,2714,897,1,1817,134,135,5,Signal Hill,Signal Hill,03780,Los Angeles County (Southeast)--Long Beach (Central) & Signal Hill Cities PUMA,SPA 7,DISTRICT 4,31833260.4609375,33820.3873012693
1995,06037573403,1367,1134,0,233,2,2,0.1,Signal Hill,Signal Hill,03780,Los Angeles County (Southeast)--Long Beach (Central) & Signal Hill Cities PUMA,SPA 7,DISTRICT 4,18095701.2158203,26431.9450811949
1996,06037573601,2389,2214,0,175,0,0,0,Long Beach,Long Beach,03779,Los Angeles County (Southeast)--Long Beach City (East) PUMA,SPA 8,DISTRICT 4,40259338.609375,32341.8868682281
1997,06037573700,1715,1503,8,212,0,8,0.5,Long Beach,Long Beach,03779,Los Angeles County (Southeast)--Long Beach City (East) PUMA,SPA 8,DISTRICT 4,19563090.6328125,18414.0615535105
1998,06037573800,1515,1382,17,133,0,17,1.1,Long Beach,Long Beach,03779,Los Angeles County (Southeast)--Long Beach City (East) PUMA,SPA 8,DISTRICT 4,16512718.4169922,17842.74304216
1999,06037573902,939,860,18,79,0,18,1.9,Long Beach,Long Beach,03779,Los Angeles County (Southeast)--Long Beach City (East) PUMA,SPA 8,DISTRICT 4,7633489.14941406,13789.2827815635
2000,06037574000,2017,1817,20,200,0,20,1,Long Beach,Long Beach,03779,Los Angeles County (Southeast)--Long Beach City (East) PUMA,SPA 8,DISTRICT 4,19554814.1669922,19139.5566364339
2001,06037574100,1816,1425,0,391,0,0,0,Long Beach,Long Beach,03779,Los Angeles County (Southeast)--Long Beach City (East) PUMA,SPA 8,DISTRICT 4,19802235.4082031,20325.9955586711
2002,06037574201,1069,876,0,193,0,0,0,Long Beach,Long Beach,03779,Los Angeles County (Southeast)--Long Beach City (East) PUMA,SPA 8,DISTRICT 4,13932203.9775391,15839.1495462145
2003,06037574202,732,378,15,354,1,16,2.2,Long Beach,Long Beach,03780,Los Angeles County (Southeast)--Long Beach (Central) & Signal Hill Cities PUMA,SPA 8,DISTRICT 4,14496117.1855469,19906.6445973559
2004,06037574300,2211,1372,0,839,0,0,0,Long Beach,Long Beach,03779,Los Angeles County (Southeast)--Long Beach City (East) PUMA,SPA 8,DISTRICT 4,26792312.2626953,25085.1442985832
2005,06037574400,2022,1812,21,210,17,38,1.9,Long Beach,Long Beach,03779,Los Angeles County (Southeast)--Long Beach City (East) PUMA,SPA 8,DISTRICT 4,36727588.5146484,24306.8481769501
2006,06037574500,2354,2072,7,282,0,7,0.3,Long Beach,Long Beach,03779,Los Angeles County (Southeast)--Long Beach City (East) PUMA,SPA 8,DISTRICT 4,29368863.7539062,24937.1081330677
2007,06037574602,584,465,0,119,3,3,0.5,Long Beach,Long Beach,03779,Los Angeles County (Southeast)--Long Beach City (East) PUMA,SPA 8,DISTRICT 4,6336467.04199219,10039.3845353371
2008,06037574800,1576,902,1,674,32,33,2.1,Long Beach,Long Beach,03779,Los Angeles County (Southeast)--Long Beach City (East) PUMA,SPA 8,DISTRICT 4,11891276.4277344,15282.4636956251
2009,06037574901,1447,975,7,472,5,12,0.8,Long Beach,Long Beach,03779,Los Angeles County (Southeast)--Long Beach City (East) PUMA,SPA 8,DISTRICT 4,14319338.2871094,16741.6879326016
2010,06037574902,1946,435,0,1511,180,180,9.2,Long Beach,Long Beach,03780,Los Angeles County (Southeast)--Long Beach (Central) & Signal Hill Cities PUMA,SPA 8,DISTRICT 4,8657384.07421875,12945.9464618715
2011,06037575001,1797,702,0,1095,23,23,1.3,Long Beach,Long Beach,03780,Los Angeles County (Southeast)--Long Beach (Central) & Signal Hill Cities PUMA,SPA 8,DISTRICT 4,10407813.0458984,18146.5120424122
2012,06037575002,1961,703,10,1258,87,97,4.9,Long Beach,Long Beach,03780,Los Angeles County (Southeast)--Long Beach (Central) & Signal Hill Cities PUMA,SPA 8,DISTRICT 4,10330233.7236328,14700.2675899516
2013,06037575101,1584,401,26,1183,200,226,14.3,Long Beach,Long Beach,03780,Los Angeles County (Southeast)--Long Beach (Central) & Signal Hill Cities PUMA,SPA 8,DISTRICT 4,4540428.91113281,10064.2161720575
2014,06037575102,1280,271,71,1009,242,313,24.5,Long Beach,Long Beach,03780,Los Angeles County (Southeast)--Long Beach (Central) & Signal Hill Cities PUMA,SPA 8,DISTRICT 4,4364887.02734375,9257.54600891362
2015,06037575103,2198,351,20,1847,177,197,9,Long Beach,Long Beach,03780,Los Angeles County (Southeast)--Long Beach (Central) & Signal Hill Cities PUMA,SPA 8,DISTRICT 4,5172388.59179688,9179.211751861
2016,06037575201,1315,228,17,1087,196,213,16.2,Long Beach,Long Beach,03780,Los Angeles County (Southeast)--Long Beach (Central) & Signal Hill Cities PUMA,SPA 8,DISTRICT 4,6099664.52832031,10556.7524990525
2017,06037575202,1191,217,16,974,256,272,22.8,Long Beach,Long Beach,03780,Los Angeles County (Southeast)--Long Beach (Central) & Signal Hill Cities PUMA,SPA 8,DISTRICT 4,4347741.7421875,9231.99582637755
2018,06037575300,1315,112,0,1203,310,310,23.6,Long Beach,Long Beach,03766,Los Angeles County (South)--Long Beach City (Southwest & Port) PUMA,SPA 8,DISTRICT 4,6978959.36132812,10568.2736575996
2019,06037575401,1162,46,35,1116,283,318,27.4,Long Beach,Long Beach,03766,Los Angeles County (South)--Long Beach City (Southwest & Port) PUMA,SPA 8,DISTRICT 4,9570225.9375,12587.4926249789
2020,06037575402,1149,266,0,883,236,236,20.5,Long Beach,Long Beach,03766,Los Angeles County (South)--Long Beach City (Southwest & Port) PUMA,SPA 8,DISTRICT 4,3489143.08691406,7932.21750453022
2021,06037575801,728,27,0,701,148,148,20.3,Long Beach,Long Beach,03766,Los Angeles County (South)--Long Beach City (Southwest & Port) PUMA,SPA 8,DISTRICT 4,4670643.83105469,8610.27906326161
2022,06037575802,1650,433,0,1217,282,282,17.1,Long Beach,Long Beach,03766,Los Angeles County (South)--Long Beach City (Southwest & Port) PUMA,SPA 8,DISTRICT 4,3457785.27734375,7901.9267049633
2023,06037575803,1253,124,20,1129,202,222,17.7,Long Beach,Long Beach,03766,Los Angeles County (South)--Long Beach City (Southwest & Port) PUMA,SPA 8,DISTRICT 4,2148317.05371094,6905.21466140122
2024,06037575901,1551,521,12,1030,91,103,6.6,Long Beach,Long Beach,03766,Los Angeles County (South)--Long Beach City (Southwest & Port) PUMA,SPA 8,DISTRICT 4,5253217.66113281,9691.62828499429
2025,06037575902,3495,568,21,2927,310,331,9.5,Long Beach,Long Beach,03766,Los Angeles County (South)--Long Beach City (Southwest & Port) PUMA,SPA 8,DISTRICT 4,3769711.89257812,7831.57424411462
2026,06037576001,3946,1255,32,2691,158,190,4.8,Long Beach,Long Beach,03766,Los Angeles County (South)--Long Beach City (Southwest & Port) PUMA,SPA 8,DISTRICT 4,31749589.7226562,24461.3409277203
2027,06037576200,3215,422,62,2793,260,322,10,Long Beach,Long Beach,03766,Los Angeles County (South)--Long Beach City (Southwest & Port) PUMA,SPA 8,DISTRICT 4,7523743.515625,11203.1944191188
2028,06037576301,1979,271,11,1708,146,157,7.9,Long Beach,Long Beach,03766,Los Angeles County (South)--Long Beach City (Southwest & Port) PUMA,SPA 8,DISTRICT 4,5902605.12988281,9752.44709094358
2029,06037576302,1093,151,41,942,170,211,19.3,Long Beach,Long Beach,03766,Los Angeles County (South)--Long Beach City (Southwest & Port) PUMA,SPA 8,DISTRICT 4,3481299.6328125,7918.20866570686
2030,06037576401,1261,134,50,1127,251,301,23.9,Long Beach,Long Beach,03780,Los Angeles County (Southeast)--Long Beach (Central) & Signal Hill Cities PUMA,SPA 8,DISTRICT 4,3486558.30664062,7927.87222816218
2031,06037576402,1380,249,10,1131,410,420,30.4,Long Beach,Long Beach,03780,Los Angeles County (Southeast)--Long Beach (Central) & Signal Hill Cities PUMA,SPA 8,DISTRICT 4,3496447.68359375,7929.82295451563
2032,06037576403,1347,271,32,1076,320,352,26.1,Long Beach,Long Beach,03780,Los Angeles County (Southeast)--Long Beach (Central) & Signal Hill Cities PUMA,SPA 8,DISTRICT 4,3496632.26074219,7934.51406577148
2033,06037576501,1429,217,0,1212,168,168,11.8,Long Beach,Long Beach,03780,Los Angeles County (Southeast)--Long Beach (Central) & Signal Hill Cities PUMA,SPA 8,DISTRICT 4,3126442.94042969,7289.44540342294
2034,06037576502,2187,336,7,1851,154,161,7.4,Long Beach,Long Beach,03780,Los Angeles County (Southeast)--Long Beach (Central) & Signal Hill Cities PUMA,SPA 8,DISTRICT 4,3266111.12792969,7841.11075749175
2035,06037576503,1535,263,0,1272,85,85,5.5,Long Beach,Long Beach,03780,Los Angeles County (Southeast)--Long Beach (Central) & Signal Hill Cities PUMA,SPA 8,DISTRICT 4,3410078.41015625,7724.26712372079
2036,06037576601,2505,755,28,1750,127,155,6.2,Long Beach,Long Beach,03780,Los Angeles County (Southeast)--Long Beach (Central) & Signal Hill Cities PUMA,SPA 8,DISTRICT 4,4107028.82226562,9074.93742611574
2037,06037576602,2725,415,0,2310,68,68,2.5,Long Beach,Long Beach,03780,Los Angeles County (Southeast)--Long Beach (Central) & Signal Hill Cities PUMA,SPA 8,DISTRICT 4,4582769.49707031,8982.31407909007
2038,06037576700,2208,765,0,1443,116,116,5.3,Long Beach,Long Beach,03780,Los Angeles County (Southeast)--Long Beach (Central) & Signal Hill Cities PUMA,SPA 8,DISTRICT 4,7446375.72363281,11160.7648385539
2039,06037576801,1823,313,0,1510,7,7,0.4,Long Beach,Long Beach,03780,Los Angeles County (Southeast)--Long Beach (Central) & Signal Hill Cities PUMA,SPA 8,DISTRICT 4,5534417.48144531,9942.34172407286
2040,06037576802,1859,425,6,1434,102,108,5.8,Long Beach,Long Beach,03780,Los Angeles County (Southeast)--Long Beach (Central) & Signal Hill Cities PUMA,SPA 8,DISTRICT 4,5039200.80175781,9265.7875923828
2041,06037576901,1831,344,17,1487,235,252,13.8,Long Beach,Long Beach,03780,Los Angeles County (Southeast)--Long Beach (Central) & Signal Hill Cities PUMA,SPA 8,DISTRICT 4,4790792.60839844,9245.53018845316
2042,06037576903,1477,228,10,1249,297,307,20.8,Long Beach,Long Beach,03780,Los Angeles County (Southeast)--Long Beach (Central) & Signal Hill Cities PUMA,SPA 8,DISTRICT 4,3499677.50976562,7937.4927523612
2043,06037576904,1209,268,9,941,144,153,12.7,Long Beach,Long Beach,03780,Los Angeles County (Southeast)--Long Beach (Central) & Signal Hill Cities PUMA,SPA 8,DISTRICT 4,3938365.55175781,8609.25784682489
2044,06037577000,3315,628,31,2687,81,112,3.4,Long Beach,Long Beach,03779,Los Angeles County (Southeast)--Long Beach City (East) PUMA,SPA 8,DISTRICT 4,19910776.6582031,21697.0935609535
2045,06037577100,3441,1162,0,2279,95,95,2.8,Long Beach,Long Beach,03779,Los Angeles County (Southeast)--Long Beach City (East) PUMA,SPA 8,DISTRICT 4,13076035.7382812,14525.9205709934
2046,06037577200,3210,812,0,2398,277,277,8.6,Long Beach,Long Beach,03779,Los Angeles County (Southeast)--Long Beach City (East) PUMA,SPA 8,DISTRICT 4,9192772.36425781,13068.7051829233
2047,06037577300,3792,1020,28,2772,68,96,2.5,Long Beach,Long Beach,03779,Los Angeles County (Southeast)--Long Beach City (East) PUMA,SPA 8,DISTRICT 4,8753243.76074219,12674.1856059713
2048,06037577400,1523,622,0,901,33,33,2.2,Long Beach,Long Beach,03779,Los Angeles County (Southeast)--Long Beach City (East) PUMA,SPA 8,DISTRICT 4,6943357.109375,11769.6810055122
2049,06037577501,1654,1097,0,557,14,14,0.8,Long Beach,Long Beach,03779,Los Angeles County (Southeast)--Long Beach City (East) PUMA,SPA 8,DISTRICT 4,14660586.1816406,15298.7846657239
2050,06037577504,689,352,0,337,6,6,0.9,Long Beach,Long Beach,03779,Los Angeles County (Southeast)--Long Beach City (East) PUMA,SPA 8,DISTRICT 4,5908169.35058594,16868.2040845856
2051,06037577602,1605,1108,8,497,3,11,0.7,Long Beach,Long Beach,03779,Los Angeles County (Southeast)--Long Beach City (East) PUMA,SPA 8,DISTRICT 4,14927077.265625,17289.6353039168
2052,06037577604,806,689,10,117,7,17,2.1,Long Beach,Long Beach,03779,Los Angeles County (Southeast)--Long Beach City (East) PUMA,SPA 8,DISTRICT 4,16579731.3173828,29163.2230384055
2053,06037577605,1998,1564,52,434,41,93,4.7,Long Beach,Long Beach,03779,Los Angeles County (Southeast)--Long Beach City (East) PUMA,SPA 8,DISTRICT 4,19430360.2695312,19764.3805688289
2054,06037577606,1617,587,3,1030,74,77,4.8,Long Beach,Long Beach,03779,Los Angeles County (Southeast)--Long Beach City (East) PUMA,SPA 8,DISTRICT 4,12729182.28125,17401.3004428983
2055,06037577700,1271,778,108,493,55,163,12.8,Long Beach,Long Beach,03763,Los Angeles County (South Central)--Long Beach City (North) PUMA,SPA 8,DISTRICT 4,13634429.4980469,18923.7969495913
2056,06037577800,1376,1202,185,174,10,195,14.2,Downey,Downey,03781,Los Angeles County (Southeast)--Norwalk City PUMA,SPA 7,DISTRICT 4,18885885.9394531,22505.212865169
2057,06037577900,2389,994,36,1395,347,383,16,Long Beach,Long Beach,03763,Los Angeles County (South Central)--Long Beach City (North) PUMA,SPA 8,DISTRICT 4,18999049.5664062,20872.4472427927
2058,06037578000,1489,491,173,998,280,453,30.4,Long Beach,Long Beach,03766,Los Angeles County (South)--Long Beach City (Southwest & Port) PUMA,SPA 8,DISTRICT 4,19841542.7900391,22475.4894493026
2059,06037578100,0,0,0,0,0,0,0,Long Beach,Long Beach,03779,Los Angeles County (Southeast)--Long Beach City (East) PUMA,SPA 8,DISTRICT 4,18516414.6669922,18912.7421646246
2060,06037599000,1308,706,33,602,168,201,15.4,Avalon,Avalon,03768,Los Angeles County (Southwest)--Palos Verdes Peninsula PUMA,SPA 8,DISTRICT 4,35664336.03125,28399.0495886787
2061,06037599100,66,0,0,66,12,12,18.2,Unincorporated - Santa Catalina Island,Unincorporated,03768,Los Angeles County (Southwest)--Palos Verdes Peninsula PUMA,SPA 8,DISTRICT 4,3698763727.34277,554591.945249539
2062,06037600100,2100,451,35,1649,365,400,19,Unincorporated - Athens-Westmont,Unincorporated,03758,"Los Angeles County (South Central)--Gardena, Lawndale Cities & West Athens PUMA",SPA 8,DISTRICT 2,8151119.63476562,12352.6144728594
2063,06037600201,1198,320,130,878,253,383,32,Unincorporated - Athens-Westmont,Unincorporated,03758,"Los Angeles County (South Central)--Gardena, Lawndale Cities & West Athens PUMA",SPA 8,DISTRICT 2,6311647.86230469,11426.1750240727
2064,06037600202,2272,555,33,1717,220,253,11.1,Unincorporated - Athens-Westmont,Unincorporated,03758,"Los Angeles County (South Central)--Gardena, Lawndale Cities & West Athens PUMA",SPA 8,DISTRICT 2,8950407.55957031,14564.0252056436
2065,06037600302,986,582,28,404,74,102,10.3,Unincorporated - Athens-Westmont,Unincorporated,03758,"Los Angeles County (South Central)--Gardena, Lawndale Cities & West Athens PUMA",SPA 8,DISTRICT 2,8835924.93457031,11971.1945089668
2066,06037600303,1281,162,120,1119,213,333,26,Unincorporated - Athens-Westmont,Unincorporated,03758,"Los Angeles County (South Central)--Gardena, Lawndale Cities & West Athens PUMA",SPA 8,DISTRICT 2,3913786.50585938,9114.29394295226
2067,06037600304,971,136,28,835,204,232,23.9,Unincorporated - Athens-Westmont,Unincorporated,03758,"Los Angeles County (South Central)--Gardena, Lawndale Cities & West Athens PUMA",SPA 8,DISTRICT 2,4780187.65820312,9643.12229896905
2068,06037600400,1521,718,39,803,11,50,3.3,Unincorporated - Athens-Westmont,Unincorporated,03758,"Los Angeles County (South Central)--Gardena, Lawndale Cities & West Athens PUMA",SPA 8,DISTRICT 2,10556095.7441406,16001.3483221089
2069,06037600501,906,584,9,322,53,62,6.8,Inglewood,Inglewood,03778,Los Angeles County (Central)--Inglewood City PUMA,SPA 8,DISTRICT 2,7116444.46679688,10669.254047563
2070,06037600601,876,564,27,312,14,41,4.7,Inglewood,Inglewood,03778,Los Angeles County (Central)--Inglewood City PUMA,SPA 8,DISTRICT 2,6965436.50097656,10542.1392932148
2071,06037600602,721,53,26,668,78,104,14.4,Inglewood,Inglewood,03778,Los Angeles County (Central)--Inglewood City PUMA,SPA 8,DISTRICT 2,7443329.15820312,10854.6402786707
2072,06037600702,1686,1151,0,535,45,45,2.7,Inglewood,Inglewood,03778,Los Angeles County (Central)--Inglewood City PUMA,SPA 8,DISTRICT 2,26101708.1845703,23989.3225307434
2073,06037600703,836,684,0,152,0,0,0,Inglewood,Inglewood,03778,Los Angeles County (Central)--Inglewood City PUMA,SPA 8,DISTRICT 2,5549295.29980469,10845.5557510767
2074,06037600704,1170,457,0,713,56,56,4.8,Inglewood,Inglewood,03778,Los Angeles County (Central)--Inglewood City PUMA,SPA 8,DISTRICT 2,10424417.3388672,12988.6180633077
2075,06037600801,1271,915,45,356,0,45,3.5,Inglewood,Inglewood,03778,Los Angeles County (Central)--Inglewood City PUMA,SPA 8,DISTRICT 2,10449915.9394531,13226.6731209922
2076,06037600802,1170,526,0,644,23,23,2,Inglewood,Inglewood,03778,Los Angeles County (Central)--Inglewood City PUMA,SPA 8,DISTRICT 2,21003270.9414062,20333.7605533294
2077,06037600902,2649,456,261,2193,441,702,26.5,Inglewood,Inglewood,03778,Los Angeles County (Central)--Inglewood City PUMA,SPA 8,DISTRICT 2,8568528.4375,13369.7957573322
2078,06037600911,1102,394,22,708,111,133,12.1,Inglewood,Inglewood,03778,Los Angeles County (Central)--Inglewood City PUMA,SPA 8,DISTRICT 2,7274638.12597656,11164.0549457221
2079,06037600912,1501,835,47,666,114,161,10.7,Inglewood,Inglewood,03778,Los Angeles County (Central)--Inglewood City PUMA,SPA 8,DISTRICT 2,11700045.9111328,15191.7103392519
2080,06037601001,1307,384,0,923,26,26,2,Inglewood,Inglewood,03778,Los Angeles County (Central)--Inglewood City PUMA,SPA 8,DISTRICT 2,9599598.79785156,14029.7524082584
2081,06037601002,2085,436,59,1649,150,209,10,Inglewood,Inglewood,03778,Los Angeles County (Central)--Inglewood City PUMA,SPA 8,DISTRICT 2,6795149.09277344,11165.1682680431
2082,06037601100,2040,324,31,1716,506,537,26.3,Inglewood,Inglewood,03778,Los Angeles County (Central)--Inglewood City PUMA,SPA 8,DISTRICT 2,6900426.72851562,10510.037141975
2083,06037601202,1114,630,26,484,115,141,12.7,Inglewood,Inglewood,03778,Los Angeles County (Central)--Inglewood City PUMA,SPA 8,DISTRICT 2,7065069.1875,10672.5325305156
2084,06037601211,1097,307,0,790,144,144,13.1,Inglewood,Inglewood,03778,Los Angeles County (Central)--Inglewood City PUMA,SPA 8,DISTRICT 2,6207718.25292969,10171.0234819747
2085,06037601212,1986,348,38,1638,361,399,20.1,Inglewood,Inglewood,03778,Los Angeles County (Central)--Inglewood City PUMA,SPA 8,DISTRICT 2,6305597.11328125,10073.3474965458
2086,06037601301,777,464,49,313,38,87,11.2,Inglewood,Inglewood,03778,Los Angeles County (Central)--Inglewood City PUMA,SPA 8,DISTRICT 2,6616401.37695312,10991.7494954709
2087,06037601302,2683,568,0,2115,261,261,9.7,Inglewood,Inglewood,03778,Los Angeles County (Central)--Inglewood City PUMA,SPA 8,DISTRICT 2,13193506.0546875,19296.5343615248
2088,06037601303,2234,223,7,2011,188,195,8.7,Inglewood,Inglewood,03778,Los Angeles County (Central)--Inglewood City PUMA,SPA 8,DISTRICT 2,4682166.95898438,8825.1326359511
2089,06037601401,1903,478,62,1425,266,328,17.2,Inglewood,Inglewood,03778,Los Angeles County (Central)--Inglewood City PUMA,SPA 8,DISTRICT 2,16825303.3242188,18234.439351773
2090,06037601402,1328,659,158,669,108,266,20,Inglewood,Inglewood,03778,Los Angeles County (Central)--Inglewood City PUMA,SPA 8,DISTRICT 2,10584655.9726562,13247.1930235596
2091,06037601501,936,125,33,811,399,432,46.2,Unincorporated - Lennox,Unincorporated,03778,Los Angeles County (Central)--Inglewood City PUMA,SPA 8,DISTRICT 2,5082338.07324219,10467.5894289976
2092,06037601502,925,329,44,596,73,117,12.6,Unincorporated - Lennox,Unincorporated,03759,Los Angeles County (South Central)--Hawthorne City PUMA,SPA 8,DISTRICT 2,5265952.8671875,11426.6603232919
2093,06037601600,1294,419,35,875,255,290,22.4,Unincorporated - Lennox,Unincorporated,03759,Los Angeles County (South Central)--Hawthorne City PUMA,SPA 8,DISTRICT 2,9864418.70410156,12848.4881615451
2094,06037601700,1294,235,117,1059,371,488,37.7,Unincorporated - Lennox,Unincorporated,03759,Los Angeles County (South Central)--Hawthorne City PUMA,SPA 8,DISTRICT 2,8183593.53417969,12637.7167181786
2095,06037601801,850,253,16,597,115,131,15.4,Inglewood,Inglewood,03778,Los Angeles County (Central)--Inglewood City PUMA,SPA 8,DISTRICT 2,5234119.44140625,10547.9452432992
2096,06037601802,873,262,50,611,255,305,34.9,Unincorporated - Lennox,Unincorporated,03759,Los Angeles County (South Central)--Hawthorne City PUMA,SPA 8,DISTRICT 2,5209326.43261719,10562.7565296347
2097,06037601900,1325,395,35,930,187,222,16.8,Inglewood,Inglewood,03778,Los Angeles County (Central)--Inglewood City PUMA,SPA 8,DISTRICT 2,7488252.62695312,11027.7642116495
2098,06037602002,886,294,41,592,96,137,15.5,Hawthorne,Hawthorne,03759,Los Angeles County (South Central)--Hawthorne City PUMA,SPA 8,DISTRICT 2,5771721.76757812,10568.5843099281
2099,06037602003,1244,547,59,697,120,179,14.4,Inglewood,Inglewood,03778,Los Angeles County (Central)--Inglewood City PUMA,SPA 8,DISTRICT 2,6730780.42285156,10333.1737562751
2100,06037602103,1922,395,0,1527,333,333,17.3,Hawthorne,Hawthorne,03759,Los Angeles County (South Central)--Hawthorne City PUMA,SPA 8,DISTRICT 2,8985939.96191406,11937.6759410635
2101,06037602104,1663,398,22,1265,169,191,11.5,Hawthorne,Hawthorne,03759,Los Angeles County (South Central)--Hawthorne City PUMA,SPA 8,DISTRICT 2,7983057.69140625,11593.0537887112
2102,06037602105,1455,168,11,1287,226,237,16.3,Hawthorne,Hawthorne,03759,Los Angeles County (South Central)--Hawthorne City PUMA,SPA 8,DISTRICT 2,6842871.47949219,10462.7341549463
2103,06037602106,2352,421,89,1931,400,489,20.8,Hawthorne,Hawthorne,03759,Los Angeles County (South Central)--Hawthorne City PUMA,SPA 8,DISTRICT 2,8816408.17675781,13275.3424994601
2104,06037602201,1626,789,18,837,90,108,6.6,Unincorporated - Del Aire,Unincorporated,03759,Los Angeles County (South Central)--Hawthorne City PUMA,SPA 8,DISTRICT 2,17869346,19353.2337375291
2105,06037602202,991,271,33,720,65,98,9.9,Hawthorne,Hawthorne,03759,Los Angeles County (South Central)--Hawthorne City PUMA,SPA 8,DISTRICT 2,4955101.62890625,9580.39543333064
2106,06037602301,1979,1562,147,417,19,166,8.4,Unincorporated - Wiseburn,Unincorporated,03759,Los Angeles County (South Central)--Hawthorne City PUMA,SPA 8,DISTRICT 2,19172308.8603516,19205.449041829
2107,06037602302,1836,1603,0,233,6,6,0.3,Hawthorne,Hawthorne,03759,Los Angeles County (South Central)--Hawthorne City PUMA,SPA 8,DISTRICT 2,21001254.0136719,22624.8739031072
2108,06037602402,2063,866,82,1197,247,329,15.9,Hawthorne,Hawthorne,03759,Los Angeles County (South Central)--Hawthorne City PUMA,SPA 8,DISTRICT 2,14116775.8798828,17027.5553941959
2109,06037602403,1511,274,0,1237,187,187,12.4,Hawthorne,Hawthorne,03759,Los Angeles County (South Central)--Hawthorne City PUMA,SPA 8,DISTRICT 2,6321144.32226562,10061.2806141049
2110,06037602404,1854,502,65,1352,196,261,14.1,Hawthorne,Hawthorne,03759,Los Angeles County (South Central)--Hawthorne City PUMA,SPA 8,DISTRICT 2,6950836.53808594,11175.3958439732
2111,06037602504,1819,215,22,1604,278,300,16.5,Hawthorne,Hawthorne,03759,Los Angeles County (South Central)--Hawthorne City PUMA,SPA 8,DISTRICT 2,3455754.45507812,7905.2737759388
2112,06037602505,1604,90,0,1514,512,512,31.9,Hawthorne,Hawthorne,03759,Los Angeles County (South Central)--Hawthorne City PUMA,SPA 8,DISTRICT 2,3484781.40625,7912.85254667983
2113,06037602506,1810,116,9,1694,226,235,13,Hawthorne,Hawthorne,03759,Los Angeles County (South Central)--Hawthorne City PUMA,SPA 8,DISTRICT 2,3486326.45996094,7897.22397491315
2114,06037602507,1912,191,6,1721,294,300,15.7,Hawthorne,Hawthorne,03759,Los Angeles County (South Central)--Hawthorne City PUMA,SPA 8,DISTRICT 2,3475126.43554688,7912.05940205787
2115,06037602510,1270,194,4,1076,463,467,36.8,Hawthorne,Hawthorne,03759,Los Angeles County (South Central)--Hawthorne City PUMA,SPA 8,DISTRICT 2,3499779.23632812,7934.29476026843
2116,06037602511,1519,196,28,1323,261,289,19,Hawthorne,Hawthorne,03759,Los Angeles County (South Central)--Hawthorne City PUMA,SPA 8,DISTRICT 2,3781569.45800781,8374.23703744504
2117,06037602512,582,299,55,283,29,84,14.4,Unincorporated - Hawthorne,Unincorporated,03759,Los Angeles County (South Central)--Hawthorne City PUMA,SPA 8,DISTRICT 2,3145513.48925781,7641.4306576179
2118,06037602513,496,47,12,449,14,26,5.2,Hawthorne,Hawthorne,03759,Los Angeles County (South Central)--Hawthorne City PUMA,SPA 8,DISTRICT 2,19410584.0859375,21077.6308287859
2119,06037602601,1613,1020,10,593,146,156,9.7,Gardena,Gardena,03758,"Los Angeles County (South Central)--Gardena, Lawndale Cities & West Athens PUMA",SPA 8,DISTRICT 2,13982482.1611328,15873.7412662061
2120,06037602602,1058,513,14,545,45,59,5.6,Gardena,Gardena,03758,"Los Angeles County (South Central)--Gardena, Lawndale Cities & West Athens PUMA",SPA 8,DISTRICT 2,6988436.97753906,10566.7773036877
2121,06037602700,1296,1027,0,269,0,0,0,Hawthorne,Hawthorne,03759,Los Angeles County (South Central)--Hawthorne City PUMA,SPA 8,DISTRICT 2,26741232.9833984,21485.8894880408
2122,06037602801,1325,308,66,1017,194,260,19.6,Unincorporated - Athens-Westmont,Unincorporated,03758,"Los Angeles County (South Central)--Gardena, Lawndale Cities & West Athens PUMA",SPA 8,DISTRICT 2,13492805.7705078,15760.3803856253
2123,06037602802,1286,1102,57,184,27,84,6.5,Unincorporated - Athens-Westmont,Unincorporated,03758,"Los Angeles County (South Central)--Gardena, Lawndale Cities & West Athens PUMA",SPA 8,DISTRICT 2,14412129.3115234,16013.1495320381
2124,06037602900,1392,743,76,649,208,284,20.4,Gardena,Gardena,03758,"Los Angeles County (South Central)--Gardena, Lawndale Cities & West Athens PUMA",SPA 8,DISTRICT 2,30106421.1845703,27254.8841557794
2125,06037603004,611,83,0,528,110,110,18,Gardena,Gardena,03758,"Los Angeles County (South Central)--Gardena, Lawndale Cities & West Athens PUMA",SPA 8,DISTRICT 2,2438811.15527344,8205.60854836555
2126,06037603005,1962,652,40,1310,238,278,14.2,Gardena,Gardena,03758,"Los Angeles County (South Central)--Gardena, Lawndale Cities & West Athens PUMA",SPA 8,DISTRICT 2,7010475.01953125,10584.6131050847
2127,06037603006,839,335,15,504,52,67,8,Gardena,Gardena,03758,"Los Angeles County (South Central)--Gardena, Lawndale Cities & West Athens PUMA",SPA 8,DISTRICT 2,7390692.72851562,10957.6429764586
2128,06037603007,1185,501,0,684,106,106,8.9,Gardena,Gardena,03758,"Los Angeles County (South Central)--Gardena, Lawndale Cities & West Athens PUMA",SPA 8,DISTRICT 2,7207522.22949219,14307.4985627013
2129,06037603008,1136,492,73,644,188,261,23,Gardena,Gardena,03758,"Los Angeles County (South Central)--Gardena, Lawndale Cities & West Athens PUMA",SPA 8,DISTRICT 2,5025213.11328125,10814.9356945063
2130,06037603101,1604,513,39,1091,249,288,18,Gardena,Gardena,03758,"Los Angeles County (South Central)--Gardena, Lawndale Cities & West Athens PUMA",SPA 8,DISTRICT 2,9488468.33984375,12618.058707645
2131,06037603102,1274,380,16,894,118,134,10.5,Gardena,Gardena,03758,"Los Angeles County (South Central)--Gardena, Lawndale Cities & West Athens PUMA",SPA 8,DISTRICT 2,8013897.55175781,11371.0274815115
2132,06037603200,1318,883,40,435,6,46,3.5,Gardena,Gardena,03758,"Los Angeles County (South Central)--Gardena, Lawndale Cities & West Athens PUMA",SPA 8,DISTRICT 2,12211524.9013672,21784.2534836322
2133,06037603301,1444,429,21,1015,75,96,6.6,Gardena,Gardena,03758,"Los Angeles County (South Central)--Gardena, Lawndale Cities & West Athens PUMA",SPA 8,DISTRICT 2,10497589.2578125,14152.6734104381
2134,06037603302,1626,969,160,657,61,221,13.6,Gardena,Gardena,03758,"Los Angeles County (South Central)--Gardena, Lawndale Cities & West Athens PUMA",SPA 8,DISTRICT 2,12228437.9101562,15265.2928760741
2135,06037603400,1438,879,51,559,21,72,5,Gardena,Gardena,03758,"Los Angeles County (South Central)--Gardena, Lawndale Cities & West Athens PUMA",SPA 8,DISTRICT 2,12212988.8769531,15582.4870620078
2136,06037603500,908,619,37,289,41,78,8.6,Gardena,Gardena,03758,"Los Angeles County (South Central)--Gardena, Lawndale Cities & West Athens PUMA",SPA 8,DISTRICT 2,8549667.73046875,13077.5956832119
2137,06037603600,1414,1158,51,256,37,88,6.2,Gardena,Gardena,03758,"Los Angeles County (South Central)--Gardena, Lawndale Cities & West Athens PUMA",SPA 8,DISTRICT 2,10083415.4179688,13097.1356568179
2138,06037603702,1711,1420,31,291,125,156,9.1,Unincorporated - El Camino Village,Unincorporated,03758,"Los Angeles County (South Central)--Gardena, Lawndale Cities & West Athens PUMA",SPA 8,DISTRICT 2,28046520.7822266,21737.9907925188
2139,06037603703,864,796,6,68,25,31,3.6,Hawthorne,Hawthorne,03759,Los Angeles County (South Central)--Hawthorne City PUMA,SPA 8,DISTRICT 2,7027779.71582031,10770.6936829548
2140,06037603705,927,203,43,724,125,168,18.1,Hawthorne,Hawthorne,03758,"Los Angeles County (South Central)--Gardena, Lawndale Cities & West Athens PUMA",SPA 8,DISTRICT 2,2958770.81640625,7392.6387689116
2141,06037603706,1049,64,12,985,376,388,37,Unincorporated - El Camino Village,Unincorporated,03758,"Los Angeles County (South Central)--Gardena, Lawndale Cities & West Athens PUMA",SPA 8,DISTRICT 2,3992157.63867188,9930.3768134594
2142,06037603801,1526,505,120,1021,257,377,24.7,Lawndale,Lawndale,03758,"Los Angeles County (South Central)--Gardena, Lawndale Cities & West Athens PUMA",SPA 8,DISTRICT 2,7167058.59277344,10594.7045454583
2143,06037603802,1072,514,31,558,152,183,17.1,Lawndale,Lawndale,03758,"Los Angeles County (South Central)--Gardena, Lawndale Cities & West Athens PUMA",SPA 8,DISTRICT 2,6832155.74121094,10354.9285688369
2144,06037603901,1327,680,28,647,81,109,8.2,Lawndale,Lawndale,03758,"Los Angeles County (South Central)--Gardena, Lawndale Cities & West Athens PUMA",SPA 8,DISTRICT 2,7982418.59667969,15456.4034927945
2145,06037603902,1095,496,30,599,161,191,17.4,Lawndale,Lawndale,03758,"Los Angeles County (South Central)--Gardena, Lawndale Cities & West Athens PUMA",SPA 8,DISTRICT 2,8080904.203125,12037.5393416013
2146,06037604001,1222,364,7,858,161,168,13.7,Lawndale,Lawndale,03758,"Los Angeles County (South Central)--Gardena, Lawndale Cities & West Athens PUMA",SPA 8,DISTRICT 2,7129737.04101562,10687.0625575795
2147,06037604002,1533,427,20,1106,56,76,5,Lawndale,Lawndale,03758,"Los Angeles County (South Central)--Gardena, Lawndale Cities & West Athens PUMA",SPA 8,DISTRICT 2,6995913.73535156,10360.4019450954
2148,06037604101,1112,273,64,839,189,253,22.8,Lawndale,Lawndale,03758,"Los Angeles County (South Central)--Gardena, Lawndale Cities & West Athens PUMA",SPA 8,DISTRICT 2,5197443.46582031,9593.5720608116
2149,06037604102,851,344,6,507,112,118,13.9,Lawndale,Lawndale,03758,"Los Angeles County (South Central)--Gardena, Lawndale Cities & West Athens PUMA",SPA 8,DISTRICT 2,5705460.56152344,12008.6303758527
2150,06037604200,1736,963,129,773,131,260,15,Inglewood,Inglewood,03778,Los Angeles County (Central)--Inglewood City PUMA,SPA 8,DISTRICT 2,13439105.1777344,17656.0069214924
2151,06037609900,648,339,14,309,14,28,4.3,Unincorporated - La Rambla,Unincorporated,03767,Los Angeles County (South)--LA City (South/San Pedro) PUMA,SPA 8,DISTRICT 4,5480024.38574219,12999.5138319711
2152,06037620001,1741,875,0,866,40,40,2.3,El Segundo,El Segundo,03760,"Los Angeles County--Redondo Beach, Manhattan Beach & Hermosa Beach Cities PUMA",SPA 8,DISTRICT 2,12522076.8007812,14629.9037719562
2153,06037620002,1540,509,0,1031,0,0,0,El Segundo,El Segundo,03760,"Los Angeles County--Redondo Beach, Manhattan Beach & Hermosa Beach Cities PUMA",SPA 8,DISTRICT 2,12754410.3974609,15821.9825289971
2154,06037620101,2208,1203,32,1005,13,45,2,El Segundo,El Segundo,03760,"Los Angeles County--Redondo Beach, Manhattan Beach & Hermosa Beach Cities PUMA",SPA 8,DISTRICT 2,14397595.0117188,16076.8628493627
2155,06037620102,1948,575,0,1373,44,44,2.3,El Segundo,El Segundo,03760,"Los Angeles County--Redondo Beach, Manhattan Beach & Hermosa Beach Cities PUMA",SPA 8,DISTRICT 2,9388288.79101562,16010.7481535671
2156,06037620201,850,270,7,580,10,17,2,Manhattan Beach,Manhattan Beach,03760,"Los Angeles County--Redondo Beach, Manhattan Beach & Hermosa Beach Cities PUMA",SPA 8,DISTRICT 2,2018499.21386719,6645.57330440983
2157,06037620301,1460,1280,0,180,0,0,0,Manhattan Beach,Manhattan Beach,03760,"Los Angeles County--Redondo Beach, Manhattan Beach & Hermosa Beach Cities PUMA",SPA 8,DISTRICT 2,11223167.8154297,14150.5886702203
2158,06037620303,1858,1218,33,640,18,51,2.7,Manhattan Beach,Manhattan Beach,03760,"Los Angeles County--Redondo Beach, Manhattan Beach & Hermosa Beach Cities PUMA",SPA 8,DISTRICT 2,12338620.2109375,15887.7914976108
2159,06037620305,2379,1198,0,1181,0,0,0,Manhattan Beach,Manhattan Beach,03760,"Los Angeles County--Redondo Beach, Manhattan Beach & Hermosa Beach Cities PUMA",SPA 8,DISTRICT 2,11936772.9287109,16883.2583033039
2160,06037620400,2028,1338,56,690,16,72,3.6,Manhattan Beach,Manhattan Beach,03760,"Los Angeles County--Redondo Beach, Manhattan Beach & Hermosa Beach Cities PUMA",SPA 8,DISTRICT 2,27769385.1044922,21113.9405875991
2161,06037620501,2171,1354,34,817,27,61,2.8,Redondo Beach,Redondo Beach,03760,"Los Angeles County--Redondo Beach, Manhattan Beach & Hermosa Beach Cities PUMA",SPA 8,DISTRICT 2,27886935.7480469,21151.322200729
2162,06037620521,1784,915,8,869,7,15,0.8,Redondo Beach,Redondo Beach,03760,"Los Angeles County--Redondo Beach, Manhattan Beach & Hermosa Beach Cities PUMA",SPA 8,DISTRICT 2,6934210.62011719,10530.2682441248
2163,06037620522,1822,1016,21,806,112,133,7.3,Redondo Beach,Redondo Beach,03760,"Los Angeles County--Redondo Beach, Manhattan Beach & Hermosa Beach Cities PUMA",SPA 8,DISTRICT 2,8027662.50292969,11200.6028297634
2164,06037620601,2246,1102,0,1144,79,79,3.5,Redondo Beach,Redondo Beach,03760,"Los Angeles County--Redondo Beach, Manhattan Beach & Hermosa Beach Cities PUMA",SPA 8,DISTRICT 2,14693007.1025391,19877.6844036123
2165,06037620602,2068,1449,28,619,52,80,3.9,Redondo Beach,Redondo Beach,03760,"Los Angeles County--Redondo Beach, Manhattan Beach & Hermosa Beach Cities PUMA",SPA 8,DISTRICT 2,14522331.9355469,18693.7067586125
2166,06037620701,2859,1463,43,1396,0,43,1.5,Redondo Beach,Redondo Beach,03760,"Los Angeles County--Redondo Beach, Manhattan Beach & Hermosa Beach Cities PUMA",SPA 8,DISTRICT 2,10956202.8408203,15209.3297940825
2167,06037620703,1192,946,0,246,16,16,1.3,Redondo Beach,Redondo Beach,03760,"Los Angeles County--Redondo Beach, Manhattan Beach & Hermosa Beach Cities PUMA",SPA 8,DISTRICT 2,6190951.08984375,10997.0413829964
2168,06037620704,1203,895,0,308,0,0,0,Redondo Beach,Redondo Beach,03760,"Los Angeles County--Redondo Beach, Manhattan Beach & Hermosa Beach Cities PUMA",SPA 8,DISTRICT 2,7980958.41308594,13473.8761055069
2169,06037620801,1331,1149,0,182,0,0,0,Manhattan Beach,Manhattan Beach,03760,"Los Angeles County--Redondo Beach, Manhattan Beach & Hermosa Beach Cities PUMA",SPA 8,DISTRICT 2,12893857.7832031,15696.8157634072
2170,06037620802,1362,745,11,617,20,31,2.3,Manhattan Beach,Manhattan Beach,03760,"Los Angeles County--Redondo Beach, Manhattan Beach & Hermosa Beach Cities PUMA",SPA 8,DISTRICT 2,13837270.6416016,15788.3045417436
2171,06037620901,1042,890,0,152,0,0,0,Manhattan Beach,Manhattan Beach,03760,"Los Angeles County--Redondo Beach, Manhattan Beach & Hermosa Beach Cities PUMA",SPA 8,DISTRICT 2,9373787.40234375,12894.7765139317
2172,06037620904,1059,574,0,485,0,0,0,Manhattan Beach,Manhattan Beach,03760,"Los Angeles County--Redondo Beach, Manhattan Beach & Hermosa Beach Cities PUMA",SPA 8,DISTRICT 2,5878889.70898438,10106.9074780483
2173,06037621001,2073,1225,30,848,48,78,3.8,Hermosa Beach,Hermosa Beach,03760,"Los Angeles County--Redondo Beach, Manhattan Beach & Hermosa Beach Cities PUMA",SPA 8,DISTRICT 2,10175632.3769531,16002.695238302
2174,06037621005,2558,1326,20,1232,76,96,3.8,Hermosa Beach,Hermosa Beach,03760,"Los Angeles County--Redondo Beach, Manhattan Beach & Hermosa Beach Cities PUMA",SPA 8,DISTRICT 2,12106870.625,15546.178297846
2175,06037621102,1212,777,7,435,43,50,4.1,Hermosa Beach,Hermosa Beach,03760,"Los Angeles County--Redondo Beach, Manhattan Beach & Hermosa Beach Cities PUMA",SPA 8,DISTRICT 2,6029097.47070312,10693.9434406607
2176,06037621104,3091,1193,0,1898,31,31,1,Hermosa Beach,Hermosa Beach,03760,"Los Angeles County--Redondo Beach, Manhattan Beach & Hermosa Beach Cities PUMA",SPA 8,DISTRICT 2,10632708.7558594,13473.4331665925
2177,06037621201,2988,1583,7,1405,59,66,2.2,Redondo Beach,Redondo Beach,03760,"Los Angeles County--Redondo Beach, Manhattan Beach & Hermosa Beach Cities PUMA",SPA 8,DISTRICT 2,17702545.4707031,17280.6145136951
2178,06037621204,1755,470,69,1285,96,165,9.4,Redondo Beach,Redondo Beach,03760,"Los Angeles County--Redondo Beach, Manhattan Beach & Hermosa Beach Cities PUMA",SPA 8,DISTRICT 2,17689330.4941406,17696.8637356452
2179,06037621301,2959,2076,66,883,2,68,2.3,Redondo Beach,Redondo Beach,03760,"Los Angeles County--Redondo Beach, Manhattan Beach & Hermosa Beach Cities PUMA",SPA 8,DISTRICT 2,16902226.484375,17257.125125851
2180,06037621324,1820,578,0,1242,0,0,0,Redondo Beach,Redondo Beach,03760,"Los Angeles County--Redondo Beach, Manhattan Beach & Hermosa Beach Cities PUMA",SPA 8,DISTRICT 2,6398475.83789062,13373.2248677369
2181,06037621326,1703,337,0,1366,16,16,0.9,Redondo Beach,Redondo Beach,03760,"Los Angeles County--Redondo Beach, Manhattan Beach & Hermosa Beach Cities PUMA",SPA 8,DISTRICT 2,7328881.41113281,12911.580999481
2182,06037621400,1737,918,18,819,14,32,1.8,Redondo Beach,Redondo Beach,03760,"Los Angeles County--Redondo Beach, Manhattan Beach & Hermosa Beach Cities PUMA",SPA 8,DISTRICT 2,13737626.5576172,15835.0931183448
2183,06037650001,2352,1530,49,822,253,302,12.8,Torrance,Torrance,03761,Los Angeles County (South Central)--Torrance City PUMA,SPA 8,DISTRICT 4,17307231.3466797,16976.7880585866
2184,06037650003,1223,495,23,728,144,167,13.7,Torrance,Torrance,03761,Los Angeles County (South Central)--Torrance City PUMA,SPA 8,DISTRICT 4,5463169.61523438,9617.03201946878
2185,06037650004,1518,589,8,929,100,108,7.1,Torrance,Torrance,03761,Los Angeles County (South Central)--Torrance City PUMA,SPA 8,DISTRICT 4,8241174.48242188,11729.4558945859
2186,06037650101,1964,1536,82,428,0,82,4.2,Torrance,Torrance,03761,Los Angeles County (South Central)--Torrance City PUMA,SPA 8,DISTRICT 4,20477811.5898438,18472.6419742938
2187,06037650102,716,492,18,224,42,60,8.4,Torrance,Torrance,03761,Los Angeles County (South Central)--Torrance City PUMA,SPA 8,DISTRICT 4,9047864.39941406,13415.4265057556
2188,06037650200,1847,1469,27,378,7,34,1.8,Torrance,Torrance,03761,Los Angeles County (South Central)--Torrance City PUMA,SPA 8,DISTRICT 4,26302169.4521484,30094.0364749811
2189,06037650300,2483,1054,56,1429,461,517,20.8,Torrance,Torrance,03761,Los Angeles County (South Central)--Torrance City PUMA,SPA 8,DISTRICT 4,20182280.2978516,20975.7463132375
2190,06037650401,1529,1290,36,239,0,36,2.4,Torrance,Torrance,03761,Los Angeles County (South Central)--Torrance City PUMA,SPA 8,DISTRICT 4,37757455.0869141,32151.8527023644
2191,06037650501,938,823,11,115,0,11,1.2,Torrance,Torrance,03761,Los Angeles County (South Central)--Torrance City PUMA,SPA 8,DISTRICT 4,10710629.9335938,13574.2707682888
2192,06037650502,1595,1218,0,377,6,6,0.4,Torrance,Torrance,03761,Los Angeles County (South Central)--Torrance City PUMA,SPA 8,DISTRICT 4,14340474.546875,15517.2033997316
2193,06037650603,1483,939,0,544,8,8,0.5,Torrance,Torrance,03761,Los Angeles County (South Central)--Torrance City PUMA,SPA 8,DISTRICT 4,13887147.5537109,15814.919733955
2194,06037650604,2714,224,26,2490,151,177,6.5,Torrance,Torrance,03761,Los Angeles County (South Central)--Torrance City PUMA,SPA 8,DISTRICT 4,5553375.62988281,9486.17219562739
2195,06037650605,1022,291,0,731,119,119,11.6,Torrance,Torrance,03761,Los Angeles County (South Central)--Torrance City PUMA,SPA 8,DISTRICT 4,5227689.48046875,9211.232544141
2196,06037650606,1635,177,0,1458,273,273,16.7,Torrance,Torrance,03761,Los Angeles County (South Central)--Torrance City PUMA,SPA 8,DISTRICT 4,7914571.71484375,15980.2995632095
2197,06037650607,1001,192,0,809,67,67,6.7,Torrance,Torrance,03761,Los Angeles County (South Central)--Torrance City PUMA,SPA 8,DISTRICT 4,5328655.67382812,10950.8642095268
2198,06037650701,967,811,14,156,8,22,2.3,Torrance,Torrance,03761,Los Angeles County (South Central)--Torrance City PUMA,SPA 8,DISTRICT 4,21580618.8710938,18653.1870583013
2199,06037650702,1617,1336,7,281,8,15,0.9,Torrance,Torrance,03761,Los Angeles County (South Central)--Torrance City PUMA,SPA 8,DISTRICT 4,15036696.3652344,16408.5491689322
2200,06037650801,1476,898,28,578,36,64,4.3,Torrance,Torrance,03761,Los Angeles County (South Central)--Torrance City PUMA,SPA 8,DISTRICT 4,8092065.16015625,12958.4207349298
2201,06037650802,1370,918,18,452,51,69,5,Torrance,Torrance,03761,Los Angeles County (South Central)--Torrance City PUMA,SPA 8,DISTRICT 4,5792000.91015625,11569.2175301785
2202,06037650901,2254,1066,31,1188,61,92,4.1,Torrance,Torrance,03761,Los Angeles County (South Central)--Torrance City PUMA,SPA 8,DISTRICT 4,38123518.0488281,29510.5997947621
2203,06037650903,1772,640,22,1132,157,179,10.1,Torrance,Torrance,03761,Los Angeles County (South Central)--Torrance City PUMA,SPA 8,DISTRICT 4,11265084.3730469,17051.5003628591
2204,06037650904,959,464,21,495,105,126,13.1,Torrance,Torrance,03761,Los Angeles County (South Central)--Torrance City PUMA,SPA 8,DISTRICT 4,10167426.1298828,16150.8165650683
2205,06037651001,1976,1418,19,558,62,81,4.1,Torrance,Torrance,03761,Los Angeles County (South Central)--Torrance City PUMA,SPA 8,DISTRICT 4,15262620.453125,18956.5465714783
2206,06037651002,1722,1026,21,696,120,141,8.2,Torrance,Torrance,03761,Los Angeles County (South Central)--Torrance City PUMA,SPA 8,DISTRICT 4,12783376.546875,15477.5848581254
2207,06037651101,1737,937,0,800,99,99,5.7,Torrance,Torrance,03761,Los Angeles County (South Central)--Torrance City PUMA,SPA 8,DISTRICT 4,60086515.2978516,37158.1944814395
2208,06037651102,1817,1061,2,756,109,111,6.1,Torrance,Torrance,03761,Los Angeles County (South Central)--Torrance City PUMA,SPA 8,DISTRICT 4,8854292.81445312,13814.706200171
2209,06037651201,1653,1405,32,248,0,32,1.9,Torrance,Torrance,03761,Los Angeles County (South Central)--Torrance City PUMA,SPA 8,DISTRICT 4,18844507.0419922,17141.3168536905
2210,06037651221,1383,451,0,932,46,46,3.3,Torrance,Torrance,03761,Los Angeles County (South Central)--Torrance City PUMA,SPA 8,DISTRICT 4,7506458.00390625,11369.3430866108
2211,06037651222,2373,651,0,1722,196,196,8.3,Torrance,Torrance,03761,Los Angeles County (South Central)--Torrance City PUMA,SPA 8,DISTRICT 4,16418570.3925781,18059.6894306374
2212,06037651302,2185,1736,0,449,15,15,0.7,Torrance,Torrance,03768,Los Angeles County (Southwest)--Palos Verdes Peninsula PUMA,SPA 8,DISTRICT 4,25654162.1777344,30797.4861520298
2213,06037651304,2427,1250,7,1177,4,11,0.5,Torrance,Torrance,03768,Los Angeles County (Southwest)--Palos Verdes Peninsula PUMA,SPA 8,DISTRICT 4,15331535.8115234,21457.1633075894
2214,06037651401,1172,627,13,545,43,56,4.8,Torrance,Torrance,03768,Los Angeles County (Southwest)--Palos Verdes Peninsula PUMA,SPA 8,DISTRICT 4,10709443.2900391,20504.5644128686
2215,06037651402,1989,1168,0,821,73,73,3.7,Torrance,Torrance,03768,Los Angeles County (Southwest)--Palos Verdes Peninsula PUMA,SPA 8,DISTRICT 4,19610165.4863281,23224.3545666314
2216,06037670001,1249,736,0,513,57,57,4.6,Lomita,Lomita,03768,Los Angeles County (Southwest)--Palos Verdes Peninsula PUMA,SPA 8,DISTRICT 4,10070335.5429688,16572.9335469559
2217,06037670002,1312,502,0,810,65,65,5,Lomita,Lomita,03768,Los Angeles County (Southwest)--Palos Verdes Peninsula PUMA,SPA 8,DISTRICT 4,9317211.23535156,12739.1263377901
2218,06037670003,2164,1130,86,1034,129,215,9.9,Lomita,Lomita,03768,Los Angeles County (Southwest)--Palos Verdes Peninsula PUMA,SPA 8,DISTRICT 4,16255210.7958984,18273.8045001797
2219,06037670101,1163,489,28,674,11,39,3.4,Lomita,Lomita,03768,Los Angeles County (Southwest)--Palos Verdes Peninsula PUMA,SPA 8,DISTRICT 4,11810121.2705078,20391.8515619293
2220,06037670102,1438,505,12,933,155,167,11.6,Lomita,Lomita,03768,Los Angeles County (Southwest)--Palos Verdes Peninsula PUMA,SPA 8,DISTRICT 4,5947197.25097656,12057.3029653574
2221,06037670201,1471,1032,0,439,16,16,1.1,Rolling Hills Estates,Rolling Hills Estates,03768,Los Angeles County (Southwest)--Palos Verdes Peninsula PUMA,SPA 8,DISTRICT 4,52978044.8769531,47613.8891911908
2222,06037670202,838,767,0,71,0,0,0,Rolling Hills Estates,Rolling Hills Estates,03768,Los Angeles County (Southwest)--Palos Verdes Peninsula PUMA,SPA 8,DISTRICT 4,32297829.9257812,26359.562415209
2223,06037670324,2051,1693,21,358,0,21,1,Palos Verdes Estates,Palos Verdes Estates,03768,Los Angeles County (Southwest)--Palos Verdes Peninsula PUMA,SPA 8,DISTRICT 4,50671845.4121094,42504.6933824636
2224,06037670326,1333,1257,0,76,0,0,0,Palos Verdes Estates,Palos Verdes Estates,03768,Los Angeles County (Southwest)--Palos Verdes Peninsula PUMA,SPA 8,DISTRICT 4,43279066.7207031,36569.6972941172
2225,06037670328,1562,1486,0,76,0,0,0,Palos Verdes Estates,Palos Verdes Estates,03768,Los Angeles County (Southwest)--Palos Verdes Peninsula PUMA,SPA 8,DISTRICT 4,38287790.5927734,35670.9094707223
2226,06037670405,1078,793,7,285,0,7,0.6,Rancho Palos Verdes,Rancho Palos Verdes,03768,Los Angeles County (Southwest)--Palos Verdes Peninsula PUMA,SPA 8,DISTRICT 4,16386440.1201172,21228.9010377893
2227,06037670406,629,557,7,72,0,7,1.1,Rolling Hills Estates,Rolling Hills Estates,03768,Los Angeles County (Southwest)--Palos Verdes Peninsula PUMA,SPA 8,DISTRICT 4,12920659.109375,14366.9356109749
2228,06037670407,2335,1301,16,1034,140,156,6.7,Rancho Palos Verdes,Rancho Palos Verdes,03768,Los Angeles County (Southwest)--Palos Verdes Peninsula PUMA,SPA 8,DISTRICT 4,12936256.8496094,16857.0013710418
2229,06037670413,1719,1341,9,378,0,9,0.5,Rancho Palos Verdes,Rancho Palos Verdes,03768,Los Angeles County (Southwest)--Palos Verdes Peninsula PUMA,SPA 8,DISTRICT 4,23817423.8027344,20505.1358526619
2230,06037670416,1528,950,0,578,53,53,3.5,Rancho Palos Verdes,Rancho Palos Verdes,03768,Los Angeles County (Southwest)--Palos Verdes Peninsula PUMA,SPA 8,DISTRICT 4,37159429.0283203,27428.9659749167
2231,06037670417,1046,864,0,182,0,0,0,Rancho Palos Verdes,Rancho Palos Verdes,03768,Los Angeles County (Southwest)--Palos Verdes Peninsula PUMA,SPA 8,DISTRICT 4,21552398.2353516,19978.4992697051
2232,06037670418,1502,1382,0,120,0,0,0,Rancho Palos Verdes,Rancho Palos Verdes,03768,Los Angeles County (Southwest)--Palos Verdes Peninsula PUMA,SPA 8,DISTRICT 4,27519648.9833984,24794.5583365725
2233,06037670500,582,546,10,36,0,10,1.7,Rolling Hills,Rolling Hills,03768,Los Angeles County (Southwest)--Palos Verdes Peninsula PUMA,SPA 8,DISTRICT 4,82973696.8925781,46060.8381256098
2234,06037670603,713,679,5,34,15,20,2.8,Rancho Palos Verdes,Rancho Palos Verdes,03768,Los Angeles County (Southwest)--Palos Verdes Peninsula PUMA,SPA 8,DISTRICT 4,42047153.3349609,36144.5628855706
2235,06037670604,1971,1720,0,251,0,0,0,Rancho Palos Verdes,Rancho Palos Verdes,03768,Los Angeles County (Southwest)--Palos Verdes Peninsula PUMA,SPA 8,DISTRICT 4,110139078.780273,99291.5600478218
2236,06037670701,2041,1922,31,119,17,48,2.4,Rancho Palos Verdes,Rancho Palos Verdes,03768,Los Angeles County (Southwest)--Palos Verdes Peninsula PUMA,SPA 8,DISTRICT 4,30801140.1445312,32455.8807375816
2237,06037670702,2014,1872,23,142,0,23,1.1,Rancho Palos Verdes,Rancho Palos Verdes,03768,Los Angeles County (Southwest)--Palos Verdes Peninsula PUMA,SPA 8,DISTRICT 4,73071679.0458984,58896.0366849774
2238,06037700101,3601,280,0,3321,119,119,3.3,West Hollywood,West Hollywood,03731,Los Angeles County (Central)--West Hollywood & Beverly Hills Cities PUMA,SPA 4,DISTRICT 3,7248001.84863281,13591.3369155074
2239,06037700102,2579,208,20,2371,99,119,4.6,West Hollywood,West Hollywood,03731,Los Angeles County (Central)--West Hollywood & Beverly Hills Cities PUMA,SPA 4,DISTRICT 3,5302838.47070312,13535.2016550801
2240,06037700200,4215,429,0,3786,22,22,0.5,West Hollywood,West Hollywood,03731,Los Angeles County (Central)--West Hollywood & Beverly Hills Cities PUMA,SPA 4,DISTRICT 3,7353025.24609375,13002.6245087278
2241,06037700300,4100,1345,25,2755,12,37,0.9,West Hollywood,West Hollywood,03731,Los Angeles County (Central)--West Hollywood & Beverly Hills Cities PUMA,SPA 4,DISTRICT 3,6478209.38769531,13739.604907018
2242,06037700400,2950,522,0,2428,18,18,0.6,West Hollywood,West Hollywood,03731,Los Angeles County (Central)--West Hollywood & Beverly Hills Cities PUMA,SPA 4,DISTRICT 3,14277904.75,20694.2474493743
2243,06037700501,2517,866,0,1651,184,184,7.3,West Hollywood,West Hollywood,03731,Los Angeles County (Central)--West Hollywood & Beverly Hills Cities PUMA,SPA 4,DISTRICT 3,6443070.57128906,14587.71887077
2244,06037700502,2958,896,0,2062,103,103,3.5,West Hollywood,West Hollywood,03731,Los Angeles County (Central)--West Hollywood & Beverly Hills Cities PUMA,SPA 4,DISTRICT 3,5457219.95019531,10637.5624378718
2245,06037700600,1631,1549,0,82,0,0,0,Beverly Hills,Beverly Hills,03731,Los Angeles County (Central)--West Hollywood & Beverly Hills Cities PUMA,SPA 5,DISTRICT 3,61017181.7958984,45684.8084625367
2246,06037700700,1122,942,0,180,0,0,0,Beverly Hills,Beverly Hills,03731,Los Angeles County (Central)--West Hollywood & Beverly Hills Cities PUMA,SPA 5,DISTRICT 3,37896409.3867188,31200.7307237674
2247,06037700801,2358,808,0,1550,56,56,2.4,Beverly Hills,Beverly Hills,03731,Los Angeles County (Central)--West Hollywood & Beverly Hills Cities PUMA,SPA 5,DISTRICT 3,15717093.6835938,19964.9641929609
2248,06037700802,1995,661,7,1334,20,27,1.4,Beverly Hills,Beverly Hills,03731,Los Angeles County (Central)--West Hollywood & Beverly Hills Cities PUMA,SPA 5,DISTRICT 3,7300820.44726562,14908.668576786
2249,06037700901,1492,659,50,833,41,91,6.1,Beverly Hills,Beverly Hills,03731,Los Angeles County (Central)--West Hollywood & Beverly Hills Cities PUMA,SPA 5,DISTRICT 3,11377599.3115234,18770.1821207306
2250,06037700902,3213,512,0,2701,307,307,9.6,Beverly Hills,Beverly Hills,03731,Los Angeles County (Central)--West Hollywood & Beverly Hills Cities PUMA,SPA 5,DISTRICT 3,10288401.2294922,12917.7614468729
2251,06037701000,2638,796,0,1842,0,0,0,Beverly Hills,Beverly Hills,03731,Los Angeles County (Central)--West Hollywood & Beverly Hills Cities PUMA,SPA 5,DISTRICT 3,15163464.4150391,17484.802653161
2252,06037701201,1549,1307,0,242,0,0,0,Santa Monica,Santa Monica,03728,Los Angeles County (Southwest)--Santa Monica City PUMA,SPA 5,DISTRICT 3,20797483.2324219,18156.752413221
2253,06037701202,1779,735,0,1044,0,0,0,Santa Monica,Santa Monica,03728,Los Angeles County (Southwest)--Santa Monica City PUMA,SPA 5,DISTRICT 3,4362454.90917969,9140.15131029155
2254,06037701302,2812,848,0,1964,0,0,0,Santa Monica,Santa Monica,03728,Los Angeles County (Southwest)--Santa Monica City PUMA,SPA 5,DISTRICT 3,4915146.93261719,9925.90490209219
2255,06037701304,2811,1452,9,1359,32,41,1.5,Santa Monica,Santa Monica,03728,Los Angeles County (Southwest)--Santa Monica City PUMA,SPA 5,DISTRICT 3,21117185.7900391,20336.8437546375
2256,06037701402,3743,319,29,3424,96,125,3.3,Santa Monica,Santa Monica,03728,Los Angeles County (Southwest)--Santa Monica City PUMA,SPA 5,DISTRICT 3,7457836.31347656,12197.077069826
2257,06037701501,2620,551,64,2069,68,132,5,Santa Monica,Santa Monica,03728,Los Angeles County (Southwest)--Santa Monica City PUMA,SPA 5,DISTRICT 3,6637376.34960938,12363.0304871515
2258,06037701502,2027,234,0,1793,16,16,0.8,Santa Monica,Santa Monica,03728,Los Angeles County (Southwest)--Santa Monica City PUMA,SPA 5,DISTRICT 3,6589506.19824219,12353.3728082178
2259,06037701601,1704,919,0,785,17,17,1,Santa Monica,Santa Monica,03728,Los Angeles County (Southwest)--Santa Monica City PUMA,SPA 5,DISTRICT 3,13048007.5791016,15857.1485064508
2260,06037701602,2017,558,0,1459,62,62,3.1,Santa Monica,Santa Monica,03728,Los Angeles County (Southwest)--Santa Monica City PUMA,SPA 5,DISTRICT 3,7119703.63183594,13111.1687149614
2261,06037701701,1789,391,0,1398,20,20,1.1,Santa Monica,Santa Monica,03728,Los Angeles County (Southwest)--Santa Monica City PUMA,SPA 5,DISTRICT 3,7049629.85253906,13086.2085033343
2262,06037701702,1663,198,0,1465,69,69,4.1,Santa Monica,Santa Monica,03728,Los Angeles County (Southwest)--Santa Monica City PUMA,SPA 5,DISTRICT 3,6507632.98242188,12302.962526024
2263,06037701801,2743,643,0,2100,197,197,7.2,Santa Monica,Santa Monica,03728,Los Angeles County (Southwest)--Santa Monica City PUMA,SPA 5,DISTRICT 3,20423400.5576172,19261.4567561197
2264,06037701802,2298,469,0,1829,95,95,4.1,Santa Monica,Santa Monica,03728,Los Angeles County (Southwest)--Santa Monica City PUMA,SPA 5,DISTRICT 3,13452197.9453125,15254.7198991257
2265,06037701902,3610,70,0,3540,82,82,2.3,Santa Monica,Santa Monica,03728,Los Angeles County (Southwest)--Santa Monica City PUMA,SPA 5,DISTRICT 3,16582841.3525391,16638.9493271838
2266,06037702002,3328,564,26,2764,167,193,5.8,Santa Monica,Santa Monica,03728,Los Angeles County (Southwest)--Santa Monica City PUMA,SPA 5,DISTRICT 3,10472924.9121094,13179.6359131355
2267,06037702102,3780,828,0,2952,45,45,1.2,Santa Monica,Santa Monica,03728,Los Angeles County (Southwest)--Santa Monica City PUMA,SPA 5,DISTRICT 3,9492257.17675781,13117.7848793109
2268,06037702201,2175,653,0,1522,29,29,1.3,Santa Monica,Santa Monica,03728,Los Angeles County (Southwest)--Santa Monica City PUMA,SPA 5,DISTRICT 3,12958624.328125,15185.8939658987
2269,06037702202,1841,923,16,918,65,81,4.4,Santa Monica,Santa Monica,03728,Los Angeles County (Southwest)--Santa Monica City PUMA,SPA 5,DISTRICT 3,10861050.1816406,13823.7396302931
2270,06037702300,3004,1524,7,1480,0,7,0.2,Santa Monica,Santa Monica,03728,Los Angeles County (Southwest)--Santa Monica City PUMA,SPA 5,DISTRICT 3,27880414.7314453,21111.9066443486
2271,06037702400,2136,828,30,1308,81,111,5.2,Culver City,Culver City,03748,Los Angeles County--LA (Southwest/Marina del Rey & Westchester) & Culver City Cities PUMA,SPA 5,DISTRICT 2,21576564.0927734,23594.118290173
2272,06037702501,2166,1124,0,1042,63,63,2.9,Culver City,Culver City,03748,Los Angeles County--LA (Southwest/Marina del Rey & Westchester) & Culver City Cities PUMA,SPA 5,DISTRICT 2,14580243.5615234,15468.7462728337
2273,06037702502,2209,1581,41,628,0,41,1.9,Culver City,Culver City,03748,Los Angeles County--LA (Southwest/Marina del Rey & Westchester) & Culver City Cities PUMA,SPA 5,DISTRICT 2,19548027.1318359,25369.4258063336
2274,06037702600,2462,1911,11,551,23,34,1.4,Culver City,Culver City,03748,Los Angeles County--LA (Southwest/Marina del Rey & Westchester) & Culver City Cities PUMA,SPA 5,DISTRICT 2,23153855.9785156,23439.0396354809
2275,06037702700,1296,1024,0,272,0,0,0,Culver City,Culver City,03748,Los Angeles County--LA (Southwest/Marina del Rey & Westchester) & Culver City Cities PUMA,SPA 5,DISTRICT 2,14590025.59375,17416.0598915174
2276,06037702801,2037,783,12,1254,107,119,5.8,Culver City,Culver City,03748,Los Angeles County--LA (Southwest/Marina del Rey & Westchester) & Culver City Cities PUMA,SPA 5,DISTRICT 2,12902086.6220703,14944.3193976836
2277,06037702802,982,348,9,634,7,16,1.6,Culver City,Culver City,03748,Los Angeles County--LA (Southwest/Marina del Rey & Westchester) & Culver City Cities PUMA,SPA 5,DISTRICT 2,6331808.59082031,14913.443030161
2278,06037702803,1213,415,8,798,88,96,7.9,Culver City,Culver City,03748,Los Angeles County--LA (Southwest/Marina del Rey & Westchester) & Culver City Cities PUMA,SPA 5,DISTRICT 2,9096240.27539062,27314.7144891627
2279,06037702900,5338,297,0,5041,90,90,1.7,Unincorporated - Marina del Rey,Unincorporated,03748,Los Angeles County--LA (Southwest/Marina del Rey & Westchester) & Culver City Cities PUMA,SPA 5,DISTRICT 2,40534105.5595703,25791.0989886478
2280,06037703002,2858,1837,0,1021,59,59,2.1,Unincorporated - Ladera Heights,Unincorporated,03748,Los Angeles County--LA (Southwest/Marina del Rey & Westchester) & Culver City Cities PUMA,SPA 5,DISTRICT 2,35383158.9121094,27553.691555622
2281,06037703003,3028,1551,111,1477,23,134,4.4,Culver City,Culver City,03748,Los Angeles County--LA (Southwest/Marina del Rey & Westchester) & Culver City Cities PUMA,SPA 5,DISTRICT 2,21770557.5244141,25008.3884118456
2282,06037703100,2488,1790,0,698,94,94,3.8,Unincorporated - View Park/Windsor Hills,Unincorporated,03748,Los Angeles County--LA (Southwest/Marina del Rey & Westchester) & Culver City Cities PUMA,SPA 6,DISTRICT 2,28676215.4707031,26345.4270724809
2283,06037703200,2129,1445,4,684,62,66,3.1,Unincorporated - View Park/Windsor Hills,Unincorporated,03747,Los Angeles County (Central)--LA City (Central/West Adams & Baldwin Hills) PUMA,SPA 6,DISTRICT 2,22624775.7578125,21701.7102492985
2284,06037800101,1893,1759,18,134,0,18,1,Calabasas,Calabasas,03774,"Los Angeles County--Calabasas, Agoura Hills, Malibu & Westlake Village Cities PUMA",SPA 2,DISTRICT 3,87060842.5273438,52710.7689144844
2285,06037800103,1157,1076,58,81,0,58,5,Unincorporated - Santa Monica Mountains,Unincorporated,03774,"Los Angeles County--Calabasas, Agoura Hills, Malibu & Westlake Village Cities PUMA",SPA 2,DISTRICT 3,198523747.951172,77898.6388804685
2286,06037800104,1454,1070,0,384,66,66,4.5,Unincorporated - Santa Monica Mountains,Unincorporated,03774,"Los Angeles County--Calabasas, Agoura Hills, Malibu & Westlake Village Cities PUMA",SPA 2,DISTRICT 3,369066616.949219,145491.925129079
2287,06037800202,1921,1754,23,167,0,23,1.2,Unincorporated - Santa Monica Mountains,Unincorporated,03774,"Los Angeles County--Calabasas, Agoura Hills, Malibu & Westlake Village Cities PUMA",SPA 2,DISTRICT 3,294659684.884766,87412.4920353654
2288,06037800204,1735,1353,0,382,0,0,0,Calabasas,Calabasas,03774,"Los Angeles County--Calabasas, Agoura Hills, Malibu & Westlake Village Cities PUMA",SPA 2,DISTRICT 3,86497366.7070312,57279.2220574504
2289,06037800205,1602,628,0,974,28,28,1.7,Calabasas,Calabasas,03774,"Los Angeles County--Calabasas, Agoura Hills, Malibu & Westlake Village Cities PUMA",SPA 2,DISTRICT 3,14300880.1171875,18524.8130523855
2290,06037800206,1148,1036,1,112,0,1,0.1,Unincorporated - Santa Monica Mountains,Unincorporated,03774,"Los Angeles County--Calabasas, Agoura Hills, Malibu & Westlake Village Cities PUMA",SPA 2,DISTRICT 3,99575156.4765625,49092.5819118381
2291,06037800324,2411,2177,7,234,0,7,0.3,Agoura Hills,Agoura Hills,03774,"Los Angeles County--Calabasas, Agoura Hills, Malibu & Westlake Village Cities PUMA",SPA 2,DISTRICT 3,38499529.5585938,32025.3080254402
2292,06037800325,1348,1060,9,288,0,9,0.7,Westlake Village,Westlake Village,03774,"Los Angeles County--Calabasas, Agoura Hills, Malibu & Westlake Village Cities PUMA",SPA 2,DISTRICT 3,24890973.3300781,24960.3823961868
2293,06037800328,402,326,14,76,4,18,4.5,Unincorporated - Santa Monica Mountains,Unincorporated,03774,"Los Angeles County--Calabasas, Agoura Hills, Malibu & Westlake Village Cities PUMA",SPA 2,DISTRICT 3,103560606.152344,39693.8132452776
2294,06037800333,976,359,0,617,13,13,1.3,Agoura Hills,Agoura Hills,03774,"Los Angeles County--Calabasas, Agoura Hills, Malibu & Westlake Village Cities PUMA",SPA 2,DISTRICT 3,13837195.1582031,18297.7031959371
2295,06037800334,1185,1075,15,110,14,29,2.4,Agoura Hills,Agoura Hills,03774,"Los Angeles County--Calabasas, Agoura Hills, Malibu & Westlake Village Cities PUMA",SPA 2,DISTRICT 3,50985176.2519531,33213.0562702727
2296,06037800335,1746,1402,0,344,0,0,0,Unincorporated - Santa Monica Mountains,Unincorporated,03774,"Los Angeles County--Calabasas, Agoura Hills, Malibu & Westlake Village Cities PUMA",SPA 2,DISTRICT 3,759981088.647461,199829.342164889
2297,06037800336,1190,1079,0,111,0,0,0,Unincorporated - Santa Monica Mountains,Unincorporated,03774,"Los Angeles County--Calabasas, Agoura Hills, Malibu & Westlake Village Cities PUMA",SPA 2,DISTRICT 3,213099284.513672,78536.8083891751
2298,06037800337,1752,693,0,1059,20,20,1.1,Calabasas,Calabasas,03774,"Los Angeles County--Calabasas, Agoura Hills, Malibu & Westlake Village Cities PUMA",SPA 2,DISTRICT 3,30005314.2304688,30787.728623752
2299,06037800338,2029,1752,22,277,0,22,1.1,Agoura Hills,Agoura Hills,03774,"Los Angeles County--Calabasas, Agoura Hills, Malibu & Westlake Village Cities PUMA",SPA 2,DISTRICT 3,68455233.4960938,43392.5967052072
2300,06037800406,730,632,30,98,0,30,4.1,Unincorporated - Santa Monica Mountains,Unincorporated,03774,"Los Angeles County--Calabasas, Agoura Hills, Malibu & Westlake Village Cities PUMA",SPA 5,DISTRICT 3,976063650.044922,183475.848570767
2301,06037800410,531,390,0,141,0,0,0,Unincorporated - Santa Monica Mountains,Unincorporated,03774,"Los Angeles County--Calabasas, Agoura Hills, Malibu & Westlake Village Cities PUMA",SPA 5,DISTRICT 3,398548588.84375,115553.785871521
2302,06037800411,935,736,2,199,2,4,0.4,Malibu,Malibu,03774,"Los Angeles County--Calabasas, Agoura Hills, Malibu & Westlake Village Cities PUMA",SPA 5,DISTRICT 3,96050270.6591797,53132.3574968531
2303,06037800412,1428,1201,10,227,0,10,0.7,Malibu,Malibu,03774,"Los Angeles County--Calabasas, Agoura Hills, Malibu & Westlake Village Cities PUMA",SPA 5,DISTRICT 3,73214182.5087891,59329.7601644764
2304,06037800504,931,585,0,346,43,43,4.6,Unincorporated - Santa Monica Mountains,Unincorporated,03774,"Los Angeles County--Calabasas, Agoura Hills, Malibu & Westlake Village Cities PUMA",SPA 5,DISTRICT 3,231280271.188477,105988.463211082
2305,06037800506,1296,1020,0,276,11,11,0.8,Unincorporated - Santa Monica Mountains,Unincorporated,03774,"Los Angeles County--Calabasas, Agoura Hills, Malibu & Westlake Village Cities PUMA",SPA 5,DISTRICT 3,283541148.054688,93296.0977232051
2306,06037900102,272,192,5,80,4,9,3.3,Unincorporated - Hi Vista,Unincorporated,03772,Los Angeles County (North/Unincorporated)--Castaic PUMA,SPA 1,DISTRICT 5,4740364566.58691,321155.349490372
2307,06037900103,1777,1239,128,538,86,214,12,Unincorporated - Lake Los Angeles,Unincorporated,03772,Los Angeles County (North/Unincorporated)--Castaic PUMA,SPA 1,DISTRICT 5,214978971.254883,63903.4672658966
2308,06037900104,1732,1282,132,450,31,163,9.4,Unincorporated - Lake Los Angeles,Unincorporated,03772,Los Angeles County (North/Unincorporated)--Castaic PUMA,SPA 1,DISTRICT 5,458727153.94043,85970.7075816601
2309,06037900301,966,730,87,236,0,87,9,Lancaster,Lancaster,03772,Los Angeles County (North/Unincorporated)--Castaic PUMA,SPA 1,DISTRICT 5,71471791.4355469,42802.1729926767
2310,06037900501,2155,1521,75,634,50,125,5.8,Lancaster,Lancaster,03703,Los Angeles County (North Central)--Lancaster City PUMA,SPA 1,DISTRICT 5,33540592.5810547,23278.2393451006
2311,06037900504,2063,1253,17,810,86,103,5,Lancaster,Lancaster,03703,Los Angeles County (North Central)--Lancaster City PUMA,SPA 1,DISTRICT 5,113881659.005859,64100.8909137959
2312,06037900505,1244,772,46,472,62,108,8.7,Lancaster,Lancaster,03703,Los Angeles County (North Central)--Lancaster City PUMA,SPA 1,DISTRICT 5,14136935.0449219,15911.8665531995
2313,06037900506,1467,809,58,658,116,174,11.9,Lancaster,Lancaster,03703,Los Angeles County (North Central)--Lancaster City PUMA,SPA 1,DISTRICT 5,14093428.4912109,15915.7432472056
2314,06037900508,1031,910,81,121,0,81,7.9,Lancaster,Lancaster,03703,Los Angeles County (North Central)--Lancaster City PUMA,SPA 1,DISTRICT 5,42818528.3457031,26701.6376705372
2315,06037900509,1248,793,79,455,19,98,7.9,Lancaster,Lancaster,03703,Los Angeles County (North Central)--Lancaster City PUMA,SPA 1,DISTRICT 5,17720102.8417969,18575.9843531354
2316,06037900510,1096,674,21,422,66,87,7.9,Lancaster,Lancaster,03703,Los Angeles County (North Central)--Lancaster City PUMA,SPA 1,DISTRICT 5,24745560.0039062,26533.9721264723
2317,06037900602,1729,1127,131,602,47,178,10.3,Lancaster,Lancaster,03703,Los Angeles County (North Central)--Lancaster City PUMA,SPA 1,DISTRICT 5,55393651.7988281,31556.952644814
2318,06037900606,1461,416,33,1045,56,89,6.1,Lancaster,Lancaster,03703,Los Angeles County (North Central)--Lancaster City PUMA,SPA 1,DISTRICT 5,18824766.1210938,20511.5149744626
2319,06037900607,1173,671,81,502,65,146,12.4,Lancaster,Lancaster,03703,Los Angeles County (North Central)--Lancaster City PUMA,SPA 1,DISTRICT 5,18391853.3916016,19883.1686068924
2320,06037900608,1166,798,76,368,0,76,6.5,Lancaster,Lancaster,03703,Los Angeles County (North Central)--Lancaster City PUMA,SPA 1,DISTRICT 5,14377320.5634766,16059.1643211876
2321,06037900609,1495,858,71,637,47,118,7.9,Lancaster,Lancaster,03703,Los Angeles County (North Central)--Lancaster City PUMA,SPA 1,DISTRICT 5,28156494.8994141,26552.8649923008
2322,06037900610,1181,978,82,203,0,82,6.9,Lancaster,Lancaster,03703,Los Angeles County (North Central)--Lancaster City PUMA,SPA 1,DISTRICT 5,35462336.96875,26585.2612798878
2323,06037900611,1244,1145,85,99,16,101,8.1,Lancaster,Lancaster,03703,Los Angeles County (North Central)--Lancaster City PUMA,SPA 1,DISTRICT 5,21187858.1083984,21261.5687573199
2324,06037900701,1449,806,47,643,37,84,5.8,Lancaster,Lancaster,03703,Los Angeles County (North Central)--Lancaster City PUMA,SPA 1,DISTRICT 5,22591096.9902344,19145.7913806921
2325,06037900703,2107,412,0,1695,88,88,4.2,Lancaster,Lancaster,03703,Los Angeles County (North Central)--Lancaster City PUMA,SPA 1,DISTRICT 5,27947360.7783203,21124.2655412964
2326,06037900704,1576,8,0,1568,106,106,6.7,Lancaster,Lancaster,03703,Los Angeles County (North Central)--Lancaster City PUMA,SPA 1,DISTRICT 5,55752262.8125,31793.71380065
2327,06037900705,1940,413,31,1527,106,137,7.1,Lancaster,Lancaster,03703,Los Angeles County (North Central)--Lancaster City PUMA,SPA 1,DISTRICT 5,56796819.2861328,31921.3026961384
2328,06037900804,1029,492,58,537,66,124,12.1,Lancaster,Lancaster,03703,Los Angeles County (North Central)--Lancaster City PUMA,SPA 1,DISTRICT 5,16015598.9638672,16699.4284911134
2329,06037900805,1531,1215,213,316,88,301,19.7,Lancaster,Lancaster,03703,Los Angeles County (North Central)--Lancaster City PUMA,SPA 1,DISTRICT 5,28396023.0791016,21290.2639904099
2330,06037900806,2054,185,0,1869,50,50,2.4,Lancaster,Lancaster,03703,Los Angeles County (North Central)--Lancaster City PUMA,SPA 1,DISTRICT 5,19306883.7988281,17959.3674774117
2331,06037900807,1203,864,12,339,0,12,1,Lancaster,Lancaster,03703,Los Angeles County (North Central)--Lancaster City PUMA,SPA 1,DISTRICT 5,14179242.1572266,16005.9151226889
2332,06037900808,1355,931,11,424,34,45,3.3,Lancaster,Lancaster,03703,Los Angeles County (North Central)--Lancaster City PUMA,SPA 1,DISTRICT 5,14195719.4853516,15953.3652150856
2333,06037900901,933,450,0,483,61,61,6.5,Lancaster,Lancaster,03703,Los Angeles County (North Central)--Lancaster City PUMA,SPA 1,DISTRICT 5,1019099646.77734,152975.07757222
2334,06037900902,617,574,9,43,0,9,1.5,Unincorporated - North Lancaster,Unincorporated,03703,Los Angeles County (North Central)--Lancaster City PUMA,SPA 1,DISTRICT 5,1279536980.20508,176445.997687674
2335,06037901003,0,0,0,0,0,0,0,Lancaster,Lancaster,03703,Los Angeles County (North Central)--Lancaster City PUMA,SPA 1,DISTRICT 5,28092001.7382812,21201.2459577254
2336,06037901007,764,676,12,88,12,24,3.1,Lancaster,Lancaster,03703,Los Angeles County (North Central)--Lancaster City PUMA,SPA 1,DISTRICT 5,56108251.2128906,31593.2467272496
2337,06037901008,1087,539,19,548,29,48,4.4,Lancaster,Lancaster,03703,Los Angeles County (North Central)--Lancaster City PUMA,SPA 1,DISTRICT 5,28851001.25,21511.7448196616
2338,06037901009,1939,1307,59,632,37,96,5,Lancaster,Lancaster,03703,Los Angeles County (North Central)--Lancaster City PUMA,SPA 1,DISTRICT 5,28583223.5683594,21385.9585951955
2339,06037901010,1878,1287,31,591,0,31,1.7,Lancaster,Lancaster,03703,Los Angeles County (North Central)--Lancaster City PUMA,SPA 1,DISTRICT 5,28667174.6054688,21445.8443696747
2340,06037901011,1999,931,0,1068,75,75,3.8,Lancaster,Lancaster,03703,Los Angeles County (North Central)--Lancaster City PUMA,SPA 1,DISTRICT 5,28728508.8369141,21421.3416249292
2341,06037901012,1735,1529,17,206,0,17,1,Lancaster,Lancaster,03703,Los Angeles County (North Central)--Lancaster City PUMA,SPA 1,DISTRICT 5,41758970.8808594,26390.1552891928
2342,06037901013,1310,1079,3,231,18,21,1.6,Lancaster,Lancaster,03703,Los Angeles County (North Central)--Lancaster City PUMA,SPA 1,DISTRICT 5,31779659.1875,26568.9957359494
2343,06037901014,1459,1157,40,302,0,40,2.7,Lancaster,Lancaster,03703,Los Angeles County (North Central)--Lancaster City PUMA,SPA 1,DISTRICT 5,67319398.8740234,37206.8150649142
2344,06037901101,1722,1269,63,453,118,181,10.5,Lancaster,Lancaster,03703,Los Angeles County (North Central)--Lancaster City PUMA,SPA 1,DISTRICT 5,56253977.2216797,31893.42804301
2345,06037901102,1921,1394,0,527,0,0,0,Unincorporated - Quartz Hill,Unincorporated,03703,Los Angeles County (North Central)--Lancaster City PUMA,SPA 1,DISTRICT 5,54950735.4892578,31447.0204820934
2346,06037901209,447,325,11,122,0,11,2.5,Unincorporated - West Antelope Valley,Unincorporated,03772,Los Angeles County (North/Unincorporated)--Castaic PUMA,SPA 1,DISTRICT 5,6436282265.49219,561577.616410539
2347,06037901210,665,621,48,44,0,48,7.2,Unincorporated - Elizabeth Lake,Unincorporated,03772,Los Angeles County (North/Unincorporated)--Castaic PUMA,SPA 1,DISTRICT 5,247876664.729492,98387.6172709644
2348,06037901214,1493,1288,26,205,14,40,2.7,Lancaster,Lancaster,03703,Los Angeles County (North Central)--Lancaster City PUMA,SPA 1,DISTRICT 5,56018517.3867188,31792.6922375588
2349,06037901215,1542,894,62,648,8,70,4.5,Lancaster,Lancaster,03703,Los Angeles County (North Central)--Lancaster City PUMA,SPA 1,DISTRICT 5,28017500.4257812,21186.7331736328
2350,06037901216,938,938,26,0,0,26,2.8,Lancaster,Lancaster,03703,Los Angeles County (North Central)--Lancaster City PUMA,SPA 1,DISTRICT 5,446962624.985352,94385.8773415759
2351,06037901217,543,517,0,26,0,0,0,Unincorporated - Leona Valley,Unincorporated,03772,Los Angeles County (North/Unincorporated)--Castaic PUMA,SPA 1,DISTRICT 5,626699741.239258,176955.314810629
2352,06037901218,748,748,0,0,0,0,0,Palmdale,Palmdale,03772,Los Angeles County (North/Unincorporated)--Castaic PUMA,SPA 1,DISTRICT 5,113078817.381836,43242.0164659506
2353,06037901300,501,311,53,190,14,67,13.4,Unincorporated - Roosevelt,Unincorporated,03772,Los Angeles County (North/Unincorporated)--Castaic PUMA,SPA 1,DISTRICT 5,2903106188.87988,295702.224791787
2354,06037910002,2050,1556,213,494,10,223,10.9,Unincorporated - Littlerock/Pearblossom,Unincorporated,03772,Los Angeles County (North/Unincorporated)--Castaic PUMA,SPA 1,DISTRICT 5,781316085.119141,130513.620545305
2355,06037910210,2186,1895,24,291,74,98,4.5,Palmdale,Palmdale,03704,Los Angeles County (North Central)--Palmdale City PUMA,SPA 1,DISTRICT 5,34228213.0029297,25195.572900281
2356,06037910211,511,423,9,88,0,9,1.8,Lancaster,Lancaster,03704,Los Angeles County (North Central)--Palmdale City PUMA,SPA 1,DISTRICT 5,43908118.3408203,26608.0850323705
2357,06037910212,1058,677,59,381,36,95,9,Unincorporated - White Fence Farms,Unincorporated,03704,Los Angeles County (North Central)--Palmdale City PUMA,SPA 1,DISTRICT 5,152306752.613281,63557.4839862597
2358,06037910213,508,374,30,134,0,30,5.9,Unincorporated - Anaverde,Unincorporated,03704,Los Angeles County (North Central)--Palmdale City PUMA,SPA 1,DISTRICT 5,315391192.014648,80024.2161928389
2359,06037910214,1638,1312,66,326,0,66,4,Palmdale,Palmdale,03704,Los Angeles County (North Central)--Palmdale City PUMA,SPA 1,DISTRICT 5,47275566.8212891,32864.013020531
2360,06037910215,2064,1460,6,604,0,6,0.3,Palmdale,Palmdale,03704,Los Angeles County (North Central)--Palmdale City PUMA,SPA 1,DISTRICT 5,34675513.6923828,25883.351586798
2361,06037910216,1339,1131,24,208,0,24,1.8,Palmdale,Palmdale,03704,Los Angeles County (North Central)--Palmdale City PUMA,SPA 1,DISTRICT 5,29924404.4443359,28656.3080519515
2362,06037910217,1731,1573,9,158,0,9,0.5,Palmdale,Palmdale,03704,Los Angeles County (North Central)--Palmdale City PUMA,SPA 1,DISTRICT 5,645720322.558594,154147.260009915
2363,06037910218,1498,851,64,647,0,64,4.3,Palmdale,Palmdale,03704,Los Angeles County (North Central)--Palmdale City PUMA,SPA 1,DISTRICT 5,180489115.273438,59795.2428593557
2364,06037910301,1590,1208,8,382,8,16,1,Unincorporated - Quartz Hill,Unincorporated,03704,Los Angeles County (North Central)--Palmdale City PUMA,SPA 1,DISTRICT 5,42459967.7431641,27767.2390158133
2365,06037910302,1936,1838,58,98,0,58,3,Palmdale,Palmdale,03704,Los Angeles County (North Central)--Palmdale City PUMA,SPA 1,DISTRICT 5,43515167.4101562,30050.3567955198
2366,06037910401,1995,947,62,1048,192,254,12.7,Palmdale,Palmdale,03704,Los Angeles County (North Central)--Palmdale City PUMA,SPA 1,DISTRICT 5,101345401.672852,40497.9726156977
2367,06037910404,1235,650,88,585,140,228,18.5,Palmdale,Palmdale,03704,Los Angeles County (North Central)--Palmdale City PUMA,SPA 1,DISTRICT 5,27801854.8242188,20663.921394957
2368,06037910405,1660,394,43,1266,253,296,17.8,Palmdale,Palmdale,03704,Los Angeles County (North Central)--Palmdale City PUMA,SPA 1,DISTRICT 5,25815393.8291016,20568.2263058003
2369,06037910501,2104,50,22,2054,457,479,22.8,Palmdale,Palmdale,03704,Los Angeles County (North Central)--Palmdale City PUMA,SPA 1,DISTRICT 5,16122056.8583984,16720.3663186979
2370,06037910502,1320,499,92,821,43,135,10.2,Palmdale,Palmdale,03704,Los Angeles County (North Central)--Palmdale City PUMA,SPA 1,DISTRICT 5,21565198.8574219,18775.7476622286
2371,06037910504,1071,642,47,429,109,156,14.6,Palmdale,Palmdale,03704,Los Angeles County (North Central)--Palmdale City PUMA,SPA 1,DISTRICT 5,17001748.7470703,18950.1813809496
2372,06037910505,847,625,5,222,23,28,3.3,Palmdale,Palmdale,03704,Los Angeles County (North Central)--Palmdale City PUMA,SPA 1,DISTRICT 5,17334321.3779297,23042.8515116296
2373,06037910601,1641,1132,116,509,34,150,9.1,Palmdale,Palmdale,03704,Los Angeles County (North Central)--Palmdale City PUMA,SPA 1,DISTRICT 5,28603167.8398438,26964.8274383239
2374,06037910602,1490,610,140,880,16,156,10.5,Palmdale,Palmdale,03704,Los Angeles County (North Central)--Palmdale City PUMA,SPA 1,DISTRICT 5,21509154.7333984,21295.8491865276
2375,06037910605,1339,862,40,477,57,97,7.2,Palmdale,Palmdale,03704,Los Angeles County (North Central)--Palmdale City PUMA,SPA 1,DISTRICT 5,14515395.4033203,16155.6594020495
2376,06037910606,739,490,39,249,50,89,12,Palmdale,Palmdale,03704,Los Angeles County (North Central)--Palmdale City PUMA,SPA 1,DISTRICT 5,14661258.4326172,16243.441610298
2377,06037910607,1162,559,16,603,49,65,5.6,Palmdale,Palmdale,03704,Los Angeles County (North Central)--Palmdale City PUMA,SPA 1,DISTRICT 5,13167866.1054688,15829.2477117321
2378,06037910608,1018,647,71,371,27,98,9.6,Palmdale,Palmdale,03704,Los Angeles County (North Central)--Palmdale City PUMA,SPA 1,DISTRICT 5,15138723.8935547,17611.7718157832
2379,06037910706,1709,1386,117,323,78,195,11.4,Palmdale,Palmdale,03704,Los Angeles County (North Central)--Palmdale City PUMA,SPA 1,DISTRICT 5,222900668.001953,73606.6854531872
2380,06037910707,1594,776,61,818,67,128,8,Palmdale,Palmdale,03704,Los Angeles County (North Central)--Palmdale City PUMA,SPA 1,DISTRICT 5,72404008.3173828,34979.4675405205
2381,06037910709,473,379,33,94,0,33,7,Unincorporated - Southeast Antelope Valley,Unincorporated,03704,Los Angeles County (North Central)--Palmdale City PUMA,SPA 1,DISTRICT 5,155942386.480469,61759.2724858087
2382,06037910712,854,737,48,117,0,48,5.6,Palmdale,Palmdale,03704,Los Angeles County (North Central)--Palmdale City PUMA,SPA 1,DISTRICT 5,22313338.2568359,19245.5127029895
2383,06037910713,1578,1295,219,283,28,247,15.7,Palmdale,Palmdale,03704,Los Angeles County (North Central)--Palmdale City PUMA,SPA 1,DISTRICT 5,21329648.5654297,18665.4654122398
2384,06037910714,973,793,80,180,31,111,11.4,Palmdale,Palmdale,03704,Los Angeles County (North Central)--Palmdale City PUMA,SPA 1,DISTRICT 5,10808937.9833984,13479.1683111822
2385,06037910715,1910,1566,113,344,40,153,8,Palmdale,Palmdale,03704,Los Angeles County (North Central)--Palmdale City PUMA,SPA 1,DISTRICT 5,21303749.3740234,21463.2076501728
2386,06037910716,1672,1221,74,451,57,131,7.8,Palmdale,Palmdale,03704,Los Angeles County (North Central)--Palmdale City PUMA,SPA 1,DISTRICT 5,26754331.9414062,24630.4512175699
2387,06037910717,586,474,48,112,0,48,8.2,Palmdale,Palmdale,03704,Los Angeles County (North Central)--Palmdale City PUMA,SPA 1,DISTRICT 5,18633565.5429688,18922.3829040676
2388,06037910718,1282,1118,82,164,0,82,6.4,Palmdale,Palmdale,03704,Los Angeles County (North Central)--Palmdale City PUMA,SPA 1,DISTRICT 5,21765200.9072266,20279.3647429436
2389,06037910719,1029,809,0,220,24,24,2.3,Palmdale,Palmdale,03704,Los Angeles County (North Central)--Palmdale City PUMA,SPA 1,DISTRICT 5,21446946.8027344,21431.6698818729
2390,06037910720,1510,989,174,521,51,225,14.9,Palmdale,Palmdale,03704,Los Angeles County (North Central)--Palmdale City PUMA,SPA 1,DISTRICT 5,18059097.8017578,18849.0017628496
2391,06037910721,1048,488,7,560,0,7,0.7,Palmdale,Palmdale,03704,Los Angeles County (North Central)--Palmdale City PUMA,SPA 1,DISTRICT 5,21061701.8066406,24061.2286180204
2392,06037910804,1052,1008,33,44,0,33,3.1,Unincorporated - Acton,Unincorporated,03772,Los Angeles County (North/Unincorporated)--Castaic PUMA,SPA 1,DISTRICT 5,562233065.492188,120684.026357298
2393,06037910807,1868,1597,10,271,33,43,2.3,Santa Clarita,Santa Clarita,03771,Los Angeles County (Northwest)--Santa Clarita City (South) PUMA,SPA 2,DISTRICT 5,59607061.1191406,37577.7821338052
2394,06037910808,1152,1127,71,25,0,71,6.2,Unincorporated - Agua Dulce,Unincorporated,03771,Los Angeles County (Northwest)--Santa Clarita City (South) PUMA,SPA 2,DISTRICT 5,116321363.050781,61046.8244610022
2395,06037910809,662,597,19,65,0,19,2.9,Santa Clarita,Santa Clarita,03771,Los Angeles County (Northwest)--Santa Clarita City (South) PUMA,SPA 2,DISTRICT 5,104430177.231445,47722.9042050232
2396,06037910810,836,779,110,57,0,110,13.2,Unincorporated - Agua Dulce,Unincorporated,03771,Los Angeles County (Northwest)--Santa Clarita City (South) PUMA,SPA 2,DISTRICT 5,238300070.680664,70739.0255812594
2397,06037910814,1245,1145,69,100,0,69,5.5,Unincorporated - Agua Dulce,Unincorporated,03772,Los Angeles County (North/Unincorporated)--Castaic PUMA,SPA 1,DISTRICT 5,863049389.992188,155980.697155897
2398,06037910815,1796,1503,151,293,0,151,8.4,Unincorporated - Angeles National Forest,Unincorporated,03772,Los Angeles County (North/Unincorporated)--Castaic PUMA,SPA 1,DISTRICT 5,5073867419.47949,460233.463407025
2399,06037911001,1306,1117,51,189,24,75,5.7,Unincorporated - Llano,Unincorporated,03772,Los Angeles County (North/Unincorporated)--Castaic PUMA,SPA 1,DISTRICT 5,4027410984.02148,352758.036971817
2400,06037911100,2021,1164,97,857,216,313,15.5,Unincorporated - Palmdale,Unincorporated,03704,Los Angeles County (North Central)--Palmdale City PUMA,SPA 1,DISTRICT 5,1747616716.09375,225040.374067514
2401,06037920013,2373,2104,15,269,0,15,0.6,Santa Clarita,Santa Clarita,03773,Los Angeles County (Northwest)--Santa Clarita City (North) PUMA,SPA 2,DISTRICT 5,87893384.7822266,45407.6215085818
2402,06037920015,1991,1924,30,67,0,30,1.5,Santa Clarita,Santa Clarita,03773,Los Angeles County (Northwest)--Santa Clarita City (North) PUMA,SPA 2,DISTRICT 5,92117195.0517578,57940.5166331614
2403,06037920016,1596,1248,0,348,0,0,0,Santa Clarita,Santa Clarita,03773,Los Angeles County (Northwest)--Santa Clarita City (North) PUMA,SPA 2,DISTRICT 5,22894704.4111328,21697.958206467
2404,06037920017,1363,1091,34,272,0,34,2.5,Santa Clarita,Santa Clarita,03773,Los Angeles County (Northwest)--Santa Clarita City (North) PUMA,SPA 2,DISTRICT 5,22469546.7548828,20316.5554830286
2405,06037920018,703,662,10,41,0,10,1.4,Santa Clarita,Santa Clarita,03773,Los Angeles County (Northwest)--Santa Clarita City (North) PUMA,SPA 2,DISTRICT 5,10374283.7480469,12978.0159958535
2406,06037920020,1942,1685,20,257,0,20,1,Santa Clarita,Santa Clarita,03773,Los Angeles County (Northwest)--Santa Clarita City (North) PUMA,SPA 2,DISTRICT 5,116652652.28125,61422.6744750934
2407,06037920028,2481,2185,9,296,0,9,0.4,Santa Clarita,Santa Clarita,03773,Los Angeles County (Northwest)--Santa Clarita City (North) PUMA,SPA 2,DISTRICT 5,27318383.2607422,29474.2956743725
2408,06037920029,1202,897,18,305,8,26,2.2,Santa Clarita,Santa Clarita,03773,Los Angeles County (Northwest)--Santa Clarita City (North) PUMA,SPA 2,DISTRICT 5,26316452.3144531,29149.9390498452
2409,06037920030,1945,1543,111,402,39,150,7.7,Santa Clarita,Santa Clarita,03771,Los Angeles County (Northwest)--Santa Clarita City (South) PUMA,SPA 2,DISTRICT 5,28869135.578125,23277.8024701877
2410,06037920031,2664,2267,31,397,0,31,1.2,Santa Clarita,Santa Clarita,03771,Los Angeles County (Northwest)--Santa Clarita City (South) PUMA,SPA 2,DISTRICT 5,72582062.4169922,51133.0357237463
2411,06037920034,1601,1310,51,291,9,60,3.7,Santa Clarita,Santa Clarita,03773,Los Angeles County (Northwest)--Santa Clarita City (North) PUMA,SPA 2,DISTRICT 5,96587529.3300781,43511.5341104348
2412,06037920035,2411,1510,95,901,146,241,10,Santa Clarita,Santa Clarita,03773,Los Angeles County (Northwest)--Santa Clarita City (North) PUMA,SPA 2,DISTRICT 5,26795145.9570312,19942.548487401
2413,06037920038,1698,769,106,929,166,272,16,Santa Clarita,Santa Clarita,03771,Los Angeles County (Northwest)--Santa Clarita City (South) PUMA,SPA 2,DISTRICT 5,10673694.671875,19672.5651139175
2414,06037920039,554,517,2,37,12,14,2.5,Santa Clarita,Santa Clarita,03771,Los Angeles County (Northwest)--Santa Clarita City (South) PUMA,SPA 2,DISTRICT 5,11250212.3701172,16553.184766246
2415,06037920040,883,713,0,170,13,13,1.5,Santa Clarita,Santa Clarita,03771,Los Angeles County (Northwest)--Santa Clarita City (South) PUMA,SPA 2,DISTRICT 5,31831620.8378906,25069.7536004312
2416,06037920041,1181,509,17,672,180,197,16.7,Santa Clarita,Santa Clarita,03771,Los Angeles County (Northwest)--Santa Clarita City (South) PUMA,SPA 2,DISTRICT 5,19432345.7050781,20965.489259748
2417,06037920042,2607,1544,31,1063,26,57,2.2,Santa Clarita,Santa Clarita,03771,Los Angeles County (Northwest)--Santa Clarita City (South) PUMA,SPA 2,DISTRICT 5,40785764.4003906,39448.7796711537
2418,06037920043,2513,2164,23,349,0,23,0.9,Santa Clarita,Santa Clarita,03771,Los Angeles County (Northwest)--Santa Clarita City (South) PUMA,SPA 2,DISTRICT 5,201041369.640625,67126.0074763778
2419,06037920044,841,616,32,225,12,44,5.2,Santa Clarita,Santa Clarita,03773,Los Angeles County (Northwest)--Santa Clarita City (North) PUMA,SPA 2,DISTRICT 5,10665707.921875,14723.7533847363
2420,06037920045,1458,1314,0,144,0,0,0,Santa Clarita,Santa Clarita,03773,Los Angeles County (Northwest)--Santa Clarita City (North) PUMA,SPA 2,DISTRICT 5,20258147.1005859,19688.5838734222
2421,06037920046,563,349,0,214,94,94,16.7,Santa Clarita,Santa Clarita,03771,Los Angeles County (Northwest)--Santa Clarita City (South) PUMA,SPA 2,DISTRICT 5,4804013.95800781,14331.0326421679
2422,06037920047,1815,0,0,1815,563,563,31,Santa Clarita,Santa Clarita,03771,Los Angeles County (Northwest)--Santa Clarita City (South) PUMA,SPA 2,DISTRICT 5,5498335.14648438,11403.5816124195
2423,06037920048,1769,1352,38,417,103,141,8,Santa Clarita,Santa Clarita,03773,Los Angeles County (Northwest)--Santa Clarita City (North) PUMA,SPA 2,DISTRICT 5,28600801.5605469,31654.8187273352
2424,06037920049,1851,1691,0,160,9,9,0.5,Unincorporated - Saugus/Canyon Country,Unincorporated,03773,Los Angeles County (Northwest)--Santa Clarita City (North) PUMA,SPA 2,DISTRICT 5,305651122.750977,92113.0421317359
2425,06037920050,551,433,30,118,6,36,6.5,Unincorporated - San Francisquito Canyon/Bouquet Canyon,Unincorporated,03772,Los Angeles County (North/Unincorporated)--Castaic PUMA,SPA 2,DISTRICT 5,2503556520.84668,282622.946408367
2426,06037920102,1670,893,30,777,31,61,3.7,Unincorporated - Castaic,Unincorporated,03772,Los Angeles County (North/Unincorporated)--Castaic PUMA,SPA 2,DISTRICT 5,6693061646.64453,422769.78087351
2427,06037920104,866,798,0,68,0,0,0,Unincorporated - Castaic,Unincorporated,03772,Los Angeles County (North/Unincorporated)--Castaic PUMA,SPA 2,DISTRICT 5,1700898551.67383,224727.950118887
2428,06037920106,981,846,92,135,0,92,9.4,Unincorporated - Val Verde,Unincorporated,03772,Los Angeles County (North/Unincorporated)--Castaic PUMA,SPA 2,DISTRICT 5,505982097.988281,105592.086559072
2429,06037920109,1959,1259,14,700,43,57,2.9,Santa Clarita,Santa Clarita,03773,Los Angeles County (Northwest)--Santa Clarita City (North) PUMA,SPA 2,DISTRICT 5,23878449.1425781,26541.8633336914
2430,06037920110,990,631,9,359,52,61,6.2,Santa Clarita,Santa Clarita,03773,Los Angeles County (Northwest)--Santa Clarita City (North) PUMA,SPA 2,DISTRICT 5,11362734.3544922,16643.0464209038
2431,06037920111,1049,877,0,172,0,0,0,Santa Clarita,Santa Clarita,03773,Los Angeles County (Northwest)--Santa Clarita City (North) PUMA,SPA 2,DISTRICT 5,12414323.2119141,19055.0346648293
2432,06037920112,1513,1094,37,419,0,37,2.4,Santa Clarita,Santa Clarita,03773,Los Angeles County (Northwest)--Santa Clarita City (North) PUMA,SPA 2,DISTRICT 5,18534742.8808594,17496.6359217929
2433,06037920114,2154,1199,0,955,60,60,2.8,Santa Clarita,Santa Clarita,03773,Los Angeles County (Northwest)--Santa Clarita City (North) PUMA,SPA 2,DISTRICT 5,30449335.2314453,35666.4505401248
2434,06037920115,1723,1018,21,705,118,139,8.1,Santa Clarita,Santa Clarita,03773,Los Angeles County (Northwest)--Santa Clarita City (North) PUMA,SPA 2,DISTRICT 5,38887774.7070312,34496.1478809469
2435,06037920116,1548,1444,51,104,0,51,3.3,Unincorporated - Castaic,Unincorporated,03772,Los Angeles County (North/Unincorporated)--Castaic PUMA,SPA 2,DISTRICT 5,80136979.3730469,42960.3332099184
2436,06037920118,1851,1696,53,155,17,70,3.8,Unincorporated - Castaic,Unincorporated,03772,Los Angeles County (North/Unincorporated)--Castaic PUMA,SPA 2,DISTRICT 5,30532752.4599609,30431.4723670718
2437,06037920119,541,526,12,15,0,12,2.2,Unincorporated - Castaic,Unincorporated,03772,Los Angeles County (North/Unincorporated)--Castaic PUMA,SPA 2,DISTRICT 5,53749196.9873047,32568.5714295084
2438,06037920120,1020,938,20,82,0,20,2,Santa Clarita,Santa Clarita,03773,Los Angeles County (Northwest)--Santa Clarita City (North) PUMA,SPA 2,DISTRICT 5,78999993.3115234,42673.7161946722
2439,06037920121,3369,2529,14,840,60,74,2.2,Santa Clarita,Santa Clarita,03773,Los Angeles County (Northwest)--Santa Clarita City (North) PUMA,SPA 2,DISTRICT 5,131135402.611328,62685.2823364299
2440,06037920200,0,0,0,0,0,0,0,Unincorporated - Castaic,Unincorporated,03772,Los Angeles County (North/Unincorporated)--Castaic PUMA,SPA 2,DISTRICT 5,122272284.838867,64177.0482458779
2441,06037920303,710,318,0,392,24,24,3.4,Unincorporated - Twin Lakes/Oat Mountain,Unincorporated,03772,Los Angeles County (North/Unincorporated)--Castaic PUMA,SPA 2,DISTRICT 5,555322292.119141,133915.982990735
2442,06037920312,2061,1114,50,947,22,72,3.5,Santa Clarita,Santa Clarita,03771,Los Angeles County (Northwest)--Santa Clarita City (South) PUMA,SPA 2,DISTRICT 5,146490408.087891,58179.5384436556
2443,06037920313,1660,1485,41,175,11,52,3.1,Santa Clarita,Santa Clarita,03771,Los Angeles County (Northwest)--Santa Clarita City (South) PUMA,SPA 2,DISTRICT 5,30920315.2070312,24540.4492603705
2444,06037920314,982,760,26,222,49,75,7.6,Santa Clarita,Santa Clarita,03771,Los Angeles County (Northwest)--Santa Clarita City (South) PUMA,SPA 2,DISTRICT 5,121643575.262695,51615.9299920018
2445,06037920322,1003,783,48,220,26,74,7.4,Santa Clarita,Santa Clarita,03771,Los Angeles County (Northwest)--Santa Clarita City (South) PUMA,SPA 2,DISTRICT 5,11244969.2832031,15123.4559612344
2446,06037920326,2535,1289,20,1246,50,70,2.8,Unincorporated - Stevenson Ranch,Unincorporated,03772,Los Angeles County (North/Unincorporated)--Castaic PUMA,SPA 2,DISTRICT 5,789465103.092773,158966.970988517
2447,06037920328,882,479,0,403,40,40,4.5,Santa Clarita,Santa Clarita,03773,Los Angeles County (Northwest)--Santa Clarita City (North) PUMA,SPA 2,DISTRICT 5,25338977.1123047,20625.6284505492
2448,06037920329,2071,1438,14,633,9,23,1.1,Santa Clarita,Santa Clarita,03773,Los Angeles County (Northwest)--Santa Clarita City (North) PUMA,SPA 2,DISTRICT 5,23559837.9980469,20624.2712934366
2449,06037920330,2131,1475,0,656,5,5,0.2,Santa Clarita,Santa Clarita,03771,Los Angeles County (Northwest)--Santa Clarita City (South) PUMA,SPA 2,DISTRICT 5,34776609.5634766,23769.1445598305
2450,06037920331,1379,1026,0,353,2,2,0.1,Santa Clarita,Santa Clarita,03771,Los Angeles County (Northwest)--Santa Clarita City (South) PUMA,SPA 2,DISTRICT 5,16170743.8681641,16276.5974396083
2451,06037920332,599,485,26,114,7,33,5.5,Santa Clarita,Santa Clarita,03771,Los Angeles County (Northwest)--Santa Clarita City (South) PUMA,SPA 2,DISTRICT 5,41992979.4736328,31883.7665438507
2452,06037920334,2364,1622,15,742,33,48,2,Santa Clarita,Santa Clarita,03771,Los Angeles County (Northwest)--Santa Clarita City (South) PUMA,SPA 2,DISTRICT 5,29473447.5166016,22094.6099327775
2453,06037920338,1738,1534,27,204,9,36,2.1,Unincorporated - Stevenson Ranch,Unincorporated,03772,Los Angeles County (North/Unincorporated)--Castaic PUMA,SPA 2,DISTRICT 5,39962478.4628906,33327.8094503035
2454,06037920339,3280,2105,34,1175,0,34,1,Unincorporated - Stevenson Ranch,Unincorporated,03772,Los Angeles County (North/Unincorporated)--Castaic PUMA,SPA 2,DISTRICT 5,367411756.419922,86610.7808267896
2455,06037920340,737,356,14,381,114,128,17.4,Santa Clarita,Santa Clarita,03771,Los Angeles County (Northwest)--Santa Clarita City (South) PUMA,SPA 2,DISTRICT 5,11595970.4316406,16582.8152231444
2456,06037920341,821,53,0,768,235,235,28.6,Santa Clarita,Santa Clarita,03771,Los Angeles County (Northwest)--Santa Clarita City (South) PUMA,SPA 2,DISTRICT 5,6270641.17871094,13127.2967191897
2457,06037920342,849,266,0,583,131,131,15.4,Santa Clarita,Santa Clarita,03771,Los Angeles County (Northwest)--Santa Clarita City (South) PUMA,SPA 2,DISTRICT 5,8708360.5859375,14395.8356186662
2458,06037920343,1210,499,153,711,100,253,20.9,Santa Clarita,Santa Clarita,03771,Los Angeles County (Northwest)--Santa Clarita City (South) PUMA,SPA 2,DISTRICT 5,10721297.1845703,14219.9831617541
2459,06037930400,359,266,6,93,0,6,1.7,Unincorporated - Angeles National Forest,Unincorporated,03709,Los Angeles County (Central)--San Gabriel Valley Region (North) PUMA,SPA 3,DISTRICT 5,16087012386.3809,915817.388733234
2460,06037980001,0,0,0,0,0,0,0,Burbank,Burbank,03720,Los Angeles County (Central)--Burbank City PUMA,SPA 2,DISTRICT 5,25096914.2490234,22256.0709884349
2461,06037980002,0,0,0,0,0,0,0,Carson,Carson,03762,Los Angeles County (South Central)--Carson City PUMA,SPA 8,DISTRICT 2,75017587.0195312,37716.9596929254
2462,06037980003,0,0,0,0,0,0,0,Unincorporated - South Edwards,Unincorporated,03772,Los Angeles County (North/Unincorporated)--Castaic PUMA,SPA 1,DISTRICT 5,2078800514.33984,272535.379351773
2463,06037980004,0,0,0,0,0,0,0,Palmdale,Palmdale,03704,Los Angeles County (North Central)--Palmdale City PUMA,SPA 1,DISTRICT 5,385848726.672852,88089.832099863
2464,06037980005,0,0,0,0,0,0,0,Torrance,Torrance,03761,Los Angeles County (South Central)--Torrance City PUMA,SPA 8,DISTRICT 4,43631668.5859375,31657.8607485741
2465,06037980006,0,0,0,0,0,0,0,Long Beach,Long Beach,03779,Los Angeles County (Southeast)--Long Beach City (East) PUMA,SPA 8,DISTRICT 4,36222885.5537109,38029.0094850612
2466,06037980007,0,0,0,0,0,0,0,Long Beach,Long Beach,03779,Los Angeles County (Southeast)--Long Beach City (East) PUMA,SPA 8,DISTRICT 4,29099400.9414062,24048.9798919262
2467,06037980008,25,0,0,25,0,0,0,Los Angeles - Van Nuys,Los Angeles,03724,Los Angeles County (Northwest)--LA City (Northwest/Encino & Tarzana) PUMA,SPA 2,DISTRICT 3,36334710.6191406,33604.9573734122
2468,06037980009,0,0,0,0,0,0,0,Los Angeles - Los Feliz,Los Angeles,03720,Los Angeles County (Central)--Burbank City PUMA,SPA 4,DISTRICT 5,228435022.09375,77977.5283118744
2469,06037980010,76,8,0,68,15,15,19.7,Los Angeles - Elysian Park,Los Angeles,03734,"Los Angeles County--LA City (East Central/Silver Lake, Echo Park & Westlake) PUMA",SPA 4,DISTRICT 1,41407037.6708984,34887.1741294897
2470,06037980011,12,12,0,0,0,0,0,Long Beach,Long Beach,03766,Los Angeles County (South)--Long Beach City (Southwest & Port) PUMA,SPA 8,DISTRICT 4,14809043.3935547,17568.9580068712
2471,06037980012,0,0,0,0,0,0,0,Downey,Downey,03753,Los Angeles County (South)--Downey City PUMA,SPA 7,DISTRICT 4,9903166.38671875,15069.6010450685
2472,06037980013,0,0,0,0,0,0,0,El Segundo,El Segundo,03760,"Los Angeles County--Redondo Beach, Manhattan Beach & Hermosa Beach Cities PUMA",SPA 8,DISTRICT 2,57053871.7119141,33824.6054044418
2473,06037980014,10,4,0,6,0,0,0,Los Angeles - Wilmington,Los Angeles,03767,Los Angeles County (South)--LA City (South/San Pedro) PUMA,SPA 8,DISTRICT 4,80403008.5507812,67582.09294729
2474,06037980015,582,90,0,492,52,52,8.9,Los Angeles - Harbor City,Los Angeles,03767,Los Angeles County (South)--LA City (South/San Pedro) PUMA,SPA 8,DISTRICT 4,57518834.3339844,35068.230983489
2475,06037980016,102,10,0,92,16,16,15.7,Vernon,Vernon,03742,"Los Angeles County (Central)--Huntington Park City, Florence-Graham & Walnut Park PUMA",SPA 7,DISTRICT 4,144638462.842773,75453.9309363527
2476,06037980017,33,0,0,33,0,0,0,Unincorporated - West LA,Unincorporated,03776,Los Angeles County (West Central)--LA City (Central/Westwood & West Los Angeles) PUMA,SPA 5,DISTRICT 3,25761534.7929688,29464.179208774
2477,06037980018,0,0,0,0,0,0,0,Long Beach,Long Beach,03780,Los Angeles County (Southeast)--Long Beach (Central) & Signal Hill Cities PUMA,SPA 8,DISTRICT 4,79712699.1054688,54915.3950762544
2478,06037980019,61,42,0,19,0,0,0,Los Angeles - Palisades Highlands,Los Angeles,03774,"Los Angeles County--Calabasas, Agoura Hills, Malibu & Westlake Village Cities PUMA",SPA 5,DISTRICT 3,476190514.761719,149670.951374077
2479,06037980020,0,0,0,0,0,0,0,Los Angeles - Sun Valley,Los Angeles,03708,"Los Angeles County (North)--LA City (Northeast/Sunland, Sun Valley & Tujunga) PUMA",SPA 2,DISTRICT 5,91851336.3007812,60448.3767331826
2480,06037980021,0,0,0,0,0,0,0,Los Angeles - Lakeview Terrace,Los Angeles,03707,Los Angeles County--LA (North Central/Arleta & Pacoima) & San Fernando Cities PUMA,SPA 2,DISTRICT 5,75136319.8945312,50231.341967727
2481,06037980022,0,0,0,0,0,0,0,Los Angeles - Granada Hills,Los Angeles,03706,Los Angeles County (North)--LA City (North Central/Granada Hills & Sylmar) PUMA,SPA 2,DISTRICT 3,69377727.8701172,41497.3371317422
2482,06037980023,20,20,0,0,0,0,0,Los Angeles - West Hills,Los Angeles,03705,Los Angeles County (North)--LA City (Northwest/Chatsworth & Porter Ranch) PUMA,SPA 2,DISTRICT 3,56169903.0126953,39300.2702202726
2483,06037980024,85,56,0,29,23,23,27.1,Los Angeles - Encino,Los Angeles,03724,Los Angeles County (Northwest)--LA City (Northwest/Encino & Tarzana) PUMA,SPA 2,DISTRICT 3,89170600.1669922,46074.4606710416
2484,06037980025,254,0,0,254,0,0,0,Carson,Carson,03762,Los Angeles County (South Central)--Carson City PUMA,SPA 8,DISTRICT 2,41960064.2744141,33654.4840744826
2485,06037980026,15,10,0,5,0,0,0,Los Angeles - Angeles National Forest,Los Angeles,03708,"Los Angeles County (North)--LA City (Northeast/Sunland, Sun Valley & Tujunga) PUMA",SPA 2,DISTRICT 5,149282479.709961,101804.557832794
2486,06037980028,0,0,0,0,0,0,0,Los Angeles - Westchester,Los Angeles,03748,Los Angeles County--LA (Southwest/Marina del Rey & Westchester) & Culver City Cities PUMA,SPA 5,DISTRICT 2,182457753.967773,80404.0385045314
2487,06037980030,0,0,0,0,0,0,0,El Segundo,El Segundo,03760,"Los Angeles County--Redondo Beach, Manhattan Beach & Hermosa Beach Cities PUMA",SPA 8,DISTRICT 2,44757777.5996094,28957.9533195412
2488,06037980031,11,6,0,5,0,0,0,Los Angeles - San Pedro,Los Angeles,03767,Los Angeles County (South)--LA City (South/San Pedro) PUMA,SPA 8,DISTRICT 4,209672614.569336,88676.5001866764
2489,06037980033,0,0,0,0,0,0,0,Long Beach,Long Beach,03766,Los Angeles County (South)--Long Beach City (Southwest & Port) PUMA,SPA 8,DISTRICT 4,193893626.535156,66119.1498638613
2490,06037980034,0,0,0,0,0,0,0,Santa Fe Springs,Santa Fe Springs,03754,Los Angeles County (Southeast)--La Mirada & Santa Fe Springs Cities PUMA,SPA 7,DISTRICT 4,69524945.2304688,60504.3471143314
2491,06037980035,211,86,10,125,24,34,16.1,Industry,Industry,03716,Los Angeles County (East Central)--La Puente & Industry Cities PUMA,SPA 3,DISTRICT 1,171326356.972656,105081.238101387
2492,06037980036,119,96,0,23,0,0,0,Unincorporated - Whittier Narrows,Unincorporated,03738,Los Angeles County (Central)--El Monte & South El Monte Cities PUMA,SPA 3,DISTRICT 1,93967390.4492188,63050.5402266515
2493,06037980037,0,0,0,0,0,0,0,Carson,Carson,03762,Los Angeles County (South Central)--Carson City PUMA,SPA 8,DISTRICT 2,13764566.7363281,14866.1980241922
2494,06037980038,0,0,0,0,0,0,0,Unincorporated - Ladera Heights,Unincorporated,03747,Los Angeles County (Central)--LA City (Central/West Adams & Baldwin Hills) PUMA,SPA 5,DISTRICT 2,48937315.8154297,42373.0699786157
2495,06037980039,0,0,0,0,0,0,0,Unincorporated - Universal City,Unincorporated,03775,Los Angeles County (Central)--LA City (Central) PUMA,SPA 2,DISTRICT 5,14653396.3769531,18153.6293241149
